
===========================================================================
report_checks -path_delay min (Hold)
============================================================================
======================= nom_tt_025C_1v80 Corner ===================================

Startpoint: _234_ (rising edge-triggered flip-flop clocked by clk_i)
Endpoint: _234_ (rising edge-triggered flip-flop clocked by clk_i)
Path Group: clk_i
Path Type: min

Fanout         Cap        Slew       Delay        Time   Description
---------------------------------------------------------------------------------------------
                                  0.000000    0.000000   clock clk_i (rise edge)
                                  0.000000    0.000000   clock source latency
     1    0.017130    0.082926    0.056813    0.056813 ^ clk_i (in)
                                                         clk_i (net)
                      0.082933    0.000000    0.056813 ^ clkbuf_0_clk_i/A (sky130_fd_sc_hd__clkbuf_16)
     4    0.042408    0.061920    0.157364    0.214177 ^ clkbuf_0_clk_i/X (sky130_fd_sc_hd__clkbuf_16)
                                                         clknet_0_clk_i (net)
                      0.061932    0.000825    0.215002 ^ clkbuf_2_2__f_clk_i/A (sky130_fd_sc_hd__clkbuf_16)
    10    0.035670    0.055890    0.144723    0.359725 ^ clkbuf_2_2__f_clk_i/X (sky130_fd_sc_hd__clkbuf_16)
                                                         clknet_2_2__leaf_clk_i (net)
                      0.055935    0.000807    0.360532 ^ _234_/CLK (sky130_fd_sc_hd__dfrtp_4)
    10    0.029860    0.113644    0.460606    0.821138 ^ _234_/Q (sky130_fd_sc_hd__dfrtp_4)
                                                         rng_dp.seed_sel_i[1] (net)
                      0.113648    0.000820    0.821958 ^ _158_/A (sky130_fd_sc_hd__xor2_1)
     1    0.002497    0.035031    0.075976    0.897934 v _158_/X (sky130_fd_sc_hd__xor2_1)
                                                         _002_ (net)
                      0.035031    0.000073    0.898007 v _234_/D (sky130_fd_sc_hd__dfrtp_4)
                                              0.898007   data arrival time

                                  0.000000    0.000000   clock clk_i (rise edge)
                                  0.000000    0.000000   clock source latency
     1    0.017130    0.082926    0.056813    0.056813 ^ clk_i (in)
                                                         clk_i (net)
                      0.082933    0.000000    0.056813 ^ clkbuf_0_clk_i/A (sky130_fd_sc_hd__clkbuf_16)
     4    0.042408    0.061920    0.157364    0.214177 ^ clkbuf_0_clk_i/X (sky130_fd_sc_hd__clkbuf_16)
                                                         clknet_0_clk_i (net)
                      0.061932    0.000825    0.215002 ^ clkbuf_2_2__f_clk_i/A (sky130_fd_sc_hd__clkbuf_16)
    10    0.035670    0.055890    0.144723    0.359725 ^ clkbuf_2_2__f_clk_i/X (sky130_fd_sc_hd__clkbuf_16)
                                                         clknet_2_2__leaf_clk_i (net)
                      0.055935    0.000807    0.360532 ^ _234_/CLK (sky130_fd_sc_hd__dfrtp_4)
                                  0.250000    0.610532   clock uncertainty
                                  0.000000    0.610532   clock reconvergence pessimism
                                 -0.035505    0.575027   library hold time
                                              0.575027   data required time
---------------------------------------------------------------------------------------------
                                              0.575027   data required time
                                             -0.898007   data arrival time
---------------------------------------------------------------------------------------------
                                              0.322980   slack (MET)


Startpoint: _255_ (rising edge-triggered flip-flop clocked by clk_i)
Endpoint: _251_ (rising edge-triggered flip-flop clocked by clk_i)
Path Group: clk_i
Path Type: min

Fanout         Cap        Slew       Delay        Time   Description
---------------------------------------------------------------------------------------------
                                  0.000000    0.000000   clock clk_i (rise edge)
                                  0.000000    0.000000   clock source latency
     1    0.017130    0.082926    0.056813    0.056813 ^ clk_i (in)
                                                         clk_i (net)
                      0.082933    0.000000    0.056813 ^ clkbuf_0_clk_i/A (sky130_fd_sc_hd__clkbuf_16)
     4    0.042408    0.061920    0.157364    0.214177 ^ clkbuf_0_clk_i/X (sky130_fd_sc_hd__clkbuf_16)
                                                         clknet_0_clk_i (net)
                      0.061937    0.000936    0.215113 ^ clkbuf_2_0__f_clk_i/A (sky130_fd_sc_hd__clkbuf_16)
    13    0.035986    0.056142    0.144612    0.359725 ^ clkbuf_2_0__f_clk_i/X (sky130_fd_sc_hd__clkbuf_16)
                                                         clknet_2_0__leaf_clk_i (net)
                      0.056301    0.001970    0.361695 ^ _255_/CLK (sky130_fd_sc_hd__dfrtp_1)
     5    0.016177    0.151042    0.404478    0.766173 ^ _255_/Q (sky130_fd_sc_hd__dfrtp_1)
                                                         net4 (net)
                      0.151043    0.000657    0.766829 ^ _207_/A1 (sky130_fd_sc_hd__mux2_1)
     1    0.002466    0.038774    0.147890    0.914719 ^ _207_/X (sky130_fd_sc_hd__mux2_1)
                                                         _024_ (net)
                      0.038774    0.000071    0.914790 ^ _251_/D (sky130_fd_sc_hd__dfrtp_1)
                                              0.914790   data arrival time

                                  0.000000    0.000000   clock clk_i (rise edge)
                                  0.000000    0.000000   clock source latency
     1    0.017130    0.082926    0.056813    0.056813 ^ clk_i (in)
                                                         clk_i (net)
                      0.082933    0.000000    0.056813 ^ clkbuf_0_clk_i/A (sky130_fd_sc_hd__clkbuf_16)
     4    0.042408    0.061920    0.157364    0.214177 ^ clkbuf_0_clk_i/X (sky130_fd_sc_hd__clkbuf_16)
                                                         clknet_0_clk_i (net)
                      0.061937    0.000936    0.215113 ^ clkbuf_2_0__f_clk_i/A (sky130_fd_sc_hd__clkbuf_16)
    13    0.035986    0.056142    0.144612    0.359725 ^ clkbuf_2_0__f_clk_i/X (sky130_fd_sc_hd__clkbuf_16)
                                                         clknet_2_0__leaf_clk_i (net)
                      0.056302    0.001984    0.361708 ^ _251_/CLK (sky130_fd_sc_hd__dfrtp_1)
                                  0.250000    0.611708   clock uncertainty
                                  0.000000    0.611708   clock reconvergence pessimism
                                 -0.031917    0.579792   library hold time
                                              0.579792   data required time
---------------------------------------------------------------------------------------------
                                              0.579792   data required time
                                             -0.914790   data arrival time
---------------------------------------------------------------------------------------------
                                              0.334999   slack (MET)


Startpoint: _255_ (rising edge-triggered flip-flop clocked by clk_i)
Endpoint: _255_ (rising edge-triggered flip-flop clocked by clk_i)
Path Group: clk_i
Path Type: min

Fanout         Cap        Slew       Delay        Time   Description
---------------------------------------------------------------------------------------------
                                  0.000000    0.000000   clock clk_i (rise edge)
                                  0.000000    0.000000   clock source latency
     1    0.017130    0.082926    0.056813    0.056813 ^ clk_i (in)
                                                         clk_i (net)
                      0.082933    0.000000    0.056813 ^ clkbuf_0_clk_i/A (sky130_fd_sc_hd__clkbuf_16)
     4    0.042408    0.061920    0.157364    0.214177 ^ clkbuf_0_clk_i/X (sky130_fd_sc_hd__clkbuf_16)
                                                         clknet_0_clk_i (net)
                      0.061937    0.000936    0.215113 ^ clkbuf_2_0__f_clk_i/A (sky130_fd_sc_hd__clkbuf_16)
    13    0.035986    0.056142    0.144612    0.359725 ^ clkbuf_2_0__f_clk_i/X (sky130_fd_sc_hd__clkbuf_16)
                                                         clknet_2_0__leaf_clk_i (net)
                      0.056301    0.001970    0.361695 ^ _255_/CLK (sky130_fd_sc_hd__dfrtp_1)
     5    0.016177    0.151042    0.404478    0.766173 ^ _255_/Q (sky130_fd_sc_hd__dfrtp_1)
                                                         net4 (net)
                      0.151042    0.000584    0.766757 ^ _210_/A0 (sky130_fd_sc_hd__mux2_1)
     1    0.002771    0.041066    0.147800    0.914556 ^ _210_/X (sky130_fd_sc_hd__mux2_1)
                                                         _027_ (net)
                      0.041066    0.000083    0.914640 ^ _255_/D (sky130_fd_sc_hd__dfrtp_1)
                                              0.914640   data arrival time

                                  0.000000    0.000000   clock clk_i (rise edge)
                                  0.000000    0.000000   clock source latency
     1    0.017130    0.082926    0.056813    0.056813 ^ clk_i (in)
                                                         clk_i (net)
                      0.082933    0.000000    0.056813 ^ clkbuf_0_clk_i/A (sky130_fd_sc_hd__clkbuf_16)
     4    0.042408    0.061920    0.157364    0.214177 ^ clkbuf_0_clk_i/X (sky130_fd_sc_hd__clkbuf_16)
                                                         clknet_0_clk_i (net)
                      0.061937    0.000936    0.215113 ^ clkbuf_2_0__f_clk_i/A (sky130_fd_sc_hd__clkbuf_16)
    13    0.035986    0.056142    0.144612    0.359725 ^ clkbuf_2_0__f_clk_i/X (sky130_fd_sc_hd__clkbuf_16)
                                                         clknet_2_0__leaf_clk_i (net)
                      0.056301    0.001970    0.361695 ^ _255_/CLK (sky130_fd_sc_hd__dfrtp_1)
                                  0.250000    0.611695   clock uncertainty
                                  0.000000    0.611695   clock reconvergence pessimism
                                 -0.032397    0.579298   library hold time
                                              0.579298   data required time
---------------------------------------------------------------------------------------------
                                              0.579298   data required time
                                             -0.914640   data arrival time
---------------------------------------------------------------------------------------------
                                              0.335341   slack (MET)


Startpoint: _268_ (rising edge-triggered flip-flop clocked by clk_i)
Endpoint: _268_ (rising edge-triggered flip-flop clocked by clk_i)
Path Group: clk_i
Path Type: min

Fanout         Cap        Slew       Delay        Time   Description
---------------------------------------------------------------------------------------------
                                  0.000000    0.000000   clock clk_i (rise edge)
                                  0.000000    0.000000   clock source latency
     1    0.017130    0.082926    0.056813    0.056813 ^ clk_i (in)
                                                         clk_i (net)
                      0.082933    0.000000    0.056813 ^ clkbuf_0_clk_i/A (sky130_fd_sc_hd__clkbuf_16)
     4    0.042408    0.061920    0.157364    0.214177 ^ clkbuf_0_clk_i/X (sky130_fd_sc_hd__clkbuf_16)
                                                         clknet_0_clk_i (net)
                      0.061932    0.000825    0.215002 ^ clkbuf_2_2__f_clk_i/A (sky130_fd_sc_hd__clkbuf_16)
    10    0.035670    0.055890    0.144723    0.359725 ^ clkbuf_2_2__f_clk_i/X (sky130_fd_sc_hd__clkbuf_16)
                                                         clknet_2_2__leaf_clk_i (net)
                      0.055930    0.000701    0.360426 ^ _268_/CLK (sky130_fd_sc_hd__dfrtp_4)
    10    0.034083    0.124285    0.470050    0.830476 ^ _268_/Q (sky130_fd_sc_hd__dfrtp_4)
                                                         rng_dp.inst.next_num_o[1] (net)
                      0.124288    0.000834    0.831310 ^ _224_/A (sky130_fd_sc_hd__xnor2_1)
     1    0.002331    0.032798    0.081745    0.913055 v _224_/Y (sky130_fd_sc_hd__xnor2_1)
                                                         _039_ (net)
                      0.032798    0.000047    0.913102 v _268_/D (sky130_fd_sc_hd__dfrtp_4)
                                              0.913102   data arrival time

                                  0.000000    0.000000   clock clk_i (rise edge)
                                  0.000000    0.000000   clock source latency
     1    0.017130    0.082926    0.056813    0.056813 ^ clk_i (in)
                                                         clk_i (net)
                      0.082933    0.000000    0.056813 ^ clkbuf_0_clk_i/A (sky130_fd_sc_hd__clkbuf_16)
     4    0.042408    0.061920    0.157364    0.214177 ^ clkbuf_0_clk_i/X (sky130_fd_sc_hd__clkbuf_16)
                                                         clknet_0_clk_i (net)
                      0.061932    0.000825    0.215002 ^ clkbuf_2_2__f_clk_i/A (sky130_fd_sc_hd__clkbuf_16)
    10    0.035670    0.055890    0.144723    0.359725 ^ clkbuf_2_2__f_clk_i/X (sky130_fd_sc_hd__clkbuf_16)
                                                         clknet_2_2__leaf_clk_i (net)
                      0.055930    0.000701    0.360426 ^ _268_/CLK (sky130_fd_sc_hd__dfrtp_4)
                                  0.250000    0.610426   clock uncertainty
                                  0.000000    0.610426   clock reconvergence pessimism
                                 -0.034602    0.575824   library hold time
                                              0.575824   data required time
---------------------------------------------------------------------------------------------
                                              0.575824   data required time
                                             -0.913102   data arrival time
---------------------------------------------------------------------------------------------
                                              0.337278   slack (MET)


Startpoint: _256_ (rising edge-triggered flip-flop clocked by clk_i)
Endpoint: _252_ (rising edge-triggered flip-flop clocked by clk_i)
Path Group: clk_i
Path Type: min

Fanout         Cap        Slew       Delay        Time   Description
---------------------------------------------------------------------------------------------
                                  0.000000    0.000000   clock clk_i (rise edge)
                                  0.000000    0.000000   clock source latency
     1    0.017130    0.082926    0.056813    0.056813 ^ clk_i (in)
                                                         clk_i (net)
                      0.082933    0.000000    0.056813 ^ clkbuf_0_clk_i/A (sky130_fd_sc_hd__clkbuf_16)
     4    0.042408    0.061920    0.157364    0.214177 ^ clkbuf_0_clk_i/X (sky130_fd_sc_hd__clkbuf_16)
                                                         clknet_0_clk_i (net)
                      0.061937    0.000936    0.215113 ^ clkbuf_2_0__f_clk_i/A (sky130_fd_sc_hd__clkbuf_16)
    13    0.035986    0.056142    0.144612    0.359725 ^ clkbuf_2_0__f_clk_i/X (sky130_fd_sc_hd__clkbuf_16)
                                                         clknet_2_0__leaf_clk_i (net)
                      0.056215    0.000983    0.360707 ^ _256_/CLK (sky130_fd_sc_hd__dfrtp_1)
     5    0.016829    0.156381    0.408506    0.769214 ^ _256_/Q (sky130_fd_sc_hd__dfrtp_1)
                                                         net5 (net)
                      0.156381    0.000609    0.769823 ^ _208_/A1 (sky130_fd_sc_hd__mux2_1)
     1    0.002450    0.038657    0.149075    0.918898 ^ _208_/X (sky130_fd_sc_hd__mux2_1)
                                                         _025_ (net)
                      0.038657    0.000069    0.918967 ^ _252_/D (sky130_fd_sc_hd__dfrtp_1)
                                              0.918967   data arrival time

                                  0.000000    0.000000   clock clk_i (rise edge)
                                  0.000000    0.000000   clock source latency
     1    0.017130    0.082926    0.056813    0.056813 ^ clk_i (in)
                                                         clk_i (net)
                      0.082933    0.000000    0.056813 ^ clkbuf_0_clk_i/A (sky130_fd_sc_hd__clkbuf_16)
     4    0.042408    0.061920    0.157364    0.214177 ^ clkbuf_0_clk_i/X (sky130_fd_sc_hd__clkbuf_16)
                                                         clknet_0_clk_i (net)
                      0.061937    0.000936    0.215113 ^ clkbuf_2_0__f_clk_i/A (sky130_fd_sc_hd__clkbuf_16)
    13    0.035986    0.056142    0.144612    0.359725 ^ clkbuf_2_0__f_clk_i/X (sky130_fd_sc_hd__clkbuf_16)
                                                         clknet_2_0__leaf_clk_i (net)
                      0.056236    0.001244    0.360969 ^ _252_/CLK (sky130_fd_sc_hd__dfrtp_1)
                                  0.250000    0.610969   clock uncertainty
                                  0.000000    0.610969   clock reconvergence pessimism
                                 -0.031901    0.579068   library hold time
                                              0.579068   data required time
---------------------------------------------------------------------------------------------
                                              0.579068   data required time
                                             -0.918967   data arrival time
---------------------------------------------------------------------------------------------
                                              0.339899   slack (MET)


Startpoint: _256_ (rising edge-triggered flip-flop clocked by clk_i)
Endpoint: _256_ (rising edge-triggered flip-flop clocked by clk_i)
Path Group: clk_i
Path Type: min

Fanout         Cap        Slew       Delay        Time   Description
---------------------------------------------------------------------------------------------
                                  0.000000    0.000000   clock clk_i (rise edge)
                                  0.000000    0.000000   clock source latency
     1    0.017130    0.082926    0.056813    0.056813 ^ clk_i (in)
                                                         clk_i (net)
                      0.082933    0.000000    0.056813 ^ clkbuf_0_clk_i/A (sky130_fd_sc_hd__clkbuf_16)
     4    0.042408    0.061920    0.157364    0.214177 ^ clkbuf_0_clk_i/X (sky130_fd_sc_hd__clkbuf_16)
                                                         clknet_0_clk_i (net)
                      0.061937    0.000936    0.215113 ^ clkbuf_2_0__f_clk_i/A (sky130_fd_sc_hd__clkbuf_16)
    13    0.035986    0.056142    0.144612    0.359725 ^ clkbuf_2_0__f_clk_i/X (sky130_fd_sc_hd__clkbuf_16)
                                                         clknet_2_0__leaf_clk_i (net)
                      0.056215    0.000983    0.360707 ^ _256_/CLK (sky130_fd_sc_hd__dfrtp_1)
     5    0.016829    0.156381    0.408506    0.769214 ^ _256_/Q (sky130_fd_sc_hd__dfrtp_1)
                                                         net5 (net)
                      0.156381    0.000495    0.769709 ^ _211_/A0 (sky130_fd_sc_hd__mux2_1)
     1    0.002758    0.040967    0.149001    0.918710 ^ _211_/X (sky130_fd_sc_hd__mux2_1)
                                                         _028_ (net)
                      0.040967    0.000082    0.918792 ^ _256_/D (sky130_fd_sc_hd__dfrtp_1)
                                              0.918792   data arrival time

                                  0.000000    0.000000   clock clk_i (rise edge)
                                  0.000000    0.000000   clock source latency
     1    0.017130    0.082926    0.056813    0.056813 ^ clk_i (in)
                                                         clk_i (net)
                      0.082933    0.000000    0.056813 ^ clkbuf_0_clk_i/A (sky130_fd_sc_hd__clkbuf_16)
     4    0.042408    0.061920    0.157364    0.214177 ^ clkbuf_0_clk_i/X (sky130_fd_sc_hd__clkbuf_16)
                                                         clknet_0_clk_i (net)
                      0.061937    0.000936    0.215113 ^ clkbuf_2_0__f_clk_i/A (sky130_fd_sc_hd__clkbuf_16)
    13    0.035986    0.056142    0.144612    0.359725 ^ clkbuf_2_0__f_clk_i/X (sky130_fd_sc_hd__clkbuf_16)
                                                         clknet_2_0__leaf_clk_i (net)
                      0.056215    0.000983    0.360707 ^ _256_/CLK (sky130_fd_sc_hd__dfrtp_1)
                                  0.250000    0.610707   clock uncertainty
                                  0.000000    0.610707   clock reconvergence pessimism
                                 -0.032388    0.578320   library hold time
                                              0.578320   data required time
---------------------------------------------------------------------------------------------
                                              0.578320   data required time
                                             -0.918792   data arrival time
---------------------------------------------------------------------------------------------
                                              0.340472   slack (MET)


Startpoint: _267_ (rising edge-triggered flip-flop clocked by clk_i)
Endpoint: _269_ (rising edge-triggered flip-flop clocked by clk_i)
Path Group: clk_i
Path Type: min

Fanout         Cap        Slew       Delay        Time   Description
---------------------------------------------------------------------------------------------
                                  0.000000    0.000000   clock clk_i (rise edge)
                                  0.000000    0.000000   clock source latency
     1    0.017130    0.082926    0.056813    0.056813 ^ clk_i (in)
                                                         clk_i (net)
                      0.082933    0.000000    0.056813 ^ clkbuf_0_clk_i/A (sky130_fd_sc_hd__clkbuf_16)
     4    0.042408    0.061920    0.157364    0.214177 ^ clkbuf_0_clk_i/X (sky130_fd_sc_hd__clkbuf_16)
                                                         clknet_0_clk_i (net)
                      0.061932    0.000825    0.215002 ^ clkbuf_2_2__f_clk_i/A (sky130_fd_sc_hd__clkbuf_16)
    10    0.035670    0.055890    0.144723    0.359725 ^ clkbuf_2_2__f_clk_i/X (sky130_fd_sc_hd__clkbuf_16)
                                                         clknet_2_2__leaf_clk_i (net)
                      0.055932    0.000752    0.360477 ^ _267_/CLK (sky130_fd_sc_hd__dfrtp_2)
     8    0.027810    0.144930    0.430967    0.791444 ^ _267_/Q (sky130_fd_sc_hd__dfrtp_2)
                                                         rng_dp.inst.next_num_o[0] (net)
                      0.144931    0.000648    0.792092 ^ _226_/A1 (sky130_fd_sc_hd__a31o_1)
     1    0.002809    0.040983    0.151605    0.943697 ^ _226_/X (sky130_fd_sc_hd__a31o_1)
                                                         _040_ (net)
                      0.040983    0.000084    0.943781 ^ _269_/D (sky130_fd_sc_hd__dfrtp_2)
                                              0.943781   data arrival time

                                  0.000000    0.000000   clock clk_i (rise edge)
                                  0.000000    0.000000   clock source latency
     1    0.017130    0.082926    0.056813    0.056813 ^ clk_i (in)
                                                         clk_i (net)
                      0.082933    0.000000    0.056813 ^ clkbuf_0_clk_i/A (sky130_fd_sc_hd__clkbuf_16)
     4    0.042408    0.061920    0.157364    0.214177 ^ clkbuf_0_clk_i/X (sky130_fd_sc_hd__clkbuf_16)
                                                         clknet_0_clk_i (net)
                      0.061932    0.000825    0.215002 ^ clkbuf_2_2__f_clk_i/A (sky130_fd_sc_hd__clkbuf_16)
    10    0.035670    0.055890    0.144723    0.359725 ^ clkbuf_2_2__f_clk_i/X (sky130_fd_sc_hd__clkbuf_16)
                                                         clknet_2_2__leaf_clk_i (net)
                      0.055927    0.000638    0.360363 ^ _269_/CLK (sky130_fd_sc_hd__dfrtp_2)
                                  0.250000    0.610363   clock uncertainty
                                  0.000000    0.610363   clock reconvergence pessimism
                                 -0.032353    0.578010   library hold time
                                              0.578010   data required time
---------------------------------------------------------------------------------------------
                                              0.578010   data required time
                                             -0.943781   data arrival time
---------------------------------------------------------------------------------------------
                                              0.365771   slack (MET)


Startpoint: _267_ (rising edge-triggered flip-flop clocked by clk_i)
Endpoint: _267_ (rising edge-triggered flip-flop clocked by clk_i)
Path Group: clk_i
Path Type: min

Fanout         Cap        Slew       Delay        Time   Description
---------------------------------------------------------------------------------------------
                                  0.000000    0.000000   clock clk_i (rise edge)
                                  0.000000    0.000000   clock source latency
     1    0.017130    0.082926    0.056813    0.056813 ^ clk_i (in)
                                                         clk_i (net)
                      0.082933    0.000000    0.056813 ^ clkbuf_0_clk_i/A (sky130_fd_sc_hd__clkbuf_16)
     4    0.042408    0.061920    0.157364    0.214177 ^ clkbuf_0_clk_i/X (sky130_fd_sc_hd__clkbuf_16)
                                                         clknet_0_clk_i (net)
                      0.061932    0.000825    0.215002 ^ clkbuf_2_2__f_clk_i/A (sky130_fd_sc_hd__clkbuf_16)
    10    0.035670    0.055890    0.144723    0.359725 ^ clkbuf_2_2__f_clk_i/X (sky130_fd_sc_hd__clkbuf_16)
                                                         clknet_2_2__leaf_clk_i (net)
                      0.055932    0.000752    0.360477 ^ _267_/CLK (sky130_fd_sc_hd__dfrtp_2)
     8    0.027810    0.144930    0.430967    0.791444 ^ _267_/Q (sky130_fd_sc_hd__dfrtp_2)
                                                         rng_dp.inst.next_num_o[0] (net)
                      0.144930    0.000350    0.791794 ^ _222_/A (sky130_fd_sc_hd__or2_1)
     1    0.002121    0.035420    0.116399    0.908193 ^ _222_/X (sky130_fd_sc_hd__or2_1)
                                                         _100_ (net)
                      0.035420    0.000044    0.908238 ^ _223_/B (sky130_fd_sc_hd__and2_1)
     1    0.002716    0.045331    0.111103    1.019341 ^ _223_/X (sky130_fd_sc_hd__and2_1)
                                                         _038_ (net)
                      0.045331    0.000078    1.019419 ^ _267_/D (sky130_fd_sc_hd__dfrtp_2)
                                              1.019419   data arrival time

                                  0.000000    0.000000   clock clk_i (rise edge)
                                  0.000000    0.000000   clock source latency
     1    0.017130    0.082926    0.056813    0.056813 ^ clk_i (in)
                                                         clk_i (net)
                      0.082933    0.000000    0.056813 ^ clkbuf_0_clk_i/A (sky130_fd_sc_hd__clkbuf_16)
     4    0.042408    0.061920    0.157364    0.214177 ^ clkbuf_0_clk_i/X (sky130_fd_sc_hd__clkbuf_16)
                                                         clknet_0_clk_i (net)
                      0.061932    0.000825    0.215002 ^ clkbuf_2_2__f_clk_i/A (sky130_fd_sc_hd__clkbuf_16)
    10    0.035670    0.055890    0.144723    0.359725 ^ clkbuf_2_2__f_clk_i/X (sky130_fd_sc_hd__clkbuf_16)
                                                         clknet_2_2__leaf_clk_i (net)
                      0.055932    0.000752    0.360477 ^ _267_/CLK (sky130_fd_sc_hd__dfrtp_2)
                                  0.250000    0.610477   clock uncertainty
                                  0.000000    0.610477   clock reconvergence pessimism
                                 -0.033252    0.577225   library hold time
                                              0.577225   data required time
---------------------------------------------------------------------------------------------
                                              0.577225   data required time
                                             -1.019419   data arrival time
---------------------------------------------------------------------------------------------
                                              0.442194   slack (MET)


Startpoint: _233_ (rising edge-triggered flip-flop clocked by clk_i)
Endpoint: _230_ (rising edge-triggered flip-flop clocked by clk_i)
Path Group: clk_i
Path Type: min

Fanout         Cap        Slew       Delay        Time   Description
---------------------------------------------------------------------------------------------
                                  0.000000    0.000000   clock clk_i (rise edge)
                                  0.000000    0.000000   clock source latency
     1    0.017130    0.082926    0.056813    0.056813 ^ clk_i (in)
                                                         clk_i (net)
                      0.082933    0.000000    0.056813 ^ clkbuf_0_clk_i/A (sky130_fd_sc_hd__clkbuf_16)
     4    0.042408    0.061920    0.157364    0.214177 ^ clkbuf_0_clk_i/X (sky130_fd_sc_hd__clkbuf_16)
                                                         clknet_0_clk_i (net)
                      0.061932    0.000825    0.215002 ^ clkbuf_2_2__f_clk_i/A (sky130_fd_sc_hd__clkbuf_16)
    10    0.035670    0.055890    0.144723    0.359725 ^ clkbuf_2_2__f_clk_i/X (sky130_fd_sc_hd__clkbuf_16)
                                                         clknet_2_2__leaf_clk_i (net)
                      0.055933    0.000783    0.360508 ^ _233_/CLK (sky130_fd_sc_hd__dfrtp_4)
     9    0.026537    0.105405    0.453137    0.813644 ^ _233_/Q (sky130_fd_sc_hd__dfrtp_4)
                                                         rng_dp.seed_sel_i[0] (net)
                      0.105410    0.000855    0.814500 ^ _176_/A2 (sky130_fd_sc_hd__a31o_1)
     1    0.006136    0.069154    0.170606    0.985105 ^ _176_/X (sky130_fd_sc_hd__a31o_1)
                                                         _086_ (net)
                      0.069154    0.000238    0.985343 ^ _177_/B2 (sky130_fd_sc_hd__o22a_1)
     1    0.002539    0.039318    0.113979    1.099323 ^ _177_/X (sky130_fd_sc_hd__o22a_1)
                                                         _006_ (net)
                      0.039318    0.000072    1.099394 ^ _230_/D (sky130_fd_sc_hd__dfrtp_1)
                                              1.099394   data arrival time

                                  0.000000    0.000000   clock clk_i (rise edge)
                                  0.000000    0.000000   clock source latency
     1    0.017130    0.082926    0.056813    0.056813 ^ clk_i (in)
                                                         clk_i (net)
                      0.082933    0.000000    0.056813 ^ clkbuf_0_clk_i/A (sky130_fd_sc_hd__clkbuf_16)
     4    0.042408    0.061920    0.157364    0.214177 ^ clkbuf_0_clk_i/X (sky130_fd_sc_hd__clkbuf_16)
                                                         clknet_0_clk_i (net)
                      0.061932    0.000825    0.215002 ^ clkbuf_2_2__f_clk_i/A (sky130_fd_sc_hd__clkbuf_16)
    10    0.035670    0.055890    0.144723    0.359725 ^ clkbuf_2_2__f_clk_i/X (sky130_fd_sc_hd__clkbuf_16)
                                                         clknet_2_2__leaf_clk_i (net)
                      0.055929    0.000685    0.360410 ^ _230_/CLK (sky130_fd_sc_hd__dfrtp_1)
                                  0.250000    0.610409   clock uncertainty
                                  0.000000    0.610409   clock reconvergence pessimism
                                 -0.032082    0.578328   library hold time
                                              0.578328   data required time
---------------------------------------------------------------------------------------------
                                              0.578328   data required time
                                             -1.099394   data arrival time
---------------------------------------------------------------------------------------------
                                              0.521066   slack (MET)


Startpoint: _231_ (rising edge-triggered flip-flop clocked by clk_i)
Endpoint: _231_ (rising edge-triggered flip-flop clocked by clk_i)
Path Group: clk_i
Path Type: min

Fanout         Cap        Slew       Delay        Time   Description
---------------------------------------------------------------------------------------------
                                  0.000000    0.000000   clock clk_i (rise edge)
                                  0.000000    0.000000   clock source latency
     1    0.017130    0.082926    0.056813    0.056813 ^ clk_i (in)
                                                         clk_i (net)
                      0.082933    0.000000    0.056813 ^ clkbuf_0_clk_i/A (sky130_fd_sc_hd__clkbuf_16)
     4    0.042408    0.061920    0.157364    0.214177 ^ clkbuf_0_clk_i/X (sky130_fd_sc_hd__clkbuf_16)
                                                         clknet_0_clk_i (net)
                      0.061932    0.000825    0.215002 ^ clkbuf_2_2__f_clk_i/A (sky130_fd_sc_hd__clkbuf_16)
    10    0.035670    0.055890    0.144723    0.359725 ^ clkbuf_2_2__f_clk_i/X (sky130_fd_sc_hd__clkbuf_16)
                                                         clknet_2_2__leaf_clk_i (net)
                      0.055935    0.000817    0.360542 ^ _231_/CLK (sky130_fd_sc_hd__dfrtp_4)
     6    0.042051    0.144788    0.487665    0.848207 ^ _231_/Q (sky130_fd_sc_hd__dfrtp_4)
                                                         num_i_bar[1] (net)
                      0.144789    0.000758    0.848965 ^ _117_/A (sky130_fd_sc_hd__inv_2)
     9    0.038336    0.094491    0.122865    0.971830 v _117_/Y (sky130_fd_sc_hd__inv_2)
                                                         _105_ (net)
                      0.094492    0.000484    0.972314 v _184_/A1 (sky130_fd_sc_hd__o21ai_1)
     1    0.003024    0.075562    0.145381    1.117695 ^ _184_/Y (sky130_fd_sc_hd__o21ai_1)
                                                         _007_ (net)
                      0.075562    0.000094    1.117789 ^ _231_/D (sky130_fd_sc_hd__dfrtp_4)
                                              1.117789   data arrival time

                                  0.000000    0.000000   clock clk_i (rise edge)
                                  0.000000    0.000000   clock source latency
     1    0.017130    0.082926    0.056813    0.056813 ^ clk_i (in)
                                                         clk_i (net)
                      0.082933    0.000000    0.056813 ^ clkbuf_0_clk_i/A (sky130_fd_sc_hd__clkbuf_16)
     4    0.042408    0.061920    0.157364    0.214177 ^ clkbuf_0_clk_i/X (sky130_fd_sc_hd__clkbuf_16)
                                                         clknet_0_clk_i (net)
                      0.061932    0.000825    0.215002 ^ clkbuf_2_2__f_clk_i/A (sky130_fd_sc_hd__clkbuf_16)
    10    0.035670    0.055890    0.144723    0.359725 ^ clkbuf_2_2__f_clk_i/X (sky130_fd_sc_hd__clkbuf_16)
                                                         clknet_2_2__leaf_clk_i (net)
                      0.055935    0.000817    0.360542 ^ _231_/CLK (sky130_fd_sc_hd__dfrtp_4)
                                  0.250000    0.610542   clock uncertainty
                                  0.000000    0.610542   clock reconvergence pessimism
                                 -0.039667    0.570875   library hold time
                                              0.570875   data required time
---------------------------------------------------------------------------------------------
                                              0.570875   data required time
                                             -1.117789   data arrival time
---------------------------------------------------------------------------------------------
                                              0.546914   slack (MET)


Startpoint: _232_ (rising edge-triggered flip-flop clocked by clk_i)
Endpoint: _257_ (rising edge-triggered flip-flop clocked by clk_i)
Path Group: clk_i
Path Type: min

Fanout         Cap        Slew       Delay        Time   Description
---------------------------------------------------------------------------------------------
                                  0.000000    0.000000   clock clk_i (rise edge)
                                  0.000000    0.000000   clock source latency
     1    0.017130    0.082926    0.056813    0.056813 ^ clk_i (in)
                                                         clk_i (net)
                      0.082933    0.000000    0.056813 ^ clkbuf_0_clk_i/A (sky130_fd_sc_hd__clkbuf_16)
     4    0.042408    0.061920    0.157364    0.214177 ^ clkbuf_0_clk_i/X (sky130_fd_sc_hd__clkbuf_16)
                                                         clknet_0_clk_i (net)
                      0.061932    0.000825    0.215002 ^ clkbuf_2_2__f_clk_i/A (sky130_fd_sc_hd__clkbuf_16)
    10    0.035670    0.055890    0.144723    0.359725 ^ clkbuf_2_2__f_clk_i/X (sky130_fd_sc_hd__clkbuf_16)
                                                         clknet_2_2__leaf_clk_i (net)
                      0.055933    0.000775    0.360500 ^ _232_/CLK (sky130_fd_sc_hd__dfrtp_1)
     2    0.009726    0.098081    0.365495    0.725995 ^ _232_/Q (sky130_fd_sc_hd__dfrtp_1)
                                                         num_i_bar[2] (net)
                      0.098081    0.000364    0.726358 ^ fanout13/A (sky130_fd_sc_hd__clkbuf_4)
    10    0.056502    0.173580    0.248673    0.975031 ^ fanout13/X (sky130_fd_sc_hd__clkbuf_4)
                                                         net13 (net)
                      0.173733    0.004232    0.979264 ^ _212_/A1 (sky130_fd_sc_hd__mux2_1)
     1    0.002501    0.039027    0.153753    1.133017 ^ _212_/X (sky130_fd_sc_hd__mux2_1)
                                                         _029_ (net)
                      0.039027    0.000071    1.133088 ^ _257_/D (sky130_fd_sc_hd__dfrtp_1)
                                              1.133088   data arrival time

                                  0.000000    0.000000   clock clk_i (rise edge)
                                  0.000000    0.000000   clock source latency
     1    0.017130    0.082926    0.056813    0.056813 ^ clk_i (in)
                                                         clk_i (net)
                      0.082933    0.000000    0.056813 ^ clkbuf_0_clk_i/A (sky130_fd_sc_hd__clkbuf_16)
     4    0.042408    0.061920    0.157364    0.214177 ^ clkbuf_0_clk_i/X (sky130_fd_sc_hd__clkbuf_16)
                                                         clknet_0_clk_i (net)
                      0.061937    0.000936    0.215113 ^ clkbuf_2_0__f_clk_i/A (sky130_fd_sc_hd__clkbuf_16)
    13    0.035986    0.056142    0.144612    0.359725 ^ clkbuf_2_0__f_clk_i/X (sky130_fd_sc_hd__clkbuf_16)
                                                         clknet_2_0__leaf_clk_i (net)
                      0.056253    0.001447    0.361172 ^ _257_/CLK (sky130_fd_sc_hd__dfrtp_1)
                                  0.250000    0.611172   clock uncertainty
                                  0.000000    0.611172   clock reconvergence pessimism
                                 -0.031976    0.579195   library hold time
                                              0.579195   data required time
---------------------------------------------------------------------------------------------
                                              0.579195   data required time
                                             -1.133088   data arrival time
---------------------------------------------------------------------------------------------
                                              0.553892   slack (MET)


Startpoint: _269_ (rising edge-triggered flip-flop clocked by clk_i)
Endpoint: _232_ (rising edge-triggered flip-flop clocked by clk_i)
Path Group: clk_i
Path Type: min

Fanout         Cap        Slew       Delay        Time   Description
---------------------------------------------------------------------------------------------
                                  0.000000    0.000000   clock clk_i (rise edge)
                                  0.000000    0.000000   clock source latency
     1    0.017130    0.082926    0.056813    0.056813 ^ clk_i (in)
                                                         clk_i (net)
                      0.082933    0.000000    0.056813 ^ clkbuf_0_clk_i/A (sky130_fd_sc_hd__clkbuf_16)
     4    0.042408    0.061920    0.157364    0.214177 ^ clkbuf_0_clk_i/X (sky130_fd_sc_hd__clkbuf_16)
                                                         clknet_0_clk_i (net)
                      0.061932    0.000825    0.215002 ^ clkbuf_2_2__f_clk_i/A (sky130_fd_sc_hd__clkbuf_16)
    10    0.035670    0.055890    0.144723    0.359725 ^ clkbuf_2_2__f_clk_i/X (sky130_fd_sc_hd__clkbuf_16)
                                                         clknet_2_2__leaf_clk_i (net)
                      0.055927    0.000638    0.360363 ^ _269_/CLK (sky130_fd_sc_hd__dfrtp_2)
     7    0.023200    0.124731    0.415138    0.775501 ^ _269_/Q (sky130_fd_sc_hd__dfrtp_2)
                                                         rng_dp.inst.next_num_o[2] (net)
                      0.124731    0.000378    0.775879 ^ _188_/A1 (sky130_fd_sc_hd__a21o_1)
     1    0.003588    0.041904    0.128853    0.904732 ^ _188_/X (sky130_fd_sc_hd__a21o_1)
                                                         _096_ (net)
                      0.041904    0.000109    0.904841 ^ _190_/B1 (sky130_fd_sc_hd__a221o_1)
     1    0.004661    0.057346    0.136895    1.041736 ^ _190_/X (sky130_fd_sc_hd__a221o_1)
                                                         _098_ (net)
                      0.057346    0.000162    1.041898 ^ _191_/B1 (sky130_fd_sc_hd__o21a_1)
     1    0.002349    0.036909    0.106854    1.148752 ^ _191_/X (sky130_fd_sc_hd__o21a_1)
                                                         _008_ (net)
                      0.036909    0.000067    1.148818 ^ _232_/D (sky130_fd_sc_hd__dfrtp_1)
                                              1.148818   data arrival time

                                  0.000000    0.000000   clock clk_i (rise edge)
                                  0.000000    0.000000   clock source latency
     1    0.017130    0.082926    0.056813    0.056813 ^ clk_i (in)
                                                         clk_i (net)
                      0.082933    0.000000    0.056813 ^ clkbuf_0_clk_i/A (sky130_fd_sc_hd__clkbuf_16)
     4    0.042408    0.061920    0.157364    0.214177 ^ clkbuf_0_clk_i/X (sky130_fd_sc_hd__clkbuf_16)
                                                         clknet_0_clk_i (net)
                      0.061932    0.000825    0.215002 ^ clkbuf_2_2__f_clk_i/A (sky130_fd_sc_hd__clkbuf_16)
    10    0.035670    0.055890    0.144723    0.359725 ^ clkbuf_2_2__f_clk_i/X (sky130_fd_sc_hd__clkbuf_16)
                                                         clknet_2_2__leaf_clk_i (net)
                      0.055933    0.000775    0.360500 ^ _232_/CLK (sky130_fd_sc_hd__dfrtp_1)
                                  0.250000    0.610500   clock uncertainty
                                  0.000000    0.610500   clock reconvergence pessimism
                                 -0.031577    0.578923   library hold time
                                              0.578923   data required time
---------------------------------------------------------------------------------------------
                                              0.578923   data required time
                                             -1.148818   data arrival time
---------------------------------------------------------------------------------------------
                                              0.569895   slack (MET)


Startpoint: _270_ (rising edge-triggered flip-flop clocked by clk_i)
Endpoint: _245_ (rising edge-triggered flip-flop clocked by clk_i)
Path Group: clk_i
Path Type: min

Fanout         Cap        Slew       Delay        Time   Description
---------------------------------------------------------------------------------------------
                                  0.000000    0.000000   clock clk_i (rise edge)
                                  0.000000    0.000000   clock source latency
     1    0.017130    0.082926    0.056813    0.056813 ^ clk_i (in)
                                                         clk_i (net)
                      0.082933    0.000000    0.056813 ^ clkbuf_0_clk_i/A (sky130_fd_sc_hd__clkbuf_16)
     4    0.042408    0.061920    0.157364    0.214177 ^ clkbuf_0_clk_i/X (sky130_fd_sc_hd__clkbuf_16)
                                                         clknet_0_clk_i (net)
                      0.061937    0.000936    0.215113 ^ clkbuf_2_0__f_clk_i/A (sky130_fd_sc_hd__clkbuf_16)
    13    0.035986    0.056142    0.144612    0.359725 ^ clkbuf_2_0__f_clk_i/X (sky130_fd_sc_hd__clkbuf_16)
                                                         clknet_2_0__leaf_clk_i (net)
                      0.056296    0.001920    0.361644 ^ _270_/CLK (sky130_fd_sc_hd__dfrtp_1)
     1    0.002852    0.045557    0.318557    0.680202 ^ _270_/Q (sky130_fd_sc_hd__dfrtp_1)
                                                         rng_rd.wr_pulse (net)
                      0.045557    0.000084    0.680286 ^ _159_/A (sky130_fd_sc_hd__and3_1)
     1    0.003905    0.058652    0.142641    0.822927 ^ _159_/X (sky130_fd_sc_hd__and3_1)
                                                         _072_ (net)
                      0.058652    0.000127    0.823054 ^ fanout10/A (sky130_fd_sc_hd__clkbuf_2)
     6    0.031269    0.173434    0.200077    1.023131 ^ fanout10/X (sky130_fd_sc_hd__clkbuf_2)
                                                         net10 (net)
                      0.173443    0.001047    1.024178 ^ _201_/S (sky130_fd_sc_hd__mux2_1)
     1    0.002903    0.042071    0.158684    1.182862 ^ _201_/X (sky130_fd_sc_hd__mux2_1)
                                                         _018_ (net)
                      0.042071    0.000088    1.182950 ^ _245_/D (sky130_fd_sc_hd__dfrtp_1)
                                              1.182950   data arrival time

                                  0.000000    0.000000   clock clk_i (rise edge)
                                  0.000000    0.000000   clock source latency
     1    0.017130    0.082926    0.056813    0.056813 ^ clk_i (in)
                                                         clk_i (net)
                      0.082933    0.000000    0.056813 ^ clkbuf_0_clk_i/A (sky130_fd_sc_hd__clkbuf_16)
     4    0.042408    0.061920    0.157364    0.214177 ^ clkbuf_0_clk_i/X (sky130_fd_sc_hd__clkbuf_16)
                                                         clknet_0_clk_i (net)
                      0.061932    0.000834    0.215011 ^ clkbuf_2_3__f_clk_i/A (sky130_fd_sc_hd__clkbuf_16)
    11    0.037029    0.057128    0.145775    0.360786 ^ clkbuf_2_3__f_clk_i/X (sky130_fd_sc_hd__clkbuf_16)
                                                         clknet_2_3__leaf_clk_i (net)
                      0.057139    0.000708    0.361495 ^ _245_/CLK (sky130_fd_sc_hd__dfrtp_1)
                                  0.250000    0.611495   clock uncertainty
                                  0.000000    0.611495   clock reconvergence pessimism
                                 -0.032493    0.579002   library hold time
                                              0.579002   data required time
---------------------------------------------------------------------------------------------
                                              0.579002   data required time
                                             -1.182950   data arrival time
---------------------------------------------------------------------------------------------
                                              0.603948   slack (MET)


Startpoint: _244_ (rising edge-triggered flip-flop clocked by clk_i)
Endpoint: _254_ (rising edge-triggered flip-flop clocked by clk_i)
Path Group: clk_i
Path Type: min

Fanout         Cap        Slew       Delay        Time   Description
---------------------------------------------------------------------------------------------
                                  0.000000    0.000000   clock clk_i (rise edge)
                                  0.000000    0.000000   clock source latency
     1    0.017130    0.082926    0.056813    0.056813 ^ clk_i (in)
                                                         clk_i (net)
                      0.082933    0.000000    0.056813 ^ clkbuf_0_clk_i/A (sky130_fd_sc_hd__clkbuf_16)
     4    0.042408    0.061920    0.157364    0.214177 ^ clkbuf_0_clk_i/X (sky130_fd_sc_hd__clkbuf_16)
                                                         clknet_0_clk_i (net)
                      0.061937    0.000936    0.215113 ^ clkbuf_2_0__f_clk_i/A (sky130_fd_sc_hd__clkbuf_16)
    13    0.035986    0.056142    0.144612    0.359725 ^ clkbuf_2_0__f_clk_i/X (sky130_fd_sc_hd__clkbuf_16)
                                                         clknet_2_0__leaf_clk_i (net)
                      0.056272    0.001664    0.361388 ^ _244_/CLK (sky130_fd_sc_hd__dfrtp_1)
     1    0.002354    0.041855    0.314436    0.675824 ^ _244_/Q (sky130_fd_sc_hd__dfrtp_1)
                                                         rng_rd.wr_ff1 (net)
                      0.041855    0.000050    0.675874 ^ hold1/A (sky130_fd_sc_hd__dlygate4sd3_1)
     1    0.002630    0.051457    0.532213    1.208087 ^ hold1/X (sky130_fd_sc_hd__dlygate4sd3_1)
                                                         net20 (net)
                      0.051457    0.000076    1.208163 ^ _254_/D (sky130_fd_sc_hd__dfrtp_1)
                                              1.208163   data arrival time

                                  0.000000    0.000000   clock clk_i (rise edge)
                                  0.000000    0.000000   clock source latency
     1    0.017130    0.082926    0.056813    0.056813 ^ clk_i (in)
                                                         clk_i (net)
                      0.082933    0.000000    0.056813 ^ clkbuf_0_clk_i/A (sky130_fd_sc_hd__clkbuf_16)
     4    0.042408    0.061920    0.157364    0.214177 ^ clkbuf_0_clk_i/X (sky130_fd_sc_hd__clkbuf_16)
                                                         clknet_0_clk_i (net)
                      0.061937    0.000936    0.215113 ^ clkbuf_2_0__f_clk_i/A (sky130_fd_sc_hd__clkbuf_16)
    13    0.035986    0.056142    0.144612    0.359725 ^ clkbuf_2_0__f_clk_i/X (sky130_fd_sc_hd__clkbuf_16)
                                                         clknet_2_0__leaf_clk_i (net)
                      0.056285    0.001809    0.361534 ^ _254_/CLK (sky130_fd_sc_hd__dfrtp_1)
                                  0.250000    0.611534   clock uncertainty
                                  0.000000    0.611534   clock reconvergence pessimism
                                 -0.034574    0.576960   library hold time
                                              0.576960   data required time
---------------------------------------------------------------------------------------------
                                              0.576960   data required time
                                             -1.208163   data arrival time
---------------------------------------------------------------------------------------------
                                              0.631203   slack (MET)


Startpoint: _254_ (rising edge-triggered flip-flop clocked by clk_i)
Endpoint: _266_ (rising edge-triggered flip-flop clocked by clk_i)
Path Group: clk_i
Path Type: min

Fanout         Cap        Slew       Delay        Time   Description
---------------------------------------------------------------------------------------------
                                  0.000000    0.000000   clock clk_i (rise edge)
                                  0.000000    0.000000   clock source latency
     1    0.017130    0.082926    0.056813    0.056813 ^ clk_i (in)
                                                         clk_i (net)
                      0.082933    0.000000    0.056813 ^ clkbuf_0_clk_i/A (sky130_fd_sc_hd__clkbuf_16)
     4    0.042408    0.061920    0.157364    0.214177 ^ clkbuf_0_clk_i/X (sky130_fd_sc_hd__clkbuf_16)
                                                         clknet_0_clk_i (net)
                      0.061937    0.000936    0.215113 ^ clkbuf_2_0__f_clk_i/A (sky130_fd_sc_hd__clkbuf_16)
    13    0.035986    0.056142    0.144612    0.359725 ^ clkbuf_2_0__f_clk_i/X (sky130_fd_sc_hd__clkbuf_16)
                                                         clknet_2_0__leaf_clk_i (net)
                      0.056285    0.001809    0.361534 ^ _254_/CLK (sky130_fd_sc_hd__dfrtp_1)
     1    0.002540    0.043191    0.315973    0.677507 ^ _254_/Q (sky130_fd_sc_hd__dfrtp_1)
                                                         rng_rd.wr_ff2 (net)
                      0.043191    0.000074    0.677581 ^ hold2/A (sky130_fd_sc_hd__dlygate4sd3_1)
     2    0.005813    0.079131    0.558414    1.235995 ^ hold2/X (sky130_fd_sc_hd__dlygate4sd3_1)
                                                         net21 (net)
                      0.079131    0.000150    1.236145 ^ _266_/D (sky130_fd_sc_hd__dfrtp_1)
                                              1.236145   data arrival time

                                  0.000000    0.000000   clock clk_i (rise edge)
                                  0.000000    0.000000   clock source latency
     1    0.017130    0.082926    0.056813    0.056813 ^ clk_i (in)
                                                         clk_i (net)
                      0.082933    0.000000    0.056813 ^ clkbuf_0_clk_i/A (sky130_fd_sc_hd__clkbuf_16)
     4    0.042408    0.061920    0.157364    0.214177 ^ clkbuf_0_clk_i/X (sky130_fd_sc_hd__clkbuf_16)
                                                         clknet_0_clk_i (net)
                      0.061937    0.000936    0.215113 ^ clkbuf_2_0__f_clk_i/A (sky130_fd_sc_hd__clkbuf_16)
    13    0.035986    0.056142    0.144612    0.359725 ^ clkbuf_2_0__f_clk_i/X (sky130_fd_sc_hd__clkbuf_16)
                                                         clknet_2_0__leaf_clk_i (net)
                      0.056290    0.001855    0.361580 ^ _266_/CLK (sky130_fd_sc_hd__dfrtp_1)
                                  0.250000    0.611580   clock uncertainty
                                  0.000000    0.611580   clock reconvergence pessimism
                                 -0.040366    0.571214   library hold time
                                              0.571214   data required time
---------------------------------------------------------------------------------------------
                                              0.571214   data required time
                                             -1.236145   data arrival time
---------------------------------------------------------------------------------------------
                                              0.664931   slack (MET)


Startpoint: _254_ (rising edge-triggered flip-flop clocked by clk_i)
Endpoint: _270_ (rising edge-triggered flip-flop clocked by clk_i)
Path Group: clk_i
Path Type: min

Fanout         Cap        Slew       Delay        Time   Description
---------------------------------------------------------------------------------------------
                                  0.000000    0.000000   clock clk_i (rise edge)
                                  0.000000    0.000000   clock source latency
     1    0.017130    0.082926    0.056813    0.056813 ^ clk_i (in)
                                                         clk_i (net)
                      0.082933    0.000000    0.056813 ^ clkbuf_0_clk_i/A (sky130_fd_sc_hd__clkbuf_16)
     4    0.042408    0.061920    0.157364    0.214177 ^ clkbuf_0_clk_i/X (sky130_fd_sc_hd__clkbuf_16)
                                                         clknet_0_clk_i (net)
                      0.061937    0.000936    0.215113 ^ clkbuf_2_0__f_clk_i/A (sky130_fd_sc_hd__clkbuf_16)
    13    0.035986    0.056142    0.144612    0.359725 ^ clkbuf_2_0__f_clk_i/X (sky130_fd_sc_hd__clkbuf_16)
                                                         clknet_2_0__leaf_clk_i (net)
                      0.056285    0.001809    0.361534 ^ _254_/CLK (sky130_fd_sc_hd__dfrtp_1)
     1    0.002540    0.043191    0.315973    0.677507 ^ _254_/Q (sky130_fd_sc_hd__dfrtp_1)
                                                         rng_rd.wr_ff2 (net)
                      0.043191    0.000074    0.677581 ^ hold2/A (sky130_fd_sc_hd__dlygate4sd3_1)
     2    0.005813    0.079131    0.558414    1.235995 ^ hold2/X (sky130_fd_sc_hd__dlygate4sd3_1)
                                                         net21 (net)
                      0.079131    0.000128    1.236124 ^ _157_/B (sky130_fd_sc_hd__and2b_1)
     1    0.003147    0.044154    0.124456    1.360579 ^ _157_/X (sky130_fd_sc_hd__and2b_1)
                                                         _000_ (net)
                      0.044154    0.000093    1.360672 ^ _270_/D (sky130_fd_sc_hd__dfrtp_1)
                                              1.360672   data arrival time

                                  0.000000    0.000000   clock clk_i (rise edge)
                                  0.000000    0.000000   clock source latency
     1    0.017130    0.082926    0.056813    0.056813 ^ clk_i (in)
                                                         clk_i (net)
                      0.082933    0.000000    0.056813 ^ clkbuf_0_clk_i/A (sky130_fd_sc_hd__clkbuf_16)
     4    0.042408    0.061920    0.157364    0.214177 ^ clkbuf_0_clk_i/X (sky130_fd_sc_hd__clkbuf_16)
                                                         clknet_0_clk_i (net)
                      0.061937    0.000936    0.215113 ^ clkbuf_2_0__f_clk_i/A (sky130_fd_sc_hd__clkbuf_16)
    13    0.035986    0.056142    0.144612    0.359725 ^ clkbuf_2_0__f_clk_i/X (sky130_fd_sc_hd__clkbuf_16)
                                                         clknet_2_0__leaf_clk_i (net)
                      0.056296    0.001920    0.361644 ^ _270_/CLK (sky130_fd_sc_hd__dfrtp_1)
                                  0.250000    0.611644   clock uncertainty
                                  0.000000    0.611644   clock reconvergence pessimism
                                 -0.033044    0.578601   library hold time
                                              0.578601   data required time
---------------------------------------------------------------------------------------------
                                              0.578601   data required time
                                             -1.360672   data arrival time
---------------------------------------------------------------------------------------------
                                              0.782071   slack (MET)


Startpoint: _264_ (rising edge-triggered flip-flop clocked by clk_i)
Endpoint: _264_ (rising edge-triggered flip-flop clocked by clk_i)
Path Group: clk_i
Path Type: min

Fanout         Cap        Slew       Delay        Time   Description
---------------------------------------------------------------------------------------------
                                  0.000000    0.000000   clock clk_i (rise edge)
                                  0.000000    0.000000   clock source latency
     1    0.017130    0.082926    0.056813    0.056813 ^ clk_i (in)
                                                         clk_i (net)
                      0.082933    0.000000    0.056813 ^ clkbuf_0_clk_i/A (sky130_fd_sc_hd__clkbuf_16)
     4    0.042408    0.061920    0.157364    0.214177 ^ clkbuf_0_clk_i/X (sky130_fd_sc_hd__clkbuf_16)
                                                         clknet_0_clk_i (net)
                      0.061932    0.000834    0.215011 ^ clkbuf_2_3__f_clk_i/A (sky130_fd_sc_hd__clkbuf_16)
    11    0.037029    0.057128    0.145775    0.360786 ^ clkbuf_2_3__f_clk_i/X (sky130_fd_sc_hd__clkbuf_16)
                                                         clknet_2_3__leaf_clk_i (net)
                      0.057138    0.000694    0.361481 ^ _264_/CLK (sky130_fd_sc_hd__dfrtp_1)
     3    0.007346    0.080161    0.350203    0.711683 ^ _264_/Q (sky130_fd_sc_hd__dfrtp_1)
                                                         rng_rd.vld[6] (net)
                      0.080161    0.000106    0.711789 ^ hold15/A (sky130_fd_sc_hd__dlygate4sd3_1)
     1    0.002194    0.048033    0.539590    1.251379 ^ hold15/X (sky130_fd_sc_hd__dlygate4sd3_1)
                                                         net34 (net)
                      0.048033    0.000045    1.251424 ^ _219_/A0 (sky130_fd_sc_hd__mux2_1)
     1    0.002539    0.039313    0.113352    1.364776 ^ _219_/X (sky130_fd_sc_hd__mux2_1)
                                                         _036_ (net)
                      0.039313    0.000072    1.364848 ^ _264_/D (sky130_fd_sc_hd__dfrtp_1)
                                              1.364848   data arrival time

                                  0.000000    0.000000   clock clk_i (rise edge)
                                  0.000000    0.000000   clock source latency
     1    0.017130    0.082926    0.056813    0.056813 ^ clk_i (in)
                                                         clk_i (net)
                      0.082933    0.000000    0.056813 ^ clkbuf_0_clk_i/A (sky130_fd_sc_hd__clkbuf_16)
     4    0.042408    0.061920    0.157364    0.214177 ^ clkbuf_0_clk_i/X (sky130_fd_sc_hd__clkbuf_16)
                                                         clknet_0_clk_i (net)
                      0.061932    0.000834    0.215011 ^ clkbuf_2_3__f_clk_i/A (sky130_fd_sc_hd__clkbuf_16)
    11    0.037029    0.057128    0.145775    0.360786 ^ clkbuf_2_3__f_clk_i/X (sky130_fd_sc_hd__clkbuf_16)
                                                         clknet_2_3__leaf_clk_i (net)
                      0.057138    0.000694    0.361481 ^ _264_/CLK (sky130_fd_sc_hd__dfrtp_1)
                                  0.250000    0.611481   clock uncertainty
                                  0.000000    0.611481   clock reconvergence pessimism
                                 -0.031915    0.579565   library hold time
                                              0.579565   data required time
---------------------------------------------------------------------------------------------
                                              0.579565   data required time
                                             -1.364848   data arrival time
---------------------------------------------------------------------------------------------
                                              0.785283   slack (MET)


Startpoint: _264_ (rising edge-triggered flip-flop clocked by clk_i)
Endpoint: _265_ (rising edge-triggered flip-flop clocked by clk_i)
Path Group: clk_i
Path Type: min

Fanout         Cap        Slew       Delay        Time   Description
---------------------------------------------------------------------------------------------
                                  0.000000    0.000000   clock clk_i (rise edge)
                                  0.000000    0.000000   clock source latency
     1    0.017130    0.082926    0.056813    0.056813 ^ clk_i (in)
                                                         clk_i (net)
                      0.082933    0.000000    0.056813 ^ clkbuf_0_clk_i/A (sky130_fd_sc_hd__clkbuf_16)
     4    0.042408    0.061920    0.157364    0.214177 ^ clkbuf_0_clk_i/X (sky130_fd_sc_hd__clkbuf_16)
                                                         clknet_0_clk_i (net)
                      0.061932    0.000834    0.215011 ^ clkbuf_2_3__f_clk_i/A (sky130_fd_sc_hd__clkbuf_16)
    11    0.037029    0.057128    0.145775    0.360786 ^ clkbuf_2_3__f_clk_i/X (sky130_fd_sc_hd__clkbuf_16)
                                                         clknet_2_3__leaf_clk_i (net)
                      0.057138    0.000694    0.361481 ^ _264_/CLK (sky130_fd_sc_hd__dfrtp_1)
     3    0.007346    0.080161    0.350203    0.711683 ^ _264_/Q (sky130_fd_sc_hd__dfrtp_1)
                                                         rng_rd.vld[6] (net)
                      0.080161    0.000145    0.711829 ^ _220_/A1 (sky130_fd_sc_hd__mux2_1)
     1    0.002345    0.037895    0.125531    0.837360 ^ _220_/X (sky130_fd_sc_hd__mux2_1)
                                                         _037_ (net)
                      0.037895    0.000049    0.837409 ^ hold5/A (sky130_fd_sc_hd__dlygate4sd3_1)
     1    0.002871    0.053513    0.533182    1.370592 ^ hold5/X (sky130_fd_sc_hd__dlygate4sd3_1)
                                                         net24 (net)
                      0.053513    0.000086    1.370678 ^ _265_/D (sky130_fd_sc_hd__dfrtp_1)
                                              1.370678   data arrival time

                                  0.000000    0.000000   clock clk_i (rise edge)
                                  0.000000    0.000000   clock source latency
     1    0.017130    0.082926    0.056813    0.056813 ^ clk_i (in)
                                                         clk_i (net)
                      0.082933    0.000000    0.056813 ^ clkbuf_0_clk_i/A (sky130_fd_sc_hd__clkbuf_16)
     4    0.042408    0.061920    0.157364    0.214177 ^ clkbuf_0_clk_i/X (sky130_fd_sc_hd__clkbuf_16)
                                                         clknet_0_clk_i (net)
                      0.061932    0.000834    0.215011 ^ clkbuf_2_3__f_clk_i/A (sky130_fd_sc_hd__clkbuf_16)
    11    0.037029    0.057128    0.145775    0.360786 ^ clkbuf_2_3__f_clk_i/X (sky130_fd_sc_hd__clkbuf_16)
                                                         clknet_2_3__leaf_clk_i (net)
                      0.057132    0.000508    0.361294 ^ _265_/CLK (sky130_fd_sc_hd__dfrtp_1)
                                  0.250000    0.611294   clock uncertainty
                                  0.000000    0.611294   clock reconvergence pessimism
                                 -0.034888    0.576406   library hold time
                                              0.576406   data required time
---------------------------------------------------------------------------------------------
                                              0.576406   data required time
                                             -1.370678   data arrival time
---------------------------------------------------------------------------------------------
                                              0.794272   slack (MET)


Startpoint: _258_ (rising edge-triggered flip-flop clocked by clk_i)
Endpoint: _258_ (rising edge-triggered flip-flop clocked by clk_i)
Path Group: clk_i
Path Type: min

Fanout         Cap        Slew       Delay        Time   Description
---------------------------------------------------------------------------------------------
                                  0.000000    0.000000   clock clk_i (rise edge)
                                  0.000000    0.000000   clock source latency
     1    0.017130    0.082926    0.056813    0.056813 ^ clk_i (in)
                                                         clk_i (net)
                      0.082933    0.000000    0.056813 ^ clkbuf_0_clk_i/A (sky130_fd_sc_hd__clkbuf_16)
     4    0.042408    0.061920    0.157364    0.214177 ^ clkbuf_0_clk_i/X (sky130_fd_sc_hd__clkbuf_16)
                                                         clknet_0_clk_i (net)
                      0.061937    0.000936    0.215113 ^ clkbuf_2_0__f_clk_i/A (sky130_fd_sc_hd__clkbuf_16)
    13    0.035986    0.056142    0.144612    0.359725 ^ clkbuf_2_0__f_clk_i/X (sky130_fd_sc_hd__clkbuf_16)
                                                         clknet_2_0__leaf_clk_i (net)
                      0.056276    0.001712    0.361436 ^ _258_/CLK (sky130_fd_sc_hd__dfrtp_1)
     2    0.008717    0.090706    0.359064    0.720500 ^ _258_/Q (sky130_fd_sc_hd__dfrtp_1)
                                                         rng_rd.vld[0] (net)
                      0.090706    0.000193    0.720694 ^ hold14/A (sky130_fd_sc_hd__dlygate4sd3_1)
     2    0.004781    0.070211    0.564551    1.285244 ^ hold14/X (sky130_fd_sc_hd__dlygate4sd3_1)
                                                         net33 (net)
                      0.070211    0.000090    1.285334 ^ _213_/A (sky130_fd_sc_hd__or2_1)
     1    0.003239    0.043407    0.101604    1.386938 ^ _213_/X (sky130_fd_sc_hd__or2_1)
                                                         _030_ (net)
                      0.043407    0.000101    1.387039 ^ _258_/D (sky130_fd_sc_hd__dfrtp_1)
                                              1.387039   data arrival time

                                  0.000000    0.000000   clock clk_i (rise edge)
                                  0.000000    0.000000   clock source latency
     1    0.017130    0.082926    0.056813    0.056813 ^ clk_i (in)
                                                         clk_i (net)
                      0.082933    0.000000    0.056813 ^ clkbuf_0_clk_i/A (sky130_fd_sc_hd__clkbuf_16)
     4    0.042408    0.061920    0.157364    0.214177 ^ clkbuf_0_clk_i/X (sky130_fd_sc_hd__clkbuf_16)
                                                         clknet_0_clk_i (net)
                      0.061937    0.000936    0.215113 ^ clkbuf_2_0__f_clk_i/A (sky130_fd_sc_hd__clkbuf_16)
    13    0.035986    0.056142    0.144612    0.359725 ^ clkbuf_2_0__f_clk_i/X (sky130_fd_sc_hd__clkbuf_16)
                                                         clknet_2_0__leaf_clk_i (net)
                      0.056276    0.001712    0.361436 ^ _258_/CLK (sky130_fd_sc_hd__dfrtp_1)
                                  0.250000    0.611436   clock uncertainty
                                  0.000000    0.611436   clock reconvergence pessimism
                                 -0.032890    0.578546   library hold time
                                              0.578546   data required time
---------------------------------------------------------------------------------------------
                                              0.578546   data required time
                                             -1.387039   data arrival time
---------------------------------------------------------------------------------------------
                                              0.808493   slack (MET)


Startpoint: _239_ (rising edge-triggered flip-flop clocked by clk_i)
Endpoint: _239_ (rising edge-triggered flip-flop clocked by clk_i)
Path Group: clk_i
Path Type: min

Fanout         Cap        Slew       Delay        Time   Description
---------------------------------------------------------------------------------------------
                                  0.000000    0.000000   clock clk_i (rise edge)
                                  0.000000    0.000000   clock source latency
     1    0.017130    0.082926    0.056813    0.056813 ^ clk_i (in)
                                                         clk_i (net)
                      0.082933    0.000000    0.056813 ^ clkbuf_0_clk_i/A (sky130_fd_sc_hd__clkbuf_16)
     4    0.042408    0.061920    0.157364    0.214177 ^ clkbuf_0_clk_i/X (sky130_fd_sc_hd__clkbuf_16)
                                                         clknet_0_clk_i (net)
                      0.061942    0.001056    0.215233 ^ clkbuf_2_1__f_clk_i/A (sky130_fd_sc_hd__clkbuf_16)
    13    0.042108    0.061694    0.148946    0.364180 ^ clkbuf_2_1__f_clk_i/X (sky130_fd_sc_hd__clkbuf_16)
                                                         clknet_2_1__leaf_clk_i (net)
                      0.061897    0.002404    0.366584 ^ _239_/CLK (sky130_fd_sc_hd__dfrtp_1)
     3    0.010824    0.107040    0.374368    0.740952 ^ _239_/Q (sky130_fd_sc_hd__dfrtp_1)
                                                         rng_rd.mem[5][1] (net)
                      0.107040    0.000206    0.741158 ^ hold38/A (sky130_fd_sc_hd__dlygate4sd3_1)
     1    0.001985    0.046564    0.545395    1.286553 ^ hold38/X (sky130_fd_sc_hd__dlygate4sd3_1)
                                                         net57 (net)
                      0.046564    0.000039    1.286592 ^ _196_/A0 (sky130_fd_sc_hd__mux2_1)
     1    0.002450    0.038653    0.112131    1.398723 ^ _196_/X (sky130_fd_sc_hd__mux2_1)
                                                         _013_ (net)
                      0.038653    0.000070    1.398793 ^ _239_/D (sky130_fd_sc_hd__dfrtp_1)
                                              1.398793   data arrival time

                                  0.000000    0.000000   clock clk_i (rise edge)
                                  0.000000    0.000000   clock source latency
     1    0.017130    0.082926    0.056813    0.056813 ^ clk_i (in)
                                                         clk_i (net)
                      0.082933    0.000000    0.056813 ^ clkbuf_0_clk_i/A (sky130_fd_sc_hd__clkbuf_16)
     4    0.042408    0.061920    0.157364    0.214177 ^ clkbuf_0_clk_i/X (sky130_fd_sc_hd__clkbuf_16)
                                                         clknet_0_clk_i (net)
                      0.061942    0.001056    0.215233 ^ clkbuf_2_1__f_clk_i/A (sky130_fd_sc_hd__clkbuf_16)
    13    0.042108    0.061694    0.148946    0.364180 ^ clkbuf_2_1__f_clk_i/X (sky130_fd_sc_hd__clkbuf_16)
                                                         clknet_2_1__leaf_clk_i (net)
                      0.061897    0.002404    0.366584 ^ _239_/CLK (sky130_fd_sc_hd__dfrtp_1)
                                  0.250000    0.616584   clock uncertainty
                                  0.000000    0.616584   clock reconvergence pessimism
                                 -0.031128    0.585456   library hold time
                                              0.585456   data required time
---------------------------------------------------------------------------------------------
                                              0.585456   data required time
                                             -1.398793   data arrival time
---------------------------------------------------------------------------------------------
                                              0.813337   slack (MET)


Startpoint: _262_ (rising edge-triggered flip-flop clocked by clk_i)
Endpoint: _263_ (rising edge-triggered flip-flop clocked by clk_i)
Path Group: clk_i
Path Type: min

Fanout         Cap        Slew       Delay        Time   Description
---------------------------------------------------------------------------------------------
                                  0.000000    0.000000   clock clk_i (rise edge)
                                  0.000000    0.000000   clock source latency
     1    0.017130    0.082926    0.056813    0.056813 ^ clk_i (in)
                                                         clk_i (net)
                      0.082933    0.000000    0.056813 ^ clkbuf_0_clk_i/A (sky130_fd_sc_hd__clkbuf_16)
     4    0.042408    0.061920    0.157364    0.214177 ^ clkbuf_0_clk_i/X (sky130_fd_sc_hd__clkbuf_16)
                                                         clknet_0_clk_i (net)
                      0.061942    0.001056    0.215233 ^ clkbuf_2_1__f_clk_i/A (sky130_fd_sc_hd__clkbuf_16)
    13    0.042108    0.061694    0.148946    0.364180 ^ clkbuf_2_1__f_clk_i/X (sky130_fd_sc_hd__clkbuf_16)
                                                         clknet_2_1__leaf_clk_i (net)
                      0.061894    0.002382    0.366561 ^ _262_/CLK (sky130_fd_sc_hd__dfrtp_1)
     2    0.005839    0.068276    0.341802    0.708363 ^ _262_/Q (sky130_fd_sc_hd__dfrtp_1)
                                                         rng_rd.vld[4] (net)
                      0.068276    0.000128    0.708491 ^ hold10/A (sky130_fd_sc_hd__dlygate4sd3_1)
     2    0.005923    0.080125    0.566855    1.275346 ^ hold10/X (sky130_fd_sc_hd__dlygate4sd3_1)
                                                         net29 (net)
                      0.080125    0.000128    1.275474 ^ _218_/A1 (sky130_fd_sc_hd__mux2_1)
     1    0.002408    0.038347    0.126013    1.401487 ^ _218_/X (sky130_fd_sc_hd__mux2_1)
                                                         _035_ (net)
                      0.038347    0.000068    1.401555 ^ _263_/D (sky130_fd_sc_hd__dfrtp_1)
                                              1.401555   data arrival time

                                  0.000000    0.000000   clock clk_i (rise edge)
                                  0.000000    0.000000   clock source latency
     1    0.017130    0.082926    0.056813    0.056813 ^ clk_i (in)
                                                         clk_i (net)
                      0.082933    0.000000    0.056813 ^ clkbuf_0_clk_i/A (sky130_fd_sc_hd__clkbuf_16)
     4    0.042408    0.061920    0.157364    0.214177 ^ clkbuf_0_clk_i/X (sky130_fd_sc_hd__clkbuf_16)
                                                         clknet_0_clk_i (net)
                      0.061942    0.001056    0.215233 ^ clkbuf_2_1__f_clk_i/A (sky130_fd_sc_hd__clkbuf_16)
    13    0.042108    0.061694    0.148946    0.364180 ^ clkbuf_2_1__f_clk_i/X (sky130_fd_sc_hd__clkbuf_16)
                                                         clknet_2_1__leaf_clk_i (net)
                      0.061897    0.002411    0.366590 ^ _263_/CLK (sky130_fd_sc_hd__dfrtp_1)
                                  0.250000    0.616590   clock uncertainty
                                  0.000000    0.616590   clock reconvergence pessimism
                                 -0.031064    0.585526   library hold time
                                              0.585526   data required time
---------------------------------------------------------------------------------------------
                                              0.585526   data required time
                                             -1.401555   data arrival time
---------------------------------------------------------------------------------------------
                                              0.816029   slack (MET)


Startpoint: _250_ (rising edge-triggered flip-flop clocked by clk_i)
Endpoint: _250_ (rising edge-triggered flip-flop clocked by clk_i)
Path Group: clk_i
Path Type: min

Fanout         Cap        Slew       Delay        Time   Description
---------------------------------------------------------------------------------------------
                                  0.000000    0.000000   clock clk_i (rise edge)
                                  0.000000    0.000000   clock source latency
     1    0.017130    0.082926    0.056813    0.056813 ^ clk_i (in)
                                                         clk_i (net)
                      0.082933    0.000000    0.056813 ^ clkbuf_0_clk_i/A (sky130_fd_sc_hd__clkbuf_16)
     4    0.042408    0.061920    0.157364    0.214177 ^ clkbuf_0_clk_i/X (sky130_fd_sc_hd__clkbuf_16)
                                                         clknet_0_clk_i (net)
                      0.061942    0.001056    0.215233 ^ clkbuf_2_1__f_clk_i/A (sky130_fd_sc_hd__clkbuf_16)
    13    0.042108    0.061694    0.148946    0.364180 ^ clkbuf_2_1__f_clk_i/X (sky130_fd_sc_hd__clkbuf_16)
                                                         clknet_2_1__leaf_clk_i (net)
                      0.061778    0.001968    0.366147 ^ _250_/CLK (sky130_fd_sc_hd__dfrtp_1)
     3    0.011206    0.110154    0.376673    0.742821 ^ _250_/Q (sky130_fd_sc_hd__dfrtp_1)
                                                         rng_rd.mem[2][2] (net)
                      0.110154    0.000194    0.743014 ^ hold39/A (sky130_fd_sc_hd__dlygate4sd3_1)
     1    0.001951    0.046332    0.545978    1.288993 ^ hold39/X (sky130_fd_sc_hd__dlygate4sd3_1)
                                                         net58 (net)
                      0.046332    0.000038    1.289031 ^ _206_/A0 (sky130_fd_sc_hd__mux2_1)
     1    0.002476    0.038849    0.112266    1.401297 ^ _206_/X (sky130_fd_sc_hd__mux2_1)
                                                         _023_ (net)
                      0.038849    0.000069    1.401366 ^ _250_/D (sky130_fd_sc_hd__dfrtp_1)
                                              1.401366   data arrival time

                                  0.000000    0.000000   clock clk_i (rise edge)
                                  0.000000    0.000000   clock source latency
     1    0.017130    0.082926    0.056813    0.056813 ^ clk_i (in)
                                                         clk_i (net)
                      0.082933    0.000000    0.056813 ^ clkbuf_0_clk_i/A (sky130_fd_sc_hd__clkbuf_16)
     4    0.042408    0.061920    0.157364    0.214177 ^ clkbuf_0_clk_i/X (sky130_fd_sc_hd__clkbuf_16)
                                                         clknet_0_clk_i (net)
                      0.061942    0.001056    0.215233 ^ clkbuf_2_1__f_clk_i/A (sky130_fd_sc_hd__clkbuf_16)
    13    0.042108    0.061694    0.148946    0.364180 ^ clkbuf_2_1__f_clk_i/X (sky130_fd_sc_hd__clkbuf_16)
                                                         clknet_2_1__leaf_clk_i (net)
                      0.061778    0.001968    0.366147 ^ _250_/CLK (sky130_fd_sc_hd__dfrtp_1)
                                  0.250000    0.616147   clock uncertainty
                                  0.000000    0.616147   clock reconvergence pessimism
                                 -0.031185    0.584962   library hold time
                                              0.584962   data required time
---------------------------------------------------------------------------------------------
                                              0.584962   data required time
                                             -1.401366   data arrival time
---------------------------------------------------------------------------------------------
                                              0.816404   slack (MET)


Startpoint: _261_ (rising edge-triggered flip-flop clocked by clk_i)
Endpoint: _261_ (rising edge-triggered flip-flop clocked by clk_i)
Path Group: clk_i
Path Type: min

Fanout         Cap        Slew       Delay        Time   Description
---------------------------------------------------------------------------------------------
                                  0.000000    0.000000   clock clk_i (rise edge)
                                  0.000000    0.000000   clock source latency
     1    0.017130    0.082926    0.056813    0.056813 ^ clk_i (in)
                                                         clk_i (net)
                      0.082933    0.000000    0.056813 ^ clkbuf_0_clk_i/A (sky130_fd_sc_hd__clkbuf_16)
     4    0.042408    0.061920    0.157364    0.214177 ^ clkbuf_0_clk_i/X (sky130_fd_sc_hd__clkbuf_16)
                                                         clknet_0_clk_i (net)
                      0.061942    0.001056    0.215233 ^ clkbuf_2_1__f_clk_i/A (sky130_fd_sc_hd__clkbuf_16)
    13    0.042108    0.061694    0.148946    0.364180 ^ clkbuf_2_1__f_clk_i/X (sky130_fd_sc_hd__clkbuf_16)
                                                         clknet_2_1__leaf_clk_i (net)
                      0.061707    0.001043    0.365222 ^ _261_/CLK (sky130_fd_sc_hd__dfrtp_1)
     3    0.010667    0.105747    0.373394    0.738616 ^ _261_/Q (sky130_fd_sc_hd__dfrtp_1)
                                                         rng_rd.vld[3] (net)
                      0.105747    0.000197    0.738813 ^ hold20/A (sky130_fd_sc_hd__dlygate4sd3_1)
     1    0.002061    0.047082    0.545726    1.284539 ^ hold20/X (sky130_fd_sc_hd__dlygate4sd3_1)
                                                         net39 (net)
                      0.047082    0.000058    1.284597 ^ _216_/A0 (sky130_fd_sc_hd__mux2_1)
     1    0.003436    0.046138    0.120196    1.404793 ^ _216_/X (sky130_fd_sc_hd__mux2_1)
                                                         _033_ (net)
                      0.046138    0.000113    1.404906 ^ _261_/D (sky130_fd_sc_hd__dfrtp_1)
                                              1.404906   data arrival time

                                  0.000000    0.000000   clock clk_i (rise edge)
                                  0.000000    0.000000   clock source latency
     1    0.017130    0.082926    0.056813    0.056813 ^ clk_i (in)
                                                         clk_i (net)
                      0.082933    0.000000    0.056813 ^ clkbuf_0_clk_i/A (sky130_fd_sc_hd__clkbuf_16)
     4    0.042408    0.061920    0.157364    0.214177 ^ clkbuf_0_clk_i/X (sky130_fd_sc_hd__clkbuf_16)
                                                         clknet_0_clk_i (net)
                      0.061942    0.001056    0.215233 ^ clkbuf_2_1__f_clk_i/A (sky130_fd_sc_hd__clkbuf_16)
    13    0.042108    0.061694    0.148946    0.364180 ^ clkbuf_2_1__f_clk_i/X (sky130_fd_sc_hd__clkbuf_16)
                                                         clknet_2_1__leaf_clk_i (net)
                      0.061707    0.001043    0.365222 ^ _261_/CLK (sky130_fd_sc_hd__dfrtp_1)
                                  0.250000    0.615222   clock uncertainty
                                  0.000000    0.615222   clock reconvergence pessimism
                                 -0.032719    0.582503   library hold time
                                              0.582503   data required time
---------------------------------------------------------------------------------------------
                                              0.582503   data required time
                                             -1.404906   data arrival time
---------------------------------------------------------------------------------------------
                                              0.822403   slack (MET)


Startpoint: _246_ (rising edge-triggered flip-flop clocked by clk_i)
Endpoint: _242_ (rising edge-triggered flip-flop clocked by clk_i)
Path Group: clk_i
Path Type: min

Fanout         Cap        Slew       Delay        Time   Description
---------------------------------------------------------------------------------------------
                                  0.000000    0.000000   clock clk_i (rise edge)
                                  0.000000    0.000000   clock source latency
     1    0.017130    0.082926    0.056813    0.056813 ^ clk_i (in)
                                                         clk_i (net)
                      0.082933    0.000000    0.056813 ^ clkbuf_0_clk_i/A (sky130_fd_sc_hd__clkbuf_16)
     4    0.042408    0.061920    0.157364    0.214177 ^ clkbuf_0_clk_i/X (sky130_fd_sc_hd__clkbuf_16)
                                                         clknet_0_clk_i (net)
                      0.061942    0.001056    0.215233 ^ clkbuf_2_1__f_clk_i/A (sky130_fd_sc_hd__clkbuf_16)
    13    0.042108    0.061694    0.148946    0.364180 ^ clkbuf_2_1__f_clk_i/X (sky130_fd_sc_hd__clkbuf_16)
                                                         clknet_2_1__leaf_clk_i (net)
                      0.061721    0.001287    0.365466 ^ _246_/CLK (sky130_fd_sc_hd__dfrtp_1)
     3    0.011523    0.112763    0.378529    0.743995 ^ _246_/Q (sky130_fd_sc_hd__dfrtp_1)
                                                         rng_rd.mem[3][1] (net)
                      0.112763    0.000309    0.744304 ^ _199_/A1 (sky130_fd_sc_hd__mux2_1)
     1    0.001880    0.034572    0.132903    0.877207 ^ _199_/X (sky130_fd_sc_hd__mux2_1)
                                                         _016_ (net)
                      0.034572    0.000036    0.877243 ^ hold37/A (sky130_fd_sc_hd__dlygate4sd3_1)
     1    0.002555    0.050817    0.529132    1.406375 ^ hold37/X (sky130_fd_sc_hd__dlygate4sd3_1)
                                                         net56 (net)
                      0.050817    0.000075    1.406450 ^ _242_/D (sky130_fd_sc_hd__dfrtp_1)
                                              1.406450   data arrival time

                                  0.000000    0.000000   clock clk_i (rise edge)
                                  0.000000    0.000000   clock source latency
     1    0.017130    0.082926    0.056813    0.056813 ^ clk_i (in)
                                                         clk_i (net)
                      0.082933    0.000000    0.056813 ^ clkbuf_0_clk_i/A (sky130_fd_sc_hd__clkbuf_16)
     4    0.042408    0.061920    0.157364    0.214177 ^ clkbuf_0_clk_i/X (sky130_fd_sc_hd__clkbuf_16)
                                                         clknet_0_clk_i (net)
                      0.061942    0.001056    0.215233 ^ clkbuf_2_1__f_clk_i/A (sky130_fd_sc_hd__clkbuf_16)
    13    0.042108    0.061694    0.148946    0.364180 ^ clkbuf_2_1__f_clk_i/X (sky130_fd_sc_hd__clkbuf_16)
                                                         clknet_2_1__leaf_clk_i (net)
                      0.061887    0.002328    0.366508 ^ _242_/CLK (sky130_fd_sc_hd__dfrtp_1)
                                  0.250000    0.616508   clock uncertainty
                                  0.000000    0.616508   clock reconvergence pessimism
                                 -0.033673    0.582835   library hold time
                                              0.582835   data required time
---------------------------------------------------------------------------------------------
                                              0.582835   data required time
                                             -1.406450   data arrival time
---------------------------------------------------------------------------------------------
                                              0.823616   slack (MET)


Startpoint: _237_ (rising edge-triggered flip-flop clocked by clk_i)
Endpoint: _229_ (rising edge-triggered flip-flop clocked by clk_i)
Path Group: clk_i
Path Type: min

Fanout         Cap        Slew       Delay        Time   Description
---------------------------------------------------------------------------------------------
                                  0.000000    0.000000   clock clk_i (rise edge)
                                  0.000000    0.000000   clock source latency
     1    0.017130    0.082926    0.056813    0.056813 ^ clk_i (in)
                                                         clk_i (net)
                      0.082933    0.000000    0.056813 ^ clkbuf_0_clk_i/A (sky130_fd_sc_hd__clkbuf_16)
     4    0.042408    0.061920    0.157364    0.214177 ^ clkbuf_0_clk_i/X (sky130_fd_sc_hd__clkbuf_16)
                                                         clknet_0_clk_i (net)
                      0.061932    0.000834    0.215011 ^ clkbuf_2_3__f_clk_i/A (sky130_fd_sc_hd__clkbuf_16)
    11    0.037029    0.057128    0.145775    0.360786 ^ clkbuf_2_3__f_clk_i/X (sky130_fd_sc_hd__clkbuf_16)
                                                         clknet_2_3__leaf_clk_i (net)
                      0.057143    0.000808    0.361594 ^ _237_/CLK (sky130_fd_sc_hd__dfrtp_1)
     3    0.011049    0.108881    0.373981    0.735576 ^ _237_/Q (sky130_fd_sc_hd__dfrtp_1)
                                                         rng_rd.mem[6][2] (net)
                      0.108881    0.000247    0.735823 ^ _162_/A1 (sky130_fd_sc_hd__mux2_1)
     1    0.002203    0.036876    0.134156    0.869979 ^ _162_/X (sky130_fd_sc_hd__mux2_1)
                                                         _005_ (net)
                      0.036876    0.000062    0.870041 ^ hold7/A (sky130_fd_sc_hd__dlygate4sd3_1)
     1    0.002670    0.051787    0.530960    1.401001 ^ hold7/X (sky130_fd_sc_hd__dlygate4sd3_1)
                                                         net26 (net)
                      0.051787    0.000078    1.401080 ^ _229_/D (sky130_fd_sc_hd__dfrtp_1)
                                              1.401080   data arrival time

                                  0.000000    0.000000   clock clk_i (rise edge)
                                  0.000000    0.000000   clock source latency
     1    0.017130    0.082926    0.056813    0.056813 ^ clk_i (in)
                                                         clk_i (net)
                      0.082933    0.000000    0.056813 ^ clkbuf_0_clk_i/A (sky130_fd_sc_hd__clkbuf_16)
     4    0.042408    0.061920    0.157364    0.214177 ^ clkbuf_0_clk_i/X (sky130_fd_sc_hd__clkbuf_16)
                                                         clknet_0_clk_i (net)
                      0.061932    0.000834    0.215011 ^ clkbuf_2_3__f_clk_i/A (sky130_fd_sc_hd__clkbuf_16)
    11    0.037029    0.057128    0.145775    0.360786 ^ clkbuf_2_3__f_clk_i/X (sky130_fd_sc_hd__clkbuf_16)
                                                         clknet_2_3__leaf_clk_i (net)
                      0.057142    0.000776    0.361562 ^ _229_/CLK (sky130_fd_sc_hd__dfrtp_1)
                                  0.250000    0.611562   clock uncertainty
                                  0.000000    0.611562   clock reconvergence pessimism
                                 -0.034526    0.577036   library hold time
                                              0.577036   data required time
---------------------------------------------------------------------------------------------
                                              0.577036   data required time
                                             -1.401080   data arrival time
---------------------------------------------------------------------------------------------
                                              0.824043   slack (MET)


Startpoint: _247_ (rising edge-triggered flip-flop clocked by clk_i)
Endpoint: _243_ (rising edge-triggered flip-flop clocked by clk_i)
Path Group: clk_i
Path Type: min

Fanout         Cap        Slew       Delay        Time   Description
---------------------------------------------------------------------------------------------
                                  0.000000    0.000000   clock clk_i (rise edge)
                                  0.000000    0.000000   clock source latency
     1    0.017130    0.082926    0.056813    0.056813 ^ clk_i (in)
                                                         clk_i (net)
                      0.082933    0.000000    0.056813 ^ clkbuf_0_clk_i/A (sky130_fd_sc_hd__clkbuf_16)
     4    0.042408    0.061920    0.157364    0.214177 ^ clkbuf_0_clk_i/X (sky130_fd_sc_hd__clkbuf_16)
                                                         clknet_0_clk_i (net)
                      0.061942    0.001056    0.215233 ^ clkbuf_2_1__f_clk_i/A (sky130_fd_sc_hd__clkbuf_16)
    13    0.042108    0.061694    0.148946    0.364180 ^ clkbuf_2_1__f_clk_i/X (sky130_fd_sc_hd__clkbuf_16)
                                                         clknet_2_1__leaf_clk_i (net)
                      0.061807    0.002247    0.366426 ^ _247_/CLK (sky130_fd_sc_hd__dfrtp_1)
     2    0.007166    0.078740    0.350704    0.717130 ^ _247_/Q (sky130_fd_sc_hd__dfrtp_1)
                                                         rng_rd.mem[3][2] (net)
                      0.078740    0.000140    0.717270 ^ hold31/A (sky130_fd_sc_hd__dlygate4sd3_1)
     2    0.005384    0.075401    0.565743    1.283013 ^ hold31/X (sky130_fd_sc_hd__dlygate4sd3_1)
                                                         net50 (net)
                      0.075401    0.000129    1.283142 ^ _200_/A1 (sky130_fd_sc_hd__mux2_1)
     1    0.002660    0.040228    0.126414    1.409556 ^ _200_/X (sky130_fd_sc_hd__mux2_1)
                                                         _017_ (net)
                      0.040228    0.000075    1.409631 ^ _243_/D (sky130_fd_sc_hd__dfrtp_1)
                                              1.409631   data arrival time

                                  0.000000    0.000000   clock clk_i (rise edge)
                                  0.000000    0.000000   clock source latency
     1    0.017130    0.082926    0.056813    0.056813 ^ clk_i (in)
                                                         clk_i (net)
                      0.082933    0.000000    0.056813 ^ clkbuf_0_clk_i/A (sky130_fd_sc_hd__clkbuf_16)
     4    0.042408    0.061920    0.157364    0.214177 ^ clkbuf_0_clk_i/X (sky130_fd_sc_hd__clkbuf_16)
                                                         clknet_0_clk_i (net)
                      0.061942    0.001056    0.215233 ^ clkbuf_2_1__f_clk_i/A (sky130_fd_sc_hd__clkbuf_16)
    13    0.042108    0.061694    0.148946    0.364180 ^ clkbuf_2_1__f_clk_i/X (sky130_fd_sc_hd__clkbuf_16)
                                                         clknet_2_1__leaf_clk_i (net)
                      0.061815    0.002315    0.366494 ^ _243_/CLK (sky130_fd_sc_hd__dfrtp_1)
                                  0.250000    0.616494   clock uncertainty
                                  0.000000    0.616494   clock reconvergence pessimism
                                 -0.031468    0.585026   library hold time
                                              0.585026   data required time
---------------------------------------------------------------------------------------------
                                              0.585026   data required time
                                             -1.409631   data arrival time
---------------------------------------------------------------------------------------------
                                              0.824605   slack (MET)


Startpoint: _261_ (rising edge-triggered flip-flop clocked by clk_i)
Endpoint: _262_ (rising edge-triggered flip-flop clocked by clk_i)
Path Group: clk_i
Path Type: min

Fanout         Cap        Slew       Delay        Time   Description
---------------------------------------------------------------------------------------------
                                  0.000000    0.000000   clock clk_i (rise edge)
                                  0.000000    0.000000   clock source latency
     1    0.017130    0.082926    0.056813    0.056813 ^ clk_i (in)
                                                         clk_i (net)
                      0.082933    0.000000    0.056813 ^ clkbuf_0_clk_i/A (sky130_fd_sc_hd__clkbuf_16)
     4    0.042408    0.061920    0.157364    0.214177 ^ clkbuf_0_clk_i/X (sky130_fd_sc_hd__clkbuf_16)
                                                         clknet_0_clk_i (net)
                      0.061942    0.001056    0.215233 ^ clkbuf_2_1__f_clk_i/A (sky130_fd_sc_hd__clkbuf_16)
    13    0.042108    0.061694    0.148946    0.364180 ^ clkbuf_2_1__f_clk_i/X (sky130_fd_sc_hd__clkbuf_16)
                                                         clknet_2_1__leaf_clk_i (net)
                      0.061707    0.001043    0.365222 ^ _261_/CLK (sky130_fd_sc_hd__dfrtp_1)
     3    0.010667    0.105747    0.373394    0.738616 ^ _261_/Q (sky130_fd_sc_hd__dfrtp_1)
                                                         rng_rd.vld[3] (net)
                      0.105747    0.000250    0.738865 ^ _217_/A1 (sky130_fd_sc_hd__mux2_1)
     1    0.002491    0.038958    0.135383    0.874248 ^ _217_/X (sky130_fd_sc_hd__mux2_1)
                                                         _034_ (net)
                      0.038958    0.000073    0.874321 ^ hold11/A (sky130_fd_sc_hd__dlygate4sd3_1)
     1    0.002801    0.052912    0.532876    1.407197 ^ hold11/X (sky130_fd_sc_hd__dlygate4sd3_1)
                                                         net30 (net)
                      0.052912    0.000081    1.407277 ^ _262_/D (sky130_fd_sc_hd__dfrtp_1)
                                              1.407277   data arrival time

                                  0.000000    0.000000   clock clk_i (rise edge)
                                  0.000000    0.000000   clock source latency
     1    0.017130    0.082926    0.056813    0.056813 ^ clk_i (in)
                                                         clk_i (net)
                      0.082933    0.000000    0.056813 ^ clkbuf_0_clk_i/A (sky130_fd_sc_hd__clkbuf_16)
     4    0.042408    0.061920    0.157364    0.214177 ^ clkbuf_0_clk_i/X (sky130_fd_sc_hd__clkbuf_16)
                                                         clknet_0_clk_i (net)
                      0.061942    0.001056    0.215233 ^ clkbuf_2_1__f_clk_i/A (sky130_fd_sc_hd__clkbuf_16)
    13    0.042108    0.061694    0.148946    0.364180 ^ clkbuf_2_1__f_clk_i/X (sky130_fd_sc_hd__clkbuf_16)
                                                         clknet_2_1__leaf_clk_i (net)
                      0.061894    0.002382    0.366561 ^ _262_/CLK (sky130_fd_sc_hd__dfrtp_1)
                                  0.250000    0.616561   clock uncertainty
                                  0.000000    0.616561   clock reconvergence pessimism
                                 -0.034111    0.582450   library hold time
                                              0.582450   data required time
---------------------------------------------------------------------------------------------
                                              0.582450   data required time
                                             -1.407277   data arrival time
---------------------------------------------------------------------------------------------
                                              0.824827   slack (MET)


Startpoint: _257_ (rising edge-triggered flip-flop clocked by clk_i)
Endpoint: _253_ (rising edge-triggered flip-flop clocked by clk_i)
Path Group: clk_i
Path Type: min

Fanout         Cap        Slew       Delay        Time   Description
---------------------------------------------------------------------------------------------
                                  0.000000    0.000000   clock clk_i (rise edge)
                                  0.000000    0.000000   clock source latency
     1    0.017130    0.082926    0.056813    0.056813 ^ clk_i (in)
                                                         clk_i (net)
                      0.082933    0.000000    0.056813 ^ clkbuf_0_clk_i/A (sky130_fd_sc_hd__clkbuf_16)
     4    0.042408    0.061920    0.157364    0.214177 ^ clkbuf_0_clk_i/X (sky130_fd_sc_hd__clkbuf_16)
                                                         clknet_0_clk_i (net)
                      0.061937    0.000936    0.215113 ^ clkbuf_2_0__f_clk_i/A (sky130_fd_sc_hd__clkbuf_16)
    13    0.035986    0.056142    0.144612    0.359725 ^ clkbuf_2_0__f_clk_i/X (sky130_fd_sc_hd__clkbuf_16)
                                                         clknet_2_0__leaf_clk_i (net)
                      0.056253    0.001447    0.361172 ^ _257_/CLK (sky130_fd_sc_hd__dfrtp_1)
     5    0.011592    0.113310    0.376966    0.738138 ^ _257_/Q (sky130_fd_sc_hd__dfrtp_1)
                                                         net6 (net)
                      0.113310    0.000227    0.738364 ^ _209_/A1 (sky130_fd_sc_hd__mux2_1)
     1    0.002745    0.040875    0.139975    0.878339 ^ _209_/X (sky130_fd_sc_hd__mux2_1)
                                                         _026_ (net)
                      0.040875    0.000081    0.878421 ^ hold35/A (sky130_fd_sc_hd__dlygate4sd3_1)
     1    0.002402    0.049547    0.529751    1.408172 ^ hold35/X (sky130_fd_sc_hd__dlygate4sd3_1)
                                                         net54 (net)
                      0.049547    0.000068    1.408239 ^ _253_/D (sky130_fd_sc_hd__dfrtp_1)
                                              1.408239   data arrival time

                                  0.000000    0.000000   clock clk_i (rise edge)
                                  0.000000    0.000000   clock source latency
     1    0.017130    0.082926    0.056813    0.056813 ^ clk_i (in)
                                                         clk_i (net)
                      0.082933    0.000000    0.056813 ^ clkbuf_0_clk_i/A (sky130_fd_sc_hd__clkbuf_16)
     4    0.042408    0.061920    0.157364    0.214177 ^ clkbuf_0_clk_i/X (sky130_fd_sc_hd__clkbuf_16)
                                                         clknet_0_clk_i (net)
                      0.061942    0.001056    0.215233 ^ clkbuf_2_1__f_clk_i/A (sky130_fd_sc_hd__clkbuf_16)
    13    0.042108    0.061694    0.148946    0.364180 ^ clkbuf_2_1__f_clk_i/X (sky130_fd_sc_hd__clkbuf_16)
                                                         clknet_2_1__leaf_clk_i (net)
                      0.061763    0.001817    0.365997 ^ _253_/CLK (sky130_fd_sc_hd__dfrtp_1)
                                  0.250000    0.615997   clock uncertainty
                                  0.000000    0.615997   clock reconvergence pessimism
                                 -0.033425    0.582572   library hold time
                                              0.582572   data required time
---------------------------------------------------------------------------------------------
                                              0.582572   data required time
                                             -1.408239   data arrival time
---------------------------------------------------------------------------------------------
                                              0.825667   slack (MET)


Startpoint: _250_ (rising edge-triggered flip-flop clocked by clk_i)
Endpoint: _247_ (rising edge-triggered flip-flop clocked by clk_i)
Path Group: clk_i
Path Type: min

Fanout         Cap        Slew       Delay        Time   Description
---------------------------------------------------------------------------------------------
                                  0.000000    0.000000   clock clk_i (rise edge)
                                  0.000000    0.000000   clock source latency
     1    0.017130    0.082926    0.056813    0.056813 ^ clk_i (in)
                                                         clk_i (net)
                      0.082933    0.000000    0.056813 ^ clkbuf_0_clk_i/A (sky130_fd_sc_hd__clkbuf_16)
     4    0.042408    0.061920    0.157364    0.214177 ^ clkbuf_0_clk_i/X (sky130_fd_sc_hd__clkbuf_16)
                                                         clknet_0_clk_i (net)
                      0.061942    0.001056    0.215233 ^ clkbuf_2_1__f_clk_i/A (sky130_fd_sc_hd__clkbuf_16)
    13    0.042108    0.061694    0.148946    0.364180 ^ clkbuf_2_1__f_clk_i/X (sky130_fd_sc_hd__clkbuf_16)
                                                         clknet_2_1__leaf_clk_i (net)
                      0.061778    0.001968    0.366147 ^ _250_/CLK (sky130_fd_sc_hd__dfrtp_1)
     3    0.011206    0.110154    0.376673    0.742821 ^ _250_/Q (sky130_fd_sc_hd__dfrtp_1)
                                                         rng_rd.mem[2][2] (net)
                      0.110154    0.000195    0.743016 ^ _203_/A1 (sky130_fd_sc_hd__mux2_1)
     1    0.002532    0.039261    0.137205    0.880222 ^ _203_/X (sky130_fd_sc_hd__mux2_1)
                                                         _020_ (net)
                      0.039261    0.000073    0.880295 ^ hold32/A (sky130_fd_sc_hd__dlygate4sd3_1)
     1    0.002487    0.050252    0.530024    1.410319 ^ hold32/X (sky130_fd_sc_hd__dlygate4sd3_1)
                                                         net51 (net)
                      0.050252    0.000071    1.410390 ^ _247_/D (sky130_fd_sc_hd__dfrtp_1)
                                              1.410390   data arrival time

                                  0.000000    0.000000   clock clk_i (rise edge)
                                  0.000000    0.000000   clock source latency
     1    0.017130    0.082926    0.056813    0.056813 ^ clk_i (in)
                                                         clk_i (net)
                      0.082933    0.000000    0.056813 ^ clkbuf_0_clk_i/A (sky130_fd_sc_hd__clkbuf_16)
     4    0.042408    0.061920    0.157364    0.214177 ^ clkbuf_0_clk_i/X (sky130_fd_sc_hd__clkbuf_16)
                                                         clknet_0_clk_i (net)
                      0.061942    0.001056    0.215233 ^ clkbuf_2_1__f_clk_i/A (sky130_fd_sc_hd__clkbuf_16)
    13    0.042108    0.061694    0.148946    0.364180 ^ clkbuf_2_1__f_clk_i/X (sky130_fd_sc_hd__clkbuf_16)
                                                         clknet_2_1__leaf_clk_i (net)
                      0.061807    0.002247    0.366426 ^ _247_/CLK (sky130_fd_sc_hd__dfrtp_1)
                                  0.250000    0.616426   clock uncertainty
                                  0.000000    0.616426   clock reconvergence pessimism
                                 -0.033566    0.582860   library hold time
                                              0.582860   data required time
---------------------------------------------------------------------------------------------
                                              0.582860   data required time
                                             -1.410390   data arrival time
---------------------------------------------------------------------------------------------
                                              0.827530   slack (MET)


Startpoint: _239_ (rising edge-triggered flip-flop clocked by clk_i)
Endpoint: _236_ (rising edge-triggered flip-flop clocked by clk_i)
Path Group: clk_i
Path Type: min

Fanout         Cap        Slew       Delay        Time   Description
---------------------------------------------------------------------------------------------
                                  0.000000    0.000000   clock clk_i (rise edge)
                                  0.000000    0.000000   clock source latency
     1    0.017130    0.082926    0.056813    0.056813 ^ clk_i (in)
                                                         clk_i (net)
                      0.082933    0.000000    0.056813 ^ clkbuf_0_clk_i/A (sky130_fd_sc_hd__clkbuf_16)
     4    0.042408    0.061920    0.157364    0.214177 ^ clkbuf_0_clk_i/X (sky130_fd_sc_hd__clkbuf_16)
                                                         clknet_0_clk_i (net)
                      0.061942    0.001056    0.215233 ^ clkbuf_2_1__f_clk_i/A (sky130_fd_sc_hd__clkbuf_16)
    13    0.042108    0.061694    0.148946    0.364180 ^ clkbuf_2_1__f_clk_i/X (sky130_fd_sc_hd__clkbuf_16)
                                                         clknet_2_1__leaf_clk_i (net)
                      0.061897    0.002404    0.366584 ^ _239_/CLK (sky130_fd_sc_hd__dfrtp_1)
     3    0.010824    0.107040    0.374368    0.740952 ^ _239_/Q (sky130_fd_sc_hd__dfrtp_1)
                                                         rng_rd.mem[5][1] (net)
                      0.107040    0.000290    0.741242 ^ _193_/A1 (sky130_fd_sc_hd__mux2_1)
     1    0.002463    0.038752    0.135598    0.876839 ^ _193_/X (sky130_fd_sc_hd__mux2_1)
                                                         _010_ (net)
                      0.038752    0.000074    0.876913 ^ hold28/A (sky130_fd_sc_hd__dlygate4sd3_1)
     1    0.002458    0.050007    0.529583    1.406496 ^ hold28/X (sky130_fd_sc_hd__dlygate4sd3_1)
                                                         net47 (net)
                      0.050007    0.000070    1.406566 ^ _236_/D (sky130_fd_sc_hd__dfrtp_1)
                                              1.406566   data arrival time

                                  0.000000    0.000000   clock clk_i (rise edge)
                                  0.000000    0.000000   clock source latency
     1    0.017130    0.082926    0.056813    0.056813 ^ clk_i (in)
                                                         clk_i (net)
                      0.082933    0.000000    0.056813 ^ clkbuf_0_clk_i/A (sky130_fd_sc_hd__clkbuf_16)
     4    0.042408    0.061920    0.157364    0.214177 ^ clkbuf_0_clk_i/X (sky130_fd_sc_hd__clkbuf_16)
                                                         clknet_0_clk_i (net)
                      0.061932    0.000834    0.215011 ^ clkbuf_2_3__f_clk_i/A (sky130_fd_sc_hd__clkbuf_16)
    11    0.037029    0.057128    0.145775    0.360786 ^ clkbuf_2_3__f_clk_i/X (sky130_fd_sc_hd__clkbuf_16)
                                                         clknet_2_3__leaf_clk_i (net)
                      0.057135    0.000599    0.361386 ^ _236_/CLK (sky130_fd_sc_hd__dfrtp_1)
                                  0.250000    0.611386   clock uncertainty
                                  0.000000    0.611386   clock reconvergence pessimism
                                 -0.034154    0.577231   library hold time
                                              0.577231   data required time
---------------------------------------------------------------------------------------------
                                              0.577231   data required time
                                             -1.406566   data arrival time
---------------------------------------------------------------------------------------------
                                              0.829334   slack (MET)


Startpoint: _259_ (rising edge-triggered flip-flop clocked by clk_i)
Endpoint: _259_ (rising edge-triggered flip-flop clocked by clk_i)
Path Group: clk_i
Path Type: min

Fanout         Cap        Slew       Delay        Time   Description
---------------------------------------------------------------------------------------------
                                  0.000000    0.000000   clock clk_i (rise edge)
                                  0.000000    0.000000   clock source latency
     1    0.017130    0.082926    0.056813    0.056813 ^ clk_i (in)
                                                         clk_i (net)
                      0.082933    0.000000    0.056813 ^ clkbuf_0_clk_i/A (sky130_fd_sc_hd__clkbuf_16)
     4    0.042408    0.061920    0.157364    0.214177 ^ clkbuf_0_clk_i/X (sky130_fd_sc_hd__clkbuf_16)
                                                         clknet_0_clk_i (net)
                      0.061937    0.000936    0.215113 ^ clkbuf_2_0__f_clk_i/A (sky130_fd_sc_hd__clkbuf_16)
    13    0.035986    0.056142    0.144612    0.359725 ^ clkbuf_2_0__f_clk_i/X (sky130_fd_sc_hd__clkbuf_16)
                                                         clknet_2_0__leaf_clk_i (net)
                      0.056268    0.001615    0.361339 ^ _259_/CLK (sky130_fd_sc_hd__dfrtp_1)
     2    0.008062    0.085895    0.354648    0.715987 ^ _259_/Q (sky130_fd_sc_hd__dfrtp_1)
                                                         rng_rd.vld[1] (net)
                      0.085895    0.000183    0.716170 ^ hold18/A (sky130_fd_sc_hd__dlygate4sd3_1)
     2    0.005280    0.074501    0.566982    1.283151 ^ hold18/X (sky130_fd_sc_hd__dlygate4sd3_1)
                                                         net37 (net)
                      0.074501    0.000126    1.283277 ^ _214_/A0 (sky130_fd_sc_hd__mux2_1)
     1    0.002961    0.042510    0.125831    1.409108 ^ _214_/X (sky130_fd_sc_hd__mux2_1)
                                                         _031_ (net)
                      0.042510    0.000087    1.409195 ^ _259_/D (sky130_fd_sc_hd__dfrtp_1)
                                              1.409195   data arrival time

                                  0.000000    0.000000   clock clk_i (rise edge)
                                  0.000000    0.000000   clock source latency
     1    0.017130    0.082926    0.056813    0.056813 ^ clk_i (in)
                                                         clk_i (net)
                      0.082933    0.000000    0.056813 ^ clkbuf_0_clk_i/A (sky130_fd_sc_hd__clkbuf_16)
     4    0.042408    0.061920    0.157364    0.214177 ^ clkbuf_0_clk_i/X (sky130_fd_sc_hd__clkbuf_16)
                                                         clknet_0_clk_i (net)
                      0.061937    0.000936    0.215113 ^ clkbuf_2_0__f_clk_i/A (sky130_fd_sc_hd__clkbuf_16)
    13    0.035986    0.056142    0.144612    0.359725 ^ clkbuf_2_0__f_clk_i/X (sky130_fd_sc_hd__clkbuf_16)
                                                         clknet_2_0__leaf_clk_i (net)
                      0.056268    0.001615    0.361339 ^ _259_/CLK (sky130_fd_sc_hd__dfrtp_1)
                                  0.250000    0.611339   clock uncertainty
                                  0.000000    0.611339   clock reconvergence pessimism
                                 -0.032704    0.578636   library hold time
                                              0.578636   data required time
---------------------------------------------------------------------------------------------
                                              0.578636   data required time
                                             -1.409195   data arrival time
---------------------------------------------------------------------------------------------
                                              0.830559   slack (MET)


Startpoint: _245_ (rising edge-triggered flip-flop clocked by clk_i)
Endpoint: _241_ (rising edge-triggered flip-flop clocked by clk_i)
Path Group: clk_i
Path Type: min

Fanout         Cap        Slew       Delay        Time   Description
---------------------------------------------------------------------------------------------
                                  0.000000    0.000000   clock clk_i (rise edge)
                                  0.000000    0.000000   clock source latency
     1    0.017130    0.082926    0.056813    0.056813 ^ clk_i (in)
                                                         clk_i (net)
                      0.082933    0.000000    0.056813 ^ clkbuf_0_clk_i/A (sky130_fd_sc_hd__clkbuf_16)
     4    0.042408    0.061920    0.157364    0.214177 ^ clkbuf_0_clk_i/X (sky130_fd_sc_hd__clkbuf_16)
                                                         clknet_0_clk_i (net)
                      0.061932    0.000834    0.215011 ^ clkbuf_2_3__f_clk_i/A (sky130_fd_sc_hd__clkbuf_16)
    11    0.037029    0.057128    0.145775    0.360786 ^ clkbuf_2_3__f_clk_i/X (sky130_fd_sc_hd__clkbuf_16)
                                                         clknet_2_3__leaf_clk_i (net)
                      0.057139    0.000708    0.361495 ^ _245_/CLK (sky130_fd_sc_hd__dfrtp_1)
     3    0.008128    0.086413    0.355452    0.716946 ^ _245_/Q (sky130_fd_sc_hd__dfrtp_1)
                                                         rng_rd.mem[3][0] (net)
                      0.086413    0.000174    0.717120 ^ hold25/A (sky130_fd_sc_hd__dlygate4sd3_1)
     2    0.005682    0.077994    0.570229    1.287348 ^ hold25/X (sky130_fd_sc_hd__dlygate4sd3_1)
                                                         net44 (net)
                      0.077994    0.000120    1.287468 ^ _198_/A1 (sky130_fd_sc_hd__mux2_1)
     1    0.002558    0.039457    0.126484    1.413952 ^ _198_/X (sky130_fd_sc_hd__mux2_1)
                                                         _015_ (net)
                      0.039457    0.000073    1.414025 ^ _241_/D (sky130_fd_sc_hd__dfrtp_1)
                                              1.414025   data arrival time

                                  0.000000    0.000000   clock clk_i (rise edge)
                                  0.000000    0.000000   clock source latency
     1    0.017130    0.082926    0.056813    0.056813 ^ clk_i (in)
                                                         clk_i (net)
                      0.082933    0.000000    0.056813 ^ clkbuf_0_clk_i/A (sky130_fd_sc_hd__clkbuf_16)
     4    0.042408    0.061920    0.157364    0.214177 ^ clkbuf_0_clk_i/X (sky130_fd_sc_hd__clkbuf_16)
                                                         clknet_0_clk_i (net)
                      0.061942    0.001056    0.215233 ^ clkbuf_2_1__f_clk_i/A (sky130_fd_sc_hd__clkbuf_16)
    13    0.042108    0.061694    0.148946    0.364180 ^ clkbuf_2_1__f_clk_i/X (sky130_fd_sc_hd__clkbuf_16)
                                                         clknet_2_1__leaf_clk_i (net)
                      0.061694    0.000417    0.364596 ^ _241_/CLK (sky130_fd_sc_hd__dfrtp_1)
                                  0.250000    0.614596   clock uncertainty
                                  0.000000    0.614596   clock reconvergence pessimism
                                 -0.031324    0.583273   library hold time
                                              0.583273   data required time
---------------------------------------------------------------------------------------------
                                              0.583273   data required time
                                             -1.414025   data arrival time
---------------------------------------------------------------------------------------------
                                              0.830752   slack (MET)


Startpoint: _259_ (rising edge-triggered flip-flop clocked by clk_i)
Endpoint: _260_ (rising edge-triggered flip-flop clocked by clk_i)
Path Group: clk_i
Path Type: min

Fanout         Cap        Slew       Delay        Time   Description
---------------------------------------------------------------------------------------------
                                  0.000000    0.000000   clock clk_i (rise edge)
                                  0.000000    0.000000   clock source latency
     1    0.017130    0.082926    0.056813    0.056813 ^ clk_i (in)
                                                         clk_i (net)
                      0.082933    0.000000    0.056813 ^ clkbuf_0_clk_i/A (sky130_fd_sc_hd__clkbuf_16)
     4    0.042408    0.061920    0.157364    0.214177 ^ clkbuf_0_clk_i/X (sky130_fd_sc_hd__clkbuf_16)
                                                         clknet_0_clk_i (net)
                      0.061937    0.000936    0.215113 ^ clkbuf_2_0__f_clk_i/A (sky130_fd_sc_hd__clkbuf_16)
    13    0.035986    0.056142    0.144612    0.359725 ^ clkbuf_2_0__f_clk_i/X (sky130_fd_sc_hd__clkbuf_16)
                                                         clknet_2_0__leaf_clk_i (net)
                      0.056268    0.001615    0.361339 ^ _259_/CLK (sky130_fd_sc_hd__dfrtp_1)
     2    0.008062    0.085895    0.354648    0.715987 ^ _259_/Q (sky130_fd_sc_hd__dfrtp_1)
                                                         rng_rd.vld[1] (net)
                      0.085895    0.000183    0.716170 ^ hold18/A (sky130_fd_sc_hd__dlygate4sd3_1)
     2    0.005280    0.074501    0.566982    1.283151 ^ hold18/X (sky130_fd_sc_hd__dlygate4sd3_1)
                                                         net37 (net)
                      0.074501    0.000149    1.283300 ^ _215_/A1 (sky130_fd_sc_hd__mux2_1)
     1    0.002706    0.040578    0.126475    1.409775 ^ _215_/X (sky130_fd_sc_hd__mux2_1)
                                                         _032_ (net)
                      0.040578    0.000077    1.409852 ^ _260_/D (sky130_fd_sc_hd__dfrtp_1)
                                              1.409852   data arrival time

                                  0.000000    0.000000   clock clk_i (rise edge)
                                  0.000000    0.000000   clock source latency
     1    0.017130    0.082926    0.056813    0.056813 ^ clk_i (in)
                                                         clk_i (net)
                      0.082933    0.000000    0.056813 ^ clkbuf_0_clk_i/A (sky130_fd_sc_hd__clkbuf_16)
     4    0.042408    0.061920    0.157364    0.214177 ^ clkbuf_0_clk_i/X (sky130_fd_sc_hd__clkbuf_16)
                                                         clknet_0_clk_i (net)
                      0.061937    0.000936    0.215113 ^ clkbuf_2_0__f_clk_i/A (sky130_fd_sc_hd__clkbuf_16)
    13    0.035986    0.056142    0.144612    0.359725 ^ clkbuf_2_0__f_clk_i/X (sky130_fd_sc_hd__clkbuf_16)
                                                         clknet_2_0__leaf_clk_i (net)
                      0.056270    0.001643    0.361368 ^ _260_/CLK (sky130_fd_sc_hd__dfrtp_1)
                                  0.250000    0.611368   clock uncertainty
                                  0.000000    0.611368   clock reconvergence pessimism
                                 -0.032299    0.579069   library hold time
                                              0.579069   data required time
---------------------------------------------------------------------------------------------
                                              0.579069   data required time
                                             -1.409852   data arrival time
---------------------------------------------------------------------------------------------
                                              0.830783   slack (MET)


Startpoint: _238_ (rising edge-triggered flip-flop clocked by clk_i)
Endpoint: _238_ (rising edge-triggered flip-flop clocked by clk_i)
Path Group: clk_i
Path Type: min

Fanout         Cap        Slew       Delay        Time   Description
---------------------------------------------------------------------------------------------
                                  0.000000    0.000000   clock clk_i (rise edge)
                                  0.000000    0.000000   clock source latency
     1    0.017130    0.082926    0.056813    0.056813 ^ clk_i (in)
                                                         clk_i (net)
                      0.082933    0.000000    0.056813 ^ clkbuf_0_clk_i/A (sky130_fd_sc_hd__clkbuf_16)
     4    0.042408    0.061920    0.157364    0.214177 ^ clkbuf_0_clk_i/X (sky130_fd_sc_hd__clkbuf_16)
                                                         clknet_0_clk_i (net)
                      0.061932    0.000834    0.215011 ^ clkbuf_2_3__f_clk_i/A (sky130_fd_sc_hd__clkbuf_16)
    11    0.037029    0.057128    0.145775    0.360786 ^ clkbuf_2_3__f_clk_i/X (sky130_fd_sc_hd__clkbuf_16)
                                                         clknet_2_3__leaf_clk_i (net)
                      0.057141    0.000749    0.361535 ^ _238_/CLK (sky130_fd_sc_hd__dfrtp_1)
     4    0.012822    0.123401    0.384716    0.746251 ^ _238_/Q (sky130_fd_sc_hd__dfrtp_1)
                                                         rng_rd.mem[5][0] (net)
                      0.123401    0.000251    0.746502 ^ hold45/A (sky130_fd_sc_hd__dlygate4sd3_1)
     1    0.001997    0.046639    0.550168    1.296670 ^ hold45/X (sky130_fd_sc_hd__dlygate4sd3_1)
                                                         net64 (net)
                      0.046639    0.000039    1.296709 ^ _195_/A0 (sky130_fd_sc_hd__mux2_1)
     1    0.002750    0.040908    0.114558    1.411267 ^ _195_/X (sky130_fd_sc_hd__mux2_1)
                                                         _012_ (net)
                      0.040908    0.000083    1.411350 ^ _238_/D (sky130_fd_sc_hd__dfrtp_1)
                                              1.411350   data arrival time

                                  0.000000    0.000000   clock clk_i (rise edge)
                                  0.000000    0.000000   clock source latency
     1    0.017130    0.082926    0.056813    0.056813 ^ clk_i (in)
                                                         clk_i (net)
                      0.082933    0.000000    0.056813 ^ clkbuf_0_clk_i/A (sky130_fd_sc_hd__clkbuf_16)
     4    0.042408    0.061920    0.157364    0.214177 ^ clkbuf_0_clk_i/X (sky130_fd_sc_hd__clkbuf_16)
                                                         clknet_0_clk_i (net)
                      0.061932    0.000834    0.215011 ^ clkbuf_2_3__f_clk_i/A (sky130_fd_sc_hd__clkbuf_16)
    11    0.037029    0.057128    0.145775    0.360786 ^ clkbuf_2_3__f_clk_i/X (sky130_fd_sc_hd__clkbuf_16)
                                                         clknet_2_3__leaf_clk_i (net)
                      0.057141    0.000749    0.361535 ^ _238_/CLK (sky130_fd_sc_hd__dfrtp_1)
                                  0.250000    0.611535   clock uncertainty
                                  0.000000    0.611535   clock reconvergence pessimism
                                 -0.032249    0.579286   library hold time
                                              0.579286   data required time
---------------------------------------------------------------------------------------------
                                              0.579286   data required time
                                             -1.411350   data arrival time
---------------------------------------------------------------------------------------------
                                              0.832064   slack (MET)


Startpoint: _252_ (rising edge-triggered flip-flop clocked by clk_i)
Endpoint: _249_ (rising edge-triggered flip-flop clocked by clk_i)
Path Group: clk_i
Path Type: min

Fanout         Cap        Slew       Delay        Time   Description
---------------------------------------------------------------------------------------------
                                  0.000000    0.000000   clock clk_i (rise edge)
                                  0.000000    0.000000   clock source latency
     1    0.017130    0.082926    0.056813    0.056813 ^ clk_i (in)
                                                         clk_i (net)
                      0.082933    0.000000    0.056813 ^ clkbuf_0_clk_i/A (sky130_fd_sc_hd__clkbuf_16)
     4    0.042408    0.061920    0.157364    0.214177 ^ clkbuf_0_clk_i/X (sky130_fd_sc_hd__clkbuf_16)
                                                         clknet_0_clk_i (net)
                      0.061937    0.000936    0.215113 ^ clkbuf_2_0__f_clk_i/A (sky130_fd_sc_hd__clkbuf_16)
    13    0.035986    0.056142    0.144612    0.359725 ^ clkbuf_2_0__f_clk_i/X (sky130_fd_sc_hd__clkbuf_16)
                                                         clknet_2_0__leaf_clk_i (net)
                      0.056236    0.001244    0.360969 ^ _252_/CLK (sky130_fd_sc_hd__dfrtp_1)
     3    0.011374    0.111554    0.375530    0.736499 ^ _252_/Q (sky130_fd_sc_hd__dfrtp_1)
                                                         rng_rd.mem[1][1] (net)
                      0.111554    0.000401    0.736900 ^ _205_/A1 (sky130_fd_sc_hd__mux2_1)
     1    0.002247    0.037197    0.135408    0.872309 ^ _205_/X (sky130_fd_sc_hd__mux2_1)
                                                         _022_ (net)
                      0.037197    0.000065    0.872374 ^ hold44/A (sky130_fd_sc_hd__dlygate4sd3_1)
     1    0.003062    0.055178    0.534752    1.407126 ^ hold44/X (sky130_fd_sc_hd__dlygate4sd3_1)
                                                         net63 (net)
                      0.055178    0.000092    1.407218 ^ _249_/D (sky130_fd_sc_hd__dfrtp_1)
                                              1.407218   data arrival time

                                  0.000000    0.000000   clock clk_i (rise edge)
                                  0.000000    0.000000   clock source latency
     1    0.017130    0.082926    0.056813    0.056813 ^ clk_i (in)
                                                         clk_i (net)
                      0.082933    0.000000    0.056813 ^ clkbuf_0_clk_i/A (sky130_fd_sc_hd__clkbuf_16)
     4    0.042408    0.061920    0.157364    0.214177 ^ clkbuf_0_clk_i/X (sky130_fd_sc_hd__clkbuf_16)
                                                         clknet_0_clk_i (net)
                      0.061937    0.000936    0.215113 ^ clkbuf_2_0__f_clk_i/A (sky130_fd_sc_hd__clkbuf_16)
    13    0.035986    0.056142    0.144612    0.359725 ^ clkbuf_2_0__f_clk_i/X (sky130_fd_sc_hd__clkbuf_16)
                                                         clknet_2_0__leaf_clk_i (net)
                      0.056183    0.000589    0.360314 ^ _249_/CLK (sky130_fd_sc_hd__dfrtp_1)
                                  0.250000    0.610314   clock uncertainty
                                  0.000000    0.610314   clock reconvergence pessimism
                                 -0.035367    0.574948   library hold time
                                              0.574948   data required time
---------------------------------------------------------------------------------------------
                                              0.574948   data required time
                                             -1.407218   data arrival time
---------------------------------------------------------------------------------------------
                                              0.832271   slack (MET)


Startpoint: _238_ (rising edge-triggered flip-flop clocked by clk_i)
Endpoint: _235_ (rising edge-triggered flip-flop clocked by clk_i)
Path Group: clk_i
Path Type: min

Fanout         Cap        Slew       Delay        Time   Description
---------------------------------------------------------------------------------------------
                                  0.000000    0.000000   clock clk_i (rise edge)
                                  0.000000    0.000000   clock source latency
     1    0.017130    0.082926    0.056813    0.056813 ^ clk_i (in)
                                                         clk_i (net)
                      0.082933    0.000000    0.056813 ^ clkbuf_0_clk_i/A (sky130_fd_sc_hd__clkbuf_16)
     4    0.042408    0.061920    0.157364    0.214177 ^ clkbuf_0_clk_i/X (sky130_fd_sc_hd__clkbuf_16)
                                                         clknet_0_clk_i (net)
                      0.061932    0.000834    0.215011 ^ clkbuf_2_3__f_clk_i/A (sky130_fd_sc_hd__clkbuf_16)
    11    0.037029    0.057128    0.145775    0.360786 ^ clkbuf_2_3__f_clk_i/X (sky130_fd_sc_hd__clkbuf_16)
                                                         clknet_2_3__leaf_clk_i (net)
                      0.057141    0.000749    0.361535 ^ _238_/CLK (sky130_fd_sc_hd__dfrtp_1)
     4    0.012822    0.123401    0.384716    0.746251 ^ _238_/Q (sky130_fd_sc_hd__dfrtp_1)
                                                         rng_rd.mem[5][0] (net)
                      0.123401    0.000232    0.746483 ^ _192_/A1 (sky130_fd_sc_hd__mux2_1)
     1    0.001860    0.034287    0.136268    0.882751 ^ _192_/X (sky130_fd_sc_hd__mux2_1)
                                                         _009_ (net)
                      0.034428    0.000035    0.882787 ^ hold24/A (sky130_fd_sc_hd__dlygate4sd3_1)
     1    0.002422    0.049702    0.527835    1.410622 ^ hold24/X (sky130_fd_sc_hd__dlygate4sd3_1)
                                                         net43 (net)
                      0.049702    0.000069    1.410690 ^ _235_/D (sky130_fd_sc_hd__dfrtp_1)
                                              1.410690   data arrival time

                                  0.000000    0.000000   clock clk_i (rise edge)
                                  0.000000    0.000000   clock source latency
     1    0.017130    0.082926    0.056813    0.056813 ^ clk_i (in)
                                                         clk_i (net)
                      0.082933    0.000000    0.056813 ^ clkbuf_0_clk_i/A (sky130_fd_sc_hd__clkbuf_16)
     4    0.042408    0.061920    0.157364    0.214177 ^ clkbuf_0_clk_i/X (sky130_fd_sc_hd__clkbuf_16)
                                                         clknet_0_clk_i (net)
                      0.061932    0.000834    0.215011 ^ clkbuf_2_3__f_clk_i/A (sky130_fd_sc_hd__clkbuf_16)
    11    0.037029    0.057128    0.145775    0.360786 ^ clkbuf_2_3__f_clk_i/X (sky130_fd_sc_hd__clkbuf_16)
                                                         clknet_2_3__leaf_clk_i (net)
                      0.057136    0.000647    0.361434 ^ _235_/CLK (sky130_fd_sc_hd__dfrtp_1)
                                  0.250000    0.611434   clock uncertainty
                                  0.000000    0.611434   clock reconvergence pessimism
                                 -0.034090    0.577344   library hold time
                                              0.577344   data required time
---------------------------------------------------------------------------------------------
                                              0.577344   data required time
                                             -1.410690   data arrival time
---------------------------------------------------------------------------------------------
                                              0.833346   slack (MET)


Startpoint: _236_ (rising edge-triggered flip-flop clocked by clk_i)
Endpoint: _228_ (rising edge-triggered flip-flop clocked by clk_i)
Path Group: clk_i
Path Type: min

Fanout         Cap        Slew       Delay        Time   Description
---------------------------------------------------------------------------------------------
                                  0.000000    0.000000   clock clk_i (rise edge)
                                  0.000000    0.000000   clock source latency
     1    0.017130    0.082926    0.056813    0.056813 ^ clk_i (in)
                                                         clk_i (net)
                      0.082933    0.000000    0.056813 ^ clkbuf_0_clk_i/A (sky130_fd_sc_hd__clkbuf_16)
     4    0.042408    0.061920    0.157364    0.214177 ^ clkbuf_0_clk_i/X (sky130_fd_sc_hd__clkbuf_16)
                                                         clknet_0_clk_i (net)
                      0.061932    0.000834    0.215011 ^ clkbuf_2_3__f_clk_i/A (sky130_fd_sc_hd__clkbuf_16)
    11    0.037029    0.057128    0.145775    0.360786 ^ clkbuf_2_3__f_clk_i/X (sky130_fd_sc_hd__clkbuf_16)
                                                         clknet_2_3__leaf_clk_i (net)
                      0.057135    0.000599    0.361386 ^ _236_/CLK (sky130_fd_sc_hd__dfrtp_1)
     4    0.011950    0.116250    0.379445    0.740831 ^ _236_/Q (sky130_fd_sc_hd__dfrtp_1)
                                                         rng_rd.mem[6][1] (net)
                      0.116250    0.000271    0.741102 ^ _161_/A1 (sky130_fd_sc_hd__mux2_1)
     1    0.002371    0.038083    0.137998    0.879099 ^ _161_/X (sky130_fd_sc_hd__mux2_1)
                                                         _004_ (net)
                      0.038083    0.000051    0.879150 ^ hold9/A (sky130_fd_sc_hd__dlygate4sd3_1)
     1    0.002712    0.052150    0.531752    1.410903 ^ hold9/X (sky130_fd_sc_hd__dlygate4sd3_1)
                                                         net28 (net)
                      0.052150    0.000078    1.410981 ^ _228_/D (sky130_fd_sc_hd__dfrtp_1)
                                              1.410981   data arrival time

                                  0.000000    0.000000   clock clk_i (rise edge)
                                  0.000000    0.000000   clock source latency
     1    0.017130    0.082926    0.056813    0.056813 ^ clk_i (in)
                                                         clk_i (net)
                      0.082933    0.000000    0.056813 ^ clkbuf_0_clk_i/A (sky130_fd_sc_hd__clkbuf_16)
     4    0.042408    0.061920    0.157364    0.214177 ^ clkbuf_0_clk_i/X (sky130_fd_sc_hd__clkbuf_16)
                                                         clknet_0_clk_i (net)
                      0.061932    0.000834    0.215011 ^ clkbuf_2_3__f_clk_i/A (sky130_fd_sc_hd__clkbuf_16)
    11    0.037029    0.057128    0.145775    0.360786 ^ clkbuf_2_3__f_clk_i/X (sky130_fd_sc_hd__clkbuf_16)
                                                         clknet_2_3__leaf_clk_i (net)
                      0.057135    0.000613    0.361399 ^ _228_/CLK (sky130_fd_sc_hd__dfrtp_1)
                                  0.250000    0.611399   clock uncertainty
                                  0.000000    0.611399   clock reconvergence pessimism
                                 -0.034603    0.576797   library hold time
                                              0.576797   data required time
---------------------------------------------------------------------------------------------
                                              0.576797   data required time
                                             -1.410981   data arrival time
---------------------------------------------------------------------------------------------
                                              0.834184   slack (MET)


Startpoint: _243_ (rising edge-triggered flip-flop clocked by clk_i)
Endpoint: _240_ (rising edge-triggered flip-flop clocked by clk_i)
Path Group: clk_i
Path Type: min

Fanout         Cap        Slew       Delay        Time   Description
---------------------------------------------------------------------------------------------
                                  0.000000    0.000000   clock clk_i (rise edge)
                                  0.000000    0.000000   clock source latency
     1    0.017130    0.082926    0.056813    0.056813 ^ clk_i (in)
                                                         clk_i (net)
                      0.082933    0.000000    0.056813 ^ clkbuf_0_clk_i/A (sky130_fd_sc_hd__clkbuf_16)
     4    0.042408    0.061920    0.157364    0.214177 ^ clkbuf_0_clk_i/X (sky130_fd_sc_hd__clkbuf_16)
                                                         clknet_0_clk_i (net)
                      0.061942    0.001056    0.215233 ^ clkbuf_2_1__f_clk_i/A (sky130_fd_sc_hd__clkbuf_16)
    13    0.042108    0.061694    0.148946    0.364180 ^ clkbuf_2_1__f_clk_i/X (sky130_fd_sc_hd__clkbuf_16)
                                                         clknet_2_1__leaf_clk_i (net)
                      0.061815    0.002315    0.366494 ^ _243_/CLK (sky130_fd_sc_hd__dfrtp_1)
     2    0.008938    0.092207    0.362623    0.729117 ^ _243_/Q (sky130_fd_sc_hd__dfrtp_1)
                                                         rng_rd.mem[4][2] (net)
                      0.092207    0.000167    0.729284 ^ hold33/A (sky130_fd_sc_hd__dlygate4sd3_1)
     2    0.004771    0.070132    0.564893    1.294177 ^ hold33/X (sky130_fd_sc_hd__dlygate4sd3_1)
                                                         net52 (net)
                      0.070132    0.000112    1.294288 ^ _197_/A1 (sky130_fd_sc_hd__mux2_1)
     1    0.002728    0.040742    0.125160    1.419448 ^ _197_/X (sky130_fd_sc_hd__mux2_1)
                                                         _014_ (net)
                      0.040742    0.000082    1.419530 ^ _240_/D (sky130_fd_sc_hd__dfrtp_1)
                                              1.419530   data arrival time

                                  0.000000    0.000000   clock clk_i (rise edge)
                                  0.000000    0.000000   clock source latency
     1    0.017130    0.082926    0.056813    0.056813 ^ clk_i (in)
                                                         clk_i (net)
                      0.082933    0.000000    0.056813 ^ clkbuf_0_clk_i/A (sky130_fd_sc_hd__clkbuf_16)
     4    0.042408    0.061920    0.157364    0.214177 ^ clkbuf_0_clk_i/X (sky130_fd_sc_hd__clkbuf_16)
                                                         clknet_0_clk_i (net)
                      0.061942    0.001056    0.215233 ^ clkbuf_2_1__f_clk_i/A (sky130_fd_sc_hd__clkbuf_16)
    13    0.042108    0.061694    0.148946    0.364180 ^ clkbuf_2_1__f_clk_i/X (sky130_fd_sc_hd__clkbuf_16)
                                                         clknet_2_1__leaf_clk_i (net)
                      0.061814    0.002307    0.366487 ^ _240_/CLK (sky130_fd_sc_hd__dfrtp_1)
                                  0.250000    0.616487   clock uncertainty
                                  0.000000    0.616487   clock reconvergence pessimism
                                 -0.031576    0.584911   library hold time
                                              0.584911   data required time
---------------------------------------------------------------------------------------------
                                              0.584911   data required time
                                             -1.419530   data arrival time
---------------------------------------------------------------------------------------------
                                              0.834619   slack (MET)


Startpoint: _249_ (rising edge-triggered flip-flop clocked by clk_i)
Endpoint: _246_ (rising edge-triggered flip-flop clocked by clk_i)
Path Group: clk_i
Path Type: min

Fanout         Cap        Slew       Delay        Time   Description
---------------------------------------------------------------------------------------------
                                  0.000000    0.000000   clock clk_i (rise edge)
                                  0.000000    0.000000   clock source latency
     1    0.017130    0.082926    0.056813    0.056813 ^ clk_i (in)
                                                         clk_i (net)
                      0.082933    0.000000    0.056813 ^ clkbuf_0_clk_i/A (sky130_fd_sc_hd__clkbuf_16)
     4    0.042408    0.061920    0.157364    0.214177 ^ clkbuf_0_clk_i/X (sky130_fd_sc_hd__clkbuf_16)
                                                         clknet_0_clk_i (net)
                      0.061937    0.000936    0.215113 ^ clkbuf_2_0__f_clk_i/A (sky130_fd_sc_hd__clkbuf_16)
    13    0.035986    0.056142    0.144612    0.359725 ^ clkbuf_2_0__f_clk_i/X (sky130_fd_sc_hd__clkbuf_16)
                                                         clknet_2_0__leaf_clk_i (net)
                      0.056183    0.000589    0.360314 ^ _249_/CLK (sky130_fd_sc_hd__dfrtp_1)
     4    0.012023    0.116870    0.379438    0.739752 ^ _249_/Q (sky130_fd_sc_hd__dfrtp_1)
                                                         rng_rd.mem[2][1] (net)
                      0.116870    0.000502    0.740254 ^ _202_/A1 (sky130_fd_sc_hd__mux2_1)
     1    0.002434    0.038539    0.138708    0.878962 ^ _202_/X (sky130_fd_sc_hd__mux2_1)
                                                         _019_ (net)
                      0.038539    0.000067    0.879029 ^ hold41/A (sky130_fd_sc_hd__dlygate4sd3_1)
     1    0.003499    0.058920    0.539104    1.418133 ^ hold41/X (sky130_fd_sc_hd__dlygate4sd3_1)
                                                         net60 (net)
                      0.058920    0.000115    1.418248 ^ _246_/D (sky130_fd_sc_hd__dfrtp_1)
                                              1.418248   data arrival time

                                  0.000000    0.000000   clock clk_i (rise edge)
                                  0.000000    0.000000   clock source latency
     1    0.017130    0.082926    0.056813    0.056813 ^ clk_i (in)
                                                         clk_i (net)
                      0.082933    0.000000    0.056813 ^ clkbuf_0_clk_i/A (sky130_fd_sc_hd__clkbuf_16)
     4    0.042408    0.061920    0.157364    0.214177 ^ clkbuf_0_clk_i/X (sky130_fd_sc_hd__clkbuf_16)
                                                         clknet_0_clk_i (net)
                      0.061942    0.001056    0.215233 ^ clkbuf_2_1__f_clk_i/A (sky130_fd_sc_hd__clkbuf_16)
    13    0.042108    0.061694    0.148946    0.364180 ^ clkbuf_2_1__f_clk_i/X (sky130_fd_sc_hd__clkbuf_16)
                                                         clknet_2_1__leaf_clk_i (net)
                      0.061721    0.001287    0.365466 ^ _246_/CLK (sky130_fd_sc_hd__dfrtp_1)
                                  0.250000    0.615466   clock uncertainty
                                  0.000000    0.615466   clock reconvergence pessimism
                                 -0.035391    0.580075   library hold time
                                              0.580075   data required time
---------------------------------------------------------------------------------------------
                                              0.580075   data required time
                                             -1.418248   data arrival time
---------------------------------------------------------------------------------------------
                                              0.838173   slack (MET)


Startpoint: _251_ (rising edge-triggered flip-flop clocked by clk_i)
Endpoint: _248_ (rising edge-triggered flip-flop clocked by clk_i)
Path Group: clk_i
Path Type: min

Fanout         Cap        Slew       Delay        Time   Description
---------------------------------------------------------------------------------------------
                                  0.000000    0.000000   clock clk_i (rise edge)
                                  0.000000    0.000000   clock source latency
     1    0.017130    0.082926    0.056813    0.056813 ^ clk_i (in)
                                                         clk_i (net)
                      0.082933    0.000000    0.056813 ^ clkbuf_0_clk_i/A (sky130_fd_sc_hd__clkbuf_16)
     4    0.042408    0.061920    0.157364    0.214177 ^ clkbuf_0_clk_i/X (sky130_fd_sc_hd__clkbuf_16)
                                                         clknet_0_clk_i (net)
                      0.061937    0.000936    0.215113 ^ clkbuf_2_0__f_clk_i/A (sky130_fd_sc_hd__clkbuf_16)
    13    0.035986    0.056142    0.144612    0.359725 ^ clkbuf_2_0__f_clk_i/X (sky130_fd_sc_hd__clkbuf_16)
                                                         clknet_2_0__leaf_clk_i (net)
                      0.056302    0.001984    0.361708 ^ _251_/CLK (sky130_fd_sc_hd__dfrtp_1)
     4    0.011563    0.113089    0.376747    0.738455 ^ _251_/Q (sky130_fd_sc_hd__dfrtp_1)
                                                         rng_rd.mem[1][0] (net)
                      0.113089    0.000300    0.738755 ^ _204_/A1 (sky130_fd_sc_hd__mux2_1)
     1    0.003423    0.046048    0.145293    0.884048 ^ _204_/X (sky130_fd_sc_hd__mux2_1)
                                                         _021_ (net)
                      0.046048    0.000112    0.884160 ^ hold22/A (sky130_fd_sc_hd__dlygate4sd3_1)
     1    0.002473    0.050147    0.532109    1.416269 ^ hold22/X (sky130_fd_sc_hd__dlygate4sd3_1)
                                                         net41 (net)
                      0.050147    0.000049    1.416318 ^ _248_/D (sky130_fd_sc_hd__dfrtp_1)
                                              1.416318   data arrival time

                                  0.000000    0.000000   clock clk_i (rise edge)
                                  0.000000    0.000000   clock source latency
     1    0.017130    0.082926    0.056813    0.056813 ^ clk_i (in)
                                                         clk_i (net)
                      0.082933    0.000000    0.056813 ^ clkbuf_0_clk_i/A (sky130_fd_sc_hd__clkbuf_16)
     4    0.042408    0.061920    0.157364    0.214177 ^ clkbuf_0_clk_i/X (sky130_fd_sc_hd__clkbuf_16)
                                                         clknet_0_clk_i (net)
                      0.061932    0.000825    0.215002 ^ clkbuf_2_2__f_clk_i/A (sky130_fd_sc_hd__clkbuf_16)
    10    0.035670    0.055890    0.144723    0.359725 ^ clkbuf_2_2__f_clk_i/X (sky130_fd_sc_hd__clkbuf_16)
                                                         clknet_2_2__leaf_clk_i (net)
                      0.055936    0.000838    0.360563 ^ _248_/CLK (sky130_fd_sc_hd__dfrtp_1)
                                  0.250000    0.610563   clock uncertainty
                                  0.000000    0.610563   clock reconvergence pessimism
                                 -0.034347    0.576216   library hold time
                                              0.576216   data required time
---------------------------------------------------------------------------------------------
                                              0.576216   data required time
                                             -1.416318   data arrival time
---------------------------------------------------------------------------------------------
                                              0.840102   slack (MET)


Startpoint: _240_ (rising edge-triggered flip-flop clocked by clk_i)
Endpoint: _237_ (rising edge-triggered flip-flop clocked by clk_i)
Path Group: clk_i
Path Type: min

Fanout         Cap        Slew       Delay        Time   Description
---------------------------------------------------------------------------------------------
                                  0.000000    0.000000   clock clk_i (rise edge)
                                  0.000000    0.000000   clock source latency
     1    0.017130    0.082926    0.056813    0.056813 ^ clk_i (in)
                                                         clk_i (net)
                      0.082933    0.000000    0.056813 ^ clkbuf_0_clk_i/A (sky130_fd_sc_hd__clkbuf_16)
     4    0.042408    0.061920    0.157364    0.214177 ^ clkbuf_0_clk_i/X (sky130_fd_sc_hd__clkbuf_16)
                                                         clknet_0_clk_i (net)
                      0.061942    0.001056    0.215233 ^ clkbuf_2_1__f_clk_i/A (sky130_fd_sc_hd__clkbuf_16)
    13    0.042108    0.061694    0.148946    0.364180 ^ clkbuf_2_1__f_clk_i/X (sky130_fd_sc_hd__clkbuf_16)
                                                         clknet_2_1__leaf_clk_i (net)
                      0.061814    0.002307    0.366487 ^ _240_/CLK (sky130_fd_sc_hd__dfrtp_1)
     3    0.013546    0.129336    0.390851    0.757338 ^ _240_/Q (sky130_fd_sc_hd__dfrtp_1)
                                                         rng_rd.mem[5][2] (net)
                      0.129336    0.000332    0.757670 ^ _194_/A1 (sky130_fd_sc_hd__mux2_1)
     1    0.002174    0.036669    0.140215    0.897884 ^ _194_/X (sky130_fd_sc_hd__mux2_1)
                                                         _011_ (net)
                      0.036669    0.000061    0.897946 ^ hold30/A (sky130_fd_sc_hd__dlygate4sd3_1)
     1    0.002740    0.052386    0.531552    1.429498 ^ hold30/X (sky130_fd_sc_hd__dlygate4sd3_1)
                                                         net49 (net)
                      0.052386    0.000081    1.429579 ^ _237_/D (sky130_fd_sc_hd__dfrtp_1)
                                              1.429579   data arrival time

                                  0.000000    0.000000   clock clk_i (rise edge)
                                  0.000000    0.000000   clock source latency
     1    0.017130    0.082926    0.056813    0.056813 ^ clk_i (in)
                                                         clk_i (net)
                      0.082933    0.000000    0.056813 ^ clkbuf_0_clk_i/A (sky130_fd_sc_hd__clkbuf_16)
     4    0.042408    0.061920    0.157364    0.214177 ^ clkbuf_0_clk_i/X (sky130_fd_sc_hd__clkbuf_16)
                                                         clknet_0_clk_i (net)
                      0.061932    0.000834    0.215011 ^ clkbuf_2_3__f_clk_i/A (sky130_fd_sc_hd__clkbuf_16)
    11    0.037029    0.057128    0.145775    0.360786 ^ clkbuf_2_3__f_clk_i/X (sky130_fd_sc_hd__clkbuf_16)
                                                         clknet_2_3__leaf_clk_i (net)
                      0.057143    0.000808    0.361594 ^ _237_/CLK (sky130_fd_sc_hd__dfrtp_1)
                                  0.250000    0.611594   clock uncertainty
                                  0.000000    0.611594   clock reconvergence pessimism
                                 -0.034651    0.576943   library hold time
                                              0.576943   data required time
---------------------------------------------------------------------------------------------
                                              0.576943   data required time
                                             -1.429579   data arrival time
---------------------------------------------------------------------------------------------
                                              0.852636   slack (MET)


Startpoint: _235_ (rising edge-triggered flip-flop clocked by clk_i)
Endpoint: _227_ (rising edge-triggered flip-flop clocked by clk_i)
Path Group: clk_i
Path Type: min

Fanout         Cap        Slew       Delay        Time   Description
---------------------------------------------------------------------------------------------
                                  0.000000    0.000000   clock clk_i (rise edge)
                                  0.000000    0.000000   clock source latency
     1    0.017130    0.082926    0.056813    0.056813 ^ clk_i (in)
                                                         clk_i (net)
                      0.082933    0.000000    0.056813 ^ clkbuf_0_clk_i/A (sky130_fd_sc_hd__clkbuf_16)
     4    0.042408    0.061920    0.157364    0.214177 ^ clkbuf_0_clk_i/X (sky130_fd_sc_hd__clkbuf_16)
                                                         clknet_0_clk_i (net)
                      0.061932    0.000834    0.215011 ^ clkbuf_2_3__f_clk_i/A (sky130_fd_sc_hd__clkbuf_16)
    11    0.037029    0.057128    0.145775    0.360786 ^ clkbuf_2_3__f_clk_i/X (sky130_fd_sc_hd__clkbuf_16)
                                                         clknet_2_3__leaf_clk_i (net)
                      0.057136    0.000647    0.361434 ^ _235_/CLK (sky130_fd_sc_hd__dfrtp_1)
     4    0.012790    0.123129    0.384536    0.745970 ^ _235_/Q (sky130_fd_sc_hd__dfrtp_1)
                                                         rng_rd.mem[6][0] (net)
                      0.123129    0.000258    0.746228 ^ _160_/A1 (sky130_fd_sc_hd__mux2_1)
     1    0.002756    0.040958    0.143336    0.889564 ^ _160_/X (sky130_fd_sc_hd__mux2_1)
                                                         _003_ (net)
                      0.040958    0.000084    0.889648 ^ hold17/A (sky130_fd_sc_hd__dlygate4sd3_1)
     1    0.003403    0.058191    0.539165    1.428812 ^ hold17/X (sky130_fd_sc_hd__dlygate4sd3_1)
                                                         net36 (net)
                      0.058191    0.000107    1.428920 ^ _227_/D (sky130_fd_sc_hd__dfrtp_1)
                                              1.428920   data arrival time

                                  0.000000    0.000000   clock clk_i (rise edge)
                                  0.000000    0.000000   clock source latency
     1    0.017130    0.082926    0.056813    0.056813 ^ clk_i (in)
                                                         clk_i (net)
                      0.082933    0.000000    0.056813 ^ clkbuf_0_clk_i/A (sky130_fd_sc_hd__clkbuf_16)
     4    0.042408    0.061920    0.157364    0.214177 ^ clkbuf_0_clk_i/X (sky130_fd_sc_hd__clkbuf_16)
                                                         clknet_0_clk_i (net)
                      0.061932    0.000834    0.215011 ^ clkbuf_2_3__f_clk_i/A (sky130_fd_sc_hd__clkbuf_16)
    11    0.037029    0.057128    0.145775    0.360786 ^ clkbuf_2_3__f_clk_i/X (sky130_fd_sc_hd__clkbuf_16)
                                                         clknet_2_3__leaf_clk_i (net)
                      0.057137    0.000649    0.361435 ^ _227_/CLK (sky130_fd_sc_hd__dfrtp_1)
                                  0.250000    0.611435   clock uncertainty
                                  0.000000    0.611435   clock reconvergence pessimism
                                 -0.035867    0.575568   library hold time
                                              0.575568   data required time
---------------------------------------------------------------------------------------------
                                              0.575568   data required time
                                             -1.428920   data arrival time
---------------------------------------------------------------------------------------------
                                              0.853351   slack (MET)


Startpoint: _233_ (rising edge-triggered flip-flop clocked by clk_i)
Endpoint: _233_ (rising edge-triggered flip-flop clocked by clk_i)
Path Group: clk_i
Path Type: min

Fanout         Cap        Slew       Delay        Time   Description
---------------------------------------------------------------------------------------------
                                  0.000000    0.000000   clock clk_i (rise edge)
                                  0.000000    0.000000   clock source latency
     1    0.017130    0.082926    0.056813    0.056813 ^ clk_i (in)
                                                         clk_i (net)
                      0.082933    0.000000    0.056813 ^ clkbuf_0_clk_i/A (sky130_fd_sc_hd__clkbuf_16)
     4    0.042408    0.061920    0.157364    0.214177 ^ clkbuf_0_clk_i/X (sky130_fd_sc_hd__clkbuf_16)
                                                         clknet_0_clk_i (net)
                      0.061932    0.000825    0.215002 ^ clkbuf_2_2__f_clk_i/A (sky130_fd_sc_hd__clkbuf_16)
    10    0.035670    0.055890    0.144723    0.359725 ^ clkbuf_2_2__f_clk_i/X (sky130_fd_sc_hd__clkbuf_16)
                                                         clknet_2_2__leaf_clk_i (net)
                      0.055933    0.000783    0.360508 ^ _233_/CLK (sky130_fd_sc_hd__dfrtp_4)
     9    0.026537    0.105405    0.453137    0.813644 ^ _233_/Q (sky130_fd_sc_hd__dfrtp_4)
                                                         rng_dp.seed_sel_i[0] (net)
                      0.105405    0.000525    0.814170 ^ hold50/A (sky130_fd_sc_hd__dlygate4sd3_1)
     1    0.005047    0.072490    0.570791    1.384961 ^ hold50/X (sky130_fd_sc_hd__dlygate4sd3_1)
                                                         net69 (net)
                      0.072490    0.000148    1.385109 ^ _115_/A (sky130_fd_sc_hd__inv_2)
     4    0.012811    0.036859    0.053978    1.439087 v _115_/Y (sky130_fd_sc_hd__inv_2)
                                                         _001_ (net)
                      0.036862    0.000377    1.439464 v _233_/D (sky130_fd_sc_hd__dfrtp_4)
                                              1.439464   data arrival time

                                  0.000000    0.000000   clock clk_i (rise edge)
                                  0.000000    0.000000   clock source latency
     1    0.017130    0.082926    0.056813    0.056813 ^ clk_i (in)
                                                         clk_i (net)
                      0.082933    0.000000    0.056813 ^ clkbuf_0_clk_i/A (sky130_fd_sc_hd__clkbuf_16)
     4    0.042408    0.061920    0.157364    0.214177 ^ clkbuf_0_clk_i/X (sky130_fd_sc_hd__clkbuf_16)
                                                         clknet_0_clk_i (net)
                      0.061932    0.000825    0.215002 ^ clkbuf_2_2__f_clk_i/A (sky130_fd_sc_hd__clkbuf_16)
    10    0.035670    0.055890    0.144723    0.359725 ^ clkbuf_2_2__f_clk_i/X (sky130_fd_sc_hd__clkbuf_16)
                                                         clknet_2_2__leaf_clk_i (net)
                      0.055933    0.000783    0.360508 ^ _233_/CLK (sky130_fd_sc_hd__dfrtp_4)
                                  0.250000    0.610508   clock uncertainty
                                  0.000000    0.610508   clock reconvergence pessimism
                                 -0.036246    0.574262   library hold time
                                              0.574262   data required time
---------------------------------------------------------------------------------------------
                                              0.574262   data required time
                                             -1.439464   data arrival time
---------------------------------------------------------------------------------------------
                                              0.865202   slack (MET)


Startpoint: rst_i (input port clocked by clk_i)
Endpoint: _263_ (removal check against rising-edge clock clk_i)
Path Group: asynchronous
Path Type: min

Fanout         Cap        Slew       Delay        Time   Description
---------------------------------------------------------------------------------------------
                                  0.000000    0.000000   clock clk_i (rise edge)
                                  0.000000    0.000000   clock network delay (propagated)
                                625.000000  625.000000 ^ input external delay
     1    0.003278    0.021800    0.011994  625.012024 ^ rst_i (in)
                                                         rst_i (net)
                      0.021800    0.000000  625.012024 ^ input2/A (sky130_fd_sc_hd__clkbuf_1)
     1    0.004707    0.065100    0.087766  625.099792 ^ input2/X (sky130_fd_sc_hd__clkbuf_1)
                                                         net2 (net)
                      0.065100    0.000171  625.099915 ^ fanout19/A (sky130_fd_sc_hd__clkbuf_2)
     6    0.033829    0.186696    0.211912  625.311829 ^ fanout19/X (sky130_fd_sc_hd__clkbuf_2)
                                                         net19 (net)
                      0.186702    0.000909  625.312744 ^ _263_/RESET_B (sky130_fd_sc_hd__dfrtp_1)
                                            625.312744   data arrival time

                                  0.000000    0.000000   clock clk_i (rise edge)
                                  0.000000    0.000000   clock source latency
     1    0.017130    0.082926    0.056813    0.056813 ^ clk_i (in)
                                                         clk_i (net)
                      0.082933    0.000000    0.056813 ^ clkbuf_0_clk_i/A (sky130_fd_sc_hd__clkbuf_16)
     4    0.042408    0.061920    0.157364    0.214177 ^ clkbuf_0_clk_i/X (sky130_fd_sc_hd__clkbuf_16)
                                                         clknet_0_clk_i (net)
                      0.061942    0.001056    0.215233 ^ clkbuf_2_1__f_clk_i/A (sky130_fd_sc_hd__clkbuf_16)
    13    0.042108    0.061694    0.148946    0.364180 ^ clkbuf_2_1__f_clk_i/X (sky130_fd_sc_hd__clkbuf_16)
                                                         clknet_2_1__leaf_clk_i (net)
                      0.061897    0.002411    0.366590 ^ _263_/CLK (sky130_fd_sc_hd__dfrtp_1)
                                  0.250000    0.616590   clock uncertainty
                                  0.000000    0.616590   clock reconvergence pessimism
                                  0.363828    0.980418   library removal time
                                              0.980418   data required time
---------------------------------------------------------------------------------------------
                                              0.980418   data required time
                                           -625.312744   data arrival time
---------------------------------------------------------------------------------------------
                                            624.332336   slack (MET)


Startpoint: wr_i (input port clocked by clk_i)
Endpoint: _244_ (rising edge-triggered flip-flop clocked by clk_i)
Path Group: clk_i
Path Type: min

Fanout         Cap        Slew       Delay        Time   Description
---------------------------------------------------------------------------------------------
                                  0.000000    0.000000   clock clk_i (rise edge)
                                  0.000000    0.000000   clock network delay (propagated)
                                625.000000  625.000000 v input external delay
     1    0.002713    0.008423    0.004263  625.004272 v wr_i (in)
                                                         wr_i (net)
                      0.008423    0.000000  625.004272 v input3/A (sky130_fd_sc_hd__clkbuf_1)
     1    0.002317    0.024013    0.069463  625.073730 v input3/X (sky130_fd_sc_hd__clkbuf_1)
                                                         net3 (net)
                      0.024013    0.000057  625.073792 v _244_/D (sky130_fd_sc_hd__dfrtp_1)
                                            625.073792   data arrival time

                                  0.000000    0.000000   clock clk_i (rise edge)
                                  0.000000    0.000000   clock source latency
     1    0.017130    0.082926    0.056813    0.056813 ^ clk_i (in)
                                                         clk_i (net)
                      0.082933    0.000000    0.056813 ^ clkbuf_0_clk_i/A (sky130_fd_sc_hd__clkbuf_16)
     4    0.042408    0.061920    0.157364    0.214177 ^ clkbuf_0_clk_i/X (sky130_fd_sc_hd__clkbuf_16)
                                                         clknet_0_clk_i (net)
                      0.061937    0.000936    0.215113 ^ clkbuf_2_0__f_clk_i/A (sky130_fd_sc_hd__clkbuf_16)
    13    0.035986    0.056142    0.144612    0.359725 ^ clkbuf_2_0__f_clk_i/X (sky130_fd_sc_hd__clkbuf_16)
                                                         clknet_2_0__leaf_clk_i (net)
                      0.056272    0.001664    0.361388 ^ _244_/CLK (sky130_fd_sc_hd__dfrtp_1)
                                  0.250000    0.611388   clock uncertainty
                                  0.000000    0.611388   clock reconvergence pessimism
                                 -0.034661    0.576727   library hold time
                                              0.576727   data required time
---------------------------------------------------------------------------------------------
                                              0.576727   data required time
                                           -625.073792   data arrival time
---------------------------------------------------------------------------------------------
                                            624.497070   slack (MET)


Startpoint: rst_i (input port clocked by clk_i)
Endpoint: _251_ (removal check against rising-edge clock clk_i)
Path Group: asynchronous
Path Type: min

Fanout         Cap        Slew       Delay        Time   Description
---------------------------------------------------------------------------------------------
                                  0.000000    0.000000   clock clk_i (rise edge)
                                  0.000000    0.000000   clock network delay (propagated)
                                625.000000  625.000000 ^ input external delay
     1    0.003278    0.021800    0.011994  625.012024 ^ rst_i (in)
                                                         rst_i (net)
                      0.021800    0.000000  625.012024 ^ input2/A (sky130_fd_sc_hd__clkbuf_1)
     1    0.004707    0.065100    0.087766  625.099792 ^ input2/X (sky130_fd_sc_hd__clkbuf_1)
                                                         net2 (net)
                      0.065100    0.000171  625.099915 ^ fanout19/A (sky130_fd_sc_hd__clkbuf_2)
     6    0.033829    0.186696    0.211912  625.311829 ^ fanout19/X (sky130_fd_sc_hd__clkbuf_2)
                                                         net19 (net)
                      0.186704    0.001023  625.312866 ^ fanout15/A (sky130_fd_sc_hd__clkbuf_2)
     6    0.029001    0.162108    0.232490  625.545349 ^ fanout15/X (sky130_fd_sc_hd__clkbuf_2)
                                                         net15 (net)
                      0.162115    0.001194  625.546570 ^ _251_/RESET_B (sky130_fd_sc_hd__dfrtp_1)
                                            625.546570   data arrival time

                                  0.000000    0.000000   clock clk_i (rise edge)
                                  0.000000    0.000000   clock source latency
     1    0.017130    0.082926    0.056813    0.056813 ^ clk_i (in)
                                                         clk_i (net)
                      0.082933    0.000000    0.056813 ^ clkbuf_0_clk_i/A (sky130_fd_sc_hd__clkbuf_16)
     4    0.042408    0.061920    0.157364    0.214177 ^ clkbuf_0_clk_i/X (sky130_fd_sc_hd__clkbuf_16)
                                                         clknet_0_clk_i (net)
                      0.061937    0.000936    0.215113 ^ clkbuf_2_0__f_clk_i/A (sky130_fd_sc_hd__clkbuf_16)
    13    0.035986    0.056142    0.144612    0.359725 ^ clkbuf_2_0__f_clk_i/X (sky130_fd_sc_hd__clkbuf_16)
                                                         clknet_2_0__leaf_clk_i (net)
                      0.056302    0.001984    0.361708 ^ _251_/CLK (sky130_fd_sc_hd__dfrtp_1)
                                  0.250000    0.611708   clock uncertainty
                                  0.000000    0.611708   clock reconvergence pessimism
                                  0.355543    0.967252   library removal time
                                              0.967252   data required time
---------------------------------------------------------------------------------------------
                                              0.967252   data required time
                                           -625.546570   data arrival time
---------------------------------------------------------------------------------------------
                                            624.579285   slack (MET)


Startpoint: rst_i (input port clocked by clk_i)
Endpoint: _255_ (removal check against rising-edge clock clk_i)
Path Group: asynchronous
Path Type: min

Fanout         Cap        Slew       Delay        Time   Description
---------------------------------------------------------------------------------------------
                                  0.000000    0.000000   clock clk_i (rise edge)
                                  0.000000    0.000000   clock network delay (propagated)
                                625.000000  625.000000 ^ input external delay
     1    0.003278    0.021800    0.011994  625.012024 ^ rst_i (in)
                                                         rst_i (net)
                      0.021800    0.000000  625.012024 ^ input2/A (sky130_fd_sc_hd__clkbuf_1)
     1    0.004707    0.065100    0.087766  625.099792 ^ input2/X (sky130_fd_sc_hd__clkbuf_1)
                                                         net2 (net)
                      0.065100    0.000171  625.099915 ^ fanout19/A (sky130_fd_sc_hd__clkbuf_2)
     6    0.033829    0.186696    0.211912  625.311829 ^ fanout19/X (sky130_fd_sc_hd__clkbuf_2)
                                                         net19 (net)
                      0.186704    0.001023  625.312866 ^ fanout15/A (sky130_fd_sc_hd__clkbuf_2)
     6    0.029001    0.162108    0.232490  625.545349 ^ fanout15/X (sky130_fd_sc_hd__clkbuf_2)
                                                         net15 (net)
                      0.162119    0.001421  625.546753 ^ _255_/RESET_B (sky130_fd_sc_hd__dfrtp_1)
                                            625.546753   data arrival time

                                  0.000000    0.000000   clock clk_i (rise edge)
                                  0.000000    0.000000   clock source latency
     1    0.017130    0.082926    0.056813    0.056813 ^ clk_i (in)
                                                         clk_i (net)
                      0.082933    0.000000    0.056813 ^ clkbuf_0_clk_i/A (sky130_fd_sc_hd__clkbuf_16)
     4    0.042408    0.061920    0.157364    0.214177 ^ clkbuf_0_clk_i/X (sky130_fd_sc_hd__clkbuf_16)
                                                         clknet_0_clk_i (net)
                      0.061937    0.000936    0.215113 ^ clkbuf_2_0__f_clk_i/A (sky130_fd_sc_hd__clkbuf_16)
    13    0.035986    0.056142    0.144612    0.359725 ^ clkbuf_2_0__f_clk_i/X (sky130_fd_sc_hd__clkbuf_16)
                                                         clknet_2_0__leaf_clk_i (net)
                      0.056301    0.001970    0.361695 ^ _255_/CLK (sky130_fd_sc_hd__dfrtp_1)
                                  0.250000    0.611695   clock uncertainty
                                  0.000000    0.611695   clock reconvergence pessimism
                                  0.355544    0.967239   library removal time
                                              0.967239   data required time
---------------------------------------------------------------------------------------------
                                              0.967239   data required time
                                           -625.546753   data arrival time
---------------------------------------------------------------------------------------------
                                            624.579529   slack (MET)


Startpoint: rst_i (input port clocked by clk_i)
Endpoint: _248_ (removal check against rising-edge clock clk_i)
Path Group: asynchronous
Path Type: min

Fanout         Cap        Slew       Delay        Time   Description
---------------------------------------------------------------------------------------------
                                  0.000000    0.000000   clock clk_i (rise edge)
                                  0.000000    0.000000   clock network delay (propagated)
                                625.000000  625.000000 ^ input external delay
     1    0.003278    0.021800    0.011994  625.012024 ^ rst_i (in)
                                                         rst_i (net)
                      0.021800    0.000000  625.012024 ^ input2/A (sky130_fd_sc_hd__clkbuf_1)
     1    0.004707    0.065100    0.087766  625.099792 ^ input2/X (sky130_fd_sc_hd__clkbuf_1)
                                                         net2 (net)
                      0.065100    0.000171  625.099915 ^ fanout19/A (sky130_fd_sc_hd__clkbuf_2)
     6    0.033829    0.186696    0.211912  625.311829 ^ fanout19/X (sky130_fd_sc_hd__clkbuf_2)
                                                         net19 (net)
                      0.186704    0.001023  625.312866 ^ fanout15/A (sky130_fd_sc_hd__clkbuf_2)
     6    0.029001    0.162108    0.232490  625.545349 ^ fanout15/X (sky130_fd_sc_hd__clkbuf_2)
                                                         net15 (net)
                      0.162111    0.000909  625.546265 ^ _248_/RESET_B (sky130_fd_sc_hd__dfrtp_1)
                                            625.546265   data arrival time

                                  0.000000    0.000000   clock clk_i (rise edge)
                                  0.000000    0.000000   clock source latency
     1    0.017130    0.082926    0.056813    0.056813 ^ clk_i (in)
                                                         clk_i (net)
                      0.082933    0.000000    0.056813 ^ clkbuf_0_clk_i/A (sky130_fd_sc_hd__clkbuf_16)
     4    0.042408    0.061920    0.157364    0.214177 ^ clkbuf_0_clk_i/X (sky130_fd_sc_hd__clkbuf_16)
                                                         clknet_0_clk_i (net)
                      0.061932    0.000825    0.215002 ^ clkbuf_2_2__f_clk_i/A (sky130_fd_sc_hd__clkbuf_16)
    10    0.035670    0.055890    0.144723    0.359725 ^ clkbuf_2_2__f_clk_i/X (sky130_fd_sc_hd__clkbuf_16)
                                                         clknet_2_2__leaf_clk_i (net)
                      0.055936    0.000838    0.360563 ^ _248_/CLK (sky130_fd_sc_hd__dfrtp_1)
                                  0.250000    0.610563   clock uncertainty
                                  0.000000    0.610563   clock reconvergence pessimism
                                  0.355443    0.966006   library removal time
                                              0.966006   data required time
---------------------------------------------------------------------------------------------
                                              0.966006   data required time
                                           -625.546265   data arrival time
---------------------------------------------------------------------------------------------
                                            624.580261   slack (MET)


Startpoint: rst_i (input port clocked by clk_i)
Endpoint: _266_ (removal check against rising-edge clock clk_i)
Path Group: asynchronous
Path Type: min

Fanout         Cap        Slew       Delay        Time   Description
---------------------------------------------------------------------------------------------
                                  0.000000    0.000000   clock clk_i (rise edge)
                                  0.000000    0.000000   clock network delay (propagated)
                                625.000000  625.000000 ^ input external delay
     1    0.003278    0.021800    0.011994  625.012024 ^ rst_i (in)
                                                         rst_i (net)
                      0.021800    0.000000  625.012024 ^ input2/A (sky130_fd_sc_hd__clkbuf_1)
     1    0.004707    0.065100    0.087766  625.099792 ^ input2/X (sky130_fd_sc_hd__clkbuf_1)
                                                         net2 (net)
                      0.065100    0.000171  625.099915 ^ fanout19/A (sky130_fd_sc_hd__clkbuf_2)
     6    0.033829    0.186696    0.211912  625.311829 ^ fanout19/X (sky130_fd_sc_hd__clkbuf_2)
                                                         net19 (net)
                      0.186704    0.001023  625.312866 ^ fanout15/A (sky130_fd_sc_hd__clkbuf_2)
     6    0.029001    0.162108    0.232490  625.545349 ^ fanout15/X (sky130_fd_sc_hd__clkbuf_2)
                                                         net15 (net)
                      0.162119    0.001478  625.546814 ^ _266_/RESET_B (sky130_fd_sc_hd__dfrtp_1)
                                            625.546814   data arrival time

                                  0.000000    0.000000   clock clk_i (rise edge)
                                  0.000000    0.000000   clock source latency
     1    0.017130    0.082926    0.056813    0.056813 ^ clk_i (in)
                                                         clk_i (net)
                      0.082933    0.000000    0.056813 ^ clkbuf_0_clk_i/A (sky130_fd_sc_hd__clkbuf_16)
     4    0.042408    0.061920    0.157364    0.214177 ^ clkbuf_0_clk_i/X (sky130_fd_sc_hd__clkbuf_16)
                                                         clknet_0_clk_i (net)
                      0.061937    0.000936    0.215113 ^ clkbuf_2_0__f_clk_i/A (sky130_fd_sc_hd__clkbuf_16)
    13    0.035986    0.056142    0.144612    0.359725 ^ clkbuf_2_0__f_clk_i/X (sky130_fd_sc_hd__clkbuf_16)
                                                         clknet_2_0__leaf_clk_i (net)
                      0.056290    0.001855    0.361580 ^ _266_/CLK (sky130_fd_sc_hd__dfrtp_1)
                                  0.250000    0.611580   clock uncertainty
                                  0.000000    0.611580   clock reconvergence pessimism
                                  0.355541    0.967121   library removal time
                                              0.967121   data required time
---------------------------------------------------------------------------------------------
                                              0.967121   data required time
                                           -625.546814   data arrival time
---------------------------------------------------------------------------------------------
                                            624.579712   slack (MET)


Startpoint: rst_i (input port clocked by clk_i)
Endpoint: _270_ (removal check against rising-edge clock clk_i)
Path Group: asynchronous
Path Type: min

Fanout         Cap        Slew       Delay        Time   Description
---------------------------------------------------------------------------------------------
                                  0.000000    0.000000   clock clk_i (rise edge)
                                  0.000000    0.000000   clock network delay (propagated)
                                625.000000  625.000000 ^ input external delay
     1    0.003278    0.021800    0.011994  625.012024 ^ rst_i (in)
                                                         rst_i (net)
                      0.021800    0.000000  625.012024 ^ input2/A (sky130_fd_sc_hd__clkbuf_1)
     1    0.004707    0.065100    0.087766  625.099792 ^ input2/X (sky130_fd_sc_hd__clkbuf_1)
                                                         net2 (net)
                      0.065100    0.000171  625.099915 ^ fanout19/A (sky130_fd_sc_hd__clkbuf_2)
     6    0.033829    0.186696    0.211912  625.311829 ^ fanout19/X (sky130_fd_sc_hd__clkbuf_2)
                                                         net19 (net)
                      0.186704    0.001023  625.312866 ^ fanout15/A (sky130_fd_sc_hd__clkbuf_2)
     6    0.029001    0.162108    0.232490  625.545349 ^ fanout15/X (sky130_fd_sc_hd__clkbuf_2)
                                                         net15 (net)
                      0.162119    0.001421  625.546753 ^ _270_/RESET_B (sky130_fd_sc_hd__dfrtp_1)
                                            625.546753   data arrival time

                                  0.000000    0.000000   clock clk_i (rise edge)
                                  0.000000    0.000000   clock source latency
     1    0.017130    0.082926    0.056813    0.056813 ^ clk_i (in)
                                                         clk_i (net)
                      0.082933    0.000000    0.056813 ^ clkbuf_0_clk_i/A (sky130_fd_sc_hd__clkbuf_16)
     4    0.042408    0.061920    0.157364    0.214177 ^ clkbuf_0_clk_i/X (sky130_fd_sc_hd__clkbuf_16)
                                                         clknet_0_clk_i (net)
                      0.061937    0.000936    0.215113 ^ clkbuf_2_0__f_clk_i/A (sky130_fd_sc_hd__clkbuf_16)
    13    0.035986    0.056142    0.144612    0.359725 ^ clkbuf_2_0__f_clk_i/X (sky130_fd_sc_hd__clkbuf_16)
                                                         clknet_2_0__leaf_clk_i (net)
                      0.056296    0.001920    0.361644 ^ _270_/CLK (sky130_fd_sc_hd__dfrtp_1)
                                  0.250000    0.611644   clock uncertainty
                                  0.000000    0.611644   clock reconvergence pessimism
                                  0.355543    0.967187   library removal time
                                              0.967187   data required time
---------------------------------------------------------------------------------------------
                                              0.967187   data required time
                                           -625.546753   data arrival time
---------------------------------------------------------------------------------------------
                                            624.579590   slack (MET)


Startpoint: rst_i (input port clocked by clk_i)
Endpoint: _249_ (removal check against rising-edge clock clk_i)
Path Group: asynchronous
Path Type: min

Fanout         Cap        Slew       Delay        Time   Description
---------------------------------------------------------------------------------------------
                                  0.000000    0.000000   clock clk_i (rise edge)
                                  0.000000    0.000000   clock network delay (propagated)
                                625.000000  625.000000 ^ input external delay
     1    0.003278    0.021800    0.011994  625.012024 ^ rst_i (in)
                                                         rst_i (net)
                      0.021800    0.000000  625.012024 ^ input2/A (sky130_fd_sc_hd__clkbuf_1)
     1    0.004707    0.065100    0.087766  625.099792 ^ input2/X (sky130_fd_sc_hd__clkbuf_1)
                                                         net2 (net)
                      0.065100    0.000171  625.099915 ^ fanout19/A (sky130_fd_sc_hd__clkbuf_2)
     6    0.033829    0.186696    0.211912  625.311829 ^ fanout19/X (sky130_fd_sc_hd__clkbuf_2)
                                                         net19 (net)
                      0.186704    0.001023  625.312866 ^ fanout15/A (sky130_fd_sc_hd__clkbuf_2)
     6    0.029001    0.162108    0.232490  625.545349 ^ fanout15/X (sky130_fd_sc_hd__clkbuf_2)
                                                         net15 (net)
                      0.162110    0.000853  625.546204 ^ _249_/RESET_B (sky130_fd_sc_hd__dfrtp_1)
                                            625.546204   data arrival time

                                  0.000000    0.000000   clock clk_i (rise edge)
                                  0.000000    0.000000   clock source latency
     1    0.017130    0.082926    0.056813    0.056813 ^ clk_i (in)
                                                         clk_i (net)
                      0.082933    0.000000    0.056813 ^ clkbuf_0_clk_i/A (sky130_fd_sc_hd__clkbuf_16)
     4    0.042408    0.061920    0.157364    0.214177 ^ clkbuf_0_clk_i/X (sky130_fd_sc_hd__clkbuf_16)
                                                         clknet_0_clk_i (net)
                      0.061937    0.000936    0.215113 ^ clkbuf_2_0__f_clk_i/A (sky130_fd_sc_hd__clkbuf_16)
    13    0.035986    0.056142    0.144612    0.359725 ^ clkbuf_2_0__f_clk_i/X (sky130_fd_sc_hd__clkbuf_16)
                                                         clknet_2_0__leaf_clk_i (net)
                      0.056183    0.000589    0.360314 ^ _249_/CLK (sky130_fd_sc_hd__dfrtp_1)
                                  0.250000    0.610314   clock uncertainty
                                  0.000000    0.610314   clock reconvergence pessimism
                                  0.355509    0.965824   library removal time
                                              0.965824   data required time
---------------------------------------------------------------------------------------------
                                              0.965824   data required time
                                           -625.546204   data arrival time
---------------------------------------------------------------------------------------------
                                            624.580383   slack (MET)


Startpoint: rst_i (input port clocked by clk_i)
Endpoint: _229_ (removal check against rising-edge clock clk_i)
Path Group: asynchronous
Path Type: min

Fanout         Cap        Slew       Delay        Time   Description
---------------------------------------------------------------------------------------------
                                  0.000000    0.000000   clock clk_i (rise edge)
                                  0.000000    0.000000   clock network delay (propagated)
                                625.000000  625.000000 ^ input external delay
     1    0.003278    0.021800    0.011994  625.012024 ^ rst_i (in)
                                                         rst_i (net)
                      0.021800    0.000000  625.012024 ^ input2/A (sky130_fd_sc_hd__clkbuf_1)
     1    0.004707    0.065100    0.087766  625.099792 ^ input2/X (sky130_fd_sc_hd__clkbuf_1)
                                                         net2 (net)
                      0.065100    0.000171  625.099915 ^ fanout19/A (sky130_fd_sc_hd__clkbuf_2)
     6    0.033829    0.186696    0.211912  625.311829 ^ fanout19/X (sky130_fd_sc_hd__clkbuf_2)
                                                         net19 (net)
                      0.186704    0.001023  625.312866 ^ fanout18/A (sky130_fd_sc_hd__buf_2)
     7    0.034037    0.169712    0.242835  625.555725 ^ fanout18/X (sky130_fd_sc_hd__buf_2)
                                                         net18 (net)
                      0.169714    0.000909  625.556641 ^ _229_/RESET_B (sky130_fd_sc_hd__dfrtp_1)
                                            625.556641   data arrival time

                                  0.000000    0.000000   clock clk_i (rise edge)
                                  0.000000    0.000000   clock source latency
     1    0.017130    0.082926    0.056813    0.056813 ^ clk_i (in)
                                                         clk_i (net)
                      0.082933    0.000000    0.056813 ^ clkbuf_0_clk_i/A (sky130_fd_sc_hd__clkbuf_16)
     4    0.042408    0.061920    0.157364    0.214177 ^ clkbuf_0_clk_i/X (sky130_fd_sc_hd__clkbuf_16)
                                                         clknet_0_clk_i (net)
                      0.061932    0.000834    0.215011 ^ clkbuf_2_3__f_clk_i/A (sky130_fd_sc_hd__clkbuf_16)
    11    0.037029    0.057128    0.145775    0.360786 ^ clkbuf_2_3__f_clk_i/X (sky130_fd_sc_hd__clkbuf_16)
                                                         clknet_2_3__leaf_clk_i (net)
                      0.057142    0.000776    0.361562 ^ _229_/CLK (sky130_fd_sc_hd__dfrtp_1)
                                  0.250000    0.611562   clock uncertainty
                                  0.000000    0.611562   clock reconvergence pessimism
                                  0.357862    0.969424   library removal time
                                              0.969424   data required time
---------------------------------------------------------------------------------------------
                                              0.969424   data required time
                                           -625.556641   data arrival time
---------------------------------------------------------------------------------------------
                                            624.587219   slack (MET)


Startpoint: rst_i (input port clocked by clk_i)
Endpoint: _237_ (removal check against rising-edge clock clk_i)
Path Group: asynchronous
Path Type: min

Fanout         Cap        Slew       Delay        Time   Description
---------------------------------------------------------------------------------------------
                                  0.000000    0.000000   clock clk_i (rise edge)
                                  0.000000    0.000000   clock network delay (propagated)
                                625.000000  625.000000 ^ input external delay
     1    0.003278    0.021800    0.011994  625.012024 ^ rst_i (in)
                                                         rst_i (net)
                      0.021800    0.000000  625.012024 ^ input2/A (sky130_fd_sc_hd__clkbuf_1)
     1    0.004707    0.065100    0.087766  625.099792 ^ input2/X (sky130_fd_sc_hd__clkbuf_1)
                                                         net2 (net)
                      0.065100    0.000171  625.099915 ^ fanout19/A (sky130_fd_sc_hd__clkbuf_2)
     6    0.033829    0.186696    0.211912  625.311829 ^ fanout19/X (sky130_fd_sc_hd__clkbuf_2)
                                                         net19 (net)
                      0.186704    0.001023  625.312866 ^ fanout18/A (sky130_fd_sc_hd__buf_2)
     7    0.034037    0.169712    0.242835  625.555725 ^ fanout18/X (sky130_fd_sc_hd__buf_2)
                                                         net18 (net)
                      0.169712    0.000682  625.556396 ^ _237_/RESET_B (sky130_fd_sc_hd__dfrtp_1)
                                            625.556396   data arrival time

                                  0.000000    0.000000   clock clk_i (rise edge)
                                  0.000000    0.000000   clock source latency
     1    0.017130    0.082926    0.056813    0.056813 ^ clk_i (in)
                                                         clk_i (net)
                      0.082933    0.000000    0.056813 ^ clkbuf_0_clk_i/A (sky130_fd_sc_hd__clkbuf_16)
     4    0.042408    0.061920    0.157364    0.214177 ^ clkbuf_0_clk_i/X (sky130_fd_sc_hd__clkbuf_16)
                                                         clknet_0_clk_i (net)
                      0.061932    0.000834    0.215011 ^ clkbuf_2_3__f_clk_i/A (sky130_fd_sc_hd__clkbuf_16)
    11    0.037029    0.057128    0.145775    0.360786 ^ clkbuf_2_3__f_clk_i/X (sky130_fd_sc_hd__clkbuf_16)
                                                         clknet_2_3__leaf_clk_i (net)
                      0.057143    0.000808    0.361594 ^ _237_/CLK (sky130_fd_sc_hd__dfrtp_1)
                                  0.250000    0.611594   clock uncertainty
                                  0.000000    0.611594   clock reconvergence pessimism
                                  0.357862    0.969456   library removal time
                                              0.969456   data required time
---------------------------------------------------------------------------------------------
                                              0.969456   data required time
                                           -625.556396   data arrival time
---------------------------------------------------------------------------------------------
                                            624.586914   slack (MET)


Startpoint: rst_i (input port clocked by clk_i)
Endpoint: _235_ (removal check against rising-edge clock clk_i)
Path Group: asynchronous
Path Type: min

Fanout         Cap        Slew       Delay        Time   Description
---------------------------------------------------------------------------------------------
                                  0.000000    0.000000   clock clk_i (rise edge)
                                  0.000000    0.000000   clock network delay (propagated)
                                625.000000  625.000000 ^ input external delay
     1    0.003278    0.021800    0.011994  625.012024 ^ rst_i (in)
                                                         rst_i (net)
                      0.021800    0.000000  625.012024 ^ input2/A (sky130_fd_sc_hd__clkbuf_1)
     1    0.004707    0.065100    0.087766  625.099792 ^ input2/X (sky130_fd_sc_hd__clkbuf_1)
                                                         net2 (net)
                      0.065100    0.000171  625.099915 ^ fanout19/A (sky130_fd_sc_hd__clkbuf_2)
     6    0.033829    0.186696    0.211912  625.311829 ^ fanout19/X (sky130_fd_sc_hd__clkbuf_2)
                                                         net19 (net)
                      0.186704    0.001023  625.312866 ^ fanout18/A (sky130_fd_sc_hd__buf_2)
     7    0.034037    0.169712    0.242835  625.555725 ^ fanout18/X (sky130_fd_sc_hd__buf_2)
                                                         net18 (net)
                      0.169723    0.001535  625.557251 ^ _235_/RESET_B (sky130_fd_sc_hd__dfrtp_1)
                                            625.557251   data arrival time

                                  0.000000    0.000000   clock clk_i (rise edge)
                                  0.000000    0.000000   clock source latency
     1    0.017130    0.082926    0.056813    0.056813 ^ clk_i (in)
                                                         clk_i (net)
                      0.082933    0.000000    0.056813 ^ clkbuf_0_clk_i/A (sky130_fd_sc_hd__clkbuf_16)
     4    0.042408    0.061920    0.157364    0.214177 ^ clkbuf_0_clk_i/X (sky130_fd_sc_hd__clkbuf_16)
                                                         clknet_0_clk_i (net)
                      0.061932    0.000834    0.215011 ^ clkbuf_2_3__f_clk_i/A (sky130_fd_sc_hd__clkbuf_16)
    11    0.037029    0.057128    0.145775    0.360786 ^ clkbuf_2_3__f_clk_i/X (sky130_fd_sc_hd__clkbuf_16)
                                                         clknet_2_3__leaf_clk_i (net)
                      0.057136    0.000647    0.361434 ^ _235_/CLK (sky130_fd_sc_hd__dfrtp_1)
                                  0.250000    0.611434   clock uncertainty
                                  0.000000    0.611434   clock reconvergence pessimism
                                  0.357863    0.969297   library removal time
                                              0.969297   data required time
---------------------------------------------------------------------------------------------
                                              0.969297   data required time
                                           -625.557251   data arrival time
---------------------------------------------------------------------------------------------
                                            624.587952   slack (MET)


Startpoint: rst_i (input port clocked by clk_i)
Endpoint: _236_ (removal check against rising-edge clock clk_i)
Path Group: asynchronous
Path Type: min

Fanout         Cap        Slew       Delay        Time   Description
---------------------------------------------------------------------------------------------
                                  0.000000    0.000000   clock clk_i (rise edge)
                                  0.000000    0.000000   clock network delay (propagated)
                                625.000000  625.000000 ^ input external delay
     1    0.003278    0.021800    0.011994  625.012024 ^ rst_i (in)
                                                         rst_i (net)
                      0.021800    0.000000  625.012024 ^ input2/A (sky130_fd_sc_hd__clkbuf_1)
     1    0.004707    0.065100    0.087766  625.099792 ^ input2/X (sky130_fd_sc_hd__clkbuf_1)
                                                         net2 (net)
                      0.065100    0.000171  625.099915 ^ fanout19/A (sky130_fd_sc_hd__clkbuf_2)
     6    0.033829    0.186696    0.211912  625.311829 ^ fanout19/X (sky130_fd_sc_hd__clkbuf_2)
                                                         net19 (net)
                      0.186704    0.001023  625.312866 ^ fanout18/A (sky130_fd_sc_hd__buf_2)
     7    0.034037    0.169712    0.242835  625.555725 ^ fanout18/X (sky130_fd_sc_hd__buf_2)
                                                         net18 (net)
                      0.169719    0.001307  625.557007 ^ _236_/RESET_B (sky130_fd_sc_hd__dfrtp_1)
                                            625.557007   data arrival time

                                  0.000000    0.000000   clock clk_i (rise edge)
                                  0.000000    0.000000   clock source latency
     1    0.017130    0.082926    0.056813    0.056813 ^ clk_i (in)
                                                         clk_i (net)
                      0.082933    0.000000    0.056813 ^ clkbuf_0_clk_i/A (sky130_fd_sc_hd__clkbuf_16)
     4    0.042408    0.061920    0.157364    0.214177 ^ clkbuf_0_clk_i/X (sky130_fd_sc_hd__clkbuf_16)
                                                         clknet_0_clk_i (net)
                      0.061932    0.000834    0.215011 ^ clkbuf_2_3__f_clk_i/A (sky130_fd_sc_hd__clkbuf_16)
    11    0.037029    0.057128    0.145775    0.360786 ^ clkbuf_2_3__f_clk_i/X (sky130_fd_sc_hd__clkbuf_16)
                                                         clknet_2_3__leaf_clk_i (net)
                      0.057135    0.000599    0.361386 ^ _236_/CLK (sky130_fd_sc_hd__dfrtp_1)
                                  0.250000    0.611386   clock uncertainty
                                  0.000000    0.611386   clock reconvergence pessimism
                                  0.357861    0.969247   library removal time
                                              0.969247   data required time
---------------------------------------------------------------------------------------------
                                              0.969247   data required time
                                           -625.557007   data arrival time
---------------------------------------------------------------------------------------------
                                            624.587769   slack (MET)


Startpoint: rst_i (input port clocked by clk_i)
Endpoint: _238_ (removal check against rising-edge clock clk_i)
Path Group: asynchronous
Path Type: min

Fanout         Cap        Slew       Delay        Time   Description
---------------------------------------------------------------------------------------------
                                  0.000000    0.000000   clock clk_i (rise edge)
                                  0.000000    0.000000   clock network delay (propagated)
                                625.000000  625.000000 ^ input external delay
     1    0.003278    0.021800    0.011994  625.012024 ^ rst_i (in)
                                                         rst_i (net)
                      0.021800    0.000000  625.012024 ^ input2/A (sky130_fd_sc_hd__clkbuf_1)
     1    0.004707    0.065100    0.087766  625.099792 ^ input2/X (sky130_fd_sc_hd__clkbuf_1)
                                                         net2 (net)
                      0.065100    0.000171  625.099915 ^ fanout19/A (sky130_fd_sc_hd__clkbuf_2)
     6    0.033829    0.186696    0.211912  625.311829 ^ fanout19/X (sky130_fd_sc_hd__clkbuf_2)
                                                         net19 (net)
                      0.186704    0.001023  625.312866 ^ fanout18/A (sky130_fd_sc_hd__buf_2)
     7    0.034037    0.169712    0.242835  625.555725 ^ fanout18/X (sky130_fd_sc_hd__buf_2)
                                                         net18 (net)
                      0.169723    0.001535  625.557251 ^ _238_/RESET_B (sky130_fd_sc_hd__dfrtp_1)
                                            625.557251   data arrival time

                                  0.000000    0.000000   clock clk_i (rise edge)
                                  0.000000    0.000000   clock source latency
     1    0.017130    0.082926    0.056813    0.056813 ^ clk_i (in)
                                                         clk_i (net)
                      0.082933    0.000000    0.056813 ^ clkbuf_0_clk_i/A (sky130_fd_sc_hd__clkbuf_16)
     4    0.042408    0.061920    0.157364    0.214177 ^ clkbuf_0_clk_i/X (sky130_fd_sc_hd__clkbuf_16)
                                                         clknet_0_clk_i (net)
                      0.061932    0.000834    0.215011 ^ clkbuf_2_3__f_clk_i/A (sky130_fd_sc_hd__clkbuf_16)
    11    0.037029    0.057128    0.145775    0.360786 ^ clkbuf_2_3__f_clk_i/X (sky130_fd_sc_hd__clkbuf_16)
                                                         clknet_2_3__leaf_clk_i (net)
                      0.057141    0.000749    0.361535 ^ _238_/CLK (sky130_fd_sc_hd__dfrtp_1)
                                  0.250000    0.611535   clock uncertainty
                                  0.000000    0.611535   clock reconvergence pessimism
                                  0.357864    0.969399   library removal time
                                              0.969399   data required time
---------------------------------------------------------------------------------------------
                                              0.969399   data required time
                                           -625.557251   data arrival time
---------------------------------------------------------------------------------------------
                                            624.587830   slack (MET)


Startpoint: rst_i (input port clocked by clk_i)
Endpoint: _264_ (removal check against rising-edge clock clk_i)
Path Group: asynchronous
Path Type: min

Fanout         Cap        Slew       Delay        Time   Description
---------------------------------------------------------------------------------------------
                                  0.000000    0.000000   clock clk_i (rise edge)
                                  0.000000    0.000000   clock network delay (propagated)
                                625.000000  625.000000 ^ input external delay
     1    0.003278    0.021800    0.011994  625.012024 ^ rst_i (in)
                                                         rst_i (net)
                      0.021800    0.000000  625.012024 ^ input2/A (sky130_fd_sc_hd__clkbuf_1)
     1    0.004707    0.065100    0.087766  625.099792 ^ input2/X (sky130_fd_sc_hd__clkbuf_1)
                                                         net2 (net)
                      0.065100    0.000171  625.099915 ^ fanout19/A (sky130_fd_sc_hd__clkbuf_2)
     6    0.033829    0.186696    0.211912  625.311829 ^ fanout19/X (sky130_fd_sc_hd__clkbuf_2)
                                                         net19 (net)
                      0.186704    0.001023  625.312866 ^ fanout18/A (sky130_fd_sc_hd__buf_2)
     7    0.034037    0.169712    0.242835  625.555725 ^ fanout18/X (sky130_fd_sc_hd__buf_2)
                                                         net18 (net)
                      0.169717    0.001194  625.556885 ^ _264_/RESET_B (sky130_fd_sc_hd__dfrtp_1)
                                            625.556885   data arrival time

                                  0.000000    0.000000   clock clk_i (rise edge)
                                  0.000000    0.000000   clock source latency
     1    0.017130    0.082926    0.056813    0.056813 ^ clk_i (in)
                                                         clk_i (net)
                      0.082933    0.000000    0.056813 ^ clkbuf_0_clk_i/A (sky130_fd_sc_hd__clkbuf_16)
     4    0.042408    0.061920    0.157364    0.214177 ^ clkbuf_0_clk_i/X (sky130_fd_sc_hd__clkbuf_16)
                                                         clknet_0_clk_i (net)
                      0.061932    0.000834    0.215011 ^ clkbuf_2_3__f_clk_i/A (sky130_fd_sc_hd__clkbuf_16)
    11    0.037029    0.057128    0.145775    0.360786 ^ clkbuf_2_3__f_clk_i/X (sky130_fd_sc_hd__clkbuf_16)
                                                         clknet_2_3__leaf_clk_i (net)
                      0.057138    0.000694    0.361481 ^ _264_/CLK (sky130_fd_sc_hd__dfrtp_1)
                                  0.250000    0.611481   clock uncertainty
                                  0.000000    0.611481   clock reconvergence pessimism
                                  0.357862    0.969342   library removal time
                                              0.969342   data required time
---------------------------------------------------------------------------------------------
                                              0.969342   data required time
                                           -625.556885   data arrival time
---------------------------------------------------------------------------------------------
                                            624.587524   slack (MET)


Startpoint: rst_i (input port clocked by clk_i)
Endpoint: _265_ (removal check against rising-edge clock clk_i)
Path Group: asynchronous
Path Type: min

Fanout         Cap        Slew       Delay        Time   Description
---------------------------------------------------------------------------------------------
                                  0.000000    0.000000   clock clk_i (rise edge)
                                  0.000000    0.000000   clock network delay (propagated)
                                625.000000  625.000000 ^ input external delay
     1    0.003278    0.021800    0.011994  625.012024 ^ rst_i (in)
                                                         rst_i (net)
                      0.021800    0.000000  625.012024 ^ input2/A (sky130_fd_sc_hd__clkbuf_1)
     1    0.004707    0.065100    0.087766  625.099792 ^ input2/X (sky130_fd_sc_hd__clkbuf_1)
                                                         net2 (net)
                      0.065100    0.000171  625.099915 ^ fanout19/A (sky130_fd_sc_hd__clkbuf_2)
     6    0.033829    0.186696    0.211912  625.311829 ^ fanout19/X (sky130_fd_sc_hd__clkbuf_2)
                                                         net19 (net)
                      0.186704    0.001023  625.312866 ^ fanout18/A (sky130_fd_sc_hd__buf_2)
     7    0.034037    0.169712    0.242835  625.555725 ^ fanout18/X (sky130_fd_sc_hd__buf_2)
                                                         net18 (net)
                      0.169723    0.001535  625.557251 ^ _265_/RESET_B (sky130_fd_sc_hd__dfrtp_1)
                                            625.557251   data arrival time

                                  0.000000    0.000000   clock clk_i (rise edge)
                                  0.000000    0.000000   clock source latency
     1    0.017130    0.082926    0.056813    0.056813 ^ clk_i (in)
                                                         clk_i (net)
                      0.082933    0.000000    0.056813 ^ clkbuf_0_clk_i/A (sky130_fd_sc_hd__clkbuf_16)
     4    0.042408    0.061920    0.157364    0.214177 ^ clkbuf_0_clk_i/X (sky130_fd_sc_hd__clkbuf_16)
                                                         clknet_0_clk_i (net)
                      0.061932    0.000834    0.215011 ^ clkbuf_2_3__f_clk_i/A (sky130_fd_sc_hd__clkbuf_16)
    11    0.037029    0.057128    0.145775    0.360786 ^ clkbuf_2_3__f_clk_i/X (sky130_fd_sc_hd__clkbuf_16)
                                                         clknet_2_3__leaf_clk_i (net)
                      0.057132    0.000508    0.361294 ^ _265_/CLK (sky130_fd_sc_hd__dfrtp_1)
                                  0.250000    0.611294   clock uncertainty
                                  0.000000    0.611294   clock reconvergence pessimism
                                  0.357862    0.969156   library removal time
                                              0.969156   data required time
---------------------------------------------------------------------------------------------
                                              0.969156   data required time
                                           -625.557251   data arrival time
---------------------------------------------------------------------------------------------
                                            624.588074   slack (MET)


Startpoint: rst_i (input port clocked by clk_i)
Endpoint: _253_ (removal check against rising-edge clock clk_i)
Path Group: asynchronous
Path Type: min

Fanout         Cap        Slew       Delay        Time   Description
---------------------------------------------------------------------------------------------
                                  0.000000    0.000000   clock clk_i (rise edge)
                                  0.000000    0.000000   clock network delay (propagated)
                                625.000000  625.000000 ^ input external delay
     1    0.003278    0.021800    0.011994  625.012024 ^ rst_i (in)
                                                         rst_i (net)
                      0.021800    0.000000  625.012024 ^ input2/A (sky130_fd_sc_hd__clkbuf_1)
     1    0.004707    0.065100    0.087766  625.099792 ^ input2/X (sky130_fd_sc_hd__clkbuf_1)
                                                         net2 (net)
                      0.065100    0.000171  625.099915 ^ fanout19/A (sky130_fd_sc_hd__clkbuf_2)
     6    0.033829    0.186696    0.211912  625.311829 ^ fanout19/X (sky130_fd_sc_hd__clkbuf_2)
                                                         net19 (net)
                      0.186704    0.001023  625.312866 ^ fanout14/A (sky130_fd_sc_hd__clkbuf_4)
    10    0.046279    0.146499    0.259945  625.572815 ^ fanout14/X (sky130_fd_sc_hd__clkbuf_4)
                                                         net14 (net)
                      0.146499    0.000682  625.573486 ^ _253_/RESET_B (sky130_fd_sc_hd__dfrtp_1)
                                            625.573486   data arrival time

                                  0.000000    0.000000   clock clk_i (rise edge)
                                  0.000000    0.000000   clock source latency
     1    0.017130    0.082926    0.056813    0.056813 ^ clk_i (in)
                                                         clk_i (net)
                      0.082933    0.000000    0.056813 ^ clkbuf_0_clk_i/A (sky130_fd_sc_hd__clkbuf_16)
     4    0.042408    0.061920    0.157364    0.214177 ^ clkbuf_0_clk_i/X (sky130_fd_sc_hd__clkbuf_16)
                                                         clknet_0_clk_i (net)
                      0.061942    0.001056    0.215233 ^ clkbuf_2_1__f_clk_i/A (sky130_fd_sc_hd__clkbuf_16)
    13    0.042108    0.061694    0.148946    0.364180 ^ clkbuf_2_1__f_clk_i/X (sky130_fd_sc_hd__clkbuf_16)
                                                         clknet_2_1__leaf_clk_i (net)
                      0.061763    0.001817    0.365997 ^ _253_/CLK (sky130_fd_sc_hd__dfrtp_1)
                                  0.250000    0.615997   clock uncertainty
                                  0.000000    0.615997   clock reconvergence pessimism
                                  0.352734    0.968731   library removal time
                                              0.968731   data required time
---------------------------------------------------------------------------------------------
                                              0.968731   data required time
                                           -625.573486   data arrival time
---------------------------------------------------------------------------------------------
                                            624.604797   slack (MET)


Startpoint: rst_i (input port clocked by clk_i)
Endpoint: _239_ (removal check against rising-edge clock clk_i)
Path Group: asynchronous
Path Type: min

Fanout         Cap        Slew       Delay        Time   Description
---------------------------------------------------------------------------------------------
                                  0.000000    0.000000   clock clk_i (rise edge)
                                  0.000000    0.000000   clock network delay (propagated)
                                625.000000  625.000000 ^ input external delay
     1    0.003278    0.021800    0.011994  625.012024 ^ rst_i (in)
                                                         rst_i (net)
                      0.021800    0.000000  625.012024 ^ input2/A (sky130_fd_sc_hd__clkbuf_1)
     1    0.004707    0.065100    0.087766  625.099792 ^ input2/X (sky130_fd_sc_hd__clkbuf_1)
                                                         net2 (net)
                      0.065100    0.000171  625.099915 ^ fanout19/A (sky130_fd_sc_hd__clkbuf_2)
     6    0.033829    0.186696    0.211912  625.311829 ^ fanout19/X (sky130_fd_sc_hd__clkbuf_2)
                                                         net19 (net)
                      0.186697    0.000398  625.312256 ^ fanout16/A (sky130_fd_sc_hd__clkbuf_4)
    10    0.048148    0.151693    0.263810  625.576050 ^ fanout16/X (sky130_fd_sc_hd__clkbuf_4)
                                                         net16 (net)
                      0.151703    0.001364  625.577393 ^ _239_/RESET_B (sky130_fd_sc_hd__dfrtp_1)
                                            625.577393   data arrival time

                                  0.000000    0.000000   clock clk_i (rise edge)
                                  0.000000    0.000000   clock source latency
     1    0.017130    0.082926    0.056813    0.056813 ^ clk_i (in)
                                                         clk_i (net)
                      0.082933    0.000000    0.056813 ^ clkbuf_0_clk_i/A (sky130_fd_sc_hd__clkbuf_16)
     4    0.042408    0.061920    0.157364    0.214177 ^ clkbuf_0_clk_i/X (sky130_fd_sc_hd__clkbuf_16)
                                                         clknet_0_clk_i (net)
                      0.061942    0.001056    0.215233 ^ clkbuf_2_1__f_clk_i/A (sky130_fd_sc_hd__clkbuf_16)
    13    0.042108    0.061694    0.148946    0.364180 ^ clkbuf_2_1__f_clk_i/X (sky130_fd_sc_hd__clkbuf_16)
                                                         clknet_2_1__leaf_clk_i (net)
                      0.061897    0.002404    0.366584 ^ _239_/CLK (sky130_fd_sc_hd__dfrtp_1)
                                  0.250000    0.616584   clock uncertainty
                                  0.000000    0.616584   clock reconvergence pessimism
                                  0.354201    0.970785   library removal time
                                              0.970785   data required time
---------------------------------------------------------------------------------------------
                                              0.970785   data required time
                                           -625.577393   data arrival time
---------------------------------------------------------------------------------------------
                                            624.606628   slack (MET)


Startpoint: rst_i (input port clocked by clk_i)
Endpoint: _240_ (removal check against rising-edge clock clk_i)
Path Group: asynchronous
Path Type: min

Fanout         Cap        Slew       Delay        Time   Description
---------------------------------------------------------------------------------------------
                                  0.000000    0.000000   clock clk_i (rise edge)
                                  0.000000    0.000000   clock network delay (propagated)
                                625.000000  625.000000 ^ input external delay
     1    0.003278    0.021800    0.011994  625.012024 ^ rst_i (in)
                                                         rst_i (net)
                      0.021800    0.000000  625.012024 ^ input2/A (sky130_fd_sc_hd__clkbuf_1)
     1    0.004707    0.065100    0.087766  625.099792 ^ input2/X (sky130_fd_sc_hd__clkbuf_1)
                                                         net2 (net)
                      0.065100    0.000171  625.099915 ^ fanout19/A (sky130_fd_sc_hd__clkbuf_2)
     6    0.033829    0.186696    0.211912  625.311829 ^ fanout19/X (sky130_fd_sc_hd__clkbuf_2)
                                                         net19 (net)
                      0.186697    0.000398  625.312256 ^ fanout16/A (sky130_fd_sc_hd__clkbuf_4)
    10    0.048148    0.151693    0.263810  625.576050 ^ fanout16/X (sky130_fd_sc_hd__clkbuf_4)
                                                         net16 (net)
                      0.151700    0.001194  625.577271 ^ _240_/RESET_B (sky130_fd_sc_hd__dfrtp_1)
                                            625.577271   data arrival time

                                  0.000000    0.000000   clock clk_i (rise edge)
                                  0.000000    0.000000   clock source latency
     1    0.017130    0.082926    0.056813    0.056813 ^ clk_i (in)
                                                         clk_i (net)
                      0.082933    0.000000    0.056813 ^ clkbuf_0_clk_i/A (sky130_fd_sc_hd__clkbuf_16)
     4    0.042408    0.061920    0.157364    0.214177 ^ clkbuf_0_clk_i/X (sky130_fd_sc_hd__clkbuf_16)
                                                         clknet_0_clk_i (net)
                      0.061942    0.001056    0.215233 ^ clkbuf_2_1__f_clk_i/A (sky130_fd_sc_hd__clkbuf_16)
    13    0.042108    0.061694    0.148946    0.364180 ^ clkbuf_2_1__f_clk_i/X (sky130_fd_sc_hd__clkbuf_16)
                                                         clknet_2_1__leaf_clk_i (net)
                      0.061814    0.002307    0.366487 ^ _240_/CLK (sky130_fd_sc_hd__dfrtp_1)
                                  0.250000    0.616487   clock uncertainty
                                  0.000000    0.616487   clock reconvergence pessimism
                                  0.354178    0.970665   library removal time
                                              0.970665   data required time
---------------------------------------------------------------------------------------------
                                              0.970665   data required time
                                           -625.577271   data arrival time
---------------------------------------------------------------------------------------------
                                            624.606567   slack (MET)


Startpoint: rst_i (input port clocked by clk_i)
Endpoint: _242_ (removal check against rising-edge clock clk_i)
Path Group: asynchronous
Path Type: min

Fanout         Cap        Slew       Delay        Time   Description
---------------------------------------------------------------------------------------------
                                  0.000000    0.000000   clock clk_i (rise edge)
                                  0.000000    0.000000   clock network delay (propagated)
                                625.000000  625.000000 ^ input external delay
     1    0.003278    0.021800    0.011994  625.012024 ^ rst_i (in)
                                                         rst_i (net)
                      0.021800    0.000000  625.012024 ^ input2/A (sky130_fd_sc_hd__clkbuf_1)
     1    0.004707    0.065100    0.087766  625.099792 ^ input2/X (sky130_fd_sc_hd__clkbuf_1)
                                                         net2 (net)
                      0.065100    0.000171  625.099915 ^ fanout19/A (sky130_fd_sc_hd__clkbuf_2)
     6    0.033829    0.186696    0.211912  625.311829 ^ fanout19/X (sky130_fd_sc_hd__clkbuf_2)
                                                         net19 (net)
                      0.186697    0.000398  625.312256 ^ fanout16/A (sky130_fd_sc_hd__clkbuf_4)
    10    0.048148    0.151693    0.263810  625.576050 ^ fanout16/X (sky130_fd_sc_hd__clkbuf_4)
                                                         net16 (net)
                      0.151700    0.001194  625.577271 ^ _242_/RESET_B (sky130_fd_sc_hd__dfrtp_1)
                                            625.577271   data arrival time

                                  0.000000    0.000000   clock clk_i (rise edge)
                                  0.000000    0.000000   clock source latency
     1    0.017130    0.082926    0.056813    0.056813 ^ clk_i (in)
                                                         clk_i (net)
                      0.082933    0.000000    0.056813 ^ clkbuf_0_clk_i/A (sky130_fd_sc_hd__clkbuf_16)
     4    0.042408    0.061920    0.157364    0.214177 ^ clkbuf_0_clk_i/X (sky130_fd_sc_hd__clkbuf_16)
                                                         clknet_0_clk_i (net)
                      0.061942    0.001056    0.215233 ^ clkbuf_2_1__f_clk_i/A (sky130_fd_sc_hd__clkbuf_16)
    13    0.042108    0.061694    0.148946    0.364180 ^ clkbuf_2_1__f_clk_i/X (sky130_fd_sc_hd__clkbuf_16)
                                                         clknet_2_1__leaf_clk_i (net)
                      0.061887    0.002328    0.366508 ^ _242_/CLK (sky130_fd_sc_hd__dfrtp_1)
                                  0.250000    0.616508   clock uncertainty
                                  0.000000    0.616508   clock reconvergence pessimism
                                  0.354198    0.970706   library removal time
                                              0.970706   data required time
---------------------------------------------------------------------------------------------
                                              0.970706   data required time
                                           -625.577271   data arrival time
---------------------------------------------------------------------------------------------
                                            624.606506   slack (MET)


Startpoint: rst_i (input port clocked by clk_i)
Endpoint: _243_ (removal check against rising-edge clock clk_i)
Path Group: asynchronous
Path Type: min

Fanout         Cap        Slew       Delay        Time   Description
---------------------------------------------------------------------------------------------
                                  0.000000    0.000000   clock clk_i (rise edge)
                                  0.000000    0.000000   clock network delay (propagated)
                                625.000000  625.000000 ^ input external delay
     1    0.003278    0.021800    0.011994  625.012024 ^ rst_i (in)
                                                         rst_i (net)
                      0.021800    0.000000  625.012024 ^ input2/A (sky130_fd_sc_hd__clkbuf_1)
     1    0.004707    0.065100    0.087766  625.099792 ^ input2/X (sky130_fd_sc_hd__clkbuf_1)
                                                         net2 (net)
                      0.065100    0.000171  625.099915 ^ fanout19/A (sky130_fd_sc_hd__clkbuf_2)
     6    0.033829    0.186696    0.211912  625.311829 ^ fanout19/X (sky130_fd_sc_hd__clkbuf_2)
                                                         net19 (net)
                      0.186697    0.000398  625.312256 ^ fanout16/A (sky130_fd_sc_hd__clkbuf_4)
    10    0.048148    0.151693    0.263810  625.576050 ^ fanout16/X (sky130_fd_sc_hd__clkbuf_4)
                                                         net16 (net)
                      0.151694    0.000739  625.576782 ^ _243_/RESET_B (sky130_fd_sc_hd__dfrtp_1)
                                            625.576782   data arrival time

                                  0.000000    0.000000   clock clk_i (rise edge)
                                  0.000000    0.000000   clock source latency
     1    0.017130    0.082926    0.056813    0.056813 ^ clk_i (in)
                                                         clk_i (net)
                      0.082933    0.000000    0.056813 ^ clkbuf_0_clk_i/A (sky130_fd_sc_hd__clkbuf_16)
     4    0.042408    0.061920    0.157364    0.214177 ^ clkbuf_0_clk_i/X (sky130_fd_sc_hd__clkbuf_16)
                                                         clknet_0_clk_i (net)
                      0.061942    0.001056    0.215233 ^ clkbuf_2_1__f_clk_i/A (sky130_fd_sc_hd__clkbuf_16)
    13    0.042108    0.061694    0.148946    0.364180 ^ clkbuf_2_1__f_clk_i/X (sky130_fd_sc_hd__clkbuf_16)
                                                         clknet_2_1__leaf_clk_i (net)
                      0.061815    0.002315    0.366494 ^ _243_/CLK (sky130_fd_sc_hd__dfrtp_1)
                                  0.250000    0.616494   clock uncertainty
                                  0.000000    0.616494   clock reconvergence pessimism
                                  0.354177    0.970671   library removal time
                                              0.970671   data required time
---------------------------------------------------------------------------------------------
                                              0.970671   data required time
                                           -625.576782   data arrival time
---------------------------------------------------------------------------------------------
                                            624.606140   slack (MET)


Startpoint: rst_i (input port clocked by clk_i)
Endpoint: _247_ (removal check against rising-edge clock clk_i)
Path Group: asynchronous
Path Type: min

Fanout         Cap        Slew       Delay        Time   Description
---------------------------------------------------------------------------------------------
                                  0.000000    0.000000   clock clk_i (rise edge)
                                  0.000000    0.000000   clock network delay (propagated)
                                625.000000  625.000000 ^ input external delay
     1    0.003278    0.021800    0.011994  625.012024 ^ rst_i (in)
                                                         rst_i (net)
                      0.021800    0.000000  625.012024 ^ input2/A (sky130_fd_sc_hd__clkbuf_1)
     1    0.004707    0.065100    0.087766  625.099792 ^ input2/X (sky130_fd_sc_hd__clkbuf_1)
                                                         net2 (net)
                      0.065100    0.000171  625.099915 ^ fanout19/A (sky130_fd_sc_hd__clkbuf_2)
     6    0.033829    0.186696    0.211912  625.311829 ^ fanout19/X (sky130_fd_sc_hd__clkbuf_2)
                                                         net19 (net)
                      0.186697    0.000398  625.312256 ^ fanout16/A (sky130_fd_sc_hd__clkbuf_4)
    10    0.048148    0.151693    0.263810  625.576050 ^ fanout16/X (sky130_fd_sc_hd__clkbuf_4)
                                                         net16 (net)
                      0.151694    0.000796  625.576843 ^ _247_/RESET_B (sky130_fd_sc_hd__dfrtp_1)
                                            625.576843   data arrival time

                                  0.000000    0.000000   clock clk_i (rise edge)
                                  0.000000    0.000000   clock source latency
     1    0.017130    0.082926    0.056813    0.056813 ^ clk_i (in)
                                                         clk_i (net)
                      0.082933    0.000000    0.056813 ^ clkbuf_0_clk_i/A (sky130_fd_sc_hd__clkbuf_16)
     4    0.042408    0.061920    0.157364    0.214177 ^ clkbuf_0_clk_i/X (sky130_fd_sc_hd__clkbuf_16)
                                                         clknet_0_clk_i (net)
                      0.061942    0.001056    0.215233 ^ clkbuf_2_1__f_clk_i/A (sky130_fd_sc_hd__clkbuf_16)
    13    0.042108    0.061694    0.148946    0.364180 ^ clkbuf_2_1__f_clk_i/X (sky130_fd_sc_hd__clkbuf_16)
                                                         clknet_2_1__leaf_clk_i (net)
                      0.061807    0.002247    0.366426 ^ _247_/CLK (sky130_fd_sc_hd__dfrtp_1)
                                  0.250000    0.616426   clock uncertainty
                                  0.000000    0.616426   clock reconvergence pessimism
                                  0.354175    0.970601   library removal time
                                              0.970601   data required time
---------------------------------------------------------------------------------------------
                                              0.970601   data required time
                                           -625.576843   data arrival time
---------------------------------------------------------------------------------------------
                                            624.606262   slack (MET)


Startpoint: rst_i (input port clocked by clk_i)
Endpoint: _250_ (removal check against rising-edge clock clk_i)
Path Group: asynchronous
Path Type: min

Fanout         Cap        Slew       Delay        Time   Description
---------------------------------------------------------------------------------------------
                                  0.000000    0.000000   clock clk_i (rise edge)
                                  0.000000    0.000000   clock network delay (propagated)
                                625.000000  625.000000 ^ input external delay
     1    0.003278    0.021800    0.011994  625.012024 ^ rst_i (in)
                                                         rst_i (net)
                      0.021800    0.000000  625.012024 ^ input2/A (sky130_fd_sc_hd__clkbuf_1)
     1    0.004707    0.065100    0.087766  625.099792 ^ input2/X (sky130_fd_sc_hd__clkbuf_1)
                                                         net2 (net)
                      0.065100    0.000171  625.099915 ^ fanout19/A (sky130_fd_sc_hd__clkbuf_2)
     6    0.033829    0.186696    0.211912  625.311829 ^ fanout19/X (sky130_fd_sc_hd__clkbuf_2)
                                                         net19 (net)
                      0.186697    0.000398  625.312256 ^ fanout16/A (sky130_fd_sc_hd__clkbuf_4)
    10    0.048148    0.151693    0.263810  625.576050 ^ fanout16/X (sky130_fd_sc_hd__clkbuf_4)
                                                         net16 (net)
                      0.151702    0.001307  625.577332 ^ _250_/RESET_B (sky130_fd_sc_hd__dfrtp_1)
                                            625.577332   data arrival time

                                  0.000000    0.000000   clock clk_i (rise edge)
                                  0.000000    0.000000   clock source latency
     1    0.017130    0.082926    0.056813    0.056813 ^ clk_i (in)
                                                         clk_i (net)
                      0.082933    0.000000    0.056813 ^ clkbuf_0_clk_i/A (sky130_fd_sc_hd__clkbuf_16)
     4    0.042408    0.061920    0.157364    0.214177 ^ clkbuf_0_clk_i/X (sky130_fd_sc_hd__clkbuf_16)
                                                         clknet_0_clk_i (net)
                      0.061942    0.001056    0.215233 ^ clkbuf_2_1__f_clk_i/A (sky130_fd_sc_hd__clkbuf_16)
    13    0.042108    0.061694    0.148946    0.364180 ^ clkbuf_2_1__f_clk_i/X (sky130_fd_sc_hd__clkbuf_16)
                                                         clknet_2_1__leaf_clk_i (net)
                      0.061778    0.001968    0.366147 ^ _250_/CLK (sky130_fd_sc_hd__dfrtp_1)
                                  0.250000    0.616147   clock uncertainty
                                  0.000000    0.616147   clock reconvergence pessimism
                                  0.354169    0.970316   library removal time
                                              0.970316   data required time
---------------------------------------------------------------------------------------------
                                              0.970316   data required time
                                           -625.577332   data arrival time
---------------------------------------------------------------------------------------------
                                            624.607056   slack (MET)


Startpoint: rst_i (input port clocked by clk_i)
Endpoint: _262_ (removal check against rising-edge clock clk_i)
Path Group: asynchronous
Path Type: min

Fanout         Cap        Slew       Delay        Time   Description
---------------------------------------------------------------------------------------------
                                  0.000000    0.000000   clock clk_i (rise edge)
                                  0.000000    0.000000   clock network delay (propagated)
                                625.000000  625.000000 ^ input external delay
     1    0.003278    0.021800    0.011994  625.012024 ^ rst_i (in)
                                                         rst_i (net)
                      0.021800    0.000000  625.012024 ^ input2/A (sky130_fd_sc_hd__clkbuf_1)
     1    0.004707    0.065100    0.087766  625.099792 ^ input2/X (sky130_fd_sc_hd__clkbuf_1)
                                                         net2 (net)
                      0.065100    0.000171  625.099915 ^ fanout19/A (sky130_fd_sc_hd__clkbuf_2)
     6    0.033829    0.186696    0.211912  625.311829 ^ fanout19/X (sky130_fd_sc_hd__clkbuf_2)
                                                         net19 (net)
                      0.186697    0.000398  625.312256 ^ fanout16/A (sky130_fd_sc_hd__clkbuf_4)
    10    0.048148    0.151693    0.263810  625.576050 ^ fanout16/X (sky130_fd_sc_hd__clkbuf_4)
                                                         net16 (net)
                      0.151700    0.001194  625.577271 ^ _262_/RESET_B (sky130_fd_sc_hd__dfrtp_1)
                                            625.577271   data arrival time

                                  0.000000    0.000000   clock clk_i (rise edge)
                                  0.000000    0.000000   clock source latency
     1    0.017130    0.082926    0.056813    0.056813 ^ clk_i (in)
                                                         clk_i (net)
                      0.082933    0.000000    0.056813 ^ clkbuf_0_clk_i/A (sky130_fd_sc_hd__clkbuf_16)
     4    0.042408    0.061920    0.157364    0.214177 ^ clkbuf_0_clk_i/X (sky130_fd_sc_hd__clkbuf_16)
                                                         clknet_0_clk_i (net)
                      0.061942    0.001056    0.215233 ^ clkbuf_2_1__f_clk_i/A (sky130_fd_sc_hd__clkbuf_16)
    13    0.042108    0.061694    0.148946    0.364180 ^ clkbuf_2_1__f_clk_i/X (sky130_fd_sc_hd__clkbuf_16)
                                                         clknet_2_1__leaf_clk_i (net)
                      0.061894    0.002382    0.366561 ^ _262_/CLK (sky130_fd_sc_hd__dfrtp_1)
                                  0.250000    0.616561   clock uncertainty
                                  0.000000    0.616561   clock reconvergence pessimism
                                  0.354200    0.970761   library removal time
                                              0.970761   data required time
---------------------------------------------------------------------------------------------
                                              0.970761   data required time
                                           -625.577271   data arrival time
---------------------------------------------------------------------------------------------
                                            624.606445   slack (MET)


Startpoint: rst_i (input port clocked by clk_i)
Endpoint: _246_ (removal check against rising-edge clock clk_i)
Path Group: asynchronous
Path Type: min

Fanout         Cap        Slew       Delay        Time   Description
---------------------------------------------------------------------------------------------
                                  0.000000    0.000000   clock clk_i (rise edge)
                                  0.000000    0.000000   clock network delay (propagated)
                                625.000000  625.000000 ^ input external delay
     1    0.003278    0.021800    0.011994  625.012024 ^ rst_i (in)
                                                         rst_i (net)
                      0.021800    0.000000  625.012024 ^ input2/A (sky130_fd_sc_hd__clkbuf_1)
     1    0.004707    0.065100    0.087766  625.099792 ^ input2/X (sky130_fd_sc_hd__clkbuf_1)
                                                         net2 (net)
                      0.065100    0.000171  625.099915 ^ fanout19/A (sky130_fd_sc_hd__clkbuf_2)
     6    0.033829    0.186696    0.211912  625.311829 ^ fanout19/X (sky130_fd_sc_hd__clkbuf_2)
                                                         net19 (net)
                      0.186697    0.000398  625.312256 ^ fanout16/A (sky130_fd_sc_hd__clkbuf_4)
    10    0.048148    0.151693    0.263810  625.576050 ^ fanout16/X (sky130_fd_sc_hd__clkbuf_4)
                                                         net16 (net)
                      0.151703    0.001364  625.577393 ^ _246_/RESET_B (sky130_fd_sc_hd__dfrtp_1)
                                            625.577393   data arrival time

                                  0.000000    0.000000   clock clk_i (rise edge)
                                  0.000000    0.000000   clock source latency
     1    0.017130    0.082926    0.056813    0.056813 ^ clk_i (in)
                                                         clk_i (net)
                      0.082933    0.000000    0.056813 ^ clkbuf_0_clk_i/A (sky130_fd_sc_hd__clkbuf_16)
     4    0.042408    0.061920    0.157364    0.214177 ^ clkbuf_0_clk_i/X (sky130_fd_sc_hd__clkbuf_16)
                                                         clknet_0_clk_i (net)
                      0.061942    0.001056    0.215233 ^ clkbuf_2_1__f_clk_i/A (sky130_fd_sc_hd__clkbuf_16)
    13    0.042108    0.061694    0.148946    0.364180 ^ clkbuf_2_1__f_clk_i/X (sky130_fd_sc_hd__clkbuf_16)
                                                         clknet_2_1__leaf_clk_i (net)
                      0.061721    0.001287    0.365466 ^ _246_/CLK (sky130_fd_sc_hd__dfrtp_1)
                                  0.250000    0.615466   clock uncertainty
                                  0.000000    0.615466   clock reconvergence pessimism
                                  0.354153    0.969620   library removal time
                                              0.969620   data required time
---------------------------------------------------------------------------------------------
                                              0.969620   data required time
                                           -625.577393   data arrival time
---------------------------------------------------------------------------------------------
                                            624.607788   slack (MET)


Startpoint: rst_i (input port clocked by clk_i)
Endpoint: _261_ (removal check against rising-edge clock clk_i)
Path Group: asynchronous
Path Type: min

Fanout         Cap        Slew       Delay        Time   Description
---------------------------------------------------------------------------------------------
                                  0.000000    0.000000   clock clk_i (rise edge)
                                  0.000000    0.000000   clock network delay (propagated)
                                625.000000  625.000000 ^ input external delay
     1    0.003278    0.021800    0.011994  625.012024 ^ rst_i (in)
                                                         rst_i (net)
                      0.021800    0.000000  625.012024 ^ input2/A (sky130_fd_sc_hd__clkbuf_1)
     1    0.004707    0.065100    0.087766  625.099792 ^ input2/X (sky130_fd_sc_hd__clkbuf_1)
                                                         net2 (net)
                      0.065100    0.000171  625.099915 ^ fanout19/A (sky130_fd_sc_hd__clkbuf_2)
     6    0.033829    0.186696    0.211912  625.311829 ^ fanout19/X (sky130_fd_sc_hd__clkbuf_2)
                                                         net19 (net)
                      0.186697    0.000398  625.312256 ^ fanout16/A (sky130_fd_sc_hd__clkbuf_4)
    10    0.048148    0.151693    0.263810  625.576050 ^ fanout16/X (sky130_fd_sc_hd__clkbuf_4)
                                                         net16 (net)
                      0.151702    0.001307  625.577332 ^ _261_/RESET_B (sky130_fd_sc_hd__dfrtp_1)
                                            625.577332   data arrival time

                                  0.000000    0.000000   clock clk_i (rise edge)
                                  0.000000    0.000000   clock source latency
     1    0.017130    0.082926    0.056813    0.056813 ^ clk_i (in)
                                                         clk_i (net)
                      0.082933    0.000000    0.056813 ^ clkbuf_0_clk_i/A (sky130_fd_sc_hd__clkbuf_16)
     4    0.042408    0.061920    0.157364    0.214177 ^ clkbuf_0_clk_i/X (sky130_fd_sc_hd__clkbuf_16)
                                                         clknet_0_clk_i (net)
                      0.061942    0.001056    0.215233 ^ clkbuf_2_1__f_clk_i/A (sky130_fd_sc_hd__clkbuf_16)
    13    0.042108    0.061694    0.148946    0.364180 ^ clkbuf_2_1__f_clk_i/X (sky130_fd_sc_hd__clkbuf_16)
                                                         clknet_2_1__leaf_clk_i (net)
                      0.061707    0.001043    0.365222 ^ _261_/CLK (sky130_fd_sc_hd__dfrtp_1)
                                  0.250000    0.615222   clock uncertainty
                                  0.000000    0.615222   clock reconvergence pessimism
                                  0.354150    0.969372   library removal time
                                              0.969372   data required time
---------------------------------------------------------------------------------------------
                                              0.969372   data required time
                                           -625.577332   data arrival time
---------------------------------------------------------------------------------------------
                                            624.608032   slack (MET)


Startpoint: rst_i (input port clocked by clk_i)
Endpoint: _241_ (removal check against rising-edge clock clk_i)
Path Group: asynchronous
Path Type: min

Fanout         Cap        Slew       Delay        Time   Description
---------------------------------------------------------------------------------------------
                                  0.000000    0.000000   clock clk_i (rise edge)
                                  0.000000    0.000000   clock network delay (propagated)
                                625.000000  625.000000 ^ input external delay
     1    0.003278    0.021800    0.011994  625.012024 ^ rst_i (in)
                                                         rst_i (net)
                      0.021800    0.000000  625.012024 ^ input2/A (sky130_fd_sc_hd__clkbuf_1)
     1    0.004707    0.065100    0.087766  625.099792 ^ input2/X (sky130_fd_sc_hd__clkbuf_1)
                                                         net2 (net)
                      0.065100    0.000171  625.099915 ^ fanout19/A (sky130_fd_sc_hd__clkbuf_2)
     6    0.033829    0.186696    0.211912  625.311829 ^ fanout19/X (sky130_fd_sc_hd__clkbuf_2)
                                                         net19 (net)
                      0.186697    0.000398  625.312256 ^ fanout16/A (sky130_fd_sc_hd__clkbuf_4)
    10    0.048148    0.151693    0.263810  625.576050 ^ fanout16/X (sky130_fd_sc_hd__clkbuf_4)
                                                         net16 (net)
                      0.151704    0.001421  625.577454 ^ _241_/RESET_B (sky130_fd_sc_hd__dfrtp_1)
                                            625.577454   data arrival time

                                  0.000000    0.000000   clock clk_i (rise edge)
                                  0.000000    0.000000   clock source latency
     1    0.017130    0.082926    0.056813    0.056813 ^ clk_i (in)
                                                         clk_i (net)
                      0.082933    0.000000    0.056813 ^ clkbuf_0_clk_i/A (sky130_fd_sc_hd__clkbuf_16)
     4    0.042408    0.061920    0.157364    0.214177 ^ clkbuf_0_clk_i/X (sky130_fd_sc_hd__clkbuf_16)
                                                         clknet_0_clk_i (net)
                      0.061942    0.001056    0.215233 ^ clkbuf_2_1__f_clk_i/A (sky130_fd_sc_hd__clkbuf_16)
    13    0.042108    0.061694    0.148946    0.364180 ^ clkbuf_2_1__f_clk_i/X (sky130_fd_sc_hd__clkbuf_16)
                                                         clknet_2_1__leaf_clk_i (net)
                      0.061694    0.000417    0.364596 ^ _241_/CLK (sky130_fd_sc_hd__dfrtp_1)
                                  0.250000    0.614596   clock uncertainty
                                  0.000000    0.614596   clock reconvergence pessimism
                                  0.354147    0.968743   library removal time
                                              0.968743   data required time
---------------------------------------------------------------------------------------------
                                              0.968743   data required time
                                           -625.577454   data arrival time
---------------------------------------------------------------------------------------------
                                            624.608765   slack (MET)


Startpoint: rst_i (input port clocked by clk_i)
Endpoint: _245_ (removal check against rising-edge clock clk_i)
Path Group: asynchronous
Path Type: min

Fanout         Cap        Slew       Delay        Time   Description
---------------------------------------------------------------------------------------------
                                  0.000000    0.000000   clock clk_i (rise edge)
                                  0.000000    0.000000   clock network delay (propagated)
                                625.000000  625.000000 ^ input external delay
     1    0.003278    0.021800    0.011994  625.012024 ^ rst_i (in)
                                                         rst_i (net)
                      0.021800    0.000000  625.012024 ^ input2/A (sky130_fd_sc_hd__clkbuf_1)
     1    0.004707    0.065100    0.087766  625.099792 ^ input2/X (sky130_fd_sc_hd__clkbuf_1)
                                                         net2 (net)
                      0.065100    0.000171  625.099915 ^ fanout19/A (sky130_fd_sc_hd__clkbuf_2)
     6    0.033829    0.186696    0.211912  625.311829 ^ fanout19/X (sky130_fd_sc_hd__clkbuf_2)
                                                         net19 (net)
                      0.186704    0.001023  625.312866 ^ fanout14/A (sky130_fd_sc_hd__clkbuf_4)
    10    0.046279    0.146499    0.259945  625.572815 ^ fanout14/X (sky130_fd_sc_hd__clkbuf_4)
                                                         net14 (net)
                      0.146499    0.000512  625.573303 ^ _245_/RESET_B (sky130_fd_sc_hd__dfrtp_1)
                                            625.573303   data arrival time

                                  0.000000    0.000000   clock clk_i (rise edge)
                                  0.000000    0.000000   clock source latency
     1    0.017130    0.082926    0.056813    0.056813 ^ clk_i (in)
                                                         clk_i (net)
                      0.082933    0.000000    0.056813 ^ clkbuf_0_clk_i/A (sky130_fd_sc_hd__clkbuf_16)
     4    0.042408    0.061920    0.157364    0.214177 ^ clkbuf_0_clk_i/X (sky130_fd_sc_hd__clkbuf_16)
                                                         clknet_0_clk_i (net)
                      0.061932    0.000834    0.215011 ^ clkbuf_2_3__f_clk_i/A (sky130_fd_sc_hd__clkbuf_16)
    11    0.037029    0.057128    0.145775    0.360786 ^ clkbuf_2_3__f_clk_i/X (sky130_fd_sc_hd__clkbuf_16)
                                                         clknet_2_3__leaf_clk_i (net)
                      0.057139    0.000708    0.361495 ^ _245_/CLK (sky130_fd_sc_hd__dfrtp_1)
                                  0.250000    0.611495   clock uncertainty
                                  0.000000    0.611495   clock reconvergence pessimism
                                  0.351476    0.962970   library removal time
                                              0.962970   data required time
---------------------------------------------------------------------------------------------
                                              0.962970   data required time
                                           -625.573303   data arrival time
---------------------------------------------------------------------------------------------
                                            624.610352   slack (MET)


Startpoint: rst_i (input port clocked by clk_i)
Endpoint: _244_ (removal check against rising-edge clock clk_i)
Path Group: asynchronous
Path Type: min

Fanout         Cap        Slew       Delay        Time   Description
---------------------------------------------------------------------------------------------
                                  0.000000    0.000000   clock clk_i (rise edge)
                                  0.000000    0.000000   clock network delay (propagated)
                                625.000000  625.000000 ^ input external delay
     1    0.003278    0.021800    0.011994  625.012024 ^ rst_i (in)
                                                         rst_i (net)
                      0.021800    0.000000  625.012024 ^ input2/A (sky130_fd_sc_hd__clkbuf_1)
     1    0.004707    0.065100    0.087766  625.099792 ^ input2/X (sky130_fd_sc_hd__clkbuf_1)
                                                         net2 (net)
                      0.065100    0.000171  625.099915 ^ fanout19/A (sky130_fd_sc_hd__clkbuf_2)
     6    0.033829    0.186696    0.211912  625.311829 ^ fanout19/X (sky130_fd_sc_hd__clkbuf_2)
                                                         net19 (net)
                      0.186704    0.001023  625.312866 ^ fanout14/A (sky130_fd_sc_hd__clkbuf_4)
    10    0.046279    0.146499    0.259945  625.572815 ^ fanout14/X (sky130_fd_sc_hd__clkbuf_4)
                                                         net14 (net)
                      0.146512    0.001478  625.574280 ^ _244_/RESET_B (sky130_fd_sc_hd__dfrtp_1)
                                            625.574280   data arrival time

                                  0.000000    0.000000   clock clk_i (rise edge)
                                  0.000000    0.000000   clock source latency
     1    0.017130    0.082926    0.056813    0.056813 ^ clk_i (in)
                                                         clk_i (net)
                      0.082933    0.000000    0.056813 ^ clkbuf_0_clk_i/A (sky130_fd_sc_hd__clkbuf_16)
     4    0.042408    0.061920    0.157364    0.214177 ^ clkbuf_0_clk_i/X (sky130_fd_sc_hd__clkbuf_16)
                                                         clknet_0_clk_i (net)
                      0.061937    0.000936    0.215113 ^ clkbuf_2_0__f_clk_i/A (sky130_fd_sc_hd__clkbuf_16)
    13    0.035986    0.056142    0.144612    0.359725 ^ clkbuf_2_0__f_clk_i/X (sky130_fd_sc_hd__clkbuf_16)
                                                         clknet_2_0__leaf_clk_i (net)
                      0.056272    0.001664    0.361388 ^ _244_/CLK (sky130_fd_sc_hd__dfrtp_1)
                                  0.250000    0.611388   clock uncertainty
                                  0.000000    0.611388   clock reconvergence pessimism
                                  0.351243    0.962632   library removal time
                                              0.962632   data required time
---------------------------------------------------------------------------------------------
                                              0.962632   data required time
                                           -625.574280   data arrival time
---------------------------------------------------------------------------------------------
                                            624.611633   slack (MET)


Startpoint: rst_i (input port clocked by clk_i)
Endpoint: _252_ (removal check against rising-edge clock clk_i)
Path Group: asynchronous
Path Type: min

Fanout         Cap        Slew       Delay        Time   Description
---------------------------------------------------------------------------------------------
                                  0.000000    0.000000   clock clk_i (rise edge)
                                  0.000000    0.000000   clock network delay (propagated)
                                625.000000  625.000000 ^ input external delay
     1    0.003278    0.021800    0.011994  625.012024 ^ rst_i (in)
                                                         rst_i (net)
                      0.021800    0.000000  625.012024 ^ input2/A (sky130_fd_sc_hd__clkbuf_1)
     1    0.004707    0.065100    0.087766  625.099792 ^ input2/X (sky130_fd_sc_hd__clkbuf_1)
                                                         net2 (net)
                      0.065100    0.000171  625.099915 ^ fanout19/A (sky130_fd_sc_hd__clkbuf_2)
     6    0.033829    0.186696    0.211912  625.311829 ^ fanout19/X (sky130_fd_sc_hd__clkbuf_2)
                                                         net19 (net)
                      0.186704    0.001023  625.312866 ^ fanout14/A (sky130_fd_sc_hd__clkbuf_4)
    10    0.046279    0.146499    0.259945  625.572815 ^ fanout14/X (sky130_fd_sc_hd__clkbuf_4)
                                                         net14 (net)
                      0.146508    0.001307  625.574097 ^ _252_/RESET_B (sky130_fd_sc_hd__dfrtp_1)
                                            625.574097   data arrival time

                                  0.000000    0.000000   clock clk_i (rise edge)
                                  0.000000    0.000000   clock source latency
     1    0.017130    0.082926    0.056813    0.056813 ^ clk_i (in)
                                                         clk_i (net)
                      0.082933    0.000000    0.056813 ^ clkbuf_0_clk_i/A (sky130_fd_sc_hd__clkbuf_16)
     4    0.042408    0.061920    0.157364    0.214177 ^ clkbuf_0_clk_i/X (sky130_fd_sc_hd__clkbuf_16)
                                                         clknet_0_clk_i (net)
                      0.061937    0.000936    0.215113 ^ clkbuf_2_0__f_clk_i/A (sky130_fd_sc_hd__clkbuf_16)
    13    0.035986    0.056142    0.144612    0.359725 ^ clkbuf_2_0__f_clk_i/X (sky130_fd_sc_hd__clkbuf_16)
                                                         clknet_2_0__leaf_clk_i (net)
                      0.056236    0.001244    0.360969 ^ _252_/CLK (sky130_fd_sc_hd__dfrtp_1)
                                  0.250000    0.610969   clock uncertainty
                                  0.000000    0.610969   clock reconvergence pessimism
                                  0.351232    0.962202   library removal time
                                              0.962202   data required time
---------------------------------------------------------------------------------------------
                                              0.962202   data required time
                                           -625.574097   data arrival time
---------------------------------------------------------------------------------------------
                                            624.611938   slack (MET)


Startpoint: rst_i (input port clocked by clk_i)
Endpoint: _254_ (removal check against rising-edge clock clk_i)
Path Group: asynchronous
Path Type: min

Fanout         Cap        Slew       Delay        Time   Description
---------------------------------------------------------------------------------------------
                                  0.000000    0.000000   clock clk_i (rise edge)
                                  0.000000    0.000000   clock network delay (propagated)
                                625.000000  625.000000 ^ input external delay
     1    0.003278    0.021800    0.011994  625.012024 ^ rst_i (in)
                                                         rst_i (net)
                      0.021800    0.000000  625.012024 ^ input2/A (sky130_fd_sc_hd__clkbuf_1)
     1    0.004707    0.065100    0.087766  625.099792 ^ input2/X (sky130_fd_sc_hd__clkbuf_1)
                                                         net2 (net)
                      0.065100    0.000171  625.099915 ^ fanout19/A (sky130_fd_sc_hd__clkbuf_2)
     6    0.033829    0.186696    0.211912  625.311829 ^ fanout19/X (sky130_fd_sc_hd__clkbuf_2)
                                                         net19 (net)
                      0.186704    0.001023  625.312866 ^ fanout14/A (sky130_fd_sc_hd__clkbuf_4)
    10    0.046279    0.146499    0.259945  625.572815 ^ fanout14/X (sky130_fd_sc_hd__clkbuf_4)
                                                         net14 (net)
                      0.146512    0.001478  625.574280 ^ _254_/RESET_B (sky130_fd_sc_hd__dfrtp_1)
                                            625.574280   data arrival time

                                  0.000000    0.000000   clock clk_i (rise edge)
                                  0.000000    0.000000   clock source latency
     1    0.017130    0.082926    0.056813    0.056813 ^ clk_i (in)
                                                         clk_i (net)
                      0.082933    0.000000    0.056813 ^ clkbuf_0_clk_i/A (sky130_fd_sc_hd__clkbuf_16)
     4    0.042408    0.061920    0.157364    0.214177 ^ clkbuf_0_clk_i/X (sky130_fd_sc_hd__clkbuf_16)
                                                         clknet_0_clk_i (net)
                      0.061937    0.000936    0.215113 ^ clkbuf_2_0__f_clk_i/A (sky130_fd_sc_hd__clkbuf_16)
    13    0.035986    0.056142    0.144612    0.359725 ^ clkbuf_2_0__f_clk_i/X (sky130_fd_sc_hd__clkbuf_16)
                                                         clknet_2_0__leaf_clk_i (net)
                      0.056285    0.001809    0.361534 ^ _254_/CLK (sky130_fd_sc_hd__dfrtp_1)
                                  0.250000    0.611534   clock uncertainty
                                  0.000000    0.611534   clock reconvergence pessimism
                                  0.351247    0.962781   library removal time
                                              0.962781   data required time
---------------------------------------------------------------------------------------------
                                              0.962781   data required time
                                           -625.574280   data arrival time
---------------------------------------------------------------------------------------------
                                            624.611511   slack (MET)


Startpoint: rst_i (input port clocked by clk_i)
Endpoint: _257_ (removal check against rising-edge clock clk_i)
Path Group: asynchronous
Path Type: min

Fanout         Cap        Slew       Delay        Time   Description
---------------------------------------------------------------------------------------------
                                  0.000000    0.000000   clock clk_i (rise edge)
                                  0.000000    0.000000   clock network delay (propagated)
                                625.000000  625.000000 ^ input external delay
     1    0.003278    0.021800    0.011994  625.012024 ^ rst_i (in)
                                                         rst_i (net)
                      0.021800    0.000000  625.012024 ^ input2/A (sky130_fd_sc_hd__clkbuf_1)
     1    0.004707    0.065100    0.087766  625.099792 ^ input2/X (sky130_fd_sc_hd__clkbuf_1)
                                                         net2 (net)
                      0.065100    0.000171  625.099915 ^ fanout19/A (sky130_fd_sc_hd__clkbuf_2)
     6    0.033829    0.186696    0.211912  625.311829 ^ fanout19/X (sky130_fd_sc_hd__clkbuf_2)
                                                         net19 (net)
                      0.186704    0.001023  625.312866 ^ fanout14/A (sky130_fd_sc_hd__clkbuf_4)
    10    0.046279    0.146499    0.259945  625.572815 ^ fanout14/X (sky130_fd_sc_hd__clkbuf_4)
                                                         net14 (net)
                      0.146503    0.001023  625.573853 ^ _257_/RESET_B (sky130_fd_sc_hd__dfrtp_1)
                                            625.573853   data arrival time

                                  0.000000    0.000000   clock clk_i (rise edge)
                                  0.000000    0.000000   clock source latency
     1    0.017130    0.082926    0.056813    0.056813 ^ clk_i (in)
                                                         clk_i (net)
                      0.082933    0.000000    0.056813 ^ clkbuf_0_clk_i/A (sky130_fd_sc_hd__clkbuf_16)
     4    0.042408    0.061920    0.157364    0.214177 ^ clkbuf_0_clk_i/X (sky130_fd_sc_hd__clkbuf_16)
                                                         clknet_0_clk_i (net)
                      0.061937    0.000936    0.215113 ^ clkbuf_2_0__f_clk_i/A (sky130_fd_sc_hd__clkbuf_16)
    13    0.035986    0.056142    0.144612    0.359725 ^ clkbuf_2_0__f_clk_i/X (sky130_fd_sc_hd__clkbuf_16)
                                                         clknet_2_0__leaf_clk_i (net)
                      0.056253    0.001447    0.361172 ^ _257_/CLK (sky130_fd_sc_hd__dfrtp_1)
                                  0.250000    0.611172   clock uncertainty
                                  0.000000    0.611172   clock reconvergence pessimism
                                  0.351236    0.962408   library removal time
                                              0.962408   data required time
---------------------------------------------------------------------------------------------
                                              0.962408   data required time
                                           -625.573853   data arrival time
---------------------------------------------------------------------------------------------
                                            624.611450   slack (MET)


Startpoint: rst_i (input port clocked by clk_i)
Endpoint: _258_ (removal check against rising-edge clock clk_i)
Path Group: asynchronous
Path Type: min

Fanout         Cap        Slew       Delay        Time   Description
---------------------------------------------------------------------------------------------
                                  0.000000    0.000000   clock clk_i (rise edge)
                                  0.000000    0.000000   clock network delay (propagated)
                                625.000000  625.000000 ^ input external delay
     1    0.003278    0.021800    0.011994  625.012024 ^ rst_i (in)
                                                         rst_i (net)
                      0.021800    0.000000  625.012024 ^ input2/A (sky130_fd_sc_hd__clkbuf_1)
     1    0.004707    0.065100    0.087766  625.099792 ^ input2/X (sky130_fd_sc_hd__clkbuf_1)
                                                         net2 (net)
                      0.065100    0.000171  625.099915 ^ fanout19/A (sky130_fd_sc_hd__clkbuf_2)
     6    0.033829    0.186696    0.211912  625.311829 ^ fanout19/X (sky130_fd_sc_hd__clkbuf_2)
                                                         net19 (net)
                      0.186704    0.001023  625.312866 ^ fanout14/A (sky130_fd_sc_hd__clkbuf_4)
    10    0.046279    0.146499    0.259945  625.572815 ^ fanout14/X (sky130_fd_sc_hd__clkbuf_4)
                                                         net14 (net)
                      0.146512    0.001478  625.574280 ^ _258_/RESET_B (sky130_fd_sc_hd__dfrtp_1)
                                            625.574280   data arrival time

                                  0.000000    0.000000   clock clk_i (rise edge)
                                  0.000000    0.000000   clock source latency
     1    0.017130    0.082926    0.056813    0.056813 ^ clk_i (in)
                                                         clk_i (net)
                      0.082933    0.000000    0.056813 ^ clkbuf_0_clk_i/A (sky130_fd_sc_hd__clkbuf_16)
     4    0.042408    0.061920    0.157364    0.214177 ^ clkbuf_0_clk_i/X (sky130_fd_sc_hd__clkbuf_16)
                                                         clknet_0_clk_i (net)
                      0.061937    0.000936    0.215113 ^ clkbuf_2_0__f_clk_i/A (sky130_fd_sc_hd__clkbuf_16)
    13    0.035986    0.056142    0.144612    0.359725 ^ clkbuf_2_0__f_clk_i/X (sky130_fd_sc_hd__clkbuf_16)
                                                         clknet_2_0__leaf_clk_i (net)
                      0.056276    0.001712    0.361436 ^ _258_/CLK (sky130_fd_sc_hd__dfrtp_1)
                                  0.250000    0.611436   clock uncertainty
                                  0.000000    0.611436   clock reconvergence pessimism
                                  0.351244    0.962681   library removal time
                                              0.962681   data required time
---------------------------------------------------------------------------------------------
                                              0.962681   data required time
                                           -625.574280   data arrival time
---------------------------------------------------------------------------------------------
                                            624.611572   slack (MET)


Startpoint: rst_i (input port clocked by clk_i)
Endpoint: _256_ (removal check against rising-edge clock clk_i)
Path Group: asynchronous
Path Type: min

Fanout         Cap        Slew       Delay        Time   Description
---------------------------------------------------------------------------------------------
                                  0.000000    0.000000   clock clk_i (rise edge)
                                  0.000000    0.000000   clock network delay (propagated)
                                625.000000  625.000000 ^ input external delay
     1    0.003278    0.021800    0.011994  625.012024 ^ rst_i (in)
                                                         rst_i (net)
                      0.021800    0.000000  625.012024 ^ input2/A (sky130_fd_sc_hd__clkbuf_1)
     1    0.004707    0.065100    0.087766  625.099792 ^ input2/X (sky130_fd_sc_hd__clkbuf_1)
                                                         net2 (net)
                      0.065100    0.000171  625.099915 ^ fanout19/A (sky130_fd_sc_hd__clkbuf_2)
     6    0.033829    0.186696    0.211912  625.311829 ^ fanout19/X (sky130_fd_sc_hd__clkbuf_2)
                                                         net19 (net)
                      0.186704    0.001023  625.312866 ^ fanout14/A (sky130_fd_sc_hd__clkbuf_4)
    10    0.046279    0.146499    0.259945  625.572815 ^ fanout14/X (sky130_fd_sc_hd__clkbuf_4)
                                                         net14 (net)
                      0.146509    0.001364  625.574158 ^ _256_/RESET_B (sky130_fd_sc_hd__dfrtp_1)
                                            625.574158   data arrival time

                                  0.000000    0.000000   clock clk_i (rise edge)
                                  0.000000    0.000000   clock source latency
     1    0.017130    0.082926    0.056813    0.056813 ^ clk_i (in)
                                                         clk_i (net)
                      0.082933    0.000000    0.056813 ^ clkbuf_0_clk_i/A (sky130_fd_sc_hd__clkbuf_16)
     4    0.042408    0.061920    0.157364    0.214177 ^ clkbuf_0_clk_i/X (sky130_fd_sc_hd__clkbuf_16)
                                                         clknet_0_clk_i (net)
                      0.061937    0.000936    0.215113 ^ clkbuf_2_0__f_clk_i/A (sky130_fd_sc_hd__clkbuf_16)
    13    0.035986    0.056142    0.144612    0.359725 ^ clkbuf_2_0__f_clk_i/X (sky130_fd_sc_hd__clkbuf_16)
                                                         clknet_2_0__leaf_clk_i (net)
                      0.056215    0.000983    0.360707 ^ _256_/CLK (sky130_fd_sc_hd__dfrtp_1)
                                  0.250000    0.610707   clock uncertainty
                                  0.000000    0.610707   clock reconvergence pessimism
                                  0.351227    0.961934   library removal time
                                              0.961934   data required time
---------------------------------------------------------------------------------------------
                                              0.961934   data required time
                                           -625.574158   data arrival time
---------------------------------------------------------------------------------------------
                                            624.612244   slack (MET)


Startpoint: rst_i (input port clocked by clk_i)
Endpoint: _259_ (removal check against rising-edge clock clk_i)
Path Group: asynchronous
Path Type: min

Fanout         Cap        Slew       Delay        Time   Description
---------------------------------------------------------------------------------------------
                                  0.000000    0.000000   clock clk_i (rise edge)
                                  0.000000    0.000000   clock network delay (propagated)
                                625.000000  625.000000 ^ input external delay
     1    0.003278    0.021800    0.011994  625.012024 ^ rst_i (in)
                                                         rst_i (net)
                      0.021800    0.000000  625.012024 ^ input2/A (sky130_fd_sc_hd__clkbuf_1)
     1    0.004707    0.065100    0.087766  625.099792 ^ input2/X (sky130_fd_sc_hd__clkbuf_1)
                                                         net2 (net)
                      0.065100    0.000171  625.099915 ^ fanout19/A (sky130_fd_sc_hd__clkbuf_2)
     6    0.033829    0.186696    0.211912  625.311829 ^ fanout19/X (sky130_fd_sc_hd__clkbuf_2)
                                                         net19 (net)
                      0.186704    0.001023  625.312866 ^ fanout14/A (sky130_fd_sc_hd__clkbuf_4)
    10    0.046279    0.146499    0.259945  625.572815 ^ fanout14/X (sky130_fd_sc_hd__clkbuf_4)
                                                         net14 (net)
                      0.146511    0.001478  625.574280 ^ _259_/RESET_B (sky130_fd_sc_hd__dfrtp_1)
                                            625.574280   data arrival time

                                  0.000000    0.000000   clock clk_i (rise edge)
                                  0.000000    0.000000   clock source latency
     1    0.017130    0.082926    0.056813    0.056813 ^ clk_i (in)
                                                         clk_i (net)
                      0.082933    0.000000    0.056813 ^ clkbuf_0_clk_i/A (sky130_fd_sc_hd__clkbuf_16)
     4    0.042408    0.061920    0.157364    0.214177 ^ clkbuf_0_clk_i/X (sky130_fd_sc_hd__clkbuf_16)
                                                         clknet_0_clk_i (net)
                      0.061937    0.000936    0.215113 ^ clkbuf_2_0__f_clk_i/A (sky130_fd_sc_hd__clkbuf_16)
    13    0.035986    0.056142    0.144612    0.359725 ^ clkbuf_2_0__f_clk_i/X (sky130_fd_sc_hd__clkbuf_16)
                                                         clknet_2_0__leaf_clk_i (net)
                      0.056268    0.001615    0.361339 ^ _259_/CLK (sky130_fd_sc_hd__dfrtp_1)
                                  0.250000    0.611339   clock uncertainty
                                  0.000000    0.611339   clock reconvergence pessimism
                                  0.351242    0.962581   library removal time
                                              0.962581   data required time
---------------------------------------------------------------------------------------------
                                              0.962581   data required time
                                           -625.574280   data arrival time
---------------------------------------------------------------------------------------------
                                            624.611694   slack (MET)


Startpoint: rst_i (input port clocked by clk_i)
Endpoint: _260_ (removal check against rising-edge clock clk_i)
Path Group: asynchronous
Path Type: min

Fanout         Cap        Slew       Delay        Time   Description
---------------------------------------------------------------------------------------------
                                  0.000000    0.000000   clock clk_i (rise edge)
                                  0.000000    0.000000   clock network delay (propagated)
                                625.000000  625.000000 ^ input external delay
     1    0.003278    0.021800    0.011994  625.012024 ^ rst_i (in)
                                                         rst_i (net)
                      0.021800    0.000000  625.012024 ^ input2/A (sky130_fd_sc_hd__clkbuf_1)
     1    0.004707    0.065100    0.087766  625.099792 ^ input2/X (sky130_fd_sc_hd__clkbuf_1)
                                                         net2 (net)
                      0.065100    0.000171  625.099915 ^ fanout19/A (sky130_fd_sc_hd__clkbuf_2)
     6    0.033829    0.186696    0.211912  625.311829 ^ fanout19/X (sky130_fd_sc_hd__clkbuf_2)
                                                         net19 (net)
                      0.186704    0.001023  625.312866 ^ fanout14/A (sky130_fd_sc_hd__clkbuf_4)
    10    0.046279    0.146499    0.259945  625.572815 ^ fanout14/X (sky130_fd_sc_hd__clkbuf_4)
                                                         net14 (net)
                      0.146512    0.001478  625.574280 ^ _260_/RESET_B (sky130_fd_sc_hd__dfrtp_1)
                                            625.574280   data arrival time

                                  0.000000    0.000000   clock clk_i (rise edge)
                                  0.000000    0.000000   clock source latency
     1    0.017130    0.082926    0.056813    0.056813 ^ clk_i (in)
                                                         clk_i (net)
                      0.082933    0.000000    0.056813 ^ clkbuf_0_clk_i/A (sky130_fd_sc_hd__clkbuf_16)
     4    0.042408    0.061920    0.157364    0.214177 ^ clkbuf_0_clk_i/X (sky130_fd_sc_hd__clkbuf_16)
                                                         clknet_0_clk_i (net)
                      0.061937    0.000936    0.215113 ^ clkbuf_2_0__f_clk_i/A (sky130_fd_sc_hd__clkbuf_16)
    13    0.035986    0.056142    0.144612    0.359725 ^ clkbuf_2_0__f_clk_i/X (sky130_fd_sc_hd__clkbuf_16)
                                                         clknet_2_0__leaf_clk_i (net)
                      0.056270    0.001643    0.361368 ^ _260_/CLK (sky130_fd_sc_hd__dfrtp_1)
                                  0.250000    0.611368   clock uncertainty
                                  0.000000    0.611368   clock reconvergence pessimism
                                  0.351243    0.962610   library removal time
                                              0.962610   data required time
---------------------------------------------------------------------------------------------
                                              0.962610   data required time
                                           -625.574280   data arrival time
---------------------------------------------------------------------------------------------
                                            624.611694   slack (MET)


Startpoint: rst_i (input port clocked by clk_i)
Endpoint: _227_ (removal check against rising-edge clock clk_i)
Path Group: asynchronous
Path Type: min

Fanout         Cap        Slew       Delay        Time   Description
---------------------------------------------------------------------------------------------
                                  0.000000    0.000000   clock clk_i (rise edge)
                                  0.000000    0.000000   clock network delay (propagated)
                                625.000000  625.000000 ^ input external delay
     1    0.003278    0.021800    0.011994  625.012024 ^ rst_i (in)
                                                         rst_i (net)
                      0.021800    0.000000  625.012024 ^ input2/A (sky130_fd_sc_hd__clkbuf_1)
     1    0.004707    0.065100    0.087766  625.099792 ^ input2/X (sky130_fd_sc_hd__clkbuf_1)
                                                         net2 (net)
                      0.065100    0.000171  625.099915 ^ fanout19/A (sky130_fd_sc_hd__clkbuf_2)
     6    0.033829    0.186696    0.211912  625.311829 ^ fanout19/X (sky130_fd_sc_hd__clkbuf_2)
                                                         net19 (net)
                      0.186714    0.001535  625.313354 ^ fanout17/A (sky130_fd_sc_hd__clkbuf_4)
    10    0.054270    0.167310    0.275861  625.589233 ^ fanout17/X (sky130_fd_sc_hd__clkbuf_4)
                                                         net17 (net)
                      0.167313    0.001080  625.590332 ^ _227_/RESET_B (sky130_fd_sc_hd__dfrtp_1)
                                            625.590332   data arrival time

                                  0.000000    0.000000   clock clk_i (rise edge)
                                  0.000000    0.000000   clock source latency
     1    0.017130    0.082926    0.056813    0.056813 ^ clk_i (in)
                                                         clk_i (net)
                      0.082933    0.000000    0.056813 ^ clkbuf_0_clk_i/A (sky130_fd_sc_hd__clkbuf_16)
     4    0.042408    0.061920    0.157364    0.214177 ^ clkbuf_0_clk_i/X (sky130_fd_sc_hd__clkbuf_16)
                                                         clknet_0_clk_i (net)
                      0.061932    0.000834    0.215011 ^ clkbuf_2_3__f_clk_i/A (sky130_fd_sc_hd__clkbuf_16)
    11    0.037029    0.057128    0.145775    0.360786 ^ clkbuf_2_3__f_clk_i/X (sky130_fd_sc_hd__clkbuf_16)
                                                         clknet_2_3__leaf_clk_i (net)
                      0.057137    0.000649    0.361435 ^ _227_/CLK (sky130_fd_sc_hd__dfrtp_1)
                                  0.250000    0.611435   clock uncertainty
                                  0.000000    0.611435   clock reconvergence pessimism
                                  0.357200    0.968635   library removal time
                                              0.968635   data required time
---------------------------------------------------------------------------------------------
                                              0.968635   data required time
                                           -625.590332   data arrival time
---------------------------------------------------------------------------------------------
                                            624.621704   slack (MET)


Startpoint: rst_i (input port clocked by clk_i)
Endpoint: _228_ (removal check against rising-edge clock clk_i)
Path Group: asynchronous
Path Type: min

Fanout         Cap        Slew       Delay        Time   Description
---------------------------------------------------------------------------------------------
                                  0.000000    0.000000   clock clk_i (rise edge)
                                  0.000000    0.000000   clock network delay (propagated)
                                625.000000  625.000000 ^ input external delay
     1    0.003278    0.021800    0.011994  625.012024 ^ rst_i (in)
                                                         rst_i (net)
                      0.021800    0.000000  625.012024 ^ input2/A (sky130_fd_sc_hd__clkbuf_1)
     1    0.004707    0.065100    0.087766  625.099792 ^ input2/X (sky130_fd_sc_hd__clkbuf_1)
                                                         net2 (net)
                      0.065100    0.000171  625.099915 ^ fanout19/A (sky130_fd_sc_hd__clkbuf_2)
     6    0.033829    0.186696    0.211912  625.311829 ^ fanout19/X (sky130_fd_sc_hd__clkbuf_2)
                                                         net19 (net)
                      0.186714    0.001535  625.313354 ^ fanout17/A (sky130_fd_sc_hd__clkbuf_4)
    10    0.054270    0.167310    0.275861  625.589233 ^ fanout17/X (sky130_fd_sc_hd__clkbuf_4)
                                                         net17 (net)
                      0.167310    0.000682  625.589905 ^ _228_/RESET_B (sky130_fd_sc_hd__dfrtp_1)
                                            625.589905   data arrival time

                                  0.000000    0.000000   clock clk_i (rise edge)
                                  0.000000    0.000000   clock source latency
     1    0.017130    0.082926    0.056813    0.056813 ^ clk_i (in)
                                                         clk_i (net)
                      0.082933    0.000000    0.056813 ^ clkbuf_0_clk_i/A (sky130_fd_sc_hd__clkbuf_16)
     4    0.042408    0.061920    0.157364    0.214177 ^ clkbuf_0_clk_i/X (sky130_fd_sc_hd__clkbuf_16)
                                                         clknet_0_clk_i (net)
                      0.061932    0.000834    0.215011 ^ clkbuf_2_3__f_clk_i/A (sky130_fd_sc_hd__clkbuf_16)
    11    0.037029    0.057128    0.145775    0.360786 ^ clkbuf_2_3__f_clk_i/X (sky130_fd_sc_hd__clkbuf_16)
                                                         clknet_2_3__leaf_clk_i (net)
                      0.057135    0.000613    0.361399 ^ _228_/CLK (sky130_fd_sc_hd__dfrtp_1)
                                  0.250000    0.611399   clock uncertainty
                                  0.000000    0.611399   clock reconvergence pessimism
                                  0.357199    0.968598   library removal time
                                              0.968598   data required time
---------------------------------------------------------------------------------------------
                                              0.968598   data required time
                                           -625.589905   data arrival time
---------------------------------------------------------------------------------------------
                                            624.621338   slack (MET)


Startpoint: rst_i (input port clocked by clk_i)
Endpoint: _231_ (removal check against rising-edge clock clk_i)
Path Group: asynchronous
Path Type: min

Fanout         Cap        Slew       Delay        Time   Description
---------------------------------------------------------------------------------------------
                                  0.000000    0.000000   clock clk_i (rise edge)
                                  0.000000    0.000000   clock network delay (propagated)
                                625.000000  625.000000 ^ input external delay
     1    0.003278    0.021800    0.011994  625.012024 ^ rst_i (in)
                                                         rst_i (net)
                      0.021800    0.000000  625.012024 ^ input2/A (sky130_fd_sc_hd__clkbuf_1)
     1    0.004707    0.065100    0.087766  625.099792 ^ input2/X (sky130_fd_sc_hd__clkbuf_1)
                                                         net2 (net)
                      0.065100    0.000171  625.099915 ^ fanout19/A (sky130_fd_sc_hd__clkbuf_2)
     6    0.033829    0.186696    0.211912  625.311829 ^ fanout19/X (sky130_fd_sc_hd__clkbuf_2)
                                                         net19 (net)
                      0.186714    0.001535  625.313354 ^ fanout17/A (sky130_fd_sc_hd__clkbuf_4)
    10    0.054270    0.167310    0.275861  625.589233 ^ fanout17/X (sky130_fd_sc_hd__clkbuf_4)
                                                         net17 (net)
                      0.167327    0.001819  625.591064 ^ _231_/RESET_B (sky130_fd_sc_hd__dfrtp_4)
                                            625.591064   data arrival time

                                  0.000000    0.000000   clock clk_i (rise edge)
                                  0.000000    0.000000   clock source latency
     1    0.017130    0.082926    0.056813    0.056813 ^ clk_i (in)
                                                         clk_i (net)
                      0.082933    0.000000    0.056813 ^ clkbuf_0_clk_i/A (sky130_fd_sc_hd__clkbuf_16)
     4    0.042408    0.061920    0.157364    0.214177 ^ clkbuf_0_clk_i/X (sky130_fd_sc_hd__clkbuf_16)
                                                         clknet_0_clk_i (net)
                      0.061932    0.000825    0.215002 ^ clkbuf_2_2__f_clk_i/A (sky130_fd_sc_hd__clkbuf_16)
    10    0.035670    0.055890    0.144723    0.359725 ^ clkbuf_2_2__f_clk_i/X (sky130_fd_sc_hd__clkbuf_16)
                                                         clknet_2_2__leaf_clk_i (net)
                      0.055935    0.000817    0.360542 ^ _231_/CLK (sky130_fd_sc_hd__dfrtp_4)
                                  0.250000    0.610542   clock uncertainty
                                  0.000000    0.610542   clock reconvergence pessimism
                                  0.356955    0.967497   library removal time
                                              0.967497   data required time
---------------------------------------------------------------------------------------------
                                              0.967497   data required time
                                           -625.591064   data arrival time
---------------------------------------------------------------------------------------------
                                            624.623596   slack (MET)


Startpoint: rst_i (input port clocked by clk_i)
Endpoint: _232_ (removal check against rising-edge clock clk_i)
Path Group: asynchronous
Path Type: min

Fanout         Cap        Slew       Delay        Time   Description
---------------------------------------------------------------------------------------------
                                  0.000000    0.000000   clock clk_i (rise edge)
                                  0.000000    0.000000   clock network delay (propagated)
                                625.000000  625.000000 ^ input external delay
     1    0.003278    0.021800    0.011994  625.012024 ^ rst_i (in)
                                                         rst_i (net)
                      0.021800    0.000000  625.012024 ^ input2/A (sky130_fd_sc_hd__clkbuf_1)
     1    0.004707    0.065100    0.087766  625.099792 ^ input2/X (sky130_fd_sc_hd__clkbuf_1)
                                                         net2 (net)
                      0.065100    0.000171  625.099915 ^ fanout19/A (sky130_fd_sc_hd__clkbuf_2)
     6    0.033829    0.186696    0.211912  625.311829 ^ fanout19/X (sky130_fd_sc_hd__clkbuf_2)
                                                         net19 (net)
                      0.186714    0.001535  625.313354 ^ fanout17/A (sky130_fd_sc_hd__clkbuf_4)
    10    0.054270    0.167310    0.275861  625.589233 ^ fanout17/X (sky130_fd_sc_hd__clkbuf_4)
                                                         net17 (net)
                      0.167328    0.001876  625.591125 ^ _232_/RESET_B (sky130_fd_sc_hd__dfrtp_1)
                                            625.591125   data arrival time

                                  0.000000    0.000000   clock clk_i (rise edge)
                                  0.000000    0.000000   clock source latency
     1    0.017130    0.082926    0.056813    0.056813 ^ clk_i (in)
                                                         clk_i (net)
                      0.082933    0.000000    0.056813 ^ clkbuf_0_clk_i/A (sky130_fd_sc_hd__clkbuf_16)
     4    0.042408    0.061920    0.157364    0.214177 ^ clkbuf_0_clk_i/X (sky130_fd_sc_hd__clkbuf_16)
                                                         clknet_0_clk_i (net)
                      0.061932    0.000825    0.215002 ^ clkbuf_2_2__f_clk_i/A (sky130_fd_sc_hd__clkbuf_16)
    10    0.035670    0.055890    0.144723    0.359725 ^ clkbuf_2_2__f_clk_i/X (sky130_fd_sc_hd__clkbuf_16)
                                                         clknet_2_2__leaf_clk_i (net)
                      0.055933    0.000775    0.360500 ^ _232_/CLK (sky130_fd_sc_hd__dfrtp_1)
                                  0.250000    0.610500   clock uncertainty
                                  0.000000    0.610500   clock reconvergence pessimism
                                  0.356877    0.967376   library removal time
                                              0.967376   data required time
---------------------------------------------------------------------------------------------
                                              0.967376   data required time
                                           -625.591125   data arrival time
---------------------------------------------------------------------------------------------
                                            624.623779   slack (MET)


Startpoint: rst_i (input port clocked by clk_i)
Endpoint: _234_ (removal check against rising-edge clock clk_i)
Path Group: asynchronous
Path Type: min

Fanout         Cap        Slew       Delay        Time   Description
---------------------------------------------------------------------------------------------
                                  0.000000    0.000000   clock clk_i (rise edge)
                                  0.000000    0.000000   clock network delay (propagated)
                                625.000000  625.000000 ^ input external delay
     1    0.003278    0.021800    0.011994  625.012024 ^ rst_i (in)
                                                         rst_i (net)
                      0.021800    0.000000  625.012024 ^ input2/A (sky130_fd_sc_hd__clkbuf_1)
     1    0.004707    0.065100    0.087766  625.099792 ^ input2/X (sky130_fd_sc_hd__clkbuf_1)
                                                         net2 (net)
                      0.065100    0.000171  625.099915 ^ fanout19/A (sky130_fd_sc_hd__clkbuf_2)
     6    0.033829    0.186696    0.211912  625.311829 ^ fanout19/X (sky130_fd_sc_hd__clkbuf_2)
                                                         net19 (net)
                      0.186714    0.001535  625.313354 ^ fanout17/A (sky130_fd_sc_hd__clkbuf_4)
    10    0.054270    0.167310    0.275861  625.589233 ^ fanout17/X (sky130_fd_sc_hd__clkbuf_4)
                                                         net17 (net)
                      0.167333    0.002046  625.591309 ^ _234_/RESET_B (sky130_fd_sc_hd__dfrtp_4)
                                            625.591309   data arrival time

                                  0.000000    0.000000   clock clk_i (rise edge)
                                  0.000000    0.000000   clock source latency
     1    0.017130    0.082926    0.056813    0.056813 ^ clk_i (in)
                                                         clk_i (net)
                      0.082933    0.000000    0.056813 ^ clkbuf_0_clk_i/A (sky130_fd_sc_hd__clkbuf_16)
     4    0.042408    0.061920    0.157364    0.214177 ^ clkbuf_0_clk_i/X (sky130_fd_sc_hd__clkbuf_16)
                                                         clknet_0_clk_i (net)
                      0.061932    0.000825    0.215002 ^ clkbuf_2_2__f_clk_i/A (sky130_fd_sc_hd__clkbuf_16)
    10    0.035670    0.055890    0.144723    0.359725 ^ clkbuf_2_2__f_clk_i/X (sky130_fd_sc_hd__clkbuf_16)
                                                         clknet_2_2__leaf_clk_i (net)
                      0.055935    0.000807    0.360532 ^ _234_/CLK (sky130_fd_sc_hd__dfrtp_4)
                                  0.250000    0.610532   clock uncertainty
                                  0.000000    0.610532   clock reconvergence pessimism
                                  0.356956    0.967488   library removal time
                                              0.967488   data required time
---------------------------------------------------------------------------------------------
                                              0.967488   data required time
                                           -625.591309   data arrival time
---------------------------------------------------------------------------------------------
                                            624.623840   slack (MET)


Startpoint: rst_i (input port clocked by clk_i)
Endpoint: _230_ (removal check against rising-edge clock clk_i)
Path Group: asynchronous
Path Type: min

Fanout         Cap        Slew       Delay        Time   Description
---------------------------------------------------------------------------------------------
                                  0.000000    0.000000   clock clk_i (rise edge)
                                  0.000000    0.000000   clock network delay (propagated)
                                625.000000  625.000000 ^ input external delay
     1    0.003278    0.021800    0.011994  625.012024 ^ rst_i (in)
                                                         rst_i (net)
                      0.021800    0.000000  625.012024 ^ input2/A (sky130_fd_sc_hd__clkbuf_1)
     1    0.004707    0.065100    0.087766  625.099792 ^ input2/X (sky130_fd_sc_hd__clkbuf_1)
                                                         net2 (net)
                      0.065100    0.000171  625.099915 ^ fanout19/A (sky130_fd_sc_hd__clkbuf_2)
     6    0.033829    0.186696    0.211912  625.311829 ^ fanout19/X (sky130_fd_sc_hd__clkbuf_2)
                                                         net19 (net)
                      0.186714    0.001535  625.313354 ^ fanout17/A (sky130_fd_sc_hd__clkbuf_4)
    10    0.054270    0.167310    0.275861  625.589233 ^ fanout17/X (sky130_fd_sc_hd__clkbuf_4)
                                                         net17 (net)
                      0.167358    0.002728  625.591980 ^ _230_/RESET_B (sky130_fd_sc_hd__dfrtp_1)
                                            625.591980   data arrival time

                                  0.000000    0.000000   clock clk_i (rise edge)
                                  0.000000    0.000000   clock source latency
     1    0.017130    0.082926    0.056813    0.056813 ^ clk_i (in)
                                                         clk_i (net)
                      0.082933    0.000000    0.056813 ^ clkbuf_0_clk_i/A (sky130_fd_sc_hd__clkbuf_16)
     4    0.042408    0.061920    0.157364    0.214177 ^ clkbuf_0_clk_i/X (sky130_fd_sc_hd__clkbuf_16)
                                                         clknet_0_clk_i (net)
                      0.061932    0.000825    0.215002 ^ clkbuf_2_2__f_clk_i/A (sky130_fd_sc_hd__clkbuf_16)
    10    0.035670    0.055890    0.144723    0.359725 ^ clkbuf_2_2__f_clk_i/X (sky130_fd_sc_hd__clkbuf_16)
                                                         clknet_2_2__leaf_clk_i (net)
                      0.055929    0.000685    0.360410 ^ _230_/CLK (sky130_fd_sc_hd__dfrtp_1)
                                  0.250000    0.610409   clock uncertainty
                                  0.000000    0.610409   clock reconvergence pessimism
                                  0.356884    0.967294   library removal time
                                              0.967294   data required time
---------------------------------------------------------------------------------------------
                                              0.967294   data required time
                                           -625.591980   data arrival time
---------------------------------------------------------------------------------------------
                                            624.624695   slack (MET)


Startpoint: rst_i (input port clocked by clk_i)
Endpoint: _233_ (removal check against rising-edge clock clk_i)
Path Group: asynchronous
Path Type: min

Fanout         Cap        Slew       Delay        Time   Description
---------------------------------------------------------------------------------------------
                                  0.000000    0.000000   clock clk_i (rise edge)
                                  0.000000    0.000000   clock network delay (propagated)
                                625.000000  625.000000 ^ input external delay
     1    0.003278    0.021800    0.011994  625.012024 ^ rst_i (in)
                                                         rst_i (net)
                      0.021800    0.000000  625.012024 ^ input2/A (sky130_fd_sc_hd__clkbuf_1)
     1    0.004707    0.065100    0.087766  625.099792 ^ input2/X (sky130_fd_sc_hd__clkbuf_1)
                                                         net2 (net)
                      0.065100    0.000171  625.099915 ^ fanout19/A (sky130_fd_sc_hd__clkbuf_2)
     6    0.033829    0.186696    0.211912  625.311829 ^ fanout19/X (sky130_fd_sc_hd__clkbuf_2)
                                                         net19 (net)
                      0.186714    0.001535  625.313354 ^ fanout17/A (sky130_fd_sc_hd__clkbuf_4)
    10    0.054270    0.167310    0.275861  625.589233 ^ fanout17/X (sky130_fd_sc_hd__clkbuf_4)
                                                         net17 (net)
                      0.167350    0.002558  625.591797 ^ _233_/RESET_B (sky130_fd_sc_hd__dfrtp_4)
                                            625.591797   data arrival time

                                  0.000000    0.000000   clock clk_i (rise edge)
                                  0.000000    0.000000   clock source latency
     1    0.017130    0.082926    0.056813    0.056813 ^ clk_i (in)
                                                         clk_i (net)
                      0.082933    0.000000    0.056813 ^ clkbuf_0_clk_i/A (sky130_fd_sc_hd__clkbuf_16)
     4    0.042408    0.061920    0.157364    0.214177 ^ clkbuf_0_clk_i/X (sky130_fd_sc_hd__clkbuf_16)
                                                         clknet_0_clk_i (net)
                      0.061932    0.000825    0.215002 ^ clkbuf_2_2__f_clk_i/A (sky130_fd_sc_hd__clkbuf_16)
    10    0.035670    0.055890    0.144723    0.359725 ^ clkbuf_2_2__f_clk_i/X (sky130_fd_sc_hd__clkbuf_16)
                                                         clknet_2_2__leaf_clk_i (net)
                      0.055933    0.000783    0.360508 ^ _233_/CLK (sky130_fd_sc_hd__dfrtp_4)
                                  0.250000    0.610508   clock uncertainty
                                  0.000000    0.610508   clock reconvergence pessimism
                                  0.356961    0.967468   library removal time
                                              0.967468   data required time
---------------------------------------------------------------------------------------------
                                              0.967468   data required time
                                           -625.591797   data arrival time
---------------------------------------------------------------------------------------------
                                            624.624329   slack (MET)


Startpoint: rst_i (input port clocked by clk_i)
Endpoint: _267_ (removal check against rising-edge clock clk_i)
Path Group: asynchronous
Path Type: min

Fanout         Cap        Slew       Delay        Time   Description
---------------------------------------------------------------------------------------------
                                  0.000000    0.000000   clock clk_i (rise edge)
                                  0.000000    0.000000   clock network delay (propagated)
                                625.000000  625.000000 ^ input external delay
     1    0.003278    0.021800    0.011994  625.012024 ^ rst_i (in)
                                                         rst_i (net)
                      0.021800    0.000000  625.012024 ^ input2/A (sky130_fd_sc_hd__clkbuf_1)
     1    0.004707    0.065100    0.087766  625.099792 ^ input2/X (sky130_fd_sc_hd__clkbuf_1)
                                                         net2 (net)
                      0.065100    0.000171  625.099915 ^ fanout19/A (sky130_fd_sc_hd__clkbuf_2)
     6    0.033829    0.186696    0.211912  625.311829 ^ fanout19/X (sky130_fd_sc_hd__clkbuf_2)
                                                         net19 (net)
                      0.186714    0.001535  625.313354 ^ fanout17/A (sky130_fd_sc_hd__clkbuf_4)
    10    0.054270    0.167310    0.275861  625.589233 ^ fanout17/X (sky130_fd_sc_hd__clkbuf_4)
                                                         net17 (net)
                      0.167356    0.002672  625.591919 ^ _267_/RESET_B (sky130_fd_sc_hd__dfrtp_2)
                                            625.591919   data arrival time

                                  0.000000    0.000000   clock clk_i (rise edge)
                                  0.000000    0.000000   clock source latency
     1    0.017130    0.082926    0.056813    0.056813 ^ clk_i (in)
                                                         clk_i (net)
                      0.082933    0.000000    0.056813 ^ clkbuf_0_clk_i/A (sky130_fd_sc_hd__clkbuf_16)
     4    0.042408    0.061920    0.157364    0.214177 ^ clkbuf_0_clk_i/X (sky130_fd_sc_hd__clkbuf_16)
                                                         clknet_0_clk_i (net)
                      0.061932    0.000825    0.215002 ^ clkbuf_2_2__f_clk_i/A (sky130_fd_sc_hd__clkbuf_16)
    10    0.035670    0.055890    0.144723    0.359725 ^ clkbuf_2_2__f_clk_i/X (sky130_fd_sc_hd__clkbuf_16)
                                                         clknet_2_2__leaf_clk_i (net)
                      0.055932    0.000752    0.360477 ^ _267_/CLK (sky130_fd_sc_hd__dfrtp_2)
                                  0.250000    0.610477   clock uncertainty
                                  0.000000    0.610477   clock reconvergence pessimism
                                  0.356607    0.967084   library removal time
                                              0.967084   data required time
---------------------------------------------------------------------------------------------
                                              0.967084   data required time
                                           -625.591919   data arrival time
---------------------------------------------------------------------------------------------
                                            624.624817   slack (MET)


Startpoint: rst_i (input port clocked by clk_i)
Endpoint: _268_ (removal check against rising-edge clock clk_i)
Path Group: asynchronous
Path Type: min

Fanout         Cap        Slew       Delay        Time   Description
---------------------------------------------------------------------------------------------
                                  0.000000    0.000000   clock clk_i (rise edge)
                                  0.000000    0.000000   clock network delay (propagated)
                                625.000000  625.000000 ^ input external delay
     1    0.003278    0.021800    0.011994  625.012024 ^ rst_i (in)
                                                         rst_i (net)
                      0.021800    0.000000  625.012024 ^ input2/A (sky130_fd_sc_hd__clkbuf_1)
     1    0.004707    0.065100    0.087766  625.099792 ^ input2/X (sky130_fd_sc_hd__clkbuf_1)
                                                         net2 (net)
                      0.065100    0.000171  625.099915 ^ fanout19/A (sky130_fd_sc_hd__clkbuf_2)
     6    0.033829    0.186696    0.211912  625.311829 ^ fanout19/X (sky130_fd_sc_hd__clkbuf_2)
                                                         net19 (net)
                      0.186714    0.001535  625.313354 ^ fanout17/A (sky130_fd_sc_hd__clkbuf_4)
    10    0.054270    0.167310    0.275861  625.589233 ^ fanout17/X (sky130_fd_sc_hd__clkbuf_4)
                                                         net17 (net)
                      0.167354    0.002615  625.591858 ^ _268_/RESET_B (sky130_fd_sc_hd__dfrtp_4)
                                            625.591858   data arrival time

                                  0.000000    0.000000   clock clk_i (rise edge)
                                  0.000000    0.000000   clock source latency
     1    0.017130    0.082926    0.056813    0.056813 ^ clk_i (in)
                                                         clk_i (net)
                      0.082933    0.000000    0.056813 ^ clkbuf_0_clk_i/A (sky130_fd_sc_hd__clkbuf_16)
     4    0.042408    0.061920    0.157364    0.214177 ^ clkbuf_0_clk_i/X (sky130_fd_sc_hd__clkbuf_16)
                                                         clknet_0_clk_i (net)
                      0.061932    0.000825    0.215002 ^ clkbuf_2_2__f_clk_i/A (sky130_fd_sc_hd__clkbuf_16)
    10    0.035670    0.055890    0.144723    0.359725 ^ clkbuf_2_2__f_clk_i/X (sky130_fd_sc_hd__clkbuf_16)
                                                         clknet_2_2__leaf_clk_i (net)
                      0.055930    0.000701    0.360426 ^ _268_/CLK (sky130_fd_sc_hd__dfrtp_4)
                                  0.250000    0.610426   clock uncertainty
                                  0.000000    0.610426   clock reconvergence pessimism
                                  0.356961    0.967387   library removal time
                                              0.967387   data required time
---------------------------------------------------------------------------------------------
                                              0.967387   data required time
                                           -625.591858   data arrival time
---------------------------------------------------------------------------------------------
                                            624.624512   slack (MET)


Startpoint: rst_i (input port clocked by clk_i)
Endpoint: _269_ (removal check against rising-edge clock clk_i)
Path Group: asynchronous
Path Type: min

Fanout         Cap        Slew       Delay        Time   Description
---------------------------------------------------------------------------------------------
                                  0.000000    0.000000   clock clk_i (rise edge)
                                  0.000000    0.000000   clock network delay (propagated)
                                625.000000  625.000000 ^ input external delay
     1    0.003278    0.021800    0.011994  625.012024 ^ rst_i (in)
                                                         rst_i (net)
                      0.021800    0.000000  625.012024 ^ input2/A (sky130_fd_sc_hd__clkbuf_1)
     1    0.004707    0.065100    0.087766  625.099792 ^ input2/X (sky130_fd_sc_hd__clkbuf_1)
                                                         net2 (net)
                      0.065100    0.000171  625.099915 ^ fanout19/A (sky130_fd_sc_hd__clkbuf_2)
     6    0.033829    0.186696    0.211912  625.311829 ^ fanout19/X (sky130_fd_sc_hd__clkbuf_2)
                                                         net19 (net)
                      0.186714    0.001535  625.313354 ^ fanout17/A (sky130_fd_sc_hd__clkbuf_4)
    10    0.054270    0.167310    0.275861  625.589233 ^ fanout17/X (sky130_fd_sc_hd__clkbuf_4)
                                                         net17 (net)
                      0.167355    0.002672  625.591919 ^ _269_/RESET_B (sky130_fd_sc_hd__dfrtp_2)
                                            625.591919   data arrival time

                                  0.000000    0.000000   clock clk_i (rise edge)
                                  0.000000    0.000000   clock source latency
     1    0.017130    0.082926    0.056813    0.056813 ^ clk_i (in)
                                                         clk_i (net)
                      0.082933    0.000000    0.056813 ^ clkbuf_0_clk_i/A (sky130_fd_sc_hd__clkbuf_16)
     4    0.042408    0.061920    0.157364    0.214177 ^ clkbuf_0_clk_i/X (sky130_fd_sc_hd__clkbuf_16)
                                                         clknet_0_clk_i (net)
                      0.061932    0.000825    0.215002 ^ clkbuf_2_2__f_clk_i/A (sky130_fd_sc_hd__clkbuf_16)
    10    0.035670    0.055890    0.144723    0.359725 ^ clkbuf_2_2__f_clk_i/X (sky130_fd_sc_hd__clkbuf_16)
                                                         clknet_2_2__leaf_clk_i (net)
                      0.055927    0.000638    0.360363 ^ _269_/CLK (sky130_fd_sc_hd__dfrtp_2)
                                  0.250000    0.610363   clock uncertainty
                                  0.000000    0.610363   clock reconvergence pessimism
                                  0.356605    0.966968   library removal time
                                              0.966968   data required time
---------------------------------------------------------------------------------------------
                                              0.966968   data required time
                                           -625.591919   data arrival time
---------------------------------------------------------------------------------------------
                                            624.624939   slack (MET)


Startpoint: _257_ (rising edge-triggered flip-flop clocked by clk_i)
Endpoint: num_to_send_o[2] (output port clocked by clk_i)
Path Group: clk_i
Path Type: min

Fanout         Cap        Slew       Delay        Time   Description
---------------------------------------------------------------------------------------------
                                  0.000000    0.000000   clock clk_i (rise edge)
                                  0.000000    0.000000   clock source latency
     1    0.017130    0.082926    0.056813    0.056813 ^ clk_i (in)
                                                         clk_i (net)
                      0.082933    0.000000    0.056813 ^ clkbuf_0_clk_i/A (sky130_fd_sc_hd__clkbuf_16)
     4    0.042408    0.061920    0.157364    0.214177 ^ clkbuf_0_clk_i/X (sky130_fd_sc_hd__clkbuf_16)
                                                         clknet_0_clk_i (net)
                      0.061937    0.000936    0.215113 ^ clkbuf_2_0__f_clk_i/A (sky130_fd_sc_hd__clkbuf_16)
    13    0.035986    0.056142    0.144612    0.359725 ^ clkbuf_2_0__f_clk_i/X (sky130_fd_sc_hd__clkbuf_16)
                                                         clknet_2_0__leaf_clk_i (net)
                      0.056253    0.001447    0.361172 ^ _257_/CLK (sky130_fd_sc_hd__dfrtp_1)
     5    0.010843    0.073950    0.399296    0.760467 v _257_/Q (sky130_fd_sc_hd__dfrtp_1)
                                                         net6 (net)
                      0.073950    0.000201    0.760668 v output6/A (sky130_fd_sc_hd__buf_2)
     1    0.034806    0.090645    0.194062    0.954730 v output6/X (sky130_fd_sc_hd__buf_2)
                                                         num_to_send_o[2] (net)
                      0.090650    0.000682    0.955412 v num_to_send_o[2] (out)
                                              0.955412   data arrival time

                                  0.000000    0.000000   clock clk_i (rise edge)
                                  0.000000    0.000000   clock network delay (propagated)
                                  0.250000    0.250000   clock uncertainty
                                  0.000000    0.250000   clock reconvergence pessimism
                               -625.000000 -624.750000   output external delay
                                           -624.750000   data required time
---------------------------------------------------------------------------------------------
                                           -624.750000   data required time
                                             -0.955412   data arrival time
---------------------------------------------------------------------------------------------
                                            625.705444   slack (MET)


Startpoint: _255_ (rising edge-triggered flip-flop clocked by clk_i)
Endpoint: num_to_send_o[0] (output port clocked by clk_i)
Path Group: clk_i
Path Type: min

Fanout         Cap        Slew       Delay        Time   Description
---------------------------------------------------------------------------------------------
                                  0.000000    0.000000   clock clk_i (rise edge)
                                  0.000000    0.000000   clock source latency
     1    0.017130    0.082926    0.056813    0.056813 ^ clk_i (in)
                                                         clk_i (net)
                      0.082933    0.000000    0.056813 ^ clkbuf_0_clk_i/A (sky130_fd_sc_hd__clkbuf_16)
     4    0.042408    0.061920    0.157364    0.214177 ^ clkbuf_0_clk_i/X (sky130_fd_sc_hd__clkbuf_16)
                                                         clknet_0_clk_i (net)
                      0.061937    0.000936    0.215113 ^ clkbuf_2_0__f_clk_i/A (sky130_fd_sc_hd__clkbuf_16)
    13    0.035986    0.056142    0.144612    0.359725 ^ clkbuf_2_0__f_clk_i/X (sky130_fd_sc_hd__clkbuf_16)
                                                         clknet_2_0__leaf_clk_i (net)
                      0.056301    0.001970    0.361695 ^ _255_/CLK (sky130_fd_sc_hd__dfrtp_1)
     5    0.015331    0.093780    0.417130    0.778825 v _255_/Q (sky130_fd_sc_hd__dfrtp_1)
                                                         net4 (net)
                      0.093780    0.000365    0.779190 v output4/A (sky130_fd_sc_hd__buf_2)
     1    0.034344    0.089697    0.202176    0.981366 v output4/X (sky130_fd_sc_hd__buf_2)
                                                         num_to_send_o[0] (net)
                      0.089702    0.000733    0.982099 v num_to_send_o[0] (out)
                                              0.982099   data arrival time

                                  0.000000    0.000000   clock clk_i (rise edge)
                                  0.000000    0.000000   clock network delay (propagated)
                                  0.250000    0.250000   clock uncertainty
                                  0.000000    0.250000   clock reconvergence pessimism
                               -625.000000 -624.750000   output external delay
                                           -624.750000   data required time
---------------------------------------------------------------------------------------------
                                           -624.750000   data required time
                                             -0.982099   data arrival time
---------------------------------------------------------------------------------------------
                                            625.732117   slack (MET)


Startpoint: _256_ (rising edge-triggered flip-flop clocked by clk_i)
Endpoint: num_to_send_o[1] (output port clocked by clk_i)
Path Group: clk_i
Path Type: min

Fanout         Cap        Slew       Delay        Time   Description
---------------------------------------------------------------------------------------------
                                  0.000000    0.000000   clock clk_i (rise edge)
                                  0.000000    0.000000   clock source latency
     1    0.017130    0.082926    0.056813    0.056813 ^ clk_i (in)
                                                         clk_i (net)
                      0.082933    0.000000    0.056813 ^ clkbuf_0_clk_i/A (sky130_fd_sc_hd__clkbuf_16)
     4    0.042408    0.061920    0.157364    0.214177 ^ clkbuf_0_clk_i/X (sky130_fd_sc_hd__clkbuf_16)
                                                         clknet_0_clk_i (net)
                      0.061937    0.000936    0.215113 ^ clkbuf_2_0__f_clk_i/A (sky130_fd_sc_hd__clkbuf_16)
    13    0.035986    0.056142    0.144612    0.359725 ^ clkbuf_2_0__f_clk_i/X (sky130_fd_sc_hd__clkbuf_16)
                                                         clknet_2_0__leaf_clk_i (net)
                      0.056215    0.000983    0.360707 ^ _256_/CLK (sky130_fd_sc_hd__dfrtp_1)
     5    0.016059    0.096980    0.420137    0.780844 v _256_/Q (sky130_fd_sc_hd__dfrtp_1)
                                                         net5 (net)
                      0.096983    0.000643    0.781488 v output5/A (sky130_fd_sc_hd__buf_2)
     1    0.034095    0.089136    0.203224    0.984711 v output5/X (sky130_fd_sc_hd__buf_2)
                                                         num_to_send_o[1] (net)
                      0.089140    0.000662    0.985374 v num_to_send_o[1] (out)
                                              0.985374   data arrival time

                                  0.000000    0.000000   clock clk_i (rise edge)
                                  0.000000    0.000000   clock network delay (propagated)
                                  0.250000    0.250000   clock uncertainty
                                  0.000000    0.250000   clock reconvergence pessimism
                               -625.000000 -624.750000   output external delay
                                           -624.750000   data required time
---------------------------------------------------------------------------------------------
                                           -624.750000   data required time
                                             -0.985374   data arrival time
---------------------------------------------------------------------------------------------
                                            625.735413   slack (MET)



