Reading OpenROAD database at '/home/matheus/openframe_user_project/openlane/rng/runs/26_02_18_09_30/27-openroad-globalplacement/rng_top.odb'…
Reading library file at '/home/matheus/openframe_user_project/dependencies/pdks/sky130A/libs.ref/sky130_fd_sc_hd/lib/sky130_fd_sc_hd__tt_025C_1v80.lib'…
Reading design constraints file at '/nix/store/iah2c26wzpgdvqc1jv2xxg55xq5km74d-python3-3.11.9-env/lib/python3.11/site-packages/librelane/scripts/base.sdc'…
[INFO] Using clock clk_i…
[INFO] Setting output delay to: 625
[INFO] Setting input delay to: 625
[INFO] Setting load to: 0.033442
[INFO] Setting clock uncertainty to: 0.25
[INFO] Setting clock transition to: 0.1499999999999999944488848768742172978818416595458984375
[INFO] Setting timing derate to: 5%
[INFO] Setting RC values…
[WARNING GRT-0097] No global routing found for nets.
%OL_CREATE_REPORT min.rpt

===========================================================================
report_checks -path_delay min (Hold)
============================================================================
======================= nom_tt_025C_1v80 Corner ===================================

Startpoint: _244_ (rising edge-triggered flip-flop clocked by clk_i)
Endpoint: _254_ (rising edge-triggered flip-flop clocked by clk_i)
Path Group: clk_i
Path Type: min

Fanout         Cap        Slew       Delay        Time   Description
---------------------------------------------------------------------------------------------
                                  0.000000    0.000000   clock clk_i (rise edge)
                                  0.000000    0.000000   clock source latency
    44    0.110228    0.497575    0.343771    0.343771 ^ clk_i (in)
                                                         clk_i (net)
                      0.497581    0.000000    0.343771 ^ _244_/CLK (sky130_fd_sc_hd__dfrtp_2)
     1    0.002088    0.035857    0.446105    0.789876 ^ _244_/Q (sky130_fd_sc_hd__dfrtp_2)
                                                         rng_rd.wr_ff1 (net)
                      0.035857    0.000000    0.789877 ^ _254_/D (sky130_fd_sc_hd__dfrtp_2)
                                              0.789877   data arrival time

                                  0.000000    0.000000   clock clk_i (rise edge)
                                  0.000000    0.000000   clock source latency
    44    0.110228    0.497575    0.343810    0.343810 ^ clk_i (in)
                                                         clk_i (net)
                      0.497581    0.000000    0.343810 ^ _254_/CLK (sky130_fd_sc_hd__dfrtp_2)
                                  0.250000    0.593810   clock uncertainty
                                  0.000000    0.593810   clock reconvergence pessimism
                                  0.028954    0.622765   library hold time
                                              0.622765   data required time
---------------------------------------------------------------------------------------------
                                              0.622765   data required time
                                             -0.789877   data arrival time
---------------------------------------------------------------------------------------------
                                              0.167113   slack (MET)


Startpoint: _254_ (rising edge-triggered flip-flop clocked by clk_i)
Endpoint: _266_ (rising edge-triggered flip-flop clocked by clk_i)
Path Group: clk_i
Path Type: min

Fanout         Cap        Slew       Delay        Time   Description
---------------------------------------------------------------------------------------------
                                  0.000000    0.000000   clock clk_i (rise edge)
                                  0.000000    0.000000   clock source latency
    44    0.110228    0.497575    0.343810    0.343810 ^ clk_i (in)
                                                         clk_i (net)
                      0.497581    0.000000    0.343810 ^ _254_/CLK (sky130_fd_sc_hd__dfrtp_2)
     2    0.004256    0.046244    0.458842    0.802652 ^ _254_/Q (sky130_fd_sc_hd__dfrtp_2)
                                                         rng_rd.wr_ff2 (net)
                      0.046244    0.000000    0.802653 ^ _266_/D (sky130_fd_sc_hd__dfrtp_2)
                                              0.802653   data arrival time

                                  0.000000    0.000000   clock clk_i (rise edge)
                                  0.000000    0.000000   clock source latency
    44    0.110228    0.497575    0.343823    0.343823 ^ clk_i (in)
                                                         clk_i (net)
                      0.497581    0.000000    0.343823 ^ _266_/CLK (sky130_fd_sc_hd__dfrtp_2)
                                  0.250000    0.593823   clock uncertainty
                                  0.000000    0.593823   clock reconvergence pessimism
                                  0.026923    0.620746   library hold time
                                              0.620746   data required time
---------------------------------------------------------------------------------------------
                                              0.620746   data required time
                                             -0.802653   data arrival time
---------------------------------------------------------------------------------------------
                                              0.181908   slack (MET)


Startpoint: _258_ (rising edge-triggered flip-flop clocked by clk_i)
Endpoint: _258_ (rising edge-triggered flip-flop clocked by clk_i)
Path Group: clk_i
Path Type: min

Fanout         Cap        Slew       Delay        Time   Description
---------------------------------------------------------------------------------------------
                                  0.000000    0.000000   clock clk_i (rise edge)
                                  0.000000    0.000000   clock source latency
    44    0.110228    0.497575    0.343767    0.343767 ^ clk_i (in)
                                                         clk_i (net)
                      0.497581    0.000000    0.343767 ^ _258_/CLK (sky130_fd_sc_hd__dfrtp_2)
     3    0.009106    0.066887    0.479831    0.823597 ^ _258_/Q (sky130_fd_sc_hd__dfrtp_2)
                                                         rng_rd.vld[0] (net)
                      0.066887    0.000011    0.823608 ^ _213_/A (sky130_fd_sc_hd__or2_2)
     1    0.002434    0.028118    0.101927    0.925535 ^ _213_/X (sky130_fd_sc_hd__or2_2)
                                                         _030_ (net)
                      0.028118    0.000004    0.925539 ^ _258_/D (sky130_fd_sc_hd__dfrtp_2)
                                              0.925539   data arrival time

                                  0.000000    0.000000   clock clk_i (rise edge)
                                  0.000000    0.000000   clock source latency
    44    0.110228    0.497575    0.343767    0.343767 ^ clk_i (in)
                                                         clk_i (net)
                      0.497581    0.000000    0.343767 ^ _258_/CLK (sky130_fd_sc_hd__dfrtp_2)
                                  0.250000    0.593767   clock uncertainty
                                  0.000000    0.593767   clock reconvergence pessimism
                                  0.030468    0.624235   library hold time
                                              0.624235   data required time
---------------------------------------------------------------------------------------------
                                              0.624235   data required time
                                             -0.925539   data arrival time
---------------------------------------------------------------------------------------------
                                              0.301304   slack (MET)


Startpoint: _254_ (rising edge-triggered flip-flop clocked by clk_i)
Endpoint: _270_ (rising edge-triggered flip-flop clocked by clk_i)
Path Group: clk_i
Path Type: min

Fanout         Cap        Slew       Delay        Time   Description
---------------------------------------------------------------------------------------------
                                  0.000000    0.000000   clock clk_i (rise edge)
                                  0.000000    0.000000   clock source latency
    44    0.110228    0.497575    0.343810    0.343810 ^ clk_i (in)
                                                         clk_i (net)
                      0.497581    0.000000    0.343810 ^ _254_/CLK (sky130_fd_sc_hd__dfrtp_2)
     2    0.004256    0.046244    0.458842    0.802652 ^ _254_/Q (sky130_fd_sc_hd__dfrtp_2)
                                                         rng_rd.wr_ff2 (net)
                      0.046244    0.000005    0.802658 ^ _157_/B (sky130_fd_sc_hd__and2b_2)
     1    0.002147    0.032471    0.125312    0.927970 ^ _157_/X (sky130_fd_sc_hd__and2b_2)
                                                         _000_ (net)
                      0.032471    0.000002    0.927972 ^ _270_/D (sky130_fd_sc_hd__dfrtp_2)
                                              0.927972   data arrival time

                                  0.000000    0.000000   clock clk_i (rise edge)
                                  0.000000    0.000000   clock source latency
    44    0.110228    0.497575    0.343834    0.343834 ^ clk_i (in)
                                                         clk_i (net)
                      0.497581    0.000000    0.343834 ^ _270_/CLK (sky130_fd_sc_hd__dfrtp_2)
                                  0.250000    0.593834   clock uncertainty
                                  0.000000    0.593834   clock reconvergence pessimism
                                  0.029617    0.623451   library hold time
                                              0.623451   data required time
---------------------------------------------------------------------------------------------
                                              0.623451   data required time
                                             -0.927972   data arrival time
---------------------------------------------------------------------------------------------
                                              0.304521   slack (MET)


Startpoint: _265_ (rising edge-triggered flip-flop clocked by clk_i)
Endpoint: _265_ (rising edge-triggered flip-flop clocked by clk_i)
Path Group: clk_i
Path Type: min

Fanout         Cap        Slew       Delay        Time   Description
---------------------------------------------------------------------------------------------
                                  0.000000    0.000000   clock clk_i (rise edge)
                                  0.000000    0.000000   clock source latency
    44    0.110228    0.497575    0.342929    0.342929 ^ clk_i (in)
                                                         clk_i (net)
                      0.497576    0.000000    0.342929 ^ _265_/CLK (sky130_fd_sc_hd__dfrtp_2)
     2    0.007240    0.056857    0.471778    0.814707 ^ _265_/Q (sky130_fd_sc_hd__dfrtp_2)
                                                         rng_rd.vld[7] (net)
                      0.056857    0.000016    0.814724 ^ _220_/A0 (sky130_fd_sc_hd__mux2_1)
     1    0.002128    0.037612    0.113122    0.927846 ^ _220_/X (sky130_fd_sc_hd__mux2_1)
                                                         _037_ (net)
                      0.037612    0.000001    0.927847 ^ _265_/D (sky130_fd_sc_hd__dfrtp_2)
                                              0.927847   data arrival time

                                  0.000000    0.000000   clock clk_i (rise edge)
                                  0.000000    0.000000   clock source latency
    44    0.110228    0.497575    0.342929    0.342929 ^ clk_i (in)
                                                         clk_i (net)
                      0.497576    0.000000    0.342929 ^ _265_/CLK (sky130_fd_sc_hd__dfrtp_2)
                                  0.250000    0.592929   clock uncertainty
                                  0.000000    0.592929   clock reconvergence pessimism
                                  0.028610    0.621540   library hold time
                                              0.621540   data required time
---------------------------------------------------------------------------------------------
                                              0.621540   data required time
                                             -0.927847   data arrival time
---------------------------------------------------------------------------------------------
                                              0.306307   slack (MET)


Startpoint: _248_ (rising edge-triggered flip-flop clocked by clk_i)
Endpoint: _248_ (rising edge-triggered flip-flop clocked by clk_i)
Path Group: clk_i
Path Type: min

Fanout         Cap        Slew       Delay        Time   Description
---------------------------------------------------------------------------------------------
                                  0.000000    0.000000   clock clk_i (rise edge)
                                  0.000000    0.000000   clock source latency
    44    0.110228    0.497575    0.343489    0.343489 ^ clk_i (in)
                                                         clk_i (net)
                      0.497579    0.000000    0.343489 ^ _248_/CLK (sky130_fd_sc_hd__dfrtp_2)
     4    0.009169    0.065135    0.480081    0.823570 ^ _248_/Q (sky130_fd_sc_hd__dfrtp_2)
                                                         rng_rd.mem[2][0] (net)
                      0.065135    0.000017    0.823587 ^ _204_/A0 (sky130_fd_sc_hd__mux2_1)
     1    0.002062    0.037092    0.115443    0.939030 ^ _204_/X (sky130_fd_sc_hd__mux2_1)
                                                         _021_ (net)
                      0.037092    0.000000    0.939031 ^ _248_/D (sky130_fd_sc_hd__dfrtp_2)
                                              0.939031   data arrival time

                                  0.000000    0.000000   clock clk_i (rise edge)
                                  0.000000    0.000000   clock source latency
    44    0.110228    0.497575    0.343489    0.343489 ^ clk_i (in)
                                                         clk_i (net)
                      0.497579    0.000000    0.343489 ^ _248_/CLK (sky130_fd_sc_hd__dfrtp_2)
                                  0.250000    0.593489   clock uncertainty
                                  0.000000    0.593489   clock reconvergence pessimism
                                  0.028712    0.622202   library hold time
                                              0.622202   data required time
---------------------------------------------------------------------------------------------
                                              0.622202   data required time
                                             -0.939031   data arrival time
---------------------------------------------------------------------------------------------
                                              0.316829   slack (MET)


Startpoint: _235_ (rising edge-triggered flip-flop clocked by clk_i)
Endpoint: _235_ (rising edge-triggered flip-flop clocked by clk_i)
Path Group: clk_i
Path Type: min

Fanout         Cap        Slew       Delay        Time   Description
---------------------------------------------------------------------------------------------
                                  0.000000    0.000000   clock clk_i (rise edge)
                                  0.000000    0.000000   clock source latency
    44    0.110228    0.497575    0.343581    0.343581 ^ clk_i (in)
                                                         clk_i (net)
                      0.497579    0.000000    0.343581 ^ _235_/CLK (sky130_fd_sc_hd__dfrtp_2)
     4    0.008886    0.065954    0.478884    0.822465 ^ _235_/Q (sky130_fd_sc_hd__dfrtp_2)
                                                         rng_rd.mem[6][0] (net)
                      0.065954    0.000024    0.822489 ^ _192_/A0 (sky130_fd_sc_hd__mux2_1)
     1    0.002171    0.037953    0.116599    0.939088 ^ _192_/X (sky130_fd_sc_hd__mux2_1)
                                                         _009_ (net)
                      0.037953    0.000002    0.939090 ^ _235_/D (sky130_fd_sc_hd__dfrtp_2)
                                              0.939090   data arrival time

                                  0.000000    0.000000   clock clk_i (rise edge)
                                  0.000000    0.000000   clock source latency
    44    0.110228    0.497575    0.343581    0.343581 ^ clk_i (in)
                                                         clk_i (net)
                      0.497579    0.000000    0.343581 ^ _235_/CLK (sky130_fd_sc_hd__dfrtp_2)
                                  0.250000    0.593581   clock uncertainty
                                  0.000000    0.593581   clock reconvergence pessimism
                                  0.028544    0.622125   library hold time
                                              0.622125   data required time
---------------------------------------------------------------------------------------------
                                              0.622125   data required time
                                             -0.939090   data arrival time
---------------------------------------------------------------------------------------------
                                              0.316966   slack (MET)


Startpoint: _241_ (rising edge-triggered flip-flop clocked by clk_i)
Endpoint: _241_ (rising edge-triggered flip-flop clocked by clk_i)
Path Group: clk_i
Path Type: min

Fanout         Cap        Slew       Delay        Time   Description
---------------------------------------------------------------------------------------------
                                  0.000000    0.000000   clock clk_i (rise edge)
                                  0.000000    0.000000   clock source latency
    44    0.110228    0.497575    0.343449    0.343449 ^ clk_i (in)
                                                         clk_i (net)
                      0.497578    0.000000    0.343449 ^ _241_/CLK (sky130_fd_sc_hd__dfrtp_2)
     4    0.009027    0.066552    0.479491    0.822940 ^ _241_/Q (sky130_fd_sc_hd__dfrtp_2)
                                                         rng_rd.mem[4][0] (net)
                      0.066552    0.000012    0.822952 ^ _198_/A0 (sky130_fd_sc_hd__mux2_1)
     1    0.002108    0.037454    0.116299    0.939250 ^ _198_/X (sky130_fd_sc_hd__mux2_1)
                                                         _015_ (net)
                      0.037454    0.000001    0.939251 ^ _241_/D (sky130_fd_sc_hd__dfrtp_2)
                                              0.939251   data arrival time

                                  0.000000    0.000000   clock clk_i (rise edge)
                                  0.000000    0.000000   clock source latency
    44    0.110228    0.497575    0.343449    0.343449 ^ clk_i (in)
                                                         clk_i (net)
                      0.497578    0.000000    0.343449 ^ _241_/CLK (sky130_fd_sc_hd__dfrtp_2)
                                  0.250000    0.593449   clock uncertainty
                                  0.000000    0.593449   clock reconvergence pessimism
                                  0.028642    0.622090   library hold time
                                              0.622090   data required time
---------------------------------------------------------------------------------------------
                                              0.622090   data required time
                                             -0.939251   data arrival time
---------------------------------------------------------------------------------------------
                                              0.317161   slack (MET)


Startpoint: _235_ (rising edge-triggered flip-flop clocked by clk_i)
Endpoint: _227_ (rising edge-triggered flip-flop clocked by clk_i)
Path Group: clk_i
Path Type: min

Fanout         Cap        Slew       Delay        Time   Description
---------------------------------------------------------------------------------------------
                                  0.000000    0.000000   clock clk_i (rise edge)
                                  0.000000    0.000000   clock source latency
    44    0.110228    0.497575    0.343581    0.343581 ^ clk_i (in)
                                                         clk_i (net)
                      0.497579    0.000000    0.343581 ^ _235_/CLK (sky130_fd_sc_hd__dfrtp_2)
     4    0.008886    0.065954    0.478884    0.822465 ^ _235_/Q (sky130_fd_sc_hd__dfrtp_2)
                                                         rng_rd.mem[6][0] (net)
                      0.065954    0.000013    0.822478 ^ _160_/A1 (sky130_fd_sc_hd__mux2_1)
     1    0.002074    0.037186    0.118564    0.941042 ^ _160_/X (sky130_fd_sc_hd__mux2_1)
                                                         _003_ (net)
                      0.037186    0.000000    0.941042 ^ _227_/D (sky130_fd_sc_hd__dfrtp_2)
                                              0.941042   data arrival time

                                  0.000000    0.000000   clock clk_i (rise edge)
                                  0.000000    0.000000   clock source latency
    44    0.110228    0.497575    0.343583    0.343583 ^ clk_i (in)
                                                         clk_i (net)
                      0.497579    0.000000    0.343583 ^ _227_/CLK (sky130_fd_sc_hd__dfrtp_2)
                                  0.250000    0.593583   clock uncertainty
                                  0.000000    0.593583   clock reconvergence pessimism
                                  0.028694    0.622277   library hold time
                                              0.622277   data required time
---------------------------------------------------------------------------------------------
                                              0.622277   data required time
                                             -0.941042   data arrival time
---------------------------------------------------------------------------------------------
                                              0.318765   slack (MET)


Startpoint: _262_ (rising edge-triggered flip-flop clocked by clk_i)
Endpoint: _262_ (rising edge-triggered flip-flop clocked by clk_i)
Path Group: clk_i
Path Type: min

Fanout         Cap        Slew       Delay        Time   Description
---------------------------------------------------------------------------------------------
                                  0.000000    0.000000   clock clk_i (rise edge)
                                  0.000000    0.000000   clock source latency
    44    0.110228    0.497575    0.342762    0.342762 ^ clk_i (in)
                                                         clk_i (net)
                      0.497575    0.000000    0.342762 ^ _262_/CLK (sky130_fd_sc_hd__dfrtp_2)
     3    0.009037    0.066594    0.479533    0.822295 ^ _262_/Q (sky130_fd_sc_hd__dfrtp_2)
                                                         rng_rd.vld[4] (net)
                      0.066594    0.000014    0.822309 ^ _217_/A0 (sky130_fd_sc_hd__mux2_1)
     1    0.002308    0.039038    0.117922    0.940232 ^ _217_/X (sky130_fd_sc_hd__mux2_1)
                                                         _034_ (net)
                      0.039038    0.000004    0.940235 ^ _262_/D (sky130_fd_sc_hd__dfrtp_2)
                                              0.940235   data arrival time

                                  0.000000    0.000000   clock clk_i (rise edge)
                                  0.000000    0.000000   clock source latency
    44    0.110228    0.497575    0.342762    0.342762 ^ clk_i (in)
                                                         clk_i (net)
                      0.497575    0.000000    0.342762 ^ _262_/CLK (sky130_fd_sc_hd__dfrtp_2)
                                  0.250000    0.592762   clock uncertainty
                                  0.000000    0.592762   clock reconvergence pessimism
                                  0.028331    0.621094   library hold time
                                              0.621094   data required time
---------------------------------------------------------------------------------------------
                                              0.621094   data required time
                                             -0.940235   data arrival time
---------------------------------------------------------------------------------------------
                                              0.319142   slack (MET)


Startpoint: _241_ (rising edge-triggered flip-flop clocked by clk_i)
Endpoint: _238_ (rising edge-triggered flip-flop clocked by clk_i)
Path Group: clk_i
Path Type: min

Fanout         Cap        Slew       Delay        Time   Description
---------------------------------------------------------------------------------------------
                                  0.000000    0.000000   clock clk_i (rise edge)
                                  0.000000    0.000000   clock source latency
    44    0.110228    0.497575    0.343449    0.343449 ^ clk_i (in)
                                                         clk_i (net)
                      0.497578    0.000000    0.343449 ^ _241_/CLK (sky130_fd_sc_hd__dfrtp_2)
     4    0.009027    0.066552    0.479491    0.822940 ^ _241_/Q (sky130_fd_sc_hd__dfrtp_2)
                                                         rng_rd.mem[4][0] (net)
                      0.066552    0.000001    0.822941 ^ _195_/A1 (sky130_fd_sc_hd__mux2_1)
     1    0.002062    0.037093    0.118673    0.941614 ^ _195_/X (sky130_fd_sc_hd__mux2_1)
                                                         _012_ (net)
                      0.037093    0.000000    0.941615 ^ _238_/D (sky130_fd_sc_hd__dfrtp_2)
                                              0.941615   data arrival time

                                  0.000000    0.000000   clock clk_i (rise edge)
                                  0.000000    0.000000   clock source latency
    44    0.110228    0.497575    0.343500    0.343500 ^ clk_i (in)
                                                         clk_i (net)
                      0.497579    0.000000    0.343500 ^ _238_/CLK (sky130_fd_sc_hd__dfrtp_2)
                                  0.250000    0.593500   clock uncertainty
                                  0.000000    0.593500   clock reconvergence pessimism
                                  0.028712    0.622212   library hold time
                                              0.622212   data required time
---------------------------------------------------------------------------------------------
                                              0.622212   data required time
                                             -0.941615   data arrival time
---------------------------------------------------------------------------------------------
                                              0.319403   slack (MET)


Startpoint: _248_ (rising edge-triggered flip-flop clocked by clk_i)
Endpoint: _245_ (rising edge-triggered flip-flop clocked by clk_i)
Path Group: clk_i
Path Type: min

Fanout         Cap        Slew       Delay        Time   Description
---------------------------------------------------------------------------------------------
                                  0.000000    0.000000   clock clk_i (rise edge)
                                  0.000000    0.000000   clock source latency
    44    0.110228    0.497575    0.343489    0.343489 ^ clk_i (in)
                                                         clk_i (net)
                      0.497579    0.000000    0.343489 ^ _248_/CLK (sky130_fd_sc_hd__dfrtp_2)
     4    0.009169    0.065135    0.480081    0.823570 ^ _248_/Q (sky130_fd_sc_hd__dfrtp_2)
                                                         rng_rd.mem[2][0] (net)
                      0.065135    0.000040    0.823610 ^ _201_/A1 (sky130_fd_sc_hd__mux2_1)
     1    0.002141    0.037717    0.118822    0.942432 ^ _201_/X (sky130_fd_sc_hd__mux2_1)
                                                         _018_ (net)
                      0.037717    0.000001    0.942434 ^ _245_/D (sky130_fd_sc_hd__dfrtp_2)
                                              0.942434   data arrival time

                                  0.000000    0.000000   clock clk_i (rise edge)
                                  0.000000    0.000000   clock source latency
    44    0.110228    0.497575    0.343481    0.343481 ^ clk_i (in)
                                                         clk_i (net)
                      0.497579    0.000000    0.343481 ^ _245_/CLK (sky130_fd_sc_hd__dfrtp_2)
                                  0.250000    0.593481   clock uncertainty
                                  0.000000    0.593481   clock reconvergence pessimism
                                  0.028590    0.622071   library hold time
                                              0.622071   data required time
---------------------------------------------------------------------------------------------
                                              0.622071   data required time
                                             -0.942434   data arrival time
---------------------------------------------------------------------------------------------
                                              0.320363   slack (MET)


Startpoint: _262_ (rising edge-triggered flip-flop clocked by clk_i)
Endpoint: _263_ (rising edge-triggered flip-flop clocked by clk_i)
Path Group: clk_i
Path Type: min

Fanout         Cap        Slew       Delay        Time   Description
---------------------------------------------------------------------------------------------
                                  0.000000    0.000000   clock clk_i (rise edge)
                                  0.000000    0.000000   clock source latency
    44    0.110228    0.497575    0.342762    0.342762 ^ clk_i (in)
                                                         clk_i (net)
                      0.497575    0.000000    0.342762 ^ _262_/CLK (sky130_fd_sc_hd__dfrtp_2)
     3    0.009037    0.066594    0.479533    0.822295 ^ _262_/Q (sky130_fd_sc_hd__dfrtp_2)
                                                         rng_rd.vld[4] (net)
                      0.066594    0.000003    0.822298 ^ _218_/A1 (sky130_fd_sc_hd__mux2_1)
     1    0.002169    0.037936    0.119538    0.941836 ^ _218_/X (sky130_fd_sc_hd__mux2_1)
                                                         _035_ (net)
                      0.037936    0.000002    0.941838 ^ _263_/D (sky130_fd_sc_hd__dfrtp_2)
                                              0.941838   data arrival time

                                  0.000000    0.000000   clock clk_i (rise edge)
                                  0.000000    0.000000   clock source latency
    44    0.110228    0.497575    0.342808    0.342808 ^ clk_i (in)
                                                         clk_i (net)
                      0.497575    0.000000    0.342808 ^ _263_/CLK (sky130_fd_sc_hd__dfrtp_2)
                                  0.250000    0.592808   clock uncertainty
                                  0.000000    0.592808   clock reconvergence pessimism
                                  0.028547    0.621355   library hold time
                                              0.621355   data required time
---------------------------------------------------------------------------------------------
                                              0.621355   data required time
                                             -0.941838   data arrival time
---------------------------------------------------------------------------------------------
                                              0.320483   slack (MET)


Startpoint: _264_ (rising edge-triggered flip-flop clocked by clk_i)
Endpoint: _264_ (rising edge-triggered flip-flop clocked by clk_i)
Path Group: clk_i
Path Type: min

Fanout         Cap        Slew       Delay        Time   Description
---------------------------------------------------------------------------------------------
                                  0.000000    0.000000   clock clk_i (rise edge)
                                  0.000000    0.000000   clock source latency
    44    0.110228    0.497575    0.342906    0.342906 ^ clk_i (in)
                                                         clk_i (net)
                      0.497576    0.000000    0.342906 ^ _264_/CLK (sky130_fd_sc_hd__dfrtp_2)
     3    0.009633    0.067174    0.482085    0.824990 ^ _264_/Q (sky130_fd_sc_hd__dfrtp_2)
                                                         rng_rd.vld[6] (net)
                      0.067174    0.000020    0.825010 ^ _219_/A0 (sky130_fd_sc_hd__mux2_1)
     1    0.002167    0.037919    0.116985    0.941996 ^ _219_/X (sky130_fd_sc_hd__mux2_1)
                                                         _036_ (net)
                      0.037919    0.000002    0.941997 ^ _264_/D (sky130_fd_sc_hd__dfrtp_2)
                                              0.941997   data arrival time

                                  0.000000    0.000000   clock clk_i (rise edge)
                                  0.000000    0.000000   clock source latency
    44    0.110228    0.497575    0.342906    0.342906 ^ clk_i (in)
                                                         clk_i (net)
                      0.497576    0.000000    0.342906 ^ _264_/CLK (sky130_fd_sc_hd__dfrtp_2)
                                  0.250000    0.592906   clock uncertainty
                                  0.000000    0.592906   clock reconvergence pessimism
                                  0.028550    0.621456   library hold time
                                              0.621456   data required time
---------------------------------------------------------------------------------------------
                                              0.621456   data required time
                                             -0.941997   data arrival time
---------------------------------------------------------------------------------------------
                                              0.320541   slack (MET)


Startpoint: _258_ (rising edge-triggered flip-flop clocked by clk_i)
Endpoint: _259_ (rising edge-triggered flip-flop clocked by clk_i)
Path Group: clk_i
Path Type: min

Fanout         Cap        Slew       Delay        Time   Description
---------------------------------------------------------------------------------------------
                                  0.000000    0.000000   clock clk_i (rise edge)
                                  0.000000    0.000000   clock source latency
    44    0.110228    0.497575    0.343767    0.343767 ^ clk_i (in)
                                                         clk_i (net)
                      0.497581    0.000000    0.343767 ^ _258_/CLK (sky130_fd_sc_hd__dfrtp_2)
     3    0.009106    0.066887    0.479831    0.823597 ^ _258_/Q (sky130_fd_sc_hd__dfrtp_2)
                                                         rng_rd.vld[0] (net)
                      0.066887    0.000009    0.823606 ^ _214_/A1 (sky130_fd_sc_hd__mux2_1)
     1    0.002269    0.038731    0.120441    0.944047 ^ _214_/X (sky130_fd_sc_hd__mux2_1)
                                                         _031_ (net)
                      0.038731    0.000003    0.944049 ^ _259_/D (sky130_fd_sc_hd__dfrtp_2)
                                              0.944049   data arrival time

                                  0.000000    0.000000   clock clk_i (rise edge)
                                  0.000000    0.000000   clock source latency
    44    0.110228    0.497575    0.343765    0.343765 ^ clk_i (in)
                                                         clk_i (net)
                      0.497581    0.000000    0.343765 ^ _259_/CLK (sky130_fd_sc_hd__dfrtp_2)
                                  0.250000    0.593765   clock uncertainty
                                  0.000000    0.593765   clock reconvergence pessimism
                                  0.028392    0.622157   library hold time
                                              0.622157   data required time
---------------------------------------------------------------------------------------------
                                              0.622157   data required time
                                             -0.944049   data arrival time
---------------------------------------------------------------------------------------------
                                              0.321892   slack (MET)


Startpoint: _261_ (rising edge-triggered flip-flop clocked by clk_i)
Endpoint: _261_ (rising edge-triggered flip-flop clocked by clk_i)
Path Group: clk_i
Path Type: min

Fanout         Cap        Slew       Delay        Time   Description
---------------------------------------------------------------------------------------------
                                  0.000000    0.000000   clock clk_i (rise edge)
                                  0.000000    0.000000   clock source latency
    44    0.110228    0.497575    0.343327    0.343327 ^ clk_i (in)
                                                         clk_i (net)
                      0.497578    0.000000    0.343327 ^ _261_/CLK (sky130_fd_sc_hd__dfrtp_2)
     3    0.009851    0.070052    0.483038    0.826365 ^ _261_/Q (sky130_fd_sc_hd__dfrtp_2)
                                                         rng_rd.vld[3] (net)
                      0.070052    0.000004    0.826369 ^ _216_/A0 (sky130_fd_sc_hd__mux2_1)
     1    0.002297    0.038952    0.119025    0.945393 ^ _216_/X (sky130_fd_sc_hd__mux2_1)
                                                         _033_ (net)
                      0.038952    0.000003    0.945397 ^ _261_/D (sky130_fd_sc_hd__dfrtp_2)
                                              0.945397   data arrival time

                                  0.000000    0.000000   clock clk_i (rise edge)
                                  0.000000    0.000000   clock source latency
    44    0.110228    0.497575    0.343327    0.343327 ^ clk_i (in)
                                                         clk_i (net)
                      0.497578    0.000000    0.343327 ^ _261_/CLK (sky130_fd_sc_hd__dfrtp_2)
                                  0.250000    0.593327   clock uncertainty
                                  0.000000    0.593327   clock reconvergence pessimism
                                  0.028348    0.621676   library hold time
                                              0.621676   data required time
---------------------------------------------------------------------------------------------
                                              0.621676   data required time
                                             -0.945397   data arrival time
---------------------------------------------------------------------------------------------
                                              0.323721   slack (MET)


Startpoint: _228_ (rising edge-triggered flip-flop clocked by clk_i)
Endpoint: _228_ (rising edge-triggered flip-flop clocked by clk_i)
Path Group: clk_i
Path Type: min

Fanout         Cap        Slew       Delay        Time   Description
---------------------------------------------------------------------------------------------
                                  0.000000    0.000000   clock clk_i (rise edge)
                                  0.000000    0.000000   clock source latency
    44    0.110228    0.497575    0.343584    0.343584 ^ clk_i (in)
                                                         clk_i (net)
                      0.497579    0.000000    0.343584 ^ _228_/CLK (sky130_fd_sc_hd__dfrtp_2)
     2    0.010683    0.073589    0.486624    0.830208 ^ _228_/Q (sky130_fd_sc_hd__dfrtp_2)
                                                         rng_rd.mem[7][1] (net)
                      0.073589    0.000024    0.830232 ^ _161_/A0 (sky130_fd_sc_hd__mux2_1)
     1    0.002059    0.037068    0.118329    0.948561 ^ _161_/X (sky130_fd_sc_hd__mux2_1)
                                                         _004_ (net)
                      0.037068    0.000000    0.948562 ^ _228_/D (sky130_fd_sc_hd__dfrtp_2)
                                              0.948562   data arrival time

                                  0.000000    0.000000   clock clk_i (rise edge)
                                  0.000000    0.000000   clock source latency
    44    0.110228    0.497575    0.343584    0.343584 ^ clk_i (in)
                                                         clk_i (net)
                      0.497579    0.000000    0.343584 ^ _228_/CLK (sky130_fd_sc_hd__dfrtp_2)
                                  0.250000    0.593584   clock uncertainty
                                  0.000000    0.593584   clock reconvergence pessimism
                                  0.028717    0.622301   library hold time
                                              0.622301   data required time
---------------------------------------------------------------------------------------------
                                              0.622301   data required time
                                             -0.948562   data arrival time
---------------------------------------------------------------------------------------------
                                              0.326261   slack (MET)


Startpoint: _260_ (rising edge-triggered flip-flop clocked by clk_i)
Endpoint: _260_ (rising edge-triggered flip-flop clocked by clk_i)
Path Group: clk_i
Path Type: min

Fanout         Cap        Slew       Delay        Time   Description
---------------------------------------------------------------------------------------------
                                  0.000000    0.000000   clock clk_i (rise edge)
                                  0.000000    0.000000   clock source latency
    44    0.110228    0.497575    0.343793    0.343793 ^ clk_i (in)
                                                         clk_i (net)
                      0.497581    0.000000    0.343793 ^ _260_/CLK (sky130_fd_sc_hd__dfrtp_2)
     3    0.010619    0.071583    0.486296    0.830088 ^ _260_/Q (sky130_fd_sc_hd__dfrtp_2)
                                                         rng_rd.vld[2] (net)
                      0.071583    0.000012    0.830100 ^ _215_/A0 (sky130_fd_sc_hd__mux2_1)
     1    0.002270    0.038738    0.119334    0.949434 ^ _215_/X (sky130_fd_sc_hd__mux2_1)
                                                         _032_ (net)
                      0.038738    0.000003    0.949437 ^ _260_/D (sky130_fd_sc_hd__dfrtp_2)
                                              0.949437   data arrival time

                                  0.000000    0.000000   clock clk_i (rise edge)
                                  0.000000    0.000000   clock source latency
    44    0.110228    0.497575    0.343793    0.343793 ^ clk_i (in)
                                                         clk_i (net)
                      0.497581    0.000000    0.343793 ^ _260_/CLK (sky130_fd_sc_hd__dfrtp_2)
                                  0.250000    0.593793   clock uncertainty
                                  0.000000    0.593793   clock reconvergence pessimism
                                  0.028391    0.622183   library hold time
                                              0.622183   data required time
---------------------------------------------------------------------------------------------
                                              0.622183   data required time
                                             -0.949437   data arrival time
---------------------------------------------------------------------------------------------
                                              0.327254   slack (MET)


Startpoint: _229_ (rising edge-triggered flip-flop clocked by clk_i)
Endpoint: _229_ (rising edge-triggered flip-flop clocked by clk_i)
Path Group: clk_i
Path Type: min

Fanout         Cap        Slew       Delay        Time   Description
---------------------------------------------------------------------------------------------
                                  0.000000    0.000000   clock clk_i (rise edge)
                                  0.000000    0.000000   clock source latency
    44    0.110228    0.497575    0.342891    0.342891 ^ clk_i (in)
                                                         clk_i (net)
                      0.497576    0.000000    0.342891 ^ _229_/CLK (sky130_fd_sc_hd__dfrtp_2)
     2    0.010798    0.074075    0.487115    0.830006 ^ _229_/Q (sky130_fd_sc_hd__dfrtp_2)
                                                         rng_rd.mem[7][2] (net)
                      0.074075    0.000011    0.830017 ^ _162_/A0 (sky130_fd_sc_hd__mux2_1)
     1    0.002114    0.037505    0.118940    0.948956 ^ _162_/X (sky130_fd_sc_hd__mux2_1)
                                                         _005_ (net)
                      0.037505    0.000001    0.948958 ^ _229_/D (sky130_fd_sc_hd__dfrtp_2)
                                              0.948958   data arrival time

                                  0.000000    0.000000   clock clk_i (rise edge)
                                  0.000000    0.000000   clock source latency
    44    0.110228    0.497575    0.342891    0.342891 ^ clk_i (in)
                                                         clk_i (net)
                      0.497576    0.000000    0.342891 ^ _229_/CLK (sky130_fd_sc_hd__dfrtp_2)
                                  0.250000    0.592891   clock uncertainty
                                  0.000000    0.592891   clock reconvergence pessimism
                                  0.028631    0.621522   library hold time
                                              0.621522   data required time
---------------------------------------------------------------------------------------------
                                              0.621522   data required time
                                             -0.948958   data arrival time
---------------------------------------------------------------------------------------------
                                              0.327436   slack (MET)


Startpoint: _233_ (rising edge-triggered flip-flop clocked by clk_i)
Endpoint: _233_ (rising edge-triggered flip-flop clocked by clk_i)
Path Group: clk_i
Path Type: min

Fanout         Cap        Slew       Delay        Time   Description
---------------------------------------------------------------------------------------------
                                  0.000000    0.000000   clock clk_i (rise edge)
                                  0.000000    0.000000   clock source latency
    44    0.110228    0.497575    0.343968    0.343968 ^ clk_i (in)
                                                         clk_i (net)
                      0.497582    0.000000    0.343968 ^ _233_/CLK (sky130_fd_sc_hd__dfrtp_2)
     9    0.035503    0.178936    0.573371    0.917338 ^ _233_/Q (sky130_fd_sc_hd__dfrtp_2)
                                                         rng_dp.seed_sel_i[0] (net)
                      0.178936    0.000127    0.917465 ^ _115_/A (sky130_fd_sc_hd__inv_2)
     4    0.008722    0.050383    0.063740    0.981205 v _115_/Y (sky130_fd_sc_hd__inv_2)
                                                         _001_ (net)
                      0.050383    0.000008    0.981212 v _233_/D (sky130_fd_sc_hd__dfrtp_2)
                                              0.981212   data arrival time

                                  0.000000    0.000000   clock clk_i (rise edge)
                                  0.000000    0.000000   clock source latency
    44    0.110228    0.497575    0.343968    0.343968 ^ clk_i (in)
                                                         clk_i (net)
                      0.497582    0.000000    0.343968 ^ _233_/CLK (sky130_fd_sc_hd__dfrtp_2)
                                  0.250000    0.593968   clock uncertainty
                                  0.000000    0.593968   clock reconvergence pessimism
                                  0.058946    0.652913   library hold time
                                              0.652913   data required time
---------------------------------------------------------------------------------------------
                                              0.652913   data required time
                                             -0.981212   data arrival time
---------------------------------------------------------------------------------------------
                                              0.328299   slack (MET)


Startpoint: _236_ (rising edge-triggered flip-flop clocked by clk_i)
Endpoint: _236_ (rising edge-triggered flip-flop clocked by clk_i)
Path Group: clk_i
Path Type: min

Fanout         Cap        Slew       Delay        Time   Description
---------------------------------------------------------------------------------------------
                                  0.000000    0.000000   clock clk_i (rise edge)
                                  0.000000    0.000000   clock source latency
    44    0.110228    0.497575    0.342920    0.342920 ^ clk_i (in)
                                                         clk_i (net)
                      0.497576    0.000000    0.342920 ^ _236_/CLK (sky130_fd_sc_hd__dfrtp_2)
     4    0.011879    0.078671    0.491774    0.834694 ^ _236_/Q (sky130_fd_sc_hd__dfrtp_2)
                                                         rng_rd.mem[6][1] (net)
                      0.078671    0.000010    0.834704 ^ _193_/A0 (sky130_fd_sc_hd__mux2_1)
     1    0.002087    0.037296    0.120309    0.955013 ^ _193_/X (sky130_fd_sc_hd__mux2_1)
                                                         _010_ (net)
                      0.037296    0.000000    0.955014 ^ _236_/D (sky130_fd_sc_hd__dfrtp_2)
                                              0.955014   data arrival time

                                  0.000000    0.000000   clock clk_i (rise edge)
                                  0.000000    0.000000   clock source latency
    44    0.110228    0.497575    0.342920    0.342920 ^ clk_i (in)
                                                         clk_i (net)
                      0.497576    0.000000    0.342920 ^ _236_/CLK (sky130_fd_sc_hd__dfrtp_2)
                                  0.250000    0.592920   clock uncertainty
                                  0.000000    0.592920   clock reconvergence pessimism
                                  0.028672    0.621592   library hold time
                                              0.621592   data required time
---------------------------------------------------------------------------------------------
                                              0.621592   data required time
                                             -0.955014   data arrival time
---------------------------------------------------------------------------------------------
                                              0.333422   slack (MET)


Startpoint: _230_ (rising edge-triggered flip-flop clocked by clk_i)
Endpoint: _255_ (rising edge-triggered flip-flop clocked by clk_i)
Path Group: clk_i
Path Type: min

Fanout         Cap        Slew       Delay        Time   Description
---------------------------------------------------------------------------------------------
                                  0.000000    0.000000   clock clk_i (rise edge)
                                  0.000000    0.000000   clock source latency
    44    0.110228    0.497575    0.343889    0.343889 ^ clk_i (in)
                                                         clk_i (net)
                      0.497582    0.000000    0.343889 ^ _230_/CLK (sky130_fd_sc_hd__dfrtp_2)
     3    0.010947    0.073033    0.487741    0.831630 ^ _230_/Q (sky130_fd_sc_hd__dfrtp_2)
                                                         num_i_bar[0] (net)
                      0.073033    0.000042    0.831672 ^ _210_/A1 (sky130_fd_sc_hd__mux2_1)
     1    0.002546    0.040914    0.124733    0.956404 ^ _210_/X (sky130_fd_sc_hd__mux2_1)
                                                         _027_ (net)
                      0.040914    0.000007    0.956411 ^ _255_/D (sky130_fd_sc_hd__dfrtp_2)
                                              0.956411   data arrival time

                                  0.000000    0.000000   clock clk_i (rise edge)
                                  0.000000    0.000000   clock source latency
    44    0.110228    0.497575    0.343833    0.343833 ^ clk_i (in)
                                                         clk_i (net)
                      0.497581    0.000000    0.343833 ^ _255_/CLK (sky130_fd_sc_hd__dfrtp_2)
                                  0.250000    0.593833   clock uncertainty
                                  0.000000    0.593833   clock reconvergence pessimism
                                  0.027965    0.621798   library hold time
                                              0.621798   data required time
---------------------------------------------------------------------------------------------
                                              0.621798   data required time
                                             -0.956411   data arrival time
---------------------------------------------------------------------------------------------
                                              0.334612   slack (MET)


Startpoint: _233_ (rising edge-triggered flip-flop clocked by clk_i)
Endpoint: _234_ (rising edge-triggered flip-flop clocked by clk_i)
Path Group: clk_i
Path Type: min

Fanout         Cap        Slew       Delay        Time   Description
---------------------------------------------------------------------------------------------
                                  0.000000    0.000000   clock clk_i (rise edge)
                                  0.000000    0.000000   clock source latency
    44    0.110228    0.497575    0.343968    0.343968 ^ clk_i (in)
                                                         clk_i (net)
                      0.497582    0.000000    0.343968 ^ _233_/CLK (sky130_fd_sc_hd__dfrtp_2)
     9    0.035503    0.178936    0.573371    0.917338 ^ _233_/Q (sky130_fd_sc_hd__dfrtp_2)
                                                         rng_dp.seed_sel_i[0] (net)
                      0.178936    0.000284    0.917623 ^ _158_/B (sky130_fd_sc_hd__xor2_2)
     1    0.002367    0.029319    0.078358    0.995980 v _158_/X (sky130_fd_sc_hd__xor2_2)
                                                         _002_ (net)
                      0.029319    0.000005    0.995985 v _234_/D (sky130_fd_sc_hd__dfrtp_2)
                                              0.995985   data arrival time

                                  0.000000    0.000000   clock clk_i (rise edge)
                                  0.000000    0.000000   clock source latency
    44    0.110228    0.497575    0.343636    0.343636 ^ clk_i (in)
                                                         clk_i (net)
                      0.497580    0.000000    0.343636 ^ _234_/CLK (sky130_fd_sc_hd__dfrtp_2)
                                  0.250000    0.593636   clock uncertainty
                                  0.000000    0.593636   clock reconvergence pessimism
                                  0.067472    0.661108   library hold time
                                              0.661108   data required time
---------------------------------------------------------------------------------------------
                                              0.661108   data required time
                                             -0.995985   data arrival time
---------------------------------------------------------------------------------------------
                                              0.334877   slack (MET)


Startpoint: _251_ (rising edge-triggered flip-flop clocked by clk_i)
Endpoint: _251_ (rising edge-triggered flip-flop clocked by clk_i)
Path Group: clk_i
Path Type: min

Fanout         Cap        Slew       Delay        Time   Description
---------------------------------------------------------------------------------------------
                                  0.000000    0.000000   clock clk_i (rise edge)
                                  0.000000    0.000000   clock source latency
    44    0.110228    0.497575    0.343832    0.343832 ^ clk_i (in)
                                                         clk_i (net)
                      0.497581    0.000000    0.343832 ^ _251_/CLK (sky130_fd_sc_hd__dfrtp_2)
     4    0.012457    0.078401    0.494227    0.838059 ^ _251_/Q (sky130_fd_sc_hd__dfrtp_2)
                                                         rng_rd.mem[1][0] (net)
                      0.078401    0.000022    0.838081 ^ _207_/A0 (sky130_fd_sc_hd__mux2_1)
     1    0.002170    0.037946    0.120876    0.958958 ^ _207_/X (sky130_fd_sc_hd__mux2_1)
                                                         _024_ (net)
                      0.037946    0.000002    0.958959 ^ _251_/D (sky130_fd_sc_hd__dfrtp_2)
                                              0.958959   data arrival time

                                  0.000000    0.000000   clock clk_i (rise edge)
                                  0.000000    0.000000   clock source latency
    44    0.110228    0.497575    0.343832    0.343832 ^ clk_i (in)
                                                         clk_i (net)
                      0.497581    0.000000    0.343832 ^ _251_/CLK (sky130_fd_sc_hd__dfrtp_2)
                                  0.250000    0.593832   clock uncertainty
                                  0.000000    0.593832   clock reconvergence pessimism
                                  0.028546    0.622378   library hold time
                                              0.622378   data required time
---------------------------------------------------------------------------------------------
                                              0.622378   data required time
                                             -0.958959   data arrival time
---------------------------------------------------------------------------------------------
                                              0.336581   slack (MET)


Startpoint: _242_ (rising edge-triggered flip-flop clocked by clk_i)
Endpoint: _242_ (rising edge-triggered flip-flop clocked by clk_i)
Path Group: clk_i
Path Type: min

Fanout         Cap        Slew       Delay        Time   Description
---------------------------------------------------------------------------------------------
                                  0.000000    0.000000   clock clk_i (rise edge)
                                  0.000000    0.000000   clock source latency
    44    0.110228    0.497575    0.342735    0.342735 ^ clk_i (in)
                                                         clk_i (net)
                      0.497575    0.000000    0.342735 ^ _242_/CLK (sky130_fd_sc_hd__dfrtp_2)
     4    0.012167    0.079895    0.493014    0.835749 ^ _242_/Q (sky130_fd_sc_hd__dfrtp_2)
                                                         rng_rd.mem[4][1] (net)
                      0.079895    0.000007    0.835756 ^ _199_/A0 (sky130_fd_sc_hd__mux2_1)
     1    0.002394    0.039716    0.123187    0.958943 ^ _199_/X (sky130_fd_sc_hd__mux2_1)
                                                         _016_ (net)
                      0.039716    0.000005    0.958948 ^ _242_/D (sky130_fd_sc_hd__dfrtp_2)
                                              0.958948   data arrival time

                                  0.000000    0.000000   clock clk_i (rise edge)
                                  0.000000    0.000000   clock source latency
    44    0.110228    0.497575    0.342735    0.342735 ^ clk_i (in)
                                                         clk_i (net)
                      0.497575    0.000000    0.342735 ^ _242_/CLK (sky130_fd_sc_hd__dfrtp_2)
                                  0.250000    0.592735   clock uncertainty
                                  0.000000    0.592735   clock reconvergence pessimism
                                  0.028199    0.620934   library hold time
                                              0.620934   data required time
---------------------------------------------------------------------------------------------
                                              0.620934   data required time
                                             -0.958948   data arrival time
---------------------------------------------------------------------------------------------
                                              0.338015   slack (MET)


Startpoint: _242_ (rising edge-triggered flip-flop clocked by clk_i)
Endpoint: _239_ (rising edge-triggered flip-flop clocked by clk_i)
Path Group: clk_i
Path Type: min

Fanout         Cap        Slew       Delay        Time   Description
---------------------------------------------------------------------------------------------
                                  0.000000    0.000000   clock clk_i (rise edge)
                                  0.000000    0.000000   clock source latency
    44    0.110228    0.497575    0.342735    0.342735 ^ clk_i (in)
                                                         clk_i (net)
                      0.497575    0.000000    0.342735 ^ _242_/CLK (sky130_fd_sc_hd__dfrtp_2)
     4    0.012167    0.079895    0.493014    0.835749 ^ _242_/Q (sky130_fd_sc_hd__dfrtp_2)
                                                         rng_rd.mem[4][1] (net)
                      0.079895    0.000028    0.835777 ^ _196_/A1 (sky130_fd_sc_hd__mux2_1)
     1    0.002172    0.037960    0.124080    0.959857 ^ _196_/X (sky130_fd_sc_hd__mux2_1)
                                                         _013_ (net)
                      0.037960    0.000002    0.959859 ^ _239_/D (sky130_fd_sc_hd__dfrtp_2)
                                              0.959859   data arrival time

                                  0.000000    0.000000   clock clk_i (rise edge)
                                  0.000000    0.000000   clock source latency
    44    0.110228    0.497575    0.342834    0.342834 ^ clk_i (in)
                                                         clk_i (net)
                      0.497575    0.000000    0.342834 ^ _239_/CLK (sky130_fd_sc_hd__dfrtp_2)
                                  0.250000    0.592834   clock uncertainty
                                  0.000000    0.592834   clock reconvergence pessimism
                                  0.028542    0.621376   library hold time
                                              0.621376   data required time
---------------------------------------------------------------------------------------------
                                              0.621376   data required time
                                             -0.959859   data arrival time
---------------------------------------------------------------------------------------------
                                              0.338484   slack (MET)


Startpoint: _249_ (rising edge-triggered flip-flop clocked by clk_i)
Endpoint: _249_ (rising edge-triggered flip-flop clocked by clk_i)
Path Group: clk_i
Path Type: min

Fanout         Cap        Slew       Delay        Time   Description
---------------------------------------------------------------------------------------------
                                  0.000000    0.000000   clock clk_i (rise edge)
                                  0.000000    0.000000   clock source latency
    44    0.110228    0.497575    0.343724    0.343724 ^ clk_i (in)
                                                         clk_i (net)
                      0.497580    0.000000    0.343724 ^ _249_/CLK (sky130_fd_sc_hd__dfrtp_2)
     4    0.013098    0.080915    0.496644    0.840368 ^ _249_/Q (sky130_fd_sc_hd__dfrtp_2)
                                                         rng_rd.mem[2][1] (net)
                      0.080915    0.000025    0.840393 ^ _205_/A0 (sky130_fd_sc_hd__mux2_1)
     1    0.002168    0.037930    0.121726    0.962119 ^ _205_/X (sky130_fd_sc_hd__mux2_1)
                                                         _022_ (net)
                      0.037930    0.000002    0.962121 ^ _249_/D (sky130_fd_sc_hd__dfrtp_2)
                                              0.962121   data arrival time

                                  0.000000    0.000000   clock clk_i (rise edge)
                                  0.000000    0.000000   clock source latency
    44    0.110228    0.497575    0.343724    0.343724 ^ clk_i (in)
                                                         clk_i (net)
                      0.497580    0.000000    0.343724 ^ _249_/CLK (sky130_fd_sc_hd__dfrtp_2)
                                  0.250000    0.593724   clock uncertainty
                                  0.000000    0.593724   clock reconvergence pessimism
                                  0.028549    0.622273   library hold time
                                              0.622273   data required time
---------------------------------------------------------------------------------------------
                                              0.622273   data required time
                                             -0.962121   data arrival time
---------------------------------------------------------------------------------------------
                                              0.339848   slack (MET)


Startpoint: _237_ (rising edge-triggered flip-flop clocked by clk_i)
Endpoint: _237_ (rising edge-triggered flip-flop clocked by clk_i)
Path Group: clk_i
Path Type: min

Fanout         Cap        Slew       Delay        Time   Description
---------------------------------------------------------------------------------------------
                                  0.000000    0.000000   clock clk_i (rise edge)
                                  0.000000    0.000000   clock source latency
    44    0.110228    0.497575    0.342860    0.342860 ^ clk_i (in)
                                                         clk_i (net)
                      0.497575    0.000000    0.342860 ^ _237_/CLK (sky130_fd_sc_hd__dfrtp_2)
     3    0.013106    0.083917    0.496698    0.839558 ^ _237_/Q (sky130_fd_sc_hd__dfrtp_2)
                                                         rng_rd.mem[6][2] (net)
                      0.083917    0.000007    0.839565 ^ _194_/A0 (sky130_fd_sc_hd__mux2_1)
     1    0.002098    0.037382    0.122203    0.961768 ^ _194_/X (sky130_fd_sc_hd__mux2_1)
                                                         _011_ (net)
                      0.037382    0.000001    0.961769 ^ _237_/D (sky130_fd_sc_hd__dfrtp_2)
                                              0.961769   data arrival time

                                  0.000000    0.000000   clock clk_i (rise edge)
                                  0.000000    0.000000   clock source latency
    44    0.110228    0.497575    0.342860    0.342860 ^ clk_i (in)
                                                         clk_i (net)
                      0.497575    0.000000    0.342860 ^ _237_/CLK (sky130_fd_sc_hd__dfrtp_2)
                                  0.250000    0.592860   clock uncertainty
                                  0.000000    0.592860   clock reconvergence pessimism
                                  0.028655    0.621515   library hold time
                                              0.621515   data required time
---------------------------------------------------------------------------------------------
                                              0.621515   data required time
                                             -0.961769   data arrival time
---------------------------------------------------------------------------------------------
                                              0.340254   slack (MET)


Startpoint: _252_ (rising edge-triggered flip-flop clocked by clk_i)
Endpoint: _252_ (rising edge-triggered flip-flop clocked by clk_i)
Path Group: clk_i
Path Type: min

Fanout         Cap        Slew       Delay        Time   Description
---------------------------------------------------------------------------------------------
                                  0.000000    0.000000   clock clk_i (rise edge)
                                  0.000000    0.000000   clock source latency
    44    0.110228    0.497575    0.343667    0.343667 ^ clk_i (in)
                                                         clk_i (net)
                      0.497580    0.000000    0.343667 ^ _252_/CLK (sky130_fd_sc_hd__dfrtp_2)
     3    0.013193    0.081319    0.496978    0.840645 ^ _252_/Q (sky130_fd_sc_hd__dfrtp_2)
                                                         rng_rd.mem[1][1] (net)
                      0.081319    0.000012    0.840657 ^ _208_/A0 (sky130_fd_sc_hd__mux2_1)
     1    0.002332    0.039227    0.123181    0.963838 ^ _208_/X (sky130_fd_sc_hd__mux2_1)
                                                         _025_ (net)
                      0.039227    0.000004    0.963842 ^ _252_/D (sky130_fd_sc_hd__dfrtp_2)
                                              0.963842   data arrival time

                                  0.000000    0.000000   clock clk_i (rise edge)
                                  0.000000    0.000000   clock source latency
    44    0.110228    0.497575    0.343667    0.343667 ^ clk_i (in)
                                                         clk_i (net)
                      0.497580    0.000000    0.343667 ^ _252_/CLK (sky130_fd_sc_hd__dfrtp_2)
                                  0.250000    0.593667   clock uncertainty
                                  0.000000    0.593667   clock reconvergence pessimism
                                  0.028295    0.621962   library hold time
                                              0.621962   data required time
---------------------------------------------------------------------------------------------
                                              0.621962   data required time
                                             -0.963842   data arrival time
---------------------------------------------------------------------------------------------
                                              0.341880   slack (MET)


Startpoint: _243_ (rising edge-triggered flip-flop clocked by clk_i)
Endpoint: _243_ (rising edge-triggered flip-flop clocked by clk_i)
Path Group: clk_i
Path Type: min

Fanout         Cap        Slew       Delay        Time   Description
---------------------------------------------------------------------------------------------
                                  0.000000    0.000000   clock clk_i (rise edge)
                                  0.000000    0.000000   clock source latency
    44    0.110228    0.497575    0.342638    0.342638 ^ clk_i (in)
                                                         clk_i (net)
                      0.497575    0.000000    0.342638 ^ _243_/CLK (sky130_fd_sc_hd__dfrtp_2)
     3    0.013002    0.083467    0.496341    0.838979 ^ _243_/Q (sky130_fd_sc_hd__dfrtp_2)
                                                         rng_rd.mem[4][2] (net)
                      0.083467    0.000003    0.838982 ^ _200_/A0 (sky130_fd_sc_hd__mux2_1)
     1    0.002350    0.039366    0.124061    0.963043 ^ _200_/X (sky130_fd_sc_hd__mux2_1)
                                                         _017_ (net)
                      0.039366    0.000004    0.963047 ^ _243_/D (sky130_fd_sc_hd__dfrtp_2)
                                              0.963047   data arrival time

                                  0.000000    0.000000   clock clk_i (rise edge)
                                  0.000000    0.000000   clock source latency
    44    0.110228    0.497575    0.342638    0.342638 ^ clk_i (in)
                                                         clk_i (net)
                      0.497575    0.000000    0.342638 ^ _243_/CLK (sky130_fd_sc_hd__dfrtp_2)
                                  0.250000    0.592638   clock uncertainty
                                  0.000000    0.592638   clock reconvergence pessimism
                                  0.028267    0.620905   library hold time
                                              0.620905   data required time
---------------------------------------------------------------------------------------------
                                              0.620905   data required time
                                             -0.963047   data arrival time
---------------------------------------------------------------------------------------------
                                              0.342142   slack (MET)


Startpoint: _246_ (rising edge-triggered flip-flop clocked by clk_i)
Endpoint: _246_ (rising edge-triggered flip-flop clocked by clk_i)
Path Group: clk_i
Path Type: min

Fanout         Cap        Slew       Delay        Time   Description
---------------------------------------------------------------------------------------------
                                  0.000000    0.000000   clock clk_i (rise edge)
                                  0.000000    0.000000   clock source latency
    44    0.110228    0.497575    0.343265    0.343265 ^ clk_i (in)
                                                         clk_i (net)
                      0.497577    0.000000    0.343265 ^ _246_/CLK (sky130_fd_sc_hd__dfrtp_2)
     3    0.012898    0.083014    0.495982    0.839248 ^ _246_/Q (sky130_fd_sc_hd__dfrtp_2)
                                                         rng_rd.mem[3][1] (net)
                      0.083014    0.000002    0.839250 ^ _202_/A0 (sky130_fd_sc_hd__mux2_1)
     1    0.002511    0.040633    0.125192    0.964442 ^ _202_/X (sky130_fd_sc_hd__mux2_1)
                                                         _019_ (net)
                      0.040633    0.000006    0.964447 ^ _246_/D (sky130_fd_sc_hd__dfrtp_2)
                                              0.964447   data arrival time

                                  0.000000    0.000000   clock clk_i (rise edge)
                                  0.000000    0.000000   clock source latency
    44    0.110228    0.497575    0.343265    0.343265 ^ clk_i (in)
                                                         clk_i (net)
                      0.497577    0.000000    0.343265 ^ _246_/CLK (sky130_fd_sc_hd__dfrtp_2)
                                  0.250000    0.593265   clock uncertainty
                                  0.000000    0.593265   clock reconvergence pessimism
                                  0.028020    0.621285   library hold time
                                              0.621285   data required time
---------------------------------------------------------------------------------------------
                                              0.621285   data required time
                                             -0.964447   data arrival time
---------------------------------------------------------------------------------------------
                                              0.343163   slack (MET)


Startpoint: _243_ (rising edge-triggered flip-flop clocked by clk_i)
Endpoint: _240_ (rising edge-triggered flip-flop clocked by clk_i)
Path Group: clk_i
Path Type: min

Fanout         Cap        Slew       Delay        Time   Description
---------------------------------------------------------------------------------------------
                                  0.000000    0.000000   clock clk_i (rise edge)
                                  0.000000    0.000000   clock source latency
    44    0.110228    0.497575    0.342638    0.342638 ^ clk_i (in)
                                                         clk_i (net)
                      0.497575    0.000000    0.342638 ^ _243_/CLK (sky130_fd_sc_hd__dfrtp_2)
     3    0.013002    0.083467    0.496341    0.838979 ^ _243_/Q (sky130_fd_sc_hd__dfrtp_2)
                                                         rng_rd.mem[4][2] (net)
                      0.083467    0.000014    0.838993 ^ _197_/A1 (sky130_fd_sc_hd__mux2_1)
     1    0.002198    0.038169    0.125504    0.964497 ^ _197_/X (sky130_fd_sc_hd__mux2_1)
                                                         _014_ (net)
                      0.038169    0.000002    0.964499 ^ _240_/D (sky130_fd_sc_hd__dfrtp_2)
                                              0.964499   data arrival time

                                  0.000000    0.000000   clock clk_i (rise edge)
                                  0.000000    0.000000   clock source latency
    44    0.110228    0.497575    0.342705    0.342705 ^ clk_i (in)
                                                         clk_i (net)
                      0.497575    0.000000    0.342705 ^ _240_/CLK (sky130_fd_sc_hd__dfrtp_2)
                                  0.250000    0.592705   clock uncertainty
                                  0.000000    0.592705   clock reconvergence pessimism
                                  0.028501    0.621207   library hold time
                                              0.621207   data required time
---------------------------------------------------------------------------------------------
                                              0.621207   data required time
                                             -0.964499   data arrival time
---------------------------------------------------------------------------------------------
                                              0.343292   slack (MET)


Startpoint: _247_ (rising edge-triggered flip-flop clocked by clk_i)
Endpoint: _247_ (rising edge-triggered flip-flop clocked by clk_i)
Path Group: clk_i
Path Type: min

Fanout         Cap        Slew       Delay        Time   Description
---------------------------------------------------------------------------------------------
                                  0.000000    0.000000   clock clk_i (rise edge)
                                  0.000000    0.000000   clock source latency
    44    0.110228    0.497575    0.342738    0.342738 ^ clk_i (in)
                                                         clk_i (net)
                      0.497575    0.000000    0.342738 ^ _247_/CLK (sky130_fd_sc_hd__dfrtp_2)
     3    0.013144    0.084079    0.496826    0.839564 ^ _247_/Q (sky130_fd_sc_hd__dfrtp_2)
                                                         rng_rd.mem[3][2] (net)
                      0.084079    0.000017    0.839581 ^ _203_/A0 (sky130_fd_sc_hd__mux2_1)
     1    0.002412    0.039855    0.124768    0.964349 ^ _203_/X (sky130_fd_sc_hd__mux2_1)
                                                         _020_ (net)
                      0.039855    0.000005    0.964354 ^ _247_/D (sky130_fd_sc_hd__dfrtp_2)
                                              0.964354   data arrival time

                                  0.000000    0.000000   clock clk_i (rise edge)
                                  0.000000    0.000000   clock source latency
    44    0.110228    0.497575    0.342738    0.342738 ^ clk_i (in)
                                                         clk_i (net)
                      0.497575    0.000000    0.342738 ^ _247_/CLK (sky130_fd_sc_hd__dfrtp_2)
                                  0.250000    0.592738   clock uncertainty
                                  0.000000    0.592738   clock reconvergence pessimism
                                  0.028171    0.620909   library hold time
                                              0.620909   data required time
---------------------------------------------------------------------------------------------
                                              0.620909   data required time
                                             -0.964354   data arrival time
---------------------------------------------------------------------------------------------
                                              0.343445   slack (MET)


Startpoint: _250_ (rising edge-triggered flip-flop clocked by clk_i)
Endpoint: _250_ (rising edge-triggered flip-flop clocked by clk_i)
Path Group: clk_i
Path Type: min

Fanout         Cap        Slew       Delay        Time   Description
---------------------------------------------------------------------------------------------
                                  0.000000    0.000000   clock clk_i (rise edge)
                                  0.000000    0.000000   clock source latency
    44    0.110228    0.497575    0.343186    0.343186 ^ clk_i (in)
                                                         clk_i (net)
                      0.497577    0.000000    0.343186 ^ _250_/CLK (sky130_fd_sc_hd__dfrtp_2)
     3    0.013461    0.085452    0.497915    0.841101 ^ _250_/Q (sky130_fd_sc_hd__dfrtp_2)
                                                         rng_rd.mem[2][2] (net)
                      0.085452    0.000014    0.841114 ^ _206_/A0 (sky130_fd_sc_hd__mux2_1)
     1    0.002340    0.039288    0.124666    0.965780 ^ _206_/X (sky130_fd_sc_hd__mux2_1)
                                                         _023_ (net)
                      0.039288    0.000004    0.965784 ^ _250_/D (sky130_fd_sc_hd__dfrtp_2)
                                              0.965784   data arrival time

                                  0.000000    0.000000   clock clk_i (rise edge)
                                  0.000000    0.000000   clock source latency
    44    0.110228    0.497575    0.343186    0.343186 ^ clk_i (in)
                                                         clk_i (net)
                      0.497577    0.000000    0.343186 ^ _250_/CLK (sky130_fd_sc_hd__dfrtp_2)
                                  0.250000    0.593186   clock uncertainty
                                  0.000000    0.593186   clock reconvergence pessimism
                                  0.028283    0.621468   library hold time
                                              0.621468   data required time
---------------------------------------------------------------------------------------------
                                              0.621468   data required time
                                             -0.965784   data arrival time
---------------------------------------------------------------------------------------------
                                              0.344316   slack (MET)


Startpoint: _253_ (rising edge-triggered flip-flop clocked by clk_i)
Endpoint: _253_ (rising edge-triggered flip-flop clocked by clk_i)
Path Group: clk_i
Path Type: min

Fanout         Cap        Slew       Delay        Time   Description
---------------------------------------------------------------------------------------------
                                  0.000000    0.000000   clock clk_i (rise edge)
                                  0.000000    0.000000   clock source latency
    44    0.110228    0.497575    0.343410    0.343410 ^ clk_i (in)
                                                         clk_i (net)
                      0.497578    0.000000    0.343410 ^ _253_/CLK (sky130_fd_sc_hd__dfrtp_2)
     3    0.013679    0.086392    0.498661    0.842072 ^ _253_/Q (sky130_fd_sc_hd__dfrtp_2)
                                                         rng_rd.mem[1][2] (net)
                      0.086392    0.000008    0.842080 ^ _209_/A0 (sky130_fd_sc_hd__mux2_1)
     1    0.002314    0.039084    0.124782    0.966862 ^ _209_/X (sky130_fd_sc_hd__mux2_1)
                                                         _026_ (net)
                      0.039084    0.000004    0.966865 ^ _253_/D (sky130_fd_sc_hd__dfrtp_2)
                                              0.966865   data arrival time

                                  0.000000    0.000000   clock clk_i (rise edge)
                                  0.000000    0.000000   clock source latency
    44    0.110228    0.497575    0.343410    0.343410 ^ clk_i (in)
                                                         clk_i (net)
                      0.497578    0.000000    0.343410 ^ _253_/CLK (sky130_fd_sc_hd__dfrtp_2)
                                  0.250000    0.593410   clock uncertainty
                                  0.000000    0.593410   clock reconvergence pessimism
                                  0.028323    0.621733   library hold time
                                              0.621733   data required time
---------------------------------------------------------------------------------------------
                                              0.621733   data required time
                                             -0.966865   data arrival time
---------------------------------------------------------------------------------------------
                                              0.345132   slack (MET)


Startpoint: _230_ (rising edge-triggered flip-flop clocked by clk_i)
Endpoint: _230_ (rising edge-triggered flip-flop clocked by clk_i)
Path Group: clk_i
Path Type: min

Fanout         Cap        Slew       Delay        Time   Description
---------------------------------------------------------------------------------------------
                                  0.000000    0.000000   clock clk_i (rise edge)
                                  0.000000    0.000000   clock source latency
    44    0.110228    0.497575    0.343889    0.343889 ^ clk_i (in)
                                                         clk_i (net)
                      0.497582    0.000000    0.343889 ^ _230_/CLK (sky130_fd_sc_hd__dfrtp_2)
     3    0.010947    0.073033    0.487741    0.831630 ^ _230_/Q (sky130_fd_sc_hd__dfrtp_2)
                                                         num_i_bar[0] (net)
                      0.073033    0.000008    0.831638 ^ _177_/A1 (sky130_fd_sc_hd__o22a_2)
     1    0.002520    0.030342    0.141839    0.973477 ^ _177_/X (sky130_fd_sc_hd__o22a_2)
                                                         _006_ (net)
                      0.030342    0.000005    0.973482 ^ _230_/D (sky130_fd_sc_hd__dfrtp_2)
                                              0.973482   data arrival time

                                  0.000000    0.000000   clock clk_i (rise edge)
                                  0.000000    0.000000   clock source latency
    44    0.110228    0.497575    0.343889    0.343889 ^ clk_i (in)
                                                         clk_i (net)
                      0.497582    0.000000    0.343889 ^ _230_/CLK (sky130_fd_sc_hd__dfrtp_2)
                                  0.250000    0.593889   clock uncertainty
                                  0.000000    0.593889   clock reconvergence pessimism
                                  0.030033    0.623922   library hold time
                                              0.623922   data required time
---------------------------------------------------------------------------------------------
                                              0.623922   data required time
                                             -0.973482   data arrival time
---------------------------------------------------------------------------------------------
                                              0.349560   slack (MET)


Startpoint: _268_ (rising edge-triggered flip-flop clocked by clk_i)
Endpoint: _268_ (rising edge-triggered flip-flop clocked by clk_i)
Path Group: clk_i
Path Type: min

Fanout         Cap        Slew       Delay        Time   Description
---------------------------------------------------------------------------------------------
                                  0.000000    0.000000   clock clk_i (rise edge)
                                  0.000000    0.000000   clock source latency
    44    0.110228    0.497575    0.343954    0.343954 ^ clk_i (in)
                                                         clk_i (net)
                      0.497582    0.000000    0.343954 ^ _268_/CLK (sky130_fd_sc_hd__dfrtp_2)
    10    0.043625    0.213437    0.599864    0.943818 ^ _268_/Q (sky130_fd_sc_hd__dfrtp_2)
                                                         rng_dp.inst.next_num_o[1] (net)
                      0.213437    0.000158    0.943976 ^ _224_/A (sky130_fd_sc_hd__xnor2_2)
     1    0.001995    0.026470    0.086687    1.030664 v _224_/Y (sky130_fd_sc_hd__xnor2_2)
                                                         _039_ (net)
                      0.026470    0.000000    1.030664 v _268_/D (sky130_fd_sc_hd__dfrtp_2)
                                              1.030664   data arrival time

                                  0.000000    0.000000   clock clk_i (rise edge)
                                  0.000000    0.000000   clock source latency
    44    0.110228    0.497575    0.343954    0.343954 ^ clk_i (in)
                                                         clk_i (net)
                      0.497582    0.000000    0.343954 ^ _268_/CLK (sky130_fd_sc_hd__dfrtp_2)
                                  0.250000    0.593954   clock uncertainty
                                  0.000000    0.593954   clock reconvergence pessimism
                                  0.068626    0.662580   library hold time
                                              0.662580   data required time
---------------------------------------------------------------------------------------------
                                              0.662580   data required time
                                             -1.030664   data arrival time
---------------------------------------------------------------------------------------------
                                              0.368084   slack (MET)


Startpoint: _267_ (rising edge-triggered flip-flop clocked by clk_i)
Endpoint: _269_ (rising edge-triggered flip-flop clocked by clk_i)
Path Group: clk_i
Path Type: min

Fanout         Cap        Slew       Delay        Time   Description
---------------------------------------------------------------------------------------------
                                  0.000000    0.000000   clock clk_i (rise edge)
                                  0.000000    0.000000   clock source latency
    44    0.110228    0.497575    0.343931    0.343931 ^ clk_i (in)
                                                         clk_i (net)
                      0.497582    0.000000    0.343931 ^ _267_/CLK (sky130_fd_sc_hd__dfrtp_2)
     8    0.028518    0.148064    0.549507    0.893437 ^ _267_/Q (sky130_fd_sc_hd__dfrtp_2)
                                                         rng_dp.inst.next_num_o[0] (net)
                      0.148064    0.000071    0.893508 ^ _226_/A1 (sky130_fd_sc_hd__a31o_2)
     1    0.002235    0.029771    0.159694    1.053202 ^ _226_/X (sky130_fd_sc_hd__a31o_2)
                                                         _040_ (net)
                      0.029771    0.000003    1.053206 ^ _269_/D (sky130_fd_sc_hd__dfrtp_2)
                                              1.053206   data arrival time

                                  0.000000    0.000000   clock clk_i (rise edge)
                                  0.000000    0.000000   clock source latency
    44    0.110228    0.497575    0.343956    0.343956 ^ clk_i (in)
                                                         clk_i (net)
                      0.497582    0.000000    0.343956 ^ _269_/CLK (sky130_fd_sc_hd__dfrtp_2)
                                  0.250000    0.593956   clock uncertainty
                                  0.000000    0.593956   clock reconvergence pessimism
                                  0.030145    0.624101   library hold time
                                              0.624101   data required time
---------------------------------------------------------------------------------------------
                                              0.624101   data required time
                                             -1.053206   data arrival time
---------------------------------------------------------------------------------------------
                                              0.429105   slack (MET)


Startpoint: _257_ (rising edge-triggered flip-flop clocked by clk_i)
Endpoint: _257_ (rising edge-triggered flip-flop clocked by clk_i)
Path Group: clk_i
Path Type: min

Fanout         Cap        Slew       Delay        Time   Description
---------------------------------------------------------------------------------------------
                                  0.000000    0.000000   clock clk_i (rise edge)
                                  0.000000    0.000000   clock source latency
    44    0.110228    0.497575    0.343554    0.343554 ^ clk_i (in)
                                                         clk_i (net)
                      0.497579    0.000000    0.343554 ^ _257_/CLK (sky130_fd_sc_hd__dfrtp_2)
     5    0.044808    0.218810    0.603657    0.947212 ^ _257_/Q (sky130_fd_sc_hd__dfrtp_2)
                                                         num_to_send_o[2] (net)
                      0.218810    0.000060    0.947272 ^ _212_/A0 (sky130_fd_sc_hd__mux2_1)
     1    0.002143    0.037736    0.159168    1.106440 ^ _212_/X (sky130_fd_sc_hd__mux2_1)
                                                         _029_ (net)
                      0.037736    0.000001    1.106441 ^ _257_/D (sky130_fd_sc_hd__dfrtp_2)
                                              1.106441   data arrival time

                                  0.000000    0.000000   clock clk_i (rise edge)
                                  0.000000    0.000000   clock source latency
    44    0.110228    0.497575    0.343554    0.343554 ^ clk_i (in)
                                                         clk_i (net)
                      0.497579    0.000000    0.343554 ^ _257_/CLK (sky130_fd_sc_hd__dfrtp_2)
                                  0.250000    0.593554   clock uncertainty
                                  0.000000    0.593554   clock reconvergence pessimism
                                  0.028587    0.622141   library hold time
                                              0.622141   data required time
---------------------------------------------------------------------------------------------
                                              0.622141   data required time
                                             -1.106441   data arrival time
---------------------------------------------------------------------------------------------
                                              0.484300   slack (MET)


Startpoint: _267_ (rising edge-triggered flip-flop clocked by clk_i)
Endpoint: _267_ (rising edge-triggered flip-flop clocked by clk_i)
Path Group: clk_i
Path Type: min

Fanout         Cap        Slew       Delay        Time   Description
---------------------------------------------------------------------------------------------
                                  0.000000    0.000000   clock clk_i (rise edge)
                                  0.000000    0.000000   clock source latency
    44    0.110228    0.497575    0.343931    0.343931 ^ clk_i (in)
                                                         clk_i (net)
                      0.497582    0.000000    0.343931 ^ _267_/CLK (sky130_fd_sc_hd__dfrtp_2)
     8    0.028518    0.148064    0.549507    0.893437 ^ _267_/Q (sky130_fd_sc_hd__dfrtp_2)
                                                         rng_dp.inst.next_num_o[0] (net)
                      0.148064    0.000031    0.893468 ^ _221_/A (sky130_fd_sc_hd__nand2_2)
     2    0.009964    0.061268    0.085462    0.978930 v _221_/Y (sky130_fd_sc_hd__nand2_2)
                                                         _099_ (net)
                      0.061268    0.000002    0.978932 v _223_/A (sky130_fd_sc_hd__and2_2)
     1    0.002484    0.034166    0.167831    1.146763 v _223_/X (sky130_fd_sc_hd__and2_2)
                                                         _038_ (net)
                      0.034166    0.000006    1.146769 v _267_/D (sky130_fd_sc_hd__dfrtp_2)
                                              1.146769   data arrival time

                                  0.000000    0.000000   clock clk_i (rise edge)
                                  0.000000    0.000000   clock source latency
    44    0.110228    0.497575    0.343931    0.343931 ^ clk_i (in)
                                                         clk_i (net)
                      0.497582    0.000000    0.343931 ^ _267_/CLK (sky130_fd_sc_hd__dfrtp_2)
                                  0.250000    0.593931   clock uncertainty
                                  0.000000    0.593931   clock reconvergence pessimism
                                  0.065510    0.659441   library hold time
                                              0.659441   data required time
---------------------------------------------------------------------------------------------
                                              0.659441   data required time
                                             -1.146769   data arrival time
---------------------------------------------------------------------------------------------
                                              0.487328   slack (MET)


Startpoint: _256_ (rising edge-triggered flip-flop clocked by clk_i)
Endpoint: _256_ (rising edge-triggered flip-flop clocked by clk_i)
Path Group: clk_i
Path Type: min

Fanout         Cap        Slew       Delay        Time   Description
---------------------------------------------------------------------------------------------
                                  0.000000    0.000000   clock clk_i (rise edge)
                                  0.000000    0.000000   clock source latency
    44    0.110228    0.497575    0.343671    0.343671 ^ clk_i (in)
                                                         clk_i (net)
                      0.497580    0.000000    0.343671 ^ _256_/CLK (sky130_fd_sc_hd__dfrtp_2)
     5    0.047140    0.229429    0.611017    0.954687 ^ _256_/Q (sky130_fd_sc_hd__dfrtp_2)
                                                         num_to_send_o[1] (net)
                      0.229429    0.000044    0.954731 ^ _211_/A0 (sky130_fd_sc_hd__mux2_1)
     1    0.002262    0.038670    0.162735    1.117466 ^ _211_/X (sky130_fd_sc_hd__mux2_1)
                                                         _028_ (net)
                      0.038670    0.000002    1.117469 ^ _256_/D (sky130_fd_sc_hd__dfrtp_2)
                                              1.117469   data arrival time

                                  0.000000    0.000000   clock clk_i (rise edge)
                                  0.000000    0.000000   clock source latency
    44    0.110228    0.497575    0.343671    0.343671 ^ clk_i (in)
                                                         clk_i (net)
                      0.497580    0.000000    0.343671 ^ _256_/CLK (sky130_fd_sc_hd__dfrtp_2)
                                  0.250000    0.593671   clock uncertainty
                                  0.000000    0.593671   clock reconvergence pessimism
                                  0.028404    0.622075   library hold time
                                              0.622075   data required time
---------------------------------------------------------------------------------------------
                                              0.622075   data required time
                                             -1.117469   data arrival time
---------------------------------------------------------------------------------------------
                                              0.495394   slack (MET)


Startpoint: _231_ (rising edge-triggered flip-flop clocked by clk_i)
Endpoint: _231_ (rising edge-triggered flip-flop clocked by clk_i)
Path Group: clk_i
Path Type: min

Fanout         Cap        Slew       Delay        Time   Description
---------------------------------------------------------------------------------------------
                                  0.000000    0.000000   clock clk_i (rise edge)
                                  0.000000    0.000000   clock source latency
    44    0.110228    0.497575    0.343622    0.343622 ^ clk_i (in)
                                                         clk_i (net)
                      0.497579    0.000000    0.343622 ^ _231_/CLK (sky130_fd_sc_hd__dfrtp_2)
     6    0.047392    0.135858    0.611520    0.955142 v _231_/Q (sky130_fd_sc_hd__dfrtp_2)
                                                         num_i_bar[1] (net)
                      0.135858    0.000093    0.955235 v _117_/A (sky130_fd_sc_hd__inv_2)
     9    0.039651    0.182916    0.197237    1.152472 ^ _117_/Y (sky130_fd_sc_hd__inv_2)
                                                         _105_ (net)
                      0.182916    0.000015    1.152486 ^ _184_/A1 (sky130_fd_sc_hd__o21ai_2)
     1    0.002386    0.027775    0.078026    1.230513 v _184_/Y (sky130_fd_sc_hd__o21ai_2)
                                                         _007_ (net)
                      0.027775    0.000005    1.230518 v _231_/D (sky130_fd_sc_hd__dfrtp_2)
                                              1.230518   data arrival time

                                  0.000000    0.000000   clock clk_i (rise edge)
                                  0.000000    0.000000   clock source latency
    44    0.110228    0.497575    0.343622    0.343622 ^ clk_i (in)
                                                         clk_i (net)
                      0.497579    0.000000    0.343622 ^ _231_/CLK (sky130_fd_sc_hd__dfrtp_2)
                                  0.250000    0.593622   clock uncertainty
                                  0.000000    0.593622   clock reconvergence pessimism
                                  0.068097    0.661719   library hold time
                                              0.661719   data required time
---------------------------------------------------------------------------------------------
                                              0.661719   data required time
                                             -1.230518   data arrival time
---------------------------------------------------------------------------------------------
                                              0.568799   slack (MET)


Startpoint: _232_ (rising edge-triggered flip-flop clocked by clk_i)
Endpoint: _232_ (rising edge-triggered flip-flop clocked by clk_i)
Path Group: clk_i
Path Type: min

Fanout         Cap        Slew       Delay        Time   Description
---------------------------------------------------------------------------------------------
                                  0.000000    0.000000   clock clk_i (rise edge)
                                  0.000000    0.000000   clock source latency
    44    0.110228    0.497575    0.343619    0.343619 ^ clk_i (in)
                                                         clk_i (net)
                      0.497579    0.000000    0.343619 ^ _232_/CLK (sky130_fd_sc_hd__dfrtp_2)
    11    0.077931    0.202574    0.666150    1.009769 v _232_/Q (sky130_fd_sc_hd__dfrtp_2)
                                                         num_i_bar[2] (net)
                      0.202574    0.000018    1.009787 v _191_/A1 (sky130_fd_sc_hd__o21a_2)
     1    0.002354    0.023019    0.258086    1.267873 v _191_/X (sky130_fd_sc_hd__o21a_2)
                                                         _008_ (net)
                      0.023019    0.000005    1.267878 v _232_/D (sky130_fd_sc_hd__dfrtp_2)
                                              1.267878   data arrival time

                                  0.000000    0.000000   clock clk_i (rise edge)
                                  0.000000    0.000000   clock source latency
    44    0.110228    0.497575    0.343619    0.343619 ^ clk_i (in)
                                                         clk_i (net)
                      0.497579    0.000000    0.343619 ^ _232_/CLK (sky130_fd_sc_hd__dfrtp_2)
                                  0.250000    0.593619   clock uncertainty
                                  0.000000    0.593619   clock reconvergence pessimism
                                  0.070022    0.663642   library hold time
                                              0.663642   data required time
---------------------------------------------------------------------------------------------
                                              0.663642   data required time
                                             -1.267878   data arrival time
---------------------------------------------------------------------------------------------
                                              0.604236   slack (MET)


Startpoint: rst_i (input port clocked by clk_i)
Endpoint: _227_ (removal check against rising-edge clock clk_i)
Path Group: asynchronous
Path Type: min

Fanout         Cap        Slew       Delay        Time   Description
---------------------------------------------------------------------------------------------
                                  0.000000    0.000000   clock clk_i (rise edge)
                                  0.000000    0.000000   clock network delay (propagated)
                                625.000000  625.000000 ^ input external delay
    44    0.187901    0.841106    0.580656  625.580627 ^ rst_i (in)
                                                         rst_i (net)
                      0.841114    0.000000  625.580627 ^ _227_/RESET_B (sky130_fd_sc_hd__dfrtp_2)
                                            625.580627   data arrival time

                                  0.000000    0.000000   clock clk_i (rise edge)
                                  0.000000    0.000000   clock source latency
    44    0.110228    0.497575    0.343583    0.343583 ^ clk_i (in)
                                                         clk_i (net)
                      0.497579    0.000000    0.343583 ^ _227_/CLK (sky130_fd_sc_hd__dfrtp_2)
                                  0.250000    0.593583   clock uncertainty
                                  0.000000    0.593583   clock reconvergence pessimism
                                  0.656729    1.250312   library removal time
                                              1.250312   data required time
---------------------------------------------------------------------------------------------
                                              1.250312   data required time
                                           -625.580627   data arrival time
---------------------------------------------------------------------------------------------
                                            624.330322   slack (MET)


Startpoint: rst_i (input port clocked by clk_i)
Endpoint: _228_ (removal check against rising-edge clock clk_i)
Path Group: asynchronous
Path Type: min

Fanout         Cap        Slew       Delay        Time   Description
---------------------------------------------------------------------------------------------
                                  0.000000    0.000000   clock clk_i (rise edge)
                                  0.000000    0.000000   clock network delay (propagated)
                                625.000000  625.000000 ^ input external delay
    44    0.187901    0.841106    0.580656  625.580627 ^ rst_i (in)
                                                         rst_i (net)
                      0.841114    0.000000  625.580627 ^ _228_/RESET_B (sky130_fd_sc_hd__dfrtp_2)
                                            625.580627   data arrival time

                                  0.000000    0.000000   clock clk_i (rise edge)
                                  0.000000    0.000000   clock source latency
    44    0.110228    0.497575    0.343584    0.343584 ^ clk_i (in)
                                                         clk_i (net)
                      0.497579    0.000000    0.343584 ^ _228_/CLK (sky130_fd_sc_hd__dfrtp_2)
                                  0.250000    0.593584   clock uncertainty
                                  0.000000    0.593584   clock reconvergence pessimism
                                  0.656729    1.250313   library removal time
                                              1.250313   data required time
---------------------------------------------------------------------------------------------
                                              1.250313   data required time
                                           -625.580627   data arrival time
---------------------------------------------------------------------------------------------
                                            624.330322   slack (MET)


Startpoint: rst_i (input port clocked by clk_i)
Endpoint: _229_ (removal check against rising-edge clock clk_i)
Path Group: asynchronous
Path Type: min

Fanout         Cap        Slew       Delay        Time   Description
---------------------------------------------------------------------------------------------
                                  0.000000    0.000000   clock clk_i (rise edge)
                                  0.000000    0.000000   clock network delay (propagated)
                                625.000000  625.000000 ^ input external delay
    44    0.187901    0.841106    0.579803  625.579834 ^ rst_i (in)
                                                         rst_i (net)
                      0.841108    0.000000  625.579834 ^ _229_/RESET_B (sky130_fd_sc_hd__dfrtp_2)
                                            625.579834   data arrival time

                                  0.000000    0.000000   clock clk_i (rise edge)
                                  0.000000    0.000000   clock source latency
    44    0.110228    0.497575    0.342891    0.342891 ^ clk_i (in)
                                                         clk_i (net)
                      0.497576    0.000000    0.342891 ^ _229_/CLK (sky130_fd_sc_hd__dfrtp_2)
                                  0.250000    0.592891   clock uncertainty
                                  0.000000    0.592891   clock reconvergence pessimism
                                  0.656727    1.249617   library removal time
                                              1.249617   data required time
---------------------------------------------------------------------------------------------
                                              1.249617   data required time
                                           -625.579834   data arrival time
---------------------------------------------------------------------------------------------
                                            624.330200   slack (MET)


Startpoint: rst_i (input port clocked by clk_i)
Endpoint: _230_ (removal check against rising-edge clock clk_i)
Path Group: asynchronous
Path Type: min

Fanout         Cap        Slew       Delay        Time   Description
---------------------------------------------------------------------------------------------
                                  0.000000    0.000000   clock clk_i (rise edge)
                                  0.000000    0.000000   clock network delay (propagated)
                                625.000000  625.000000 ^ input external delay
    44    0.187901    0.841106    0.581167  625.581177 ^ rst_i (in)
                                                         rst_i (net)
                      0.841118    0.000000  625.581177 ^ _230_/RESET_B (sky130_fd_sc_hd__dfrtp_2)
                                            625.581177   data arrival time

                                  0.000000    0.000000   clock clk_i (rise edge)
                                  0.000000    0.000000   clock source latency
    44    0.110228    0.497575    0.343889    0.343889 ^ clk_i (in)
                                                         clk_i (net)
                      0.497582    0.000000    0.343889 ^ _230_/CLK (sky130_fd_sc_hd__dfrtp_2)
                                  0.250000    0.593889   clock uncertainty
                                  0.000000    0.593889   clock reconvergence pessimism
                                  0.656730    1.250620   library removal time
                                              1.250620   data required time
---------------------------------------------------------------------------------------------
                                              1.250620   data required time
                                           -625.581177   data arrival time
---------------------------------------------------------------------------------------------
                                            624.330566   slack (MET)


Startpoint: rst_i (input port clocked by clk_i)
Endpoint: _231_ (removal check against rising-edge clock clk_i)
Path Group: asynchronous
Path Type: min

Fanout         Cap        Slew       Delay        Time   Description
---------------------------------------------------------------------------------------------
                                  0.000000    0.000000   clock clk_i (rise edge)
                                  0.000000    0.000000   clock network delay (propagated)
                                625.000000  625.000000 ^ input external delay
    44    0.187901    0.841106    0.580712  625.580688 ^ rst_i (in)
                                                         rst_i (net)
                      0.841114    0.000000  625.580688 ^ _231_/RESET_B (sky130_fd_sc_hd__dfrtp_2)
                                            625.580688   data arrival time

                                  0.000000    0.000000   clock clk_i (rise edge)
                                  0.000000    0.000000   clock source latency
    44    0.110228    0.497575    0.343622    0.343622 ^ clk_i (in)
                                                         clk_i (net)
                      0.497579    0.000000    0.343622 ^ _231_/CLK (sky130_fd_sc_hd__dfrtp_2)
                                  0.250000    0.593622   clock uncertainty
                                  0.000000    0.593622   clock reconvergence pessimism
                                  0.656729    1.250350   library removal time
                                              1.250350   data required time
---------------------------------------------------------------------------------------------
                                              1.250350   data required time
                                           -625.580688   data arrival time
---------------------------------------------------------------------------------------------
                                            624.330383   slack (MET)


Startpoint: rst_i (input port clocked by clk_i)
Endpoint: _232_ (removal check against rising-edge clock clk_i)
Path Group: asynchronous
Path Type: min

Fanout         Cap        Slew       Delay        Time   Description
---------------------------------------------------------------------------------------------
                                  0.000000    0.000000   clock clk_i (rise edge)
                                  0.000000    0.000000   clock network delay (propagated)
                                625.000000  625.000000 ^ input external delay
    44    0.187901    0.841106    0.580712  625.580688 ^ rst_i (in)
                                                         rst_i (net)
                      0.841114    0.000000  625.580688 ^ _232_/RESET_B (sky130_fd_sc_hd__dfrtp_2)
                                            625.580688   data arrival time

                                  0.000000    0.000000   clock clk_i (rise edge)
                                  0.000000    0.000000   clock source latency
    44    0.110228    0.497575    0.343619    0.343619 ^ clk_i (in)
                                                         clk_i (net)
                      0.497579    0.000000    0.343619 ^ _232_/CLK (sky130_fd_sc_hd__dfrtp_2)
                                  0.250000    0.593619   clock uncertainty
                                  0.000000    0.593619   clock reconvergence pessimism
                                  0.656729    1.250348   library removal time
                                              1.250348   data required time
---------------------------------------------------------------------------------------------
                                              1.250348   data required time
                                           -625.580688   data arrival time
---------------------------------------------------------------------------------------------
                                            624.330383   slack (MET)


Startpoint: rst_i (input port clocked by clk_i)
Endpoint: _233_ (removal check against rising-edge clock clk_i)
Path Group: asynchronous
Path Type: min

Fanout         Cap        Slew       Delay        Time   Description
---------------------------------------------------------------------------------------------
                                  0.000000    0.000000   clock clk_i (rise edge)
                                  0.000000    0.000000   clock network delay (propagated)
                                625.000000  625.000000 ^ input external delay
    44    0.187901    0.841106    0.581338  625.581360 ^ rst_i (in)
                                                         rst_i (net)
                      0.841119    0.000000  625.581360 ^ _233_/RESET_B (sky130_fd_sc_hd__dfrtp_2)
                                            625.581360   data arrival time

                                  0.000000    0.000000   clock clk_i (rise edge)
                                  0.000000    0.000000   clock source latency
    44    0.110228    0.497575    0.343968    0.343968 ^ clk_i (in)
                                                         clk_i (net)
                      0.497582    0.000000    0.343968 ^ _233_/CLK (sky130_fd_sc_hd__dfrtp_2)
                                  0.250000    0.593968   clock uncertainty
                                  0.000000    0.593968   clock reconvergence pessimism
                                  0.656731    1.250698   library removal time
                                              1.250698   data required time
---------------------------------------------------------------------------------------------
                                              1.250698   data required time
                                           -625.581360   data arrival time
---------------------------------------------------------------------------------------------
                                            624.330627   slack (MET)


Startpoint: rst_i (input port clocked by clk_i)
Endpoint: _234_ (removal check against rising-edge clock clk_i)
Path Group: asynchronous
Path Type: min

Fanout         Cap        Slew       Delay        Time   Description
---------------------------------------------------------------------------------------------
                                  0.000000    0.000000   clock clk_i (rise edge)
                                  0.000000    0.000000   clock network delay (propagated)
                                625.000000  625.000000 ^ input external delay
    44    0.187901    0.841106    0.580769  625.580750 ^ rst_i (in)
                                                         rst_i (net)
                      0.841114    0.000000  625.580750 ^ _234_/RESET_B (sky130_fd_sc_hd__dfrtp_2)
                                            625.580750   data arrival time

                                  0.000000    0.000000   clock clk_i (rise edge)
                                  0.000000    0.000000   clock source latency
    44    0.110228    0.497575    0.343636    0.343636 ^ clk_i (in)
                                                         clk_i (net)
                      0.497580    0.000000    0.343636 ^ _234_/CLK (sky130_fd_sc_hd__dfrtp_2)
                                  0.250000    0.593636   clock uncertainty
                                  0.000000    0.593636   clock reconvergence pessimism
                                  0.656729    1.250365   library removal time
                                              1.250365   data required time
---------------------------------------------------------------------------------------------
                                              1.250365   data required time
                                           -625.580750   data arrival time
---------------------------------------------------------------------------------------------
                                            624.330383   slack (MET)


Startpoint: rst_i (input port clocked by clk_i)
Endpoint: _235_ (removal check against rising-edge clock clk_i)
Path Group: asynchronous
Path Type: min

Fanout         Cap        Slew       Delay        Time   Description
---------------------------------------------------------------------------------------------
                                  0.000000    0.000000   clock clk_i (rise edge)
                                  0.000000    0.000000   clock network delay (propagated)
                                625.000000  625.000000 ^ input external delay
    44    0.187901    0.841106    0.580656  625.580627 ^ rst_i (in)
                                                         rst_i (net)
                      0.841113    0.000000  625.580627 ^ _235_/RESET_B (sky130_fd_sc_hd__dfrtp_2)
                                            625.580627   data arrival time

                                  0.000000    0.000000   clock clk_i (rise edge)
                                  0.000000    0.000000   clock source latency
    44    0.110228    0.497575    0.343581    0.343581 ^ clk_i (in)
                                                         clk_i (net)
                      0.497579    0.000000    0.343581 ^ _235_/CLK (sky130_fd_sc_hd__dfrtp_2)
                                  0.250000    0.593581   clock uncertainty
                                  0.000000    0.593581   clock reconvergence pessimism
                                  0.656729    1.250309   library removal time
                                              1.250309   data required time
---------------------------------------------------------------------------------------------
                                              1.250309   data required time
                                           -625.580627   data arrival time
---------------------------------------------------------------------------------------------
                                            624.330322   slack (MET)


Startpoint: rst_i (input port clocked by clk_i)
Endpoint: _236_ (removal check against rising-edge clock clk_i)
Path Group: asynchronous
Path Type: min

Fanout         Cap        Slew       Delay        Time   Description
---------------------------------------------------------------------------------------------
                                  0.000000    0.000000   clock clk_i (rise edge)
                                  0.000000    0.000000   clock network delay (propagated)
                                625.000000  625.000000 ^ input external delay
    44    0.187901    0.841106    0.579860  625.579834 ^ rst_i (in)
                                                         rst_i (net)
                      0.841109    0.000000  625.579834 ^ _236_/RESET_B (sky130_fd_sc_hd__dfrtp_2)
                                            625.579834   data arrival time

                                  0.000000    0.000000   clock clk_i (rise edge)
                                  0.000000    0.000000   clock source latency
    44    0.110228    0.497575    0.342920    0.342920 ^ clk_i (in)
                                                         clk_i (net)
                      0.497576    0.000000    0.342920 ^ _236_/CLK (sky130_fd_sc_hd__dfrtp_2)
                                  0.250000    0.592920   clock uncertainty
                                  0.000000    0.592920   clock reconvergence pessimism
                                  0.656727    1.249647   library removal time
                                              1.249647   data required time
---------------------------------------------------------------------------------------------
                                              1.249647   data required time
                                           -625.579834   data arrival time
---------------------------------------------------------------------------------------------
                                            624.330200   slack (MET)


Startpoint: rst_i (input port clocked by clk_i)
Endpoint: _237_ (removal check against rising-edge clock clk_i)
Path Group: asynchronous
Path Type: min

Fanout         Cap        Slew       Delay        Time   Description
---------------------------------------------------------------------------------------------
                                  0.000000    0.000000   clock clk_i (rise edge)
                                  0.000000    0.000000   clock network delay (propagated)
                                625.000000  625.000000 ^ input external delay
    44    0.187901    0.841106    0.579746  625.579773 ^ rst_i (in)
                                                         rst_i (net)
                      0.841108    0.000000  625.579773 ^ _237_/RESET_B (sky130_fd_sc_hd__dfrtp_2)
                                            625.579773   data arrival time

                                  0.000000    0.000000   clock clk_i (rise edge)
                                  0.000000    0.000000   clock source latency
    44    0.110228    0.497575    0.342860    0.342860 ^ clk_i (in)
                                                         clk_i (net)
                      0.497575    0.000000    0.342860 ^ _237_/CLK (sky130_fd_sc_hd__dfrtp_2)
                                  0.250000    0.592860   clock uncertainty
                                  0.000000    0.592860   clock reconvergence pessimism
                                  0.656726    1.249586   library removal time
                                              1.249586   data required time
---------------------------------------------------------------------------------------------
                                              1.249586   data required time
                                           -625.579773   data arrival time
---------------------------------------------------------------------------------------------
                                            624.330139   slack (MET)


Startpoint: rst_i (input port clocked by clk_i)
Endpoint: _238_ (removal check against rising-edge clock clk_i)
Path Group: asynchronous
Path Type: min

Fanout         Cap        Slew       Delay        Time   Description
---------------------------------------------------------------------------------------------
                                  0.000000    0.000000   clock clk_i (rise edge)
                                  0.000000    0.000000   clock network delay (propagated)
                                625.000000  625.000000 ^ input external delay
    44    0.187901    0.841106    0.580542  625.580566 ^ rst_i (in)
                                                         rst_i (net)
                      0.841112    0.000000  625.580566 ^ _238_/RESET_B (sky130_fd_sc_hd__dfrtp_2)
                                            625.580566   data arrival time

                                  0.000000    0.000000   clock clk_i (rise edge)
                                  0.000000    0.000000   clock source latency
    44    0.110228    0.497575    0.343500    0.343500 ^ clk_i (in)
                                                         clk_i (net)
                      0.497579    0.000000    0.343500 ^ _238_/CLK (sky130_fd_sc_hd__dfrtp_2)
                                  0.250000    0.593500   clock uncertainty
                                  0.000000    0.593500   clock reconvergence pessimism
                                  0.656728    1.250228   library removal time
                                              1.250228   data required time
---------------------------------------------------------------------------------------------
                                              1.250228   data required time
                                           -625.580566   data arrival time
---------------------------------------------------------------------------------------------
                                            624.330322   slack (MET)


Startpoint: rst_i (input port clocked by clk_i)
Endpoint: _239_ (removal check against rising-edge clock clk_i)
Path Group: asynchronous
Path Type: min

Fanout         Cap        Slew       Delay        Time   Description
---------------------------------------------------------------------------------------------
                                  0.000000    0.000000   clock clk_i (rise edge)
                                  0.000000    0.000000   clock network delay (propagated)
                                625.000000  625.000000 ^ input external delay
    44    0.187901    0.841106    0.579689  625.579712 ^ rst_i (in)
                                                         rst_i (net)
                      0.841108    0.000000  625.579712 ^ _239_/RESET_B (sky130_fd_sc_hd__dfrtp_2)
                                            625.579712   data arrival time

                                  0.000000    0.000000   clock clk_i (rise edge)
                                  0.000000    0.000000   clock source latency
    44    0.110228    0.497575    0.342834    0.342834 ^ clk_i (in)
                                                         clk_i (net)
                      0.497575    0.000000    0.342834 ^ _239_/CLK (sky130_fd_sc_hd__dfrtp_2)
                                  0.250000    0.592834   clock uncertainty
                                  0.000000    0.592834   clock reconvergence pessimism
                                  0.656726    1.249560   library removal time
                                              1.249560   data required time
---------------------------------------------------------------------------------------------
                                              1.249560   data required time
                                           -625.579712   data arrival time
---------------------------------------------------------------------------------------------
                                            624.330139   slack (MET)


Startpoint: rst_i (input port clocked by clk_i)
Endpoint: _240_ (removal check against rising-edge clock clk_i)
Path Group: asynchronous
Path Type: min

Fanout         Cap        Slew       Delay        Time   Description
---------------------------------------------------------------------------------------------
                                  0.000000    0.000000   clock clk_i (rise edge)
                                  0.000000    0.000000   clock network delay (propagated)
                                625.000000  625.000000 ^ input external delay
    44    0.187901    0.841106    0.579462  625.579468 ^ rst_i (in)
                                                         rst_i (net)
                      0.841107    0.000000  625.579468 ^ _240_/RESET_B (sky130_fd_sc_hd__dfrtp_2)
                                            625.579468   data arrival time

                                  0.000000    0.000000   clock clk_i (rise edge)
                                  0.000000    0.000000   clock source latency
    44    0.110228    0.497575    0.342705    0.342705 ^ clk_i (in)
                                                         clk_i (net)
                      0.497575    0.000000    0.342705 ^ _240_/CLK (sky130_fd_sc_hd__dfrtp_2)
                                  0.250000    0.592705   clock uncertainty
                                  0.000000    0.592705   clock reconvergence pessimism
                                  0.656726    1.249431   library removal time
                                              1.249431   data required time
---------------------------------------------------------------------------------------------
                                              1.249431   data required time
                                           -625.579468   data arrival time
---------------------------------------------------------------------------------------------
                                            624.330017   slack (MET)


Startpoint: rst_i (input port clocked by clk_i)
Endpoint: _241_ (removal check against rising-edge clock clk_i)
Path Group: asynchronous
Path Type: min

Fanout         Cap        Slew       Delay        Time   Description
---------------------------------------------------------------------------------------------
                                  0.000000    0.000000   clock clk_i (rise edge)
                                  0.000000    0.000000   clock network delay (propagated)
                                625.000000  625.000000 ^ input external delay
    44    0.187901    0.841106    0.580428  625.580444 ^ rst_i (in)
                                                         rst_i (net)
                      0.841112    0.000000  625.580444 ^ _241_/RESET_B (sky130_fd_sc_hd__dfrtp_2)
                                            625.580444   data arrival time

                                  0.000000    0.000000   clock clk_i (rise edge)
                                  0.000000    0.000000   clock source latency
    44    0.110228    0.497575    0.343449    0.343449 ^ clk_i (in)
                                                         clk_i (net)
                      0.497578    0.000000    0.343449 ^ _241_/CLK (sky130_fd_sc_hd__dfrtp_2)
                                  0.250000    0.593449   clock uncertainty
                                  0.000000    0.593449   clock reconvergence pessimism
                                  0.656728    1.250177   library removal time
                                              1.250177   data required time
---------------------------------------------------------------------------------------------
                                              1.250177   data required time
                                           -625.580444   data arrival time
---------------------------------------------------------------------------------------------
                                            624.330261   slack (MET)


Startpoint: rst_i (input port clocked by clk_i)
Endpoint: _242_ (removal check against rising-edge clock clk_i)
Path Group: asynchronous
Path Type: min

Fanout         Cap        Slew       Delay        Time   Description
---------------------------------------------------------------------------------------------
                                  0.000000    0.000000   clock clk_i (rise edge)
                                  0.000000    0.000000   clock network delay (propagated)
                                625.000000  625.000000 ^ input external delay
    44    0.187901    0.841106    0.579291  625.579285 ^ rst_i (in)
                                                         rst_i (net)
                      0.841106    0.000000  625.579285 ^ _242_/RESET_B (sky130_fd_sc_hd__dfrtp_2)
                                            625.579285   data arrival time

                                  0.000000    0.000000   clock clk_i (rise edge)
                                  0.000000    0.000000   clock source latency
    44    0.110228    0.497575    0.342735    0.342735 ^ clk_i (in)
                                                         clk_i (net)
                      0.497575    0.000000    0.342735 ^ _242_/CLK (sky130_fd_sc_hd__dfrtp_2)
                                  0.250000    0.592735   clock uncertainty
                                  0.000000    0.592735   clock reconvergence pessimism
                                  0.656726    1.249461   library removal time
                                              1.249461   data required time
---------------------------------------------------------------------------------------------
                                              1.249461   data required time
                                           -625.579285   data arrival time
---------------------------------------------------------------------------------------------
                                            624.329834   slack (MET)


Startpoint: rst_i (input port clocked by clk_i)
Endpoint: _243_ (removal check against rising-edge clock clk_i)
Path Group: asynchronous
Path Type: min

Fanout         Cap        Slew       Delay        Time   Description
---------------------------------------------------------------------------------------------
                                  0.000000    0.000000   clock clk_i (rise edge)
                                  0.000000    0.000000   clock network delay (propagated)
                                625.000000  625.000000 ^ input external delay
    44    0.187901    0.841106    0.579405  625.579407 ^ rst_i (in)
                                                         rst_i (net)
                      0.841107    0.000000  625.579407 ^ _243_/RESET_B (sky130_fd_sc_hd__dfrtp_2)
                                            625.579407   data arrival time

                                  0.000000    0.000000   clock clk_i (rise edge)
                                  0.000000    0.000000   clock source latency
    44    0.110228    0.497575    0.342638    0.342638 ^ clk_i (in)
                                                         clk_i (net)
                      0.497575    0.000000    0.342638 ^ _243_/CLK (sky130_fd_sc_hd__dfrtp_2)
                                  0.250000    0.592638   clock uncertainty
                                  0.000000    0.592638   clock reconvergence pessimism
                                  0.656726    1.249364   library removal time
                                              1.249364   data required time
---------------------------------------------------------------------------------------------
                                              1.249364   data required time
                                           -625.579407   data arrival time
---------------------------------------------------------------------------------------------
                                            624.330017   slack (MET)


Startpoint: rst_i (input port clocked by clk_i)
Endpoint: _244_ (removal check against rising-edge clock clk_i)
Path Group: asynchronous
Path Type: min

Fanout         Cap        Slew       Delay        Time   Description
---------------------------------------------------------------------------------------------
                                  0.000000    0.000000   clock clk_i (rise edge)
                                  0.000000    0.000000   clock network delay (propagated)
                                625.000000  625.000000 ^ input external delay
    44    0.187901    0.841106    0.580997  625.580994 ^ rst_i (in)
                                                         rst_i (net)
                      0.841116    0.000000  625.580994 ^ _244_/RESET_B (sky130_fd_sc_hd__dfrtp_2)
                                            625.580994   data arrival time

                                  0.000000    0.000000   clock clk_i (rise edge)
                                  0.000000    0.000000   clock source latency
    44    0.110228    0.497575    0.343771    0.343771 ^ clk_i (in)
                                                         clk_i (net)
                      0.497581    0.000000    0.343771 ^ _244_/CLK (sky130_fd_sc_hd__dfrtp_2)
                                  0.250000    0.593771   clock uncertainty
                                  0.000000    0.593771   clock reconvergence pessimism
                                  0.656730    1.250501   library removal time
                                              1.250501   data required time
---------------------------------------------------------------------------------------------
                                              1.250501   data required time
                                           -625.580994   data arrival time
---------------------------------------------------------------------------------------------
                                            624.330505   slack (MET)


Startpoint: rst_i (input port clocked by clk_i)
Endpoint: _245_ (removal check against rising-edge clock clk_i)
Path Group: asynchronous
Path Type: min

Fanout         Cap        Slew       Delay        Time   Description
---------------------------------------------------------------------------------------------
                                  0.000000    0.000000   clock clk_i (rise edge)
                                  0.000000    0.000000   clock network delay (propagated)
                                625.000000  625.000000 ^ input external delay
    44    0.187901    0.841106    0.580485  625.580505 ^ rst_i (in)
                                                         rst_i (net)
                      0.841112    0.000000  625.580505 ^ _245_/RESET_B (sky130_fd_sc_hd__dfrtp_2)
                                            625.580505   data arrival time

                                  0.000000    0.000000   clock clk_i (rise edge)
                                  0.000000    0.000000   clock source latency
    44    0.110228    0.497575    0.343481    0.343481 ^ clk_i (in)
                                                         clk_i (net)
                      0.497579    0.000000    0.343481 ^ _245_/CLK (sky130_fd_sc_hd__dfrtp_2)
                                  0.250000    0.593481   clock uncertainty
                                  0.000000    0.593481   clock reconvergence pessimism
                                  0.656728    1.250209   library removal time
                                              1.250209   data required time
---------------------------------------------------------------------------------------------
                                              1.250209   data required time
                                           -625.580505   data arrival time
---------------------------------------------------------------------------------------------
                                            624.330261   slack (MET)


Startpoint: rst_i (input port clocked by clk_i)
Endpoint: _246_ (removal check against rising-edge clock clk_i)
Path Group: asynchronous
Path Type: min

Fanout         Cap        Slew       Delay        Time   Description
---------------------------------------------------------------------------------------------
                                  0.000000    0.000000   clock clk_i (rise edge)
                                  0.000000    0.000000   clock network delay (propagated)
                                625.000000  625.000000 ^ input external delay
    44    0.187901    0.841106    0.580144  625.580139 ^ rst_i (in)
                                                         rst_i (net)
                      0.841110    0.000000  625.580139 ^ _246_/RESET_B (sky130_fd_sc_hd__dfrtp_2)
                                            625.580139   data arrival time

                                  0.000000    0.000000   clock clk_i (rise edge)
                                  0.000000    0.000000   clock source latency
    44    0.110228    0.497575    0.343265    0.343265 ^ clk_i (in)
                                                         clk_i (net)
                      0.497577    0.000000    0.343265 ^ _246_/CLK (sky130_fd_sc_hd__dfrtp_2)
                                  0.250000    0.593265   clock uncertainty
                                  0.000000    0.593265   clock reconvergence pessimism
                                  0.656727    1.249993   library removal time
                                              1.249993   data required time
---------------------------------------------------------------------------------------------
                                              1.249993   data required time
                                           -625.580139   data arrival time
---------------------------------------------------------------------------------------------
                                            624.330139   slack (MET)


Startpoint: rst_i (input port clocked by clk_i)
Endpoint: _247_ (removal check against rising-edge clock clk_i)
Path Group: asynchronous
Path Type: min

Fanout         Cap        Slew       Delay        Time   Description
---------------------------------------------------------------------------------------------
                                  0.000000    0.000000   clock clk_i (rise edge)
                                  0.000000    0.000000   clock network delay (propagated)
                                625.000000  625.000000 ^ input external delay
    44    0.187901    0.841106    0.579234  625.579224 ^ rst_i (in)
                                                         rst_i (net)
                      0.841106    0.000000  625.579224 ^ _247_/RESET_B (sky130_fd_sc_hd__dfrtp_2)
                                            625.579224   data arrival time

                                  0.000000    0.000000   clock clk_i (rise edge)
                                  0.000000    0.000000   clock source latency
    44    0.110228    0.497575    0.342738    0.342738 ^ clk_i (in)
                                                         clk_i (net)
                      0.497575    0.000000    0.342738 ^ _247_/CLK (sky130_fd_sc_hd__dfrtp_2)
                                  0.250000    0.592738   clock uncertainty
                                  0.000000    0.592738   clock reconvergence pessimism
                                  0.656726    1.249463   library removal time
                                              1.249463   data required time
---------------------------------------------------------------------------------------------
                                              1.249463   data required time
                                           -625.579224   data arrival time
---------------------------------------------------------------------------------------------
                                            624.329773   slack (MET)


Startpoint: rst_i (input port clocked by clk_i)
Endpoint: _248_ (removal check against rising-edge clock clk_i)
Path Group: asynchronous
Path Type: min

Fanout         Cap        Slew       Delay        Time   Description
---------------------------------------------------------------------------------------------
                                  0.000000    0.000000   clock clk_i (rise edge)
                                  0.000000    0.000000   clock network delay (propagated)
                                625.000000  625.000000 ^ input external delay
    44    0.187901    0.841106    0.580485  625.580505 ^ rst_i (in)
                                                         rst_i (net)
                      0.841112    0.000000  625.580505 ^ _248_/RESET_B (sky130_fd_sc_hd__dfrtp_2)
                                            625.580505   data arrival time

                                  0.000000    0.000000   clock clk_i (rise edge)
                                  0.000000    0.000000   clock source latency
    44    0.110228    0.497575    0.343489    0.343489 ^ clk_i (in)
                                                         clk_i (net)
                      0.497579    0.000000    0.343489 ^ _248_/CLK (sky130_fd_sc_hd__dfrtp_2)
                                  0.250000    0.593489   clock uncertainty
                                  0.000000    0.593489   clock reconvergence pessimism
                                  0.656728    1.250218   library removal time
                                              1.250218   data required time
---------------------------------------------------------------------------------------------
                                              1.250218   data required time
                                           -625.580505   data arrival time
---------------------------------------------------------------------------------------------
                                            624.330261   slack (MET)


Startpoint: rst_i (input port clocked by clk_i)
Endpoint: _249_ (removal check against rising-edge clock clk_i)
Path Group: asynchronous
Path Type: min

Fanout         Cap        Slew       Delay        Time   Description
---------------------------------------------------------------------------------------------
                                  0.000000    0.000000   clock clk_i (rise edge)
                                  0.000000    0.000000   clock network delay (propagated)
                                625.000000  625.000000 ^ input external delay
    44    0.187901    0.841106    0.580940  625.580933 ^ rst_i (in)
                                                         rst_i (net)
                      0.841115    0.000000  625.580933 ^ _249_/RESET_B (sky130_fd_sc_hd__dfrtp_2)
                                            625.580933   data arrival time

                                  0.000000    0.000000   clock clk_i (rise edge)
                                  0.000000    0.000000   clock source latency
    44    0.110228    0.497575    0.343724    0.343724 ^ clk_i (in)
                                                         clk_i (net)
                      0.497580    0.000000    0.343724 ^ _249_/CLK (sky130_fd_sc_hd__dfrtp_2)
                                  0.250000    0.593724   clock uncertainty
                                  0.000000    0.593724   clock reconvergence pessimism
                                  0.656729    1.250454   library removal time
                                              1.250454   data required time
---------------------------------------------------------------------------------------------
                                              1.250454   data required time
                                           -625.580933   data arrival time
---------------------------------------------------------------------------------------------
                                            624.330505   slack (MET)


Startpoint: rst_i (input port clocked by clk_i)
Endpoint: _250_ (removal check against rising-edge clock clk_i)
Path Group: asynchronous
Path Type: min

Fanout         Cap        Slew       Delay        Time   Description
---------------------------------------------------------------------------------------------
                                  0.000000    0.000000   clock clk_i (rise edge)
                                  0.000000    0.000000   clock network delay (propagated)
                                625.000000  625.000000 ^ input external delay
    44    0.187901    0.841106    0.579973  625.579956 ^ rst_i (in)
                                                         rst_i (net)
                      0.841109    0.000000  625.579956 ^ _250_/RESET_B (sky130_fd_sc_hd__dfrtp_2)
                                            625.579956   data arrival time

                                  0.000000    0.000000   clock clk_i (rise edge)
                                  0.000000    0.000000   clock source latency
    44    0.110228    0.497575    0.343186    0.343186 ^ clk_i (in)
                                                         clk_i (net)
                      0.497577    0.000000    0.343186 ^ _250_/CLK (sky130_fd_sc_hd__dfrtp_2)
                                  0.250000    0.593186   clock uncertainty
                                  0.000000    0.593186   clock reconvergence pessimism
                                  0.656727    1.249913   library removal time
                                              1.249913   data required time
---------------------------------------------------------------------------------------------
                                              1.249913   data required time
                                           -625.579956   data arrival time
---------------------------------------------------------------------------------------------
                                            624.330017   slack (MET)


Startpoint: rst_i (input port clocked by clk_i)
Endpoint: _251_ (removal check against rising-edge clock clk_i)
Path Group: asynchronous
Path Type: min

Fanout         Cap        Slew       Delay        Time   Description
---------------------------------------------------------------------------------------------
                                  0.000000    0.000000   clock clk_i (rise edge)
                                  0.000000    0.000000   clock network delay (propagated)
                                625.000000  625.000000 ^ input external delay
    44    0.187901    0.841106    0.581110  625.581116 ^ rst_i (in)
                                                         rst_i (net)
                      0.841117    0.000000  625.581116 ^ _251_/RESET_B (sky130_fd_sc_hd__dfrtp_2)
                                            625.581116   data arrival time

                                  0.000000    0.000000   clock clk_i (rise edge)
                                  0.000000    0.000000   clock source latency
    44    0.110228    0.497575    0.343832    0.343832 ^ clk_i (in)
                                                         clk_i (net)
                      0.497581    0.000000    0.343832 ^ _251_/CLK (sky130_fd_sc_hd__dfrtp_2)
                                  0.250000    0.593832   clock uncertainty
                                  0.000000    0.593832   clock reconvergence pessimism
                                  0.656730    1.250563   library removal time
                                              1.250563   data required time
---------------------------------------------------------------------------------------------
                                              1.250563   data required time
                                           -625.581116   data arrival time
---------------------------------------------------------------------------------------------
                                            624.330566   slack (MET)


Startpoint: rst_i (input port clocked by clk_i)
Endpoint: _252_ (removal check against rising-edge clock clk_i)
Path Group: asynchronous
Path Type: min

Fanout         Cap        Slew       Delay        Time   Description
---------------------------------------------------------------------------------------------
                                  0.000000    0.000000   clock clk_i (rise edge)
                                  0.000000    0.000000   clock network delay (propagated)
                                625.000000  625.000000 ^ input external delay
    44    0.187901    0.841106    0.580826  625.580811 ^ rst_i (in)
                                                         rst_i (net)
                      0.841115    0.000000  625.580811 ^ _252_/RESET_B (sky130_fd_sc_hd__dfrtp_2)
                                            625.580811   data arrival time

                                  0.000000    0.000000   clock clk_i (rise edge)
                                  0.000000    0.000000   clock source latency
    44    0.110228    0.497575    0.343667    0.343667 ^ clk_i (in)
                                                         clk_i (net)
                      0.497580    0.000000    0.343667 ^ _252_/CLK (sky130_fd_sc_hd__dfrtp_2)
                                  0.250000    0.593667   clock uncertainty
                                  0.000000    0.593667   clock reconvergence pessimism
                                  0.656729    1.250396   library removal time
                                              1.250396   data required time
---------------------------------------------------------------------------------------------
                                              1.250396   data required time
                                           -625.580811   data arrival time
---------------------------------------------------------------------------------------------
                                            624.330444   slack (MET)


Startpoint: rst_i (input port clocked by clk_i)
Endpoint: _253_ (removal check against rising-edge clock clk_i)
Path Group: asynchronous
Path Type: min

Fanout         Cap        Slew       Delay        Time   Description
---------------------------------------------------------------------------------------------
                                  0.000000    0.000000   clock clk_i (rise edge)
                                  0.000000    0.000000   clock network delay (propagated)
                                625.000000  625.000000 ^ input external delay
    44    0.187901    0.841106    0.580371  625.580383 ^ rst_i (in)
                                                         rst_i (net)
                      0.841112    0.000000  625.580383 ^ _253_/RESET_B (sky130_fd_sc_hd__dfrtp_2)
                                            625.580383   data arrival time

                                  0.000000    0.000000   clock clk_i (rise edge)
                                  0.000000    0.000000   clock source latency
    44    0.110228    0.497575    0.343410    0.343410 ^ clk_i (in)
                                                         clk_i (net)
                      0.497578    0.000000    0.343410 ^ _253_/CLK (sky130_fd_sc_hd__dfrtp_2)
                                  0.250000    0.593410   clock uncertainty
                                  0.000000    0.593410   clock reconvergence pessimism
                                  0.656728    1.250138   library removal time
                                              1.250138   data required time
---------------------------------------------------------------------------------------------
                                              1.250138   data required time
                                           -625.580383   data arrival time
---------------------------------------------------------------------------------------------
                                            624.330200   slack (MET)


Startpoint: rst_i (input port clocked by clk_i)
Endpoint: _254_ (removal check against rising-edge clock clk_i)
Path Group: asynchronous
Path Type: min

Fanout         Cap        Slew       Delay        Time   Description
---------------------------------------------------------------------------------------------
                                  0.000000    0.000000   clock clk_i (rise edge)
                                  0.000000    0.000000   clock network delay (propagated)
                                625.000000  625.000000 ^ input external delay
    44    0.187901    0.841106    0.581053  625.581055 ^ rst_i (in)
                                                         rst_i (net)
                      0.841117    0.000000  625.581055 ^ _254_/RESET_B (sky130_fd_sc_hd__dfrtp_2)
                                            625.581055   data arrival time

                                  0.000000    0.000000   clock clk_i (rise edge)
                                  0.000000    0.000000   clock source latency
    44    0.110228    0.497575    0.343810    0.343810 ^ clk_i (in)
                                                         clk_i (net)
                      0.497581    0.000000    0.343810 ^ _254_/CLK (sky130_fd_sc_hd__dfrtp_2)
                                  0.250000    0.593810   clock uncertainty
                                  0.000000    0.593810   clock reconvergence pessimism
                                  0.656730    1.250540   library removal time
                                              1.250540   data required time
---------------------------------------------------------------------------------------------
                                              1.250540   data required time
                                           -625.581055   data arrival time
---------------------------------------------------------------------------------------------
                                            624.330505   slack (MET)


Startpoint: rst_i (input port clocked by clk_i)
Endpoint: _255_ (removal check against rising-edge clock clk_i)
Path Group: asynchronous
Path Type: min

Fanout         Cap        Slew       Delay        Time   Description
---------------------------------------------------------------------------------------------
                                  0.000000    0.000000   clock clk_i (rise edge)
                                  0.000000    0.000000   clock network delay (propagated)
                                625.000000  625.000000 ^ input external delay
    44    0.187901    0.841106    0.581110  625.581116 ^ rst_i (in)
                                                         rst_i (net)
                      0.841117    0.000000  625.581116 ^ _255_/RESET_B (sky130_fd_sc_hd__dfrtp_2)
                                            625.581116   data arrival time

                                  0.000000    0.000000   clock clk_i (rise edge)
                                  0.000000    0.000000   clock source latency
    44    0.110228    0.497575    0.343833    0.343833 ^ clk_i (in)
                                                         clk_i (net)
                      0.497581    0.000000    0.343833 ^ _255_/CLK (sky130_fd_sc_hd__dfrtp_2)
                                  0.250000    0.593833   clock uncertainty
                                  0.000000    0.593833   clock reconvergence pessimism
                                  0.656730    1.250563   library removal time
                                              1.250563   data required time
---------------------------------------------------------------------------------------------
                                              1.250563   data required time
                                           -625.581116   data arrival time
---------------------------------------------------------------------------------------------
                                            624.330566   slack (MET)


Startpoint: rst_i (input port clocked by clk_i)
Endpoint: _256_ (removal check against rising-edge clock clk_i)
Path Group: asynchronous
Path Type: min

Fanout         Cap        Slew       Delay        Time   Description
---------------------------------------------------------------------------------------------
                                  0.000000    0.000000   clock clk_i (rise edge)
                                  0.000000    0.000000   clock network delay (propagated)
                                625.000000  625.000000 ^ input external delay
    44    0.187901    0.841106    0.580826  625.580811 ^ rst_i (in)
                                                         rst_i (net)
                      0.841115    0.000000  625.580811 ^ _256_/RESET_B (sky130_fd_sc_hd__dfrtp_2)
                                            625.580811   data arrival time

                                  0.000000    0.000000   clock clk_i (rise edge)
                                  0.000000    0.000000   clock source latency
    44    0.110228    0.497575    0.343671    0.343671 ^ clk_i (in)
                                                         clk_i (net)
                      0.497580    0.000000    0.343671 ^ _256_/CLK (sky130_fd_sc_hd__dfrtp_2)
                                  0.250000    0.593671   clock uncertainty
                                  0.000000    0.593671   clock reconvergence pessimism
                                  0.656729    1.250400   library removal time
                                              1.250400   data required time
---------------------------------------------------------------------------------------------
                                              1.250400   data required time
                                           -625.580811   data arrival time
---------------------------------------------------------------------------------------------
                                            624.330444   slack (MET)


Startpoint: rst_i (input port clocked by clk_i)
Endpoint: _257_ (removal check against rising-edge clock clk_i)
Path Group: asynchronous
Path Type: min

Fanout         Cap        Slew       Delay        Time   Description
---------------------------------------------------------------------------------------------
                                  0.000000    0.000000   clock clk_i (rise edge)
                                  0.000000    0.000000   clock network delay (propagated)
                                625.000000  625.000000 ^ input external delay
    44    0.187901    0.841106    0.580656  625.580627 ^ rst_i (in)
                                                         rst_i (net)
                      0.841113    0.000000  625.580627 ^ _257_/RESET_B (sky130_fd_sc_hd__dfrtp_2)
                                            625.580627   data arrival time

                                  0.000000    0.000000   clock clk_i (rise edge)
                                  0.000000    0.000000   clock source latency
    44    0.110228    0.497575    0.343554    0.343554 ^ clk_i (in)
                                                         clk_i (net)
                      0.497579    0.000000    0.343554 ^ _257_/CLK (sky130_fd_sc_hd__dfrtp_2)
                                  0.250000    0.593554   clock uncertainty
                                  0.000000    0.593554   clock reconvergence pessimism
                                  0.656729    1.250283   library removal time
                                              1.250283   data required time
---------------------------------------------------------------------------------------------
                                              1.250283   data required time
                                           -625.580627   data arrival time
---------------------------------------------------------------------------------------------
                                            624.330383   slack (MET)


Startpoint: rst_i (input port clocked by clk_i)
Endpoint: _258_ (removal check against rising-edge clock clk_i)
Path Group: asynchronous
Path Type: min

Fanout         Cap        Slew       Delay        Time   Description
---------------------------------------------------------------------------------------------
                                  0.000000    0.000000   clock clk_i (rise edge)
                                  0.000000    0.000000   clock network delay (propagated)
                                625.000000  625.000000 ^ input external delay
    44    0.187901    0.841106    0.580997  625.580994 ^ rst_i (in)
                                                         rst_i (net)
                      0.841116    0.000000  625.580994 ^ _258_/RESET_B (sky130_fd_sc_hd__dfrtp_2)
                                            625.580994   data arrival time

                                  0.000000    0.000000   clock clk_i (rise edge)
                                  0.000000    0.000000   clock source latency
    44    0.110228    0.497575    0.343767    0.343767 ^ clk_i (in)
                                                         clk_i (net)
                      0.497581    0.000000    0.343767 ^ _258_/CLK (sky130_fd_sc_hd__dfrtp_2)
                                  0.250000    0.593767   clock uncertainty
                                  0.000000    0.593767   clock reconvergence pessimism
                                  0.656730    1.250497   library removal time
                                              1.250497   data required time
---------------------------------------------------------------------------------------------
                                              1.250497   data required time
                                           -625.580994   data arrival time
---------------------------------------------------------------------------------------------
                                            624.330505   slack (MET)


Startpoint: rst_i (input port clocked by clk_i)
Endpoint: _259_ (removal check against rising-edge clock clk_i)
Path Group: asynchronous
Path Type: min

Fanout         Cap        Slew       Delay        Time   Description
---------------------------------------------------------------------------------------------
                                  0.000000    0.000000   clock clk_i (rise edge)
                                  0.000000    0.000000   clock network delay (propagated)
                                625.000000  625.000000 ^ input external delay
    44    0.187901    0.841106    0.580997  625.580994 ^ rst_i (in)
                                                         rst_i (net)
                      0.841116    0.000000  625.580994 ^ _259_/RESET_B (sky130_fd_sc_hd__dfrtp_2)
                                            625.580994   data arrival time

                                  0.000000    0.000000   clock clk_i (rise edge)
                                  0.000000    0.000000   clock source latency
    44    0.110228    0.497575    0.343765    0.343765 ^ clk_i (in)
                                                         clk_i (net)
                      0.497581    0.000000    0.343765 ^ _259_/CLK (sky130_fd_sc_hd__dfrtp_2)
                                  0.250000    0.593765   clock uncertainty
                                  0.000000    0.593765   clock reconvergence pessimism
                                  0.656730    1.250495   library removal time
                                              1.250495   data required time
---------------------------------------------------------------------------------------------
                                              1.250495   data required time
                                           -625.580994   data arrival time
---------------------------------------------------------------------------------------------
                                            624.330505   slack (MET)


Startpoint: rst_i (input port clocked by clk_i)
Endpoint: _260_ (removal check against rising-edge clock clk_i)
Path Group: asynchronous
Path Type: min

Fanout         Cap        Slew       Delay        Time   Description
---------------------------------------------------------------------------------------------
                                  0.000000    0.000000   clock clk_i (rise edge)
                                  0.000000    0.000000   clock network delay (propagated)
                                625.000000  625.000000 ^ input external delay
    44    0.187901    0.841106    0.581053  625.581055 ^ rst_i (in)
                                                         rst_i (net)
                      0.841116    0.000000  625.581055 ^ _260_/RESET_B (sky130_fd_sc_hd__dfrtp_2)
                                            625.581055   data arrival time

                                  0.000000    0.000000   clock clk_i (rise edge)
                                  0.000000    0.000000   clock source latency
    44    0.110228    0.497575    0.343793    0.343793 ^ clk_i (in)
                                                         clk_i (net)
                      0.497581    0.000000    0.343793 ^ _260_/CLK (sky130_fd_sc_hd__dfrtp_2)
                                  0.250000    0.593793   clock uncertainty
                                  0.000000    0.593793   clock reconvergence pessimism
                                  0.656730    1.250522   library removal time
                                              1.250522   data required time
---------------------------------------------------------------------------------------------
                                              1.250522   data required time
                                           -625.581055   data arrival time
---------------------------------------------------------------------------------------------
                                            624.330566   slack (MET)


Startpoint: rst_i (input port clocked by clk_i)
Endpoint: _261_ (removal check against rising-edge clock clk_i)
Path Group: asynchronous
Path Type: min

Fanout         Cap        Slew       Delay        Time   Description
---------------------------------------------------------------------------------------------
                                  0.000000    0.000000   clock clk_i (rise edge)
                                  0.000000    0.000000   clock network delay (propagated)
                                625.000000  625.000000 ^ input external delay
    44    0.187901    0.841106    0.580258  625.580261 ^ rst_i (in)
                                                         rst_i (net)
                      0.841111    0.000000  625.580261 ^ _261_/RESET_B (sky130_fd_sc_hd__dfrtp_2)
                                            625.580261   data arrival time

                                  0.000000    0.000000   clock clk_i (rise edge)
                                  0.000000    0.000000   clock source latency
    44    0.110228    0.497575    0.343327    0.343327 ^ clk_i (in)
                                                         clk_i (net)
                      0.497578    0.000000    0.343327 ^ _261_/CLK (sky130_fd_sc_hd__dfrtp_2)
                                  0.250000    0.593327   clock uncertainty
                                  0.000000    0.593327   clock reconvergence pessimism
                                  0.656728    1.250055   library removal time
                                              1.250055   data required time
---------------------------------------------------------------------------------------------
                                              1.250055   data required time
                                           -625.580261   data arrival time
---------------------------------------------------------------------------------------------
                                            624.330200   slack (MET)


Startpoint: rst_i (input port clocked by clk_i)
Endpoint: _262_ (removal check against rising-edge clock clk_i)
Path Group: asynchronous
Path Type: min

Fanout         Cap        Slew       Delay        Time   Description
---------------------------------------------------------------------------------------------
                                  0.000000    0.000000   clock clk_i (rise edge)
                                  0.000000    0.000000   clock network delay (propagated)
                                625.000000  625.000000 ^ input external delay
    44    0.187901    0.841106    0.579576  625.579590 ^ rst_i (in)
                                                         rst_i (net)
                      0.841108    0.000000  625.579590 ^ _262_/RESET_B (sky130_fd_sc_hd__dfrtp_2)
                                            625.579590   data arrival time

                                  0.000000    0.000000   clock clk_i (rise edge)
                                  0.000000    0.000000   clock source latency
    44    0.110228    0.497575    0.342762    0.342762 ^ clk_i (in)
                                                         clk_i (net)
                      0.497575    0.000000    0.342762 ^ _262_/CLK (sky130_fd_sc_hd__dfrtp_2)
                                  0.250000    0.592762   clock uncertainty
                                  0.000000    0.592762   clock reconvergence pessimism
                                  0.656726    1.249489   library removal time
                                              1.249489   data required time
---------------------------------------------------------------------------------------------
                                              1.249489   data required time
                                           -625.579590   data arrival time
---------------------------------------------------------------------------------------------
                                            624.330078   slack (MET)


Startpoint: rst_i (input port clocked by clk_i)
Endpoint: _263_ (removal check against rising-edge clock clk_i)
Path Group: asynchronous
Path Type: min

Fanout         Cap        Slew       Delay        Time   Description
---------------------------------------------------------------------------------------------
                                  0.000000    0.000000   clock clk_i (rise edge)
                                  0.000000    0.000000   clock network delay (propagated)
                                625.000000  625.000000 ^ input external delay
    44    0.187901    0.841106    0.579632  625.579651 ^ rst_i (in)
                                                         rst_i (net)
                      0.841108    0.000000  625.579651 ^ _263_/RESET_B (sky130_fd_sc_hd__dfrtp_2)
                                            625.579651   data arrival time

                                  0.000000    0.000000   clock clk_i (rise edge)
                                  0.000000    0.000000   clock source latency
    44    0.110228    0.497575    0.342808    0.342808 ^ clk_i (in)
                                                         clk_i (net)
                      0.497575    0.000000    0.342808 ^ _263_/CLK (sky130_fd_sc_hd__dfrtp_2)
                                  0.250000    0.592808   clock uncertainty
                                  0.000000    0.592808   clock reconvergence pessimism
                                  0.656726    1.249534   library removal time
                                              1.249534   data required time
---------------------------------------------------------------------------------------------
                                              1.249534   data required time
                                           -625.579651   data arrival time
---------------------------------------------------------------------------------------------
                                            624.330078   slack (MET)


Startpoint: rst_i (input port clocked by clk_i)
Endpoint: _264_ (removal check against rising-edge clock clk_i)
Path Group: asynchronous
Path Type: min

Fanout         Cap        Slew       Delay        Time   Description
---------------------------------------------------------------------------------------------
                                  0.000000    0.000000   clock clk_i (rise edge)
                                  0.000000    0.000000   clock network delay (propagated)
                                625.000000  625.000000 ^ input external delay
    44    0.187901    0.841106    0.579803  625.579834 ^ rst_i (in)
                                                         rst_i (net)
                      0.841109    0.000000  625.579834 ^ _264_/RESET_B (sky130_fd_sc_hd__dfrtp_2)
                                            625.579834   data arrival time

                                  0.000000    0.000000   clock clk_i (rise edge)
                                  0.000000    0.000000   clock source latency
    44    0.110228    0.497575    0.342906    0.342906 ^ clk_i (in)
                                                         clk_i (net)
                      0.497576    0.000000    0.342906 ^ _264_/CLK (sky130_fd_sc_hd__dfrtp_2)
                                  0.250000    0.592906   clock uncertainty
                                  0.000000    0.592906   clock reconvergence pessimism
                                  0.656727    1.249632   library removal time
                                              1.249632   data required time
---------------------------------------------------------------------------------------------
                                              1.249632   data required time
                                           -625.579834   data arrival time
---------------------------------------------------------------------------------------------
                                            624.330139   slack (MET)


Startpoint: rst_i (input port clocked by clk_i)
Endpoint: _265_ (removal check against rising-edge clock clk_i)
Path Group: asynchronous
Path Type: min

Fanout         Cap        Slew       Delay        Time   Description
---------------------------------------------------------------------------------------------
                                  0.000000    0.000000   clock clk_i (rise edge)
                                  0.000000    0.000000   clock network delay (propagated)
                                625.000000  625.000000 ^ input external delay
    44    0.187901    0.841106    0.579860  625.579834 ^ rst_i (in)
                                                         rst_i (net)
                      0.841109    0.000000  625.579834 ^ _265_/RESET_B (sky130_fd_sc_hd__dfrtp_2)
                                            625.579834   data arrival time

                                  0.000000    0.000000   clock clk_i (rise edge)
                                  0.000000    0.000000   clock source latency
    44    0.110228    0.497575    0.342929    0.342929 ^ clk_i (in)
                                                         clk_i (net)
                      0.497576    0.000000    0.342929 ^ _265_/CLK (sky130_fd_sc_hd__dfrtp_2)
                                  0.250000    0.592929   clock uncertainty
                                  0.000000    0.592929   clock reconvergence pessimism
                                  0.656727    1.249656   library removal time
                                              1.249656   data required time
---------------------------------------------------------------------------------------------
                                              1.249656   data required time
                                           -625.579834   data arrival time
---------------------------------------------------------------------------------------------
                                            624.330200   slack (MET)


Startpoint: rst_i (input port clocked by clk_i)
Endpoint: _266_ (removal check against rising-edge clock clk_i)
Path Group: asynchronous
Path Type: min

Fanout         Cap        Slew       Delay        Time   Description
---------------------------------------------------------------------------------------------
                                  0.000000    0.000000   clock clk_i (rise edge)
                                  0.000000    0.000000   clock network delay (propagated)
                                625.000000  625.000000 ^ input external delay
    44    0.187901    0.841106    0.581110  625.581116 ^ rst_i (in)
                                                         rst_i (net)
                      0.841117    0.000000  625.581116 ^ _266_/RESET_B (sky130_fd_sc_hd__dfrtp_2)
                                            625.581116   data arrival time

                                  0.000000    0.000000   clock clk_i (rise edge)
                                  0.000000    0.000000   clock source latency
    44    0.110228    0.497575    0.343823    0.343823 ^ clk_i (in)
                                                         clk_i (net)
                      0.497581    0.000000    0.343823 ^ _266_/CLK (sky130_fd_sc_hd__dfrtp_2)
                                  0.250000    0.593823   clock uncertainty
                                  0.000000    0.593823   clock reconvergence pessimism
                                  0.656730    1.250553   library removal time
                                              1.250553   data required time
---------------------------------------------------------------------------------------------
                                              1.250553   data required time
                                           -625.581116   data arrival time
---------------------------------------------------------------------------------------------
                                            624.330566   slack (MET)


Startpoint: rst_i (input port clocked by clk_i)
Endpoint: _267_ (removal check against rising-edge clock clk_i)
Path Group: asynchronous
Path Type: min

Fanout         Cap        Slew       Delay        Time   Description
---------------------------------------------------------------------------------------------
                                  0.000000    0.000000   clock clk_i (rise edge)
                                  0.000000    0.000000   clock network delay (propagated)
                                625.000000  625.000000 ^ input external delay
    44    0.187901    0.841106    0.581281  625.581299 ^ rst_i (in)
                                                         rst_i (net)
                      0.841118    0.000000  625.581299 ^ _267_/RESET_B (sky130_fd_sc_hd__dfrtp_2)
                                            625.581299   data arrival time

                                  0.000000    0.000000   clock clk_i (rise edge)
                                  0.000000    0.000000   clock source latency
    44    0.110228    0.497575    0.343931    0.343931 ^ clk_i (in)
                                                         clk_i (net)
                      0.497582    0.000000    0.343931 ^ _267_/CLK (sky130_fd_sc_hd__dfrtp_2)
                                  0.250000    0.593931   clock uncertainty
                                  0.000000    0.593931   clock reconvergence pessimism
                                  0.656731    1.250662   library removal time
                                              1.250662   data required time
---------------------------------------------------------------------------------------------
                                              1.250662   data required time
                                           -625.581299   data arrival time
---------------------------------------------------------------------------------------------
                                            624.330627   slack (MET)


Startpoint: rst_i (input port clocked by clk_i)
Endpoint: _268_ (removal check against rising-edge clock clk_i)
Path Group: asynchronous
Path Type: min

Fanout         Cap        Slew       Delay        Time   Description
---------------------------------------------------------------------------------------------
                                  0.000000    0.000000   clock clk_i (rise edge)
                                  0.000000    0.000000   clock network delay (propagated)
                                625.000000  625.000000 ^ input external delay
    44    0.187901    0.841106    0.581281  625.581299 ^ rst_i (in)
                                                         rst_i (net)
                      0.841119    0.000000  625.581299 ^ _268_/RESET_B (sky130_fd_sc_hd__dfrtp_2)
                                            625.581299   data arrival time

                                  0.000000    0.000000   clock clk_i (rise edge)
                                  0.000000    0.000000   clock source latency
    44    0.110228    0.497575    0.343954    0.343954 ^ clk_i (in)
                                                         clk_i (net)
                      0.497582    0.000000    0.343954 ^ _268_/CLK (sky130_fd_sc_hd__dfrtp_2)
                                  0.250000    0.593954   clock uncertainty
                                  0.000000    0.593954   clock reconvergence pessimism
                                  0.656731    1.250685   library removal time
                                              1.250685   data required time
---------------------------------------------------------------------------------------------
                                              1.250685   data required time
                                           -625.581299   data arrival time
---------------------------------------------------------------------------------------------
                                            624.330627   slack (MET)


Startpoint: rst_i (input port clocked by clk_i)
Endpoint: _269_ (removal check against rising-edge clock clk_i)
Path Group: asynchronous
Path Type: min

Fanout         Cap        Slew       Delay        Time   Description
---------------------------------------------------------------------------------------------
                                  0.000000    0.000000   clock clk_i (rise edge)
                                  0.000000    0.000000   clock network delay (propagated)
                                625.000000  625.000000 ^ input external delay
    44    0.187901    0.841106    0.581281  625.581299 ^ rst_i (in)
                                                         rst_i (net)
                      0.841119    0.000000  625.581299 ^ _269_/RESET_B (sky130_fd_sc_hd__dfrtp_2)
                                            625.581299   data arrival time

                                  0.000000    0.000000   clock clk_i (rise edge)
                                  0.000000    0.000000   clock source latency
    44    0.110228    0.497575    0.343956    0.343956 ^ clk_i (in)
                                                         clk_i (net)
                      0.497582    0.000000    0.343956 ^ _269_/CLK (sky130_fd_sc_hd__dfrtp_2)
                                  0.250000    0.593956   clock uncertainty
                                  0.000000    0.593956   clock reconvergence pessimism
                                  0.656731    1.250687   library removal time
                                              1.250687   data required time
---------------------------------------------------------------------------------------------
                                              1.250687   data required time
                                           -625.581299   data arrival time
---------------------------------------------------------------------------------------------
                                            624.330627   slack (MET)


Startpoint: rst_i (input port clocked by clk_i)
Endpoint: _270_ (removal check against rising-edge clock clk_i)
Path Group: asynchronous
Path Type: min

Fanout         Cap        Slew       Delay        Time   Description
---------------------------------------------------------------------------------------------
                                  0.000000    0.000000   clock clk_i (rise edge)
                                  0.000000    0.000000   clock network delay (propagated)
                                625.000000  625.000000 ^ input external delay
    44    0.187901    0.841106    0.581110  625.581116 ^ rst_i (in)
                                                         rst_i (net)
                      0.841117    0.000000  625.581116 ^ _270_/RESET_B (sky130_fd_sc_hd__dfrtp_2)
                                            625.581116   data arrival time

                                  0.000000    0.000000   clock clk_i (rise edge)
                                  0.000000    0.000000   clock source latency
    44    0.110228    0.497575    0.343834    0.343834 ^ clk_i (in)
                                                         clk_i (net)
                      0.497581    0.000000    0.343834 ^ _270_/CLK (sky130_fd_sc_hd__dfrtp_2)
                                  0.250000    0.593834   clock uncertainty
                                  0.000000    0.593834   clock reconvergence pessimism
                                  0.656730    1.250564   library removal time
                                              1.250564   data required time
---------------------------------------------------------------------------------------------
                                              1.250564   data required time
                                           -625.581116   data arrival time
---------------------------------------------------------------------------------------------
                                            624.330566   slack (MET)


Startpoint: wr_i (input port clocked by clk_i)
Endpoint: _244_ (rising edge-triggered flip-flop clocked by clk_i)
Path Group: clk_i
Path Type: min

Fanout         Cap        Slew       Delay        Time   Description
---------------------------------------------------------------------------------------------
                                  0.000000    0.000000   clock clk_i (rise edge)
                                  0.000000    0.000000   clock network delay (propagated)
                                625.000000  625.000000 v input external delay
     1    0.002586    0.008137    0.004036  625.004028 v wr_i (in)
                                                         wr_i (net)
                      0.008137    0.000000  625.004028 v _244_/D (sky130_fd_sc_hd__dfrtp_2)
                                            625.004028   data arrival time

                                  0.000000    0.000000   clock clk_i (rise edge)
                                  0.000000    0.000000   clock source latency
    44    0.110228    0.497575    0.343771    0.343771 ^ clk_i (in)
                                                         clk_i (net)
                      0.497581    0.000000    0.343771 ^ _244_/CLK (sky130_fd_sc_hd__dfrtp_2)
                                  0.250000    0.593771   clock uncertainty
                                  0.000000    0.593771   clock reconvergence pessimism
                                  0.076047    0.669818   library hold time
                                              0.669818   data required time
---------------------------------------------------------------------------------------------
                                              0.669818   data required time
                                           -625.004028   data arrival time
---------------------------------------------------------------------------------------------
                                            624.334167   slack (MET)


Startpoint: _257_ (rising edge-triggered flip-flop clocked by clk_i)
Endpoint: num_to_send_o[2] (output port clocked by clk_i)
Path Group: clk_i
Path Type: min

Fanout         Cap        Slew       Delay        Time   Description
---------------------------------------------------------------------------------------------
                                  0.000000    0.000000   clock clk_i (rise edge)
                                  0.000000    0.000000   clock source latency
    44    0.110228    0.497575    0.343554    0.343554 ^ clk_i (in)
                                                         clk_i (net)
                      0.497579    0.000000    0.343554 ^ _257_/CLK (sky130_fd_sc_hd__dfrtp_2)
     5    0.044808    0.218810    0.603657    0.947212 ^ _257_/Q (sky130_fd_sc_hd__dfrtp_2)
                                                         num_to_send_o[2] (net)
                      0.218810    0.000220    0.947432 ^ num_to_send_o[2] (out)
                                              0.947432   data arrival time

                                  0.000000    0.000000   clock clk_i (rise edge)
                                  0.000000    0.000000   clock network delay (propagated)
                                  0.250000    0.250000   clock uncertainty
                                  0.000000    0.250000   clock reconvergence pessimism
                               -625.000000 -624.750000   output external delay
                                           -624.750000   data required time
---------------------------------------------------------------------------------------------
                                           -624.750000   data required time
                                             -0.947432   data arrival time
---------------------------------------------------------------------------------------------
                                            625.697388   slack (MET)


Startpoint: _255_ (rising edge-triggered flip-flop clocked by clk_i)
Endpoint: num_to_send_o[0] (output port clocked by clk_i)
Path Group: clk_i
Path Type: min

Fanout         Cap        Slew       Delay        Time   Description
---------------------------------------------------------------------------------------------
                                  0.000000    0.000000   clock clk_i (rise edge)
                                  0.000000    0.000000   clock source latency
    44    0.110228    0.497575    0.343833    0.343833 ^ clk_i (in)
                                                         clk_i (net)
                      0.497581    0.000000    0.343833 ^ _255_/CLK (sky130_fd_sc_hd__dfrtp_2)
     5    0.045941    0.132752    0.608899    0.952732 v _255_/Q (sky130_fd_sc_hd__dfrtp_2)
                                                         num_to_send_o[0] (net)
                      0.132752    0.000295    0.953028 v num_to_send_o[0] (out)
                                              0.953028   data arrival time

                                  0.000000    0.000000   clock clk_i (rise edge)
                                  0.000000    0.000000   clock network delay (propagated)
                                  0.250000    0.250000   clock uncertainty
                                  0.000000    0.250000   clock reconvergence pessimism
                               -625.000000 -624.750000   output external delay
                                           -624.750000   data required time
---------------------------------------------------------------------------------------------
                                           -624.750000   data required time
                                             -0.953028   data arrival time
---------------------------------------------------------------------------------------------
                                            625.703064   slack (MET)


Startpoint: _256_ (rising edge-triggered flip-flop clocked by clk_i)
Endpoint: num_to_send_o[1] (output port clocked by clk_i)
Path Group: clk_i
Path Type: min

Fanout         Cap        Slew       Delay        Time   Description
---------------------------------------------------------------------------------------------
                                  0.000000    0.000000   clock clk_i (rise edge)
                                  0.000000    0.000000   clock source latency
    44    0.110228    0.497575    0.343671    0.343671 ^ clk_i (in)
                                                         clk_i (net)
                      0.497580    0.000000    0.343671 ^ _256_/CLK (sky130_fd_sc_hd__dfrtp_2)
     5    0.046432    0.133827    0.609726    0.953397 v _256_/Q (sky130_fd_sc_hd__dfrtp_2)
                                                         num_to_send_o[1] (net)
                      0.133827    0.000448    0.953845 v num_to_send_o[1] (out)
                                              0.953845   data arrival time

                                  0.000000    0.000000   clock clk_i (rise edge)
                                  0.000000    0.000000   clock network delay (propagated)
                                  0.250000    0.250000   clock uncertainty
                                  0.000000    0.250000   clock reconvergence pessimism
                               -625.000000 -624.750000   output external delay
                                           -624.750000   data required time
---------------------------------------------------------------------------------------------
                                           -624.750000   data required time
                                             -0.953845   data arrival time
---------------------------------------------------------------------------------------------
                                            625.703857   slack (MET)



%OL_END_REPORT
%OL_CREATE_REPORT max.rpt

===========================================================================
report_checks -path_delay max (Setup)
============================================================================
======================= nom_tt_025C_1v80 Corner ===================================

Startpoint: _255_ (rising edge-triggered flip-flop clocked by clk_i)
Endpoint: num_to_send_o[0] (output port clocked by clk_i)
Path Group: clk_i
Path Type: max

Fanout         Cap        Slew       Delay        Time   Description
---------------------------------------------------------------------------------------------
                                  0.000000    0.000000   clock clk_i (rise edge)
                                  0.000000    0.000000   clock source latency
    44    0.110228    0.497575    0.343833    0.343833 ^ clk_i (in)
                                                         clk_i (net)
                      0.497581    0.000000    0.343833 ^ _255_/CLK (sky130_fd_sc_hd__dfrtp_2)
     5    0.046833    0.228018    0.610105    0.953938 ^ _255_/Q (sky130_fd_sc_hd__dfrtp_2)
                                                         num_to_send_o[0] (net)
                      0.228018    0.000296    0.954234 ^ num_to_send_o[0] (out)
                                              0.954234   data arrival time

                               3125.000000 3125.000000   clock clk_i (rise edge)
                                  0.000000 3125.000000   clock network delay (propagated)
                                 -0.250000 3124.750000   clock uncertainty
                                  0.000000 3124.750000   clock reconvergence pessimism
                               -625.000000 2499.750000   output external delay
                                           2499.750000   data required time
---------------------------------------------------------------------------------------------
                                           2499.750000   data required time
                                             -0.954234   data arrival time
---------------------------------------------------------------------------------------------
                                           2498.795654   slack (MET)


Startpoint: _256_ (rising edge-triggered flip-flop clocked by clk_i)
Endpoint: num_to_send_o[1] (output port clocked by clk_i)
Path Group: clk_i
Path Type: max

Fanout         Cap        Slew       Delay        Time   Description
---------------------------------------------------------------------------------------------
                                  0.000000    0.000000   clock clk_i (rise edge)
                                  0.000000    0.000000   clock source latency
    44    0.110228    0.497575    0.343671    0.343671 ^ clk_i (in)
                                                         clk_i (net)
                      0.497580    0.000000    0.343671 ^ _256_/CLK (sky130_fd_sc_hd__dfrtp_2)
     5    0.047140    0.229429    0.611017    0.954687 ^ _256_/Q (sky130_fd_sc_hd__dfrtp_2)
                                                         num_to_send_o[1] (net)
                      0.229429    0.000449    0.955137 ^ num_to_send_o[1] (out)
                                              0.955137   data arrival time

                               3125.000000 3125.000000   clock clk_i (rise edge)
                                  0.000000 3125.000000   clock network delay (propagated)
                                 -0.250000 3124.750000   clock uncertainty
                                  0.000000 3124.750000   clock reconvergence pessimism
                               -625.000000 2499.750000   output external delay
                                           2499.750000   data required time
---------------------------------------------------------------------------------------------
                                           2499.750000   data required time
                                             -0.955137   data arrival time
---------------------------------------------------------------------------------------------
                                           2498.794678   slack (MET)


Startpoint: _257_ (rising edge-triggered flip-flop clocked by clk_i)
Endpoint: num_to_send_o[2] (output port clocked by clk_i)
Path Group: clk_i
Path Type: max

Fanout         Cap        Slew       Delay        Time   Description
---------------------------------------------------------------------------------------------
                                  0.000000    0.000000   clock clk_i (rise edge)
                                  0.000000    0.000000   clock source latency
    44    0.110228    0.497575    0.343554    0.343554 ^ clk_i (in)
                                                         clk_i (net)
                      0.497579    0.000000    0.343554 ^ _257_/CLK (sky130_fd_sc_hd__dfrtp_2)
     5    0.044808    0.218810    0.603657    0.947212 ^ _257_/Q (sky130_fd_sc_hd__dfrtp_2)
                                                         num_to_send_o[2] (net)
                      0.218810    0.000220    0.947432 ^ num_to_send_o[2] (out)
                                              0.947432   data arrival time

                               3125.000000 3125.000000   clock clk_i (rise edge)
                                  0.000000 3125.000000   clock network delay (propagated)
                                 -0.250000 3124.750000   clock uncertainty
                                  0.000000 3124.750000   clock reconvergence pessimism
                               -625.000000 2499.750000   output external delay
                                           2499.750000   data required time
---------------------------------------------------------------------------------------------
                                           2499.750000   data required time
                                             -0.947432   data arrival time
---------------------------------------------------------------------------------------------
                                           2498.802490   slack (MET)


Startpoint: req_num_i (input port clocked by clk_i)
Endpoint: _267_ (rising edge-triggered flip-flop clocked by clk_i)
Path Group: clk_i
Path Type: max

Fanout         Cap        Slew       Delay        Time   Description
---------------------------------------------------------------------------------------------
                                  0.000000    0.000000   clock clk_i (rise edge)
                                  0.000000    0.000000   clock network delay (propagated)
                                625.000000  625.000000 v input external delay
     1    0.002885    0.008829    0.004547  625.004578 v req_num_i (in)
                                                         req_num_i (net)
                      0.008829    0.000000  625.004578 v _119_/A (sky130_fd_sc_hd__or2_2)
     8    0.027217    0.115299    0.360330  625.364868 v _119_/X (sky130_fd_sc_hd__or2_2)
                                                         _107_ (net)
                      0.115299    0.000000  625.364868 v _222_/B (sky130_fd_sc_hd__or2_2)
     1    0.001583    0.049760    0.284956  625.649841 v _222_/X (sky130_fd_sc_hd__or2_2)
                                                         _100_ (net)
                      0.049760    0.000000  625.649841 v _223_/B (sky130_fd_sc_hd__and2_2)
     1    0.002484    0.036173    0.182808  625.832642 v _223_/X (sky130_fd_sc_hd__and2_2)
                                                         _038_ (net)
                      0.036173    0.000000  625.832642 v _267_/D (sky130_fd_sc_hd__dfrtp_2)
                                            625.832642   data arrival time

                               3125.000000 3125.000000   clock clk_i (rise edge)
                                  0.000000 3125.000000   clock source latency
    44    0.110228    0.497575    0.344016 3125.343994 ^ clk_i (in)
                                                         clk_i (net)
                      0.497582    0.000000 3125.343994 ^ _267_/CLK (sky130_fd_sc_hd__dfrtp_2)
                                 -0.250000 3125.093994   clock uncertainty
                                  0.000000 3125.093994   clock reconvergence pessimism
                                 -0.007035 3125.086914   library setup time
                                           3125.086914   data required time
---------------------------------------------------------------------------------------------
                                           3125.086914   data required time
                                           -625.832642   data arrival time
---------------------------------------------------------------------------------------------
                                           2499.254150   slack (MET)


Startpoint: req_num_i (input port clocked by clk_i)
Endpoint: _232_ (rising edge-triggered flip-flop clocked by clk_i)
Path Group: clk_i
Path Type: max

Fanout         Cap        Slew       Delay        Time   Description
---------------------------------------------------------------------------------------------
                                  0.000000    0.000000   clock clk_i (rise edge)
                                  0.000000    0.000000   clock network delay (propagated)
                                625.000000  625.000000 v input external delay
     1    0.002885    0.008829    0.004547  625.004578 v req_num_i (in)
                                                         req_num_i (net)
                      0.008829    0.000000  625.004578 v _119_/A (sky130_fd_sc_hd__or2_2)
     8    0.027217    0.115299    0.360330  625.364868 v _119_/X (sky130_fd_sc_hd__or2_2)
                                                         _107_ (net)
                      0.115299    0.000114  625.364990 v _120_/A (sky130_fd_sc_hd__inv_2)
     4    0.014226    0.074891    0.108514  625.473511 ^ _120_/Y (sky130_fd_sc_hd__inv_2)
                                                         _108_ (net)
                      0.074891    0.000057  625.473572 ^ _190_/C1 (sky130_fd_sc_hd__a221o_2)
     1    0.004002    0.042224    0.110447  625.583984 ^ _190_/X (sky130_fd_sc_hd__a221o_2)
                                                         _098_ (net)
                      0.042224    0.000000  625.583984 ^ _191_/B1 (sky130_fd_sc_hd__o21a_2)
     1    0.002410    0.034949    0.110106  625.694092 ^ _191_/X (sky130_fd_sc_hd__o21a_2)
                                                         _008_ (net)
                      0.034949    0.000000  625.694092 ^ _232_/D (sky130_fd_sc_hd__dfrtp_2)
                                            625.694092   data arrival time

                               3125.000000 3125.000000   clock clk_i (rise edge)
                                  0.000000 3125.000000   clock source latency
    44    0.110228    0.497575    0.343562 3125.343506 ^ clk_i (in)
                                                         clk_i (net)
                      0.497579    0.000000 3125.343506 ^ _232_/CLK (sky130_fd_sc_hd__dfrtp_2)
                                 -0.250000 3125.093506   clock uncertainty
                                  0.000000 3125.093506   clock reconvergence pessimism
                                  0.007631 3125.101074   library setup time
                                           3125.101074   data required time
---------------------------------------------------------------------------------------------
                                           3125.101074   data required time
                                           -625.694092   data arrival time
---------------------------------------------------------------------------------------------
                                           2499.406982   slack (MET)


Startpoint: req_num_i (input port clocked by clk_i)
Endpoint: _230_ (rising edge-triggered flip-flop clocked by clk_i)
Path Group: clk_i
Path Type: max

Fanout         Cap        Slew       Delay        Time   Description
---------------------------------------------------------------------------------------------
                                  0.000000    0.000000   clock clk_i (rise edge)
                                  0.000000    0.000000   clock network delay (propagated)
                                625.000000  625.000000 v input external delay
     1    0.002885    0.008829    0.004547  625.004578 v req_num_i (in)
                                                         req_num_i (net)
                      0.008829    0.000000  625.004578 v _119_/A (sky130_fd_sc_hd__or2_2)
     8    0.027217    0.115299    0.360330  625.364868 v _119_/X (sky130_fd_sc_hd__or2_2)
                                                         _107_ (net)
                      0.115299    0.000114  625.364990 v _120_/A (sky130_fd_sc_hd__inv_2)
     4    0.014226    0.074891    0.108514  625.473511 ^ _120_/Y (sky130_fd_sc_hd__inv_2)
                                                         _108_ (net)
                      0.074891    0.000057  625.473572 ^ _176_/B1 (sky130_fd_sc_hd__a31o_2)
     1    0.003673    0.042541    0.103341  625.576904 ^ _176_/X (sky130_fd_sc_hd__a31o_2)
                                                         _086_ (net)
                      0.042541    0.000000  625.576904 ^ _177_/B2 (sky130_fd_sc_hd__o22a_2)
     1    0.002520    0.031419    0.109196  625.686096 ^ _177_/X (sky130_fd_sc_hd__o22a_2)
                                                         _006_ (net)
                      0.031419    0.000000  625.686096 ^ _230_/D (sky130_fd_sc_hd__dfrtp_2)
                                            625.686096   data arrival time

                               3125.000000 3125.000000   clock clk_i (rise edge)
                                  0.000000 3125.000000   clock source latency
    44    0.110228    0.497575    0.343789 3125.343750 ^ clk_i (in)
                                                         clk_i (net)
                      0.497582    0.000000 3125.343750 ^ _230_/CLK (sky130_fd_sc_hd__dfrtp_2)
                                 -0.250000 3125.093750   clock uncertainty
                                  0.000000 3125.093750   clock reconvergence pessimism
                                  0.008375 3125.102051   library setup time
                                           3125.102051   data required time
---------------------------------------------------------------------------------------------
                                           3125.102051   data required time
                                           -625.686096   data arrival time
---------------------------------------------------------------------------------------------
                                           2499.416016   slack (MET)


Startpoint: req_num_i (input port clocked by clk_i)
Endpoint: _269_ (rising edge-triggered flip-flop clocked by clk_i)
Path Group: clk_i
Path Type: max

Fanout         Cap        Slew       Delay        Time   Description
---------------------------------------------------------------------------------------------
                                  0.000000    0.000000   clock clk_i (rise edge)
                                  0.000000    0.000000   clock network delay (propagated)
                                625.000000  625.000000 v input external delay
     1    0.002885    0.008829    0.004547  625.004578 v req_num_i (in)
                                                         req_num_i (net)
                      0.008829    0.000000  625.004578 v _119_/A (sky130_fd_sc_hd__or2_2)
     8    0.027217    0.115299    0.360330  625.364868 v _119_/X (sky130_fd_sc_hd__or2_2)
                                                         _107_ (net)
                      0.115299    0.000057  625.364929 v _225_/A3 (sky130_fd_sc_hd__a31oi_2)
     1    0.002535    0.114505    0.191335  625.556274 ^ _225_/Y (sky130_fd_sc_hd__a31oi_2)
                                                         _101_ (net)
                      0.114505    0.000000  625.556274 ^ _226_/B1 (sky130_fd_sc_hd__a31o_2)
     1    0.002235    0.035788    0.109765  625.666016 ^ _226_/X (sky130_fd_sc_hd__a31o_2)
                                                         _040_ (net)
                      0.035788    0.000000  625.666016 ^ _269_/D (sky130_fd_sc_hd__dfrtp_2)
                                            625.666016   data arrival time

                               3125.000000 3125.000000   clock clk_i (rise edge)
                                  0.000000 3125.000000   clock source latency
    44    0.110228    0.497575    0.344016 3125.343994 ^ clk_i (in)
                                                         clk_i (net)
                      0.497582    0.000000 3125.343994 ^ _269_/CLK (sky130_fd_sc_hd__dfrtp_2)
                                 -0.250000 3125.093994   clock uncertainty
                                  0.000000 3125.093994   clock reconvergence pessimism
                                  0.007455 3125.101318   library setup time
                                           3125.101318   data required time
---------------------------------------------------------------------------------------------
                                           3125.101318   data required time
                                           -625.666016   data arrival time
---------------------------------------------------------------------------------------------
                                           2499.435547   slack (MET)


Startpoint: req_num_i (input port clocked by clk_i)
Endpoint: _231_ (rising edge-triggered flip-flop clocked by clk_i)
Path Group: clk_i
Path Type: max

Fanout         Cap        Slew       Delay        Time   Description
---------------------------------------------------------------------------------------------
                                  0.000000    0.000000   clock clk_i (rise edge)
                                  0.000000    0.000000   clock network delay (propagated)
                                625.000000  625.000000 ^ input external delay
     1    0.003040    0.020766    0.011141  625.011169 ^ req_num_i (in)
                                                         req_num_i (net)
                      0.020766    0.000000  625.011169 ^ _119_/A (sky130_fd_sc_hd__or2_2)
     8    0.030086    0.159555    0.184684  625.195801 ^ _119_/X (sky130_fd_sc_hd__or2_2)
                                                         _107_ (net)
                      0.159555    0.000114  625.195923 ^ _120_/A (sky130_fd_sc_hd__inv_2)
     4    0.012513    0.053915    0.074010  625.269958 v _120_/Y (sky130_fd_sc_hd__inv_2)
                                                         _108_ (net)
                      0.053915    0.000057  625.270020 v _183_/C1 (sky130_fd_sc_hd__a311o_2)
     1    0.005089    0.060610    0.314856  625.584839 v _183_/X (sky130_fd_sc_hd__a311o_2)
                                                         _092_ (net)
                      0.060610    0.000000  625.584839 v _184_/B1 (sky130_fd_sc_hd__o21ai_2)
     1    0.002442    0.082498    0.053035  625.637878 ^ _184_/Y (sky130_fd_sc_hd__o21ai_2)
                                                         _007_ (net)
                      0.082498    0.000000  625.637878 ^ _231_/D (sky130_fd_sc_hd__dfrtp_2)
                                            625.637878   data arrival time

                               3125.000000 3125.000000   clock clk_i (rise edge)
                                  0.000000 3125.000000   clock source latency
    44    0.110228    0.497575    0.343562 3125.343506 ^ clk_i (in)
                                                         clk_i (net)
                      0.497579    0.000000 3125.343506 ^ _231_/CLK (sky130_fd_sc_hd__dfrtp_2)
                                 -0.250000 3125.093506   clock uncertainty
                                  0.000000 3125.093506   clock reconvergence pessimism
                                 -0.002383 3125.091064   library setup time
                                           3125.091064   data required time
---------------------------------------------------------------------------------------------
                                           3125.091064   data required time
                                           -625.637878   data arrival time
---------------------------------------------------------------------------------------------
                                           2499.453369   slack (MET)


Startpoint: req_num_i (input port clocked by clk_i)
Endpoint: _268_ (rising edge-triggered flip-flop clocked by clk_i)
Path Group: clk_i
Path Type: max

Fanout         Cap        Slew       Delay        Time   Description
---------------------------------------------------------------------------------------------
                                  0.000000    0.000000   clock clk_i (rise edge)
                                  0.000000    0.000000   clock network delay (propagated)
                                625.000000  625.000000 v input external delay
     1    0.002885    0.008829    0.004547  625.004578 v req_num_i (in)
                                                         req_num_i (net)
                      0.008829    0.000000  625.004578 v _119_/A (sky130_fd_sc_hd__or2_2)
     8    0.027217    0.115299    0.360330  625.364868 v _119_/X (sky130_fd_sc_hd__or2_2)
                                                         _107_ (net)
                      0.115299    0.000000  625.364868 v _221_/B (sky130_fd_sc_hd__nand2_2)
     2    0.010394    0.077100    0.115620  625.480530 ^ _221_/Y (sky130_fd_sc_hd__nand2_2)
                                                         _099_ (net)
                      0.077100    0.000000  625.480530 ^ _224_/B (sky130_fd_sc_hd__xnor2_2)
     1    0.002051    0.091823    0.098737  625.579224 ^ _224_/Y (sky130_fd_sc_hd__xnor2_2)
                                                         _039_ (net)
                      0.091823    0.000000  625.579224 ^ _268_/D (sky130_fd_sc_hd__dfrtp_2)
                                            625.579224   data arrival time

                               3125.000000 3125.000000   clock clk_i (rise edge)
                                  0.000000 3125.000000   clock source latency
    44    0.110228    0.497575    0.344016 3125.343994 ^ clk_i (in)
                                                         clk_i (net)
                      0.497582    0.000000 3125.343994 ^ _268_/CLK (sky130_fd_sc_hd__dfrtp_2)
                                 -0.250000 3125.093994   clock uncertainty
                                  0.000000 3125.093994   clock reconvergence pessimism
                                 -0.004347 3125.089600   library setup time
                                           3125.089600   data required time
---------------------------------------------------------------------------------------------
                                           3125.089600   data required time
                                           -625.579224   data arrival time
---------------------------------------------------------------------------------------------
                                           2499.510254   slack (MET)


Startpoint: rst_i (input port clocked by clk_i)
Endpoint: _227_ (recovery check against rising-edge clock clk_i)
Path Group: asynchronous
Path Type: max

Fanout         Cap        Slew       Delay        Time   Description
---------------------------------------------------------------------------------------------
                                  0.000000    0.000000   clock clk_i (rise edge)
                                  0.000000    0.000000   clock network delay (propagated)
                                625.000000  625.000000 ^ input external delay
    44    0.187901    0.841106    0.580656  625.580627 ^ rst_i (in)
                                                         rst_i (net)
                      0.841114    0.000000  625.580627 ^ _227_/RESET_B (sky130_fd_sc_hd__dfrtp_2)
                                            625.580627   data arrival time

                               3125.000000 3125.000000   clock clk_i (rise edge)
                                  0.000000 3125.000000   clock source latency
    44    0.110228    0.497575    0.343562 3125.343506 ^ clk_i (in)
                                                         clk_i (net)
                      0.497579    0.000000 3125.343506 ^ _227_/CLK (sky130_fd_sc_hd__dfrtp_2)
                                 -0.250000 3125.093506   clock uncertainty
                                  0.000000 3125.093506   clock reconvergence pessimism
                                  0.125994 3125.219482   library recovery time
                                           3125.219482   data required time
---------------------------------------------------------------------------------------------
                                           3125.219482   data required time
                                           -625.580627   data arrival time
---------------------------------------------------------------------------------------------
                                           2499.638672   slack (MET)


Startpoint: rst_i (input port clocked by clk_i)
Endpoint: _228_ (recovery check against rising-edge clock clk_i)
Path Group: asynchronous
Path Type: max

Fanout         Cap        Slew       Delay        Time   Description
---------------------------------------------------------------------------------------------
                                  0.000000    0.000000   clock clk_i (rise edge)
                                  0.000000    0.000000   clock network delay (propagated)
                                625.000000  625.000000 ^ input external delay
    44    0.187901    0.841106    0.580656  625.580627 ^ rst_i (in)
                                                         rst_i (net)
                      0.841114    0.000000  625.580627 ^ _228_/RESET_B (sky130_fd_sc_hd__dfrtp_2)
                                            625.580627   data arrival time

                               3125.000000 3125.000000   clock clk_i (rise edge)
                                  0.000000 3125.000000   clock source latency
    44    0.110228    0.497575    0.343562 3125.343506 ^ clk_i (in)
                                                         clk_i (net)
                      0.497579    0.000000 3125.343506 ^ _228_/CLK (sky130_fd_sc_hd__dfrtp_2)
                                 -0.250000 3125.093506   clock uncertainty
                                  0.000000 3125.093506   clock reconvergence pessimism
                                  0.125994 3125.219482   library recovery time
                                           3125.219482   data required time
---------------------------------------------------------------------------------------------
                                           3125.219482   data required time
                                           -625.580627   data arrival time
---------------------------------------------------------------------------------------------
                                           2499.638672   slack (MET)


Startpoint: rst_i (input port clocked by clk_i)
Endpoint: _229_ (recovery check against rising-edge clock clk_i)
Path Group: asynchronous
Path Type: max

Fanout         Cap        Slew       Delay        Time   Description
---------------------------------------------------------------------------------------------
                                  0.000000    0.000000   clock clk_i (rise edge)
                                  0.000000    0.000000   clock network delay (propagated)
                                625.000000  625.000000 ^ input external delay
    44    0.187901    0.841106    0.579803  625.579834 ^ rst_i (in)
                                                         rst_i (net)
                      0.841108    0.000000  625.579834 ^ _229_/RESET_B (sky130_fd_sc_hd__dfrtp_2)
                                            625.579834   data arrival time

                               3125.000000 3125.000000   clock clk_i (rise edge)
                                  0.000000 3125.000000   clock source latency
    44    0.110228    0.497575    0.342880 3125.342773 ^ clk_i (in)
                                                         clk_i (net)
                      0.497576    0.000000 3125.342773 ^ _229_/CLK (sky130_fd_sc_hd__dfrtp_2)
                                 -0.250000 3125.092773   clock uncertainty
                                  0.000000 3125.092773   clock reconvergence pessimism
                                  0.125995 3125.218750   library recovery time
                                           3125.218750   data required time
---------------------------------------------------------------------------------------------
                                           3125.218750   data required time
                                           -625.579834   data arrival time
---------------------------------------------------------------------------------------------
                                           2499.638916   slack (MET)


Startpoint: rst_i (input port clocked by clk_i)
Endpoint: _230_ (recovery check against rising-edge clock clk_i)
Path Group: asynchronous
Path Type: max

Fanout         Cap        Slew       Delay        Time   Description
---------------------------------------------------------------------------------------------
                                  0.000000    0.000000   clock clk_i (rise edge)
                                  0.000000    0.000000   clock network delay (propagated)
                                625.000000  625.000000 ^ input external delay
    44    0.187901    0.841106    0.581167  625.581177 ^ rst_i (in)
                                                         rst_i (net)
                      0.841118    0.000000  625.581177 ^ _230_/RESET_B (sky130_fd_sc_hd__dfrtp_2)
                                            625.581177   data arrival time

                               3125.000000 3125.000000   clock clk_i (rise edge)
                                  0.000000 3125.000000   clock source latency
    44    0.110228    0.497575    0.343789 3125.343750 ^ clk_i (in)
                                                         clk_i (net)
                      0.497582    0.000000 3125.343750 ^ _230_/CLK (sky130_fd_sc_hd__dfrtp_2)
                                 -0.250000 3125.093750   clock uncertainty
                                  0.000000 3125.093750   clock reconvergence pessimism
                                  0.125994 3125.219727   library recovery time
                                           3125.219727   data required time
---------------------------------------------------------------------------------------------
                                           3125.219727   data required time
                                           -625.581177   data arrival time
---------------------------------------------------------------------------------------------
                                           2499.638428   slack (MET)


Startpoint: rst_i (input port clocked by clk_i)
Endpoint: _231_ (recovery check against rising-edge clock clk_i)
Path Group: asynchronous
Path Type: max

Fanout         Cap        Slew       Delay        Time   Description
---------------------------------------------------------------------------------------------
                                  0.000000    0.000000   clock clk_i (rise edge)
                                  0.000000    0.000000   clock network delay (propagated)
                                625.000000  625.000000 ^ input external delay
    44    0.187901    0.841106    0.580712  625.580688 ^ rst_i (in)
                                                         rst_i (net)
                      0.841114    0.000000  625.580688 ^ _231_/RESET_B (sky130_fd_sc_hd__dfrtp_2)
                                            625.580688   data arrival time

                               3125.000000 3125.000000   clock clk_i (rise edge)
                                  0.000000 3125.000000   clock source latency
    44    0.110228    0.497575    0.343562 3125.343506 ^ clk_i (in)
                                                         clk_i (net)
                      0.497579    0.000000 3125.343506 ^ _231_/CLK (sky130_fd_sc_hd__dfrtp_2)
                                 -0.250000 3125.093506   clock uncertainty
                                  0.000000 3125.093506   clock reconvergence pessimism
                                  0.125994 3125.219482   library recovery time
                                           3125.219482   data required time
---------------------------------------------------------------------------------------------
                                           3125.219482   data required time
                                           -625.580688   data arrival time
---------------------------------------------------------------------------------------------
                                           2499.638672   slack (MET)


Startpoint: rst_i (input port clocked by clk_i)
Endpoint: _232_ (recovery check against rising-edge clock clk_i)
Path Group: asynchronous
Path Type: max

Fanout         Cap        Slew       Delay        Time   Description
---------------------------------------------------------------------------------------------
                                  0.000000    0.000000   clock clk_i (rise edge)
                                  0.000000    0.000000   clock network delay (propagated)
                                625.000000  625.000000 ^ input external delay
    44    0.187901    0.841106    0.580712  625.580688 ^ rst_i (in)
                                                         rst_i (net)
                      0.841114    0.000000  625.580688 ^ _232_/RESET_B (sky130_fd_sc_hd__dfrtp_2)
                                            625.580688   data arrival time

                               3125.000000 3125.000000   clock clk_i (rise edge)
                                  0.000000 3125.000000   clock source latency
    44    0.110228    0.497575    0.343562 3125.343506 ^ clk_i (in)
                                                         clk_i (net)
                      0.497579    0.000000 3125.343506 ^ _232_/CLK (sky130_fd_sc_hd__dfrtp_2)
                                 -0.250000 3125.093506   clock uncertainty
                                  0.000000 3125.093506   clock reconvergence pessimism
                                  0.125994 3125.219482   library recovery time
                                           3125.219482   data required time
---------------------------------------------------------------------------------------------
                                           3125.219482   data required time
                                           -625.580688   data arrival time
---------------------------------------------------------------------------------------------
                                           2499.638672   slack (MET)


Startpoint: rst_i (input port clocked by clk_i)
Endpoint: _233_ (recovery check against rising-edge clock clk_i)
Path Group: asynchronous
Path Type: max

Fanout         Cap        Slew       Delay        Time   Description
---------------------------------------------------------------------------------------------
                                  0.000000    0.000000   clock clk_i (rise edge)
                                  0.000000    0.000000   clock network delay (propagated)
                                625.000000  625.000000 ^ input external delay
    44    0.187901    0.841106    0.581338  625.581360 ^ rst_i (in)
                                                         rst_i (net)
                      0.841119    0.000000  625.581360 ^ _233_/RESET_B (sky130_fd_sc_hd__dfrtp_2)
                                            625.581360   data arrival time

                               3125.000000 3125.000000   clock clk_i (rise edge)
                                  0.000000 3125.000000   clock source latency
    44    0.110228    0.497575    0.344016 3125.343994 ^ clk_i (in)
                                                         clk_i (net)
                      0.497582    0.000000 3125.343994 ^ _233_/CLK (sky130_fd_sc_hd__dfrtp_2)
                                 -0.250000 3125.093994   clock uncertainty
                                  0.000000 3125.093994   clock reconvergence pessimism
                                  0.125993 3125.219971   library recovery time
                                           3125.219971   data required time
---------------------------------------------------------------------------------------------
                                           3125.219971   data required time
                                           -625.581360   data arrival time
---------------------------------------------------------------------------------------------
                                           2499.638428   slack (MET)


Startpoint: rst_i (input port clocked by clk_i)
Endpoint: _234_ (recovery check against rising-edge clock clk_i)
Path Group: asynchronous
Path Type: max

Fanout         Cap        Slew       Delay        Time   Description
---------------------------------------------------------------------------------------------
                                  0.000000    0.000000   clock clk_i (rise edge)
                                  0.000000    0.000000   clock network delay (propagated)
                                625.000000  625.000000 ^ input external delay
    44    0.187901    0.841106    0.580769  625.580750 ^ rst_i (in)
                                                         rst_i (net)
                      0.841114    0.000000  625.580750 ^ _234_/RESET_B (sky130_fd_sc_hd__dfrtp_2)
                                            625.580750   data arrival time

                               3125.000000 3125.000000   clock clk_i (rise edge)
                                  0.000000 3125.000000   clock source latency
    44    0.110228    0.497575    0.343562 3125.343506 ^ clk_i (in)
                                                         clk_i (net)
                      0.497580    0.000000 3125.343506 ^ _234_/CLK (sky130_fd_sc_hd__dfrtp_2)
                                 -0.250000 3125.093506   clock uncertainty
                                  0.000000 3125.093506   clock reconvergence pessimism
                                  0.125994 3125.219482   library recovery time
                                           3125.219482   data required time
---------------------------------------------------------------------------------------------
                                           3125.219482   data required time
                                           -625.580750   data arrival time
---------------------------------------------------------------------------------------------
                                           2499.638672   slack (MET)


Startpoint: rst_i (input port clocked by clk_i)
Endpoint: _235_ (recovery check against rising-edge clock clk_i)
Path Group: asynchronous
Path Type: max

Fanout         Cap        Slew       Delay        Time   Description
---------------------------------------------------------------------------------------------
                                  0.000000    0.000000   clock clk_i (rise edge)
                                  0.000000    0.000000   clock network delay (propagated)
                                625.000000  625.000000 ^ input external delay
    44    0.187901    0.841106    0.580656  625.580627 ^ rst_i (in)
                                                         rst_i (net)
                      0.841113    0.000000  625.580627 ^ _235_/RESET_B (sky130_fd_sc_hd__dfrtp_2)
                                            625.580627   data arrival time

                               3125.000000 3125.000000   clock clk_i (rise edge)
                                  0.000000 3125.000000   clock source latency
    44    0.110228    0.497575    0.343562 3125.343506 ^ clk_i (in)
                                                         clk_i (net)
                      0.497579    0.000000 3125.343506 ^ _235_/CLK (sky130_fd_sc_hd__dfrtp_2)
                                 -0.250000 3125.093506   clock uncertainty
                                  0.000000 3125.093506   clock reconvergence pessimism
                                  0.125994 3125.219482   library recovery time
                                           3125.219482   data required time
---------------------------------------------------------------------------------------------
                                           3125.219482   data required time
                                           -625.580627   data arrival time
---------------------------------------------------------------------------------------------
                                           2499.638672   slack (MET)


Startpoint: rst_i (input port clocked by clk_i)
Endpoint: _236_ (recovery check against rising-edge clock clk_i)
Path Group: asynchronous
Path Type: max

Fanout         Cap        Slew       Delay        Time   Description
---------------------------------------------------------------------------------------------
                                  0.000000    0.000000   clock clk_i (rise edge)
                                  0.000000    0.000000   clock network delay (propagated)
                                625.000000  625.000000 ^ input external delay
    44    0.187901    0.841106    0.579860  625.579834 ^ rst_i (in)
                                                         rst_i (net)
                      0.841109    0.000000  625.579834 ^ _236_/RESET_B (sky130_fd_sc_hd__dfrtp_2)
                                            625.579834   data arrival time

                               3125.000000 3125.000000   clock clk_i (rise edge)
                                  0.000000 3125.000000   clock source latency
    44    0.110228    0.497575    0.342880 3125.342773 ^ clk_i (in)
                                                         clk_i (net)
                      0.497576    0.000000 3125.342773 ^ _236_/CLK (sky130_fd_sc_hd__dfrtp_2)
                                 -0.250000 3125.092773   clock uncertainty
                                  0.000000 3125.092773   clock reconvergence pessimism
                                  0.125994 3125.218750   library recovery time
                                           3125.218750   data required time
---------------------------------------------------------------------------------------------
                                           3125.218750   data required time
                                           -625.579834   data arrival time
---------------------------------------------------------------------------------------------
                                           2499.638916   slack (MET)


Startpoint: rst_i (input port clocked by clk_i)
Endpoint: _237_ (recovery check against rising-edge clock clk_i)
Path Group: asynchronous
Path Type: max

Fanout         Cap        Slew       Delay        Time   Description
---------------------------------------------------------------------------------------------
                                  0.000000    0.000000   clock clk_i (rise edge)
                                  0.000000    0.000000   clock network delay (propagated)
                                625.000000  625.000000 ^ input external delay
    44    0.187901    0.841106    0.579746  625.579773 ^ rst_i (in)
                                                         rst_i (net)
                      0.841108    0.000000  625.579773 ^ _237_/RESET_B (sky130_fd_sc_hd__dfrtp_2)
                                            625.579773   data arrival time

                               3125.000000 3125.000000   clock clk_i (rise edge)
                                  0.000000 3125.000000   clock source latency
    44    0.110228    0.497575    0.342880 3125.342773 ^ clk_i (in)
                                                         clk_i (net)
                      0.497575    0.000000 3125.342773 ^ _237_/CLK (sky130_fd_sc_hd__dfrtp_2)
                                 -0.250000 3125.092773   clock uncertainty
                                  0.000000 3125.092773   clock reconvergence pessimism
                                  0.125994 3125.218750   library recovery time
                                           3125.218750   data required time
---------------------------------------------------------------------------------------------
                                           3125.218750   data required time
                                           -625.579773   data arrival time
---------------------------------------------------------------------------------------------
                                           2499.638916   slack (MET)


Startpoint: rst_i (input port clocked by clk_i)
Endpoint: _238_ (recovery check against rising-edge clock clk_i)
Path Group: asynchronous
Path Type: max

Fanout         Cap        Slew       Delay        Time   Description
---------------------------------------------------------------------------------------------
                                  0.000000    0.000000   clock clk_i (rise edge)
                                  0.000000    0.000000   clock network delay (propagated)
                                625.000000  625.000000 ^ input external delay
    44    0.187901    0.841106    0.580542  625.580566 ^ rst_i (in)
                                                         rst_i (net)
                      0.841112    0.000000  625.580566 ^ _238_/RESET_B (sky130_fd_sc_hd__dfrtp_2)
                                            625.580566   data arrival time

                               3125.000000 3125.000000   clock clk_i (rise edge)
                                  0.000000 3125.000000   clock source latency
    44    0.110228    0.497575    0.343562 3125.343506 ^ clk_i (in)
                                                         clk_i (net)
                      0.497579    0.000000 3125.343506 ^ _238_/CLK (sky130_fd_sc_hd__dfrtp_2)
                                 -0.250000 3125.093506   clock uncertainty
                                  0.000000 3125.093506   clock reconvergence pessimism
                                  0.125994 3125.219482   library recovery time
                                           3125.219482   data required time
---------------------------------------------------------------------------------------------
                                           3125.219482   data required time
                                           -625.580566   data arrival time
---------------------------------------------------------------------------------------------
                                           2499.638916   slack (MET)


Startpoint: rst_i (input port clocked by clk_i)
Endpoint: _239_ (recovery check against rising-edge clock clk_i)
Path Group: asynchronous
Path Type: max

Fanout         Cap        Slew       Delay        Time   Description
---------------------------------------------------------------------------------------------
                                  0.000000    0.000000   clock clk_i (rise edge)
                                  0.000000    0.000000   clock network delay (propagated)
                                625.000000  625.000000 ^ input external delay
    44    0.187901    0.841106    0.579689  625.579712 ^ rst_i (in)
                                                         rst_i (net)
                      0.841108    0.000000  625.579712 ^ _239_/RESET_B (sky130_fd_sc_hd__dfrtp_2)
                                            625.579712   data arrival time

                               3125.000000 3125.000000   clock clk_i (rise edge)
                                  0.000000 3125.000000   clock source latency
    44    0.110228    0.497575    0.342880 3125.342773 ^ clk_i (in)
                                                         clk_i (net)
                      0.497575    0.000000 3125.342773 ^ _239_/CLK (sky130_fd_sc_hd__dfrtp_2)
                                 -0.250000 3125.092773   clock uncertainty
                                  0.000000 3125.092773   clock reconvergence pessimism
                                  0.125994 3125.218750   library recovery time
                                           3125.218750   data required time
---------------------------------------------------------------------------------------------
                                           3125.218750   data required time
                                           -625.579712   data arrival time
---------------------------------------------------------------------------------------------
                                           2499.638916   slack (MET)


Startpoint: rst_i (input port clocked by clk_i)
Endpoint: _240_ (recovery check against rising-edge clock clk_i)
Path Group: asynchronous
Path Type: max

Fanout         Cap        Slew       Delay        Time   Description
---------------------------------------------------------------------------------------------
                                  0.000000    0.000000   clock clk_i (rise edge)
                                  0.000000    0.000000   clock network delay (propagated)
                                625.000000  625.000000 ^ input external delay
    44    0.187901    0.841106    0.579462  625.579468 ^ rst_i (in)
                                                         rst_i (net)
                      0.841107    0.000000  625.579468 ^ _240_/RESET_B (sky130_fd_sc_hd__dfrtp_2)
                                            625.579468   data arrival time

                               3125.000000 3125.000000   clock clk_i (rise edge)
                                  0.000000 3125.000000   clock source latency
    44    0.110228    0.497575    0.342652 3125.342773 ^ clk_i (in)
                                                         clk_i (net)
                      0.497575    0.000000 3125.342773 ^ _240_/CLK (sky130_fd_sc_hd__dfrtp_2)
                                 -0.250000 3125.092529   clock uncertainty
                                  0.000000 3125.092529   clock reconvergence pessimism
                                  0.125995 3125.218506   library recovery time
                                           3125.218506   data required time
---------------------------------------------------------------------------------------------
                                           3125.218506   data required time
                                           -625.579468   data arrival time
---------------------------------------------------------------------------------------------
                                           2499.638916   slack (MET)


Startpoint: rst_i (input port clocked by clk_i)
Endpoint: _241_ (recovery check against rising-edge clock clk_i)
Path Group: asynchronous
Path Type: max

Fanout         Cap        Slew       Delay        Time   Description
---------------------------------------------------------------------------------------------
                                  0.000000    0.000000   clock clk_i (rise edge)
                                  0.000000    0.000000   clock network delay (propagated)
                                625.000000  625.000000 ^ input external delay
    44    0.187901    0.841106    0.580428  625.580444 ^ rst_i (in)
                                                         rst_i (net)
                      0.841112    0.000000  625.580444 ^ _241_/RESET_B (sky130_fd_sc_hd__dfrtp_2)
                                            625.580444   data arrival time

                               3125.000000 3125.000000   clock clk_i (rise edge)
                                  0.000000 3125.000000   clock source latency
    44    0.110228    0.497575    0.343562 3125.343506 ^ clk_i (in)
                                                         clk_i (net)
                      0.497578    0.000000 3125.343506 ^ _241_/CLK (sky130_fd_sc_hd__dfrtp_2)
                                 -0.250000 3125.093506   clock uncertainty
                                  0.000000 3125.093506   clock reconvergence pessimism
                                  0.125994 3125.219482   library recovery time
                                           3125.219482   data required time
---------------------------------------------------------------------------------------------
                                           3125.219482   data required time
                                           -625.580444   data arrival time
---------------------------------------------------------------------------------------------
                                           2499.638916   slack (MET)


Startpoint: rst_i (input port clocked by clk_i)
Endpoint: _242_ (recovery check against rising-edge clock clk_i)
Path Group: asynchronous
Path Type: max

Fanout         Cap        Slew       Delay        Time   Description
---------------------------------------------------------------------------------------------
                                  0.000000    0.000000   clock clk_i (rise edge)
                                  0.000000    0.000000   clock network delay (propagated)
                                625.000000  625.000000 ^ input external delay
    44    0.187901    0.841106    0.579291  625.579285 ^ rst_i (in)
                                                         rst_i (net)
                      0.841106    0.000000  625.579285 ^ _242_/RESET_B (sky130_fd_sc_hd__dfrtp_2)
                                            625.579285   data arrival time

                               3125.000000 3125.000000   clock clk_i (rise edge)
                                  0.000000 3125.000000   clock source latency
    44    0.110228    0.497575    0.342652 3125.342773 ^ clk_i (in)
                                                         clk_i (net)
                      0.497575    0.000000 3125.342773 ^ _242_/CLK (sky130_fd_sc_hd__dfrtp_2)
                                 -0.250000 3125.092529   clock uncertainty
                                  0.000000 3125.092529   clock reconvergence pessimism
                                  0.125995 3125.218506   library recovery time
                                           3125.218506   data required time
---------------------------------------------------------------------------------------------
                                           3125.218506   data required time
                                           -625.579285   data arrival time
---------------------------------------------------------------------------------------------
                                           2499.639160   slack (MET)


Startpoint: rst_i (input port clocked by clk_i)
Endpoint: _243_ (recovery check against rising-edge clock clk_i)
Path Group: asynchronous
Path Type: max

Fanout         Cap        Slew       Delay        Time   Description
---------------------------------------------------------------------------------------------
                                  0.000000    0.000000   clock clk_i (rise edge)
                                  0.000000    0.000000   clock network delay (propagated)
                                625.000000  625.000000 ^ input external delay
    44    0.187901    0.841106    0.579405  625.579407 ^ rst_i (in)
                                                         rst_i (net)
                      0.841107    0.000000  625.579407 ^ _243_/RESET_B (sky130_fd_sc_hd__dfrtp_2)
                                            625.579407   data arrival time

                               3125.000000 3125.000000   clock clk_i (rise edge)
                                  0.000000 3125.000000   clock source latency
    44    0.110228    0.497575    0.342652 3125.342773 ^ clk_i (in)
                                                         clk_i (net)
                      0.497575    0.000000 3125.342773 ^ _243_/CLK (sky130_fd_sc_hd__dfrtp_2)
                                 -0.250000 3125.092529   clock uncertainty
                                  0.000000 3125.092529   clock reconvergence pessimism
                                  0.125995 3125.218506   library recovery time
                                           3125.218506   data required time
---------------------------------------------------------------------------------------------
                                           3125.218506   data required time
                                           -625.579407   data arrival time
---------------------------------------------------------------------------------------------
                                           2499.639160   slack (MET)


Startpoint: rst_i (input port clocked by clk_i)
Endpoint: _244_ (recovery check against rising-edge clock clk_i)
Path Group: asynchronous
Path Type: max

Fanout         Cap        Slew       Delay        Time   Description
---------------------------------------------------------------------------------------------
                                  0.000000    0.000000   clock clk_i (rise edge)
                                  0.000000    0.000000   clock network delay (propagated)
                                625.000000  625.000000 ^ input external delay
    44    0.187901    0.841106    0.580997  625.580994 ^ rst_i (in)
                                                         rst_i (net)
                      0.841116    0.000000  625.580994 ^ _244_/RESET_B (sky130_fd_sc_hd__dfrtp_2)
                                            625.580994   data arrival time

                               3125.000000 3125.000000   clock clk_i (rise edge)
                                  0.000000 3125.000000   clock source latency
    44    0.110228    0.497575    0.343789 3125.343750 ^ clk_i (in)
                                                         clk_i (net)
                      0.497581    0.000000 3125.343750 ^ _244_/CLK (sky130_fd_sc_hd__dfrtp_2)
                                 -0.250000 3125.093750   clock uncertainty
                                  0.000000 3125.093750   clock reconvergence pessimism
                                  0.125994 3125.219727   library recovery time
                                           3125.219727   data required time
---------------------------------------------------------------------------------------------
                                           3125.219727   data required time
                                           -625.580994   data arrival time
---------------------------------------------------------------------------------------------
                                           2499.638672   slack (MET)


Startpoint: rst_i (input port clocked by clk_i)
Endpoint: _245_ (recovery check against rising-edge clock clk_i)
Path Group: asynchronous
Path Type: max

Fanout         Cap        Slew       Delay        Time   Description
---------------------------------------------------------------------------------------------
                                  0.000000    0.000000   clock clk_i (rise edge)
                                  0.000000    0.000000   clock network delay (propagated)
                                625.000000  625.000000 ^ input external delay
    44    0.187901    0.841106    0.580485  625.580505 ^ rst_i (in)
                                                         rst_i (net)
                      0.841112    0.000000  625.580505 ^ _245_/RESET_B (sky130_fd_sc_hd__dfrtp_2)
                                            625.580505   data arrival time

                               3125.000000 3125.000000   clock clk_i (rise edge)
                                  0.000000 3125.000000   clock source latency
    44    0.110228    0.497575    0.343562 3125.343506 ^ clk_i (in)
                                                         clk_i (net)
                      0.497579    0.000000 3125.343506 ^ _245_/CLK (sky130_fd_sc_hd__dfrtp_2)
                                 -0.250000 3125.093506   clock uncertainty
                                  0.000000 3125.093506   clock reconvergence pessimism
                                  0.125994 3125.219482   library recovery time
                                           3125.219482   data required time
---------------------------------------------------------------------------------------------
                                           3125.219482   data required time
                                           -625.580505   data arrival time
---------------------------------------------------------------------------------------------
                                           2499.638916   slack (MET)


Startpoint: rst_i (input port clocked by clk_i)
Endpoint: _246_ (recovery check against rising-edge clock clk_i)
Path Group: asynchronous
Path Type: max

Fanout         Cap        Slew       Delay        Time   Description
---------------------------------------------------------------------------------------------
                                  0.000000    0.000000   clock clk_i (rise edge)
                                  0.000000    0.000000   clock network delay (propagated)
                                625.000000  625.000000 ^ input external delay
    44    0.187901    0.841106    0.580144  625.580139 ^ rst_i (in)
                                                         rst_i (net)
                      0.841110    0.000000  625.580139 ^ _246_/RESET_B (sky130_fd_sc_hd__dfrtp_2)
                                            625.580139   data arrival time

                               3125.000000 3125.000000   clock clk_i (rise edge)
                                  0.000000 3125.000000   clock source latency
    44    0.110228    0.497575    0.343334 3125.343262 ^ clk_i (in)
                                                         clk_i (net)
                      0.497577    0.000000 3125.343262 ^ _246_/CLK (sky130_fd_sc_hd__dfrtp_2)
                                 -0.250000 3125.093262   clock uncertainty
                                  0.000000 3125.093262   clock reconvergence pessimism
                                  0.125995 3125.219238   library recovery time
                                           3125.219238   data required time
---------------------------------------------------------------------------------------------
                                           3125.219238   data required time
                                           -625.580139   data arrival time
---------------------------------------------------------------------------------------------
                                           2499.638916   slack (MET)


Startpoint: rst_i (input port clocked by clk_i)
Endpoint: _247_ (recovery check against rising-edge clock clk_i)
Path Group: asynchronous
Path Type: max

Fanout         Cap        Slew       Delay        Time   Description
---------------------------------------------------------------------------------------------
                                  0.000000    0.000000   clock clk_i (rise edge)
                                  0.000000    0.000000   clock network delay (propagated)
                                625.000000  625.000000 ^ input external delay
    44    0.187901    0.841106    0.579234  625.579224 ^ rst_i (in)
                                                         rst_i (net)
                      0.841106    0.000000  625.579224 ^ _247_/RESET_B (sky130_fd_sc_hd__dfrtp_2)
                                            625.579224   data arrival time

                               3125.000000 3125.000000   clock clk_i (rise edge)
                                  0.000000 3125.000000   clock source latency
    44    0.110228    0.497575    0.342652 3125.342773 ^ clk_i (in)
                                                         clk_i (net)
                      0.497575    0.000000 3125.342773 ^ _247_/CLK (sky130_fd_sc_hd__dfrtp_2)
                                 -0.250000 3125.092529   clock uncertainty
                                  0.000000 3125.092529   clock reconvergence pessimism
                                  0.125995 3125.218506   library recovery time
                                           3125.218506   data required time
---------------------------------------------------------------------------------------------
                                           3125.218506   data required time
                                           -625.579224   data arrival time
---------------------------------------------------------------------------------------------
                                           2499.639404   slack (MET)


Startpoint: rst_i (input port clocked by clk_i)
Endpoint: _248_ (recovery check against rising-edge clock clk_i)
Path Group: asynchronous
Path Type: max

Fanout         Cap        Slew       Delay        Time   Description
---------------------------------------------------------------------------------------------
                                  0.000000    0.000000   clock clk_i (rise edge)
                                  0.000000    0.000000   clock network delay (propagated)
                                625.000000  625.000000 ^ input external delay
    44    0.187901    0.841106    0.580485  625.580505 ^ rst_i (in)
                                                         rst_i (net)
                      0.841112    0.000000  625.580505 ^ _248_/RESET_B (sky130_fd_sc_hd__dfrtp_2)
                                            625.580505   data arrival time

                               3125.000000 3125.000000   clock clk_i (rise edge)
                                  0.000000 3125.000000   clock source latency
    44    0.110228    0.497575    0.343562 3125.343506 ^ clk_i (in)
                                                         clk_i (net)
                      0.497579    0.000000 3125.343506 ^ _248_/CLK (sky130_fd_sc_hd__dfrtp_2)
                                 -0.250000 3125.093506   clock uncertainty
                                  0.000000 3125.093506   clock reconvergence pessimism
                                  0.125994 3125.219482   library recovery time
                                           3125.219482   data required time
---------------------------------------------------------------------------------------------
                                           3125.219482   data required time
                                           -625.580505   data arrival time
---------------------------------------------------------------------------------------------
                                           2499.638916   slack (MET)


Startpoint: rst_i (input port clocked by clk_i)
Endpoint: _249_ (recovery check against rising-edge clock clk_i)
Path Group: asynchronous
Path Type: max

Fanout         Cap        Slew       Delay        Time   Description
---------------------------------------------------------------------------------------------
                                  0.000000    0.000000   clock clk_i (rise edge)
                                  0.000000    0.000000   clock network delay (propagated)
                                625.000000  625.000000 ^ input external delay
    44    0.187901    0.841106    0.580940  625.580933 ^ rst_i (in)
                                                         rst_i (net)
                      0.841115    0.000000  625.580933 ^ _249_/RESET_B (sky130_fd_sc_hd__dfrtp_2)
                                            625.580933   data arrival time

                               3125.000000 3125.000000   clock clk_i (rise edge)
                                  0.000000 3125.000000   clock source latency
    44    0.110228    0.497575    0.343789 3125.343750 ^ clk_i (in)
                                                         clk_i (net)
                      0.497580    0.000000 3125.343750 ^ _249_/CLK (sky130_fd_sc_hd__dfrtp_2)
                                 -0.250000 3125.093750   clock uncertainty
                                  0.000000 3125.093750   clock reconvergence pessimism
                                  0.125994 3125.219727   library recovery time
                                           3125.219727   data required time
---------------------------------------------------------------------------------------------
                                           3125.219727   data required time
                                           -625.580933   data arrival time
---------------------------------------------------------------------------------------------
                                           2499.638672   slack (MET)


Startpoint: rst_i (input port clocked by clk_i)
Endpoint: _250_ (recovery check against rising-edge clock clk_i)
Path Group: asynchronous
Path Type: max

Fanout         Cap        Slew       Delay        Time   Description
---------------------------------------------------------------------------------------------
                                  0.000000    0.000000   clock clk_i (rise edge)
                                  0.000000    0.000000   clock network delay (propagated)
                                625.000000  625.000000 ^ input external delay
    44    0.187901    0.841106    0.579973  625.579956 ^ rst_i (in)
                                                         rst_i (net)
                      0.841109    0.000000  625.579956 ^ _250_/RESET_B (sky130_fd_sc_hd__dfrtp_2)
                                            625.579956   data arrival time

                               3125.000000 3125.000000   clock clk_i (rise edge)
                                  0.000000 3125.000000   clock source latency
    44    0.110228    0.497575    0.343107 3125.343018 ^ clk_i (in)
                                                         clk_i (net)
                      0.497577    0.000000 3125.343018 ^ _250_/CLK (sky130_fd_sc_hd__dfrtp_2)
                                 -0.250000 3125.093018   clock uncertainty
                                  0.000000 3125.093018   clock reconvergence pessimism
                                  0.125995 3125.218994   library recovery time
                                           3125.218994   data required time
---------------------------------------------------------------------------------------------
                                           3125.218994   data required time
                                           -625.579956   data arrival time
---------------------------------------------------------------------------------------------
                                           2499.638916   slack (MET)


Startpoint: rst_i (input port clocked by clk_i)
Endpoint: _251_ (recovery check against rising-edge clock clk_i)
Path Group: asynchronous
Path Type: max

Fanout         Cap        Slew       Delay        Time   Description
---------------------------------------------------------------------------------------------
                                  0.000000    0.000000   clock clk_i (rise edge)
                                  0.000000    0.000000   clock network delay (propagated)
                                625.000000  625.000000 ^ input external delay
    44    0.187901    0.841106    0.581110  625.581116 ^ rst_i (in)
                                                         rst_i (net)
                      0.841117    0.000000  625.581116 ^ _251_/RESET_B (sky130_fd_sc_hd__dfrtp_2)
                                            625.581116   data arrival time

                               3125.000000 3125.000000   clock clk_i (rise edge)
                                  0.000000 3125.000000   clock source latency
    44    0.110228    0.497575    0.343789 3125.343750 ^ clk_i (in)
                                                         clk_i (net)
                      0.497581    0.000000 3125.343750 ^ _251_/CLK (sky130_fd_sc_hd__dfrtp_2)
                                 -0.250000 3125.093750   clock uncertainty
                                  0.000000 3125.093750   clock reconvergence pessimism
                                  0.125994 3125.219727   library recovery time
                                           3125.219727   data required time
---------------------------------------------------------------------------------------------
                                           3125.219727   data required time
                                           -625.581116   data arrival time
---------------------------------------------------------------------------------------------
                                           2499.638428   slack (MET)


Startpoint: rst_i (input port clocked by clk_i)
Endpoint: _252_ (recovery check against rising-edge clock clk_i)
Path Group: asynchronous
Path Type: max

Fanout         Cap        Slew       Delay        Time   Description
---------------------------------------------------------------------------------------------
                                  0.000000    0.000000   clock clk_i (rise edge)
                                  0.000000    0.000000   clock network delay (propagated)
                                625.000000  625.000000 ^ input external delay
    44    0.187901    0.841106    0.580826  625.580811 ^ rst_i (in)
                                                         rst_i (net)
                      0.841115    0.000000  625.580811 ^ _252_/RESET_B (sky130_fd_sc_hd__dfrtp_2)
                                            625.580811   data arrival time

                               3125.000000 3125.000000   clock clk_i (rise edge)
                                  0.000000 3125.000000   clock source latency
    44    0.110228    0.497575    0.343562 3125.343506 ^ clk_i (in)
                                                         clk_i (net)
                      0.497580    0.000000 3125.343506 ^ _252_/CLK (sky130_fd_sc_hd__dfrtp_2)
                                 -0.250000 3125.093506   clock uncertainty
                                  0.000000 3125.093506   clock reconvergence pessimism
                                  0.125994 3125.219482   library recovery time
                                           3125.219482   data required time
---------------------------------------------------------------------------------------------
                                           3125.219482   data required time
                                           -625.580811   data arrival time
---------------------------------------------------------------------------------------------
                                           2499.638428   slack (MET)


Startpoint: rst_i (input port clocked by clk_i)
Endpoint: _253_ (recovery check against rising-edge clock clk_i)
Path Group: asynchronous
Path Type: max

Fanout         Cap        Slew       Delay        Time   Description
---------------------------------------------------------------------------------------------
                                  0.000000    0.000000   clock clk_i (rise edge)
                                  0.000000    0.000000   clock network delay (propagated)
                                625.000000  625.000000 ^ input external delay
    44    0.187901    0.841106    0.580371  625.580383 ^ rst_i (in)
                                                         rst_i (net)
                      0.841112    0.000000  625.580383 ^ _253_/RESET_B (sky130_fd_sc_hd__dfrtp_2)
                                            625.580383   data arrival time

                               3125.000000 3125.000000   clock clk_i (rise edge)
                                  0.000000 3125.000000   clock source latency
    44    0.110228    0.497575    0.343334 3125.343262 ^ clk_i (in)
                                                         clk_i (net)
                      0.497578    0.000000 3125.343262 ^ _253_/CLK (sky130_fd_sc_hd__dfrtp_2)
                                 -0.250000 3125.093262   clock uncertainty
                                  0.000000 3125.093262   clock reconvergence pessimism
                                  0.125994 3125.219238   library recovery time
                                           3125.219238   data required time
---------------------------------------------------------------------------------------------
                                           3125.219238   data required time
                                           -625.580383   data arrival time
---------------------------------------------------------------------------------------------
                                           2499.638916   slack (MET)


Startpoint: rst_i (input port clocked by clk_i)
Endpoint: _254_ (recovery check against rising-edge clock clk_i)
Path Group: asynchronous
Path Type: max

Fanout         Cap        Slew       Delay        Time   Description
---------------------------------------------------------------------------------------------
                                  0.000000    0.000000   clock clk_i (rise edge)
                                  0.000000    0.000000   clock network delay (propagated)
                                625.000000  625.000000 ^ input external delay
    44    0.187901    0.841106    0.581053  625.581055 ^ rst_i (in)
                                                         rst_i (net)
                      0.841117    0.000000  625.581055 ^ _254_/RESET_B (sky130_fd_sc_hd__dfrtp_2)
                                            625.581055   data arrival time

                               3125.000000 3125.000000   clock clk_i (rise edge)
                                  0.000000 3125.000000   clock source latency
    44    0.110228    0.497575    0.343789 3125.343750 ^ clk_i (in)
                                                         clk_i (net)
                      0.497581    0.000000 3125.343750 ^ _254_/CLK (sky130_fd_sc_hd__dfrtp_2)
                                 -0.250000 3125.093750   clock uncertainty
                                  0.000000 3125.093750   clock reconvergence pessimism
                                  0.125994 3125.219727   library recovery time
                                           3125.219727   data required time
---------------------------------------------------------------------------------------------
                                           3125.219727   data required time
                                           -625.581055   data arrival time
---------------------------------------------------------------------------------------------
                                           2499.638428   slack (MET)


Startpoint: rst_i (input port clocked by clk_i)
Endpoint: _255_ (recovery check against rising-edge clock clk_i)
Path Group: asynchronous
Path Type: max

Fanout         Cap        Slew       Delay        Time   Description
---------------------------------------------------------------------------------------------
                                  0.000000    0.000000   clock clk_i (rise edge)
                                  0.000000    0.000000   clock network delay (propagated)
                                625.000000  625.000000 ^ input external delay
    44    0.187901    0.841106    0.581110  625.581116 ^ rst_i (in)
                                                         rst_i (net)
                      0.841117    0.000000  625.581116 ^ _255_/RESET_B (sky130_fd_sc_hd__dfrtp_2)
                                            625.581116   data arrival time

                               3125.000000 3125.000000   clock clk_i (rise edge)
                                  0.000000 3125.000000   clock source latency
    44    0.110228    0.497575    0.343789 3125.343750 ^ clk_i (in)
                                                         clk_i (net)
                      0.497581    0.000000 3125.343750 ^ _255_/CLK (sky130_fd_sc_hd__dfrtp_2)
                                 -0.250000 3125.093750   clock uncertainty
                                  0.000000 3125.093750   clock reconvergence pessimism
                                  0.125994 3125.219727   library recovery time
                                           3125.219727   data required time
---------------------------------------------------------------------------------------------
                                           3125.219727   data required time
                                           -625.581116   data arrival time
---------------------------------------------------------------------------------------------
                                           2499.638428   slack (MET)


Startpoint: rst_i (input port clocked by clk_i)
Endpoint: _256_ (recovery check against rising-edge clock clk_i)
Path Group: asynchronous
Path Type: max

Fanout         Cap        Slew       Delay        Time   Description
---------------------------------------------------------------------------------------------
                                  0.000000    0.000000   clock clk_i (rise edge)
                                  0.000000    0.000000   clock network delay (propagated)
                                625.000000  625.000000 ^ input external delay
    44    0.187901    0.841106    0.580826  625.580811 ^ rst_i (in)
                                                         rst_i (net)
                      0.841115    0.000000  625.580811 ^ _256_/RESET_B (sky130_fd_sc_hd__dfrtp_2)
                                            625.580811   data arrival time

                               3125.000000 3125.000000   clock clk_i (rise edge)
                                  0.000000 3125.000000   clock source latency
    44    0.110228    0.497575    0.343562 3125.343506 ^ clk_i (in)
                                                         clk_i (net)
                      0.497580    0.000000 3125.343506 ^ _256_/CLK (sky130_fd_sc_hd__dfrtp_2)
                                 -0.250000 3125.093506   clock uncertainty
                                  0.000000 3125.093506   clock reconvergence pessimism
                                  0.125994 3125.219482   library recovery time
                                           3125.219482   data required time
---------------------------------------------------------------------------------------------
                                           3125.219482   data required time
                                           -625.580811   data arrival time
---------------------------------------------------------------------------------------------
                                           2499.638428   slack (MET)


Startpoint: rst_i (input port clocked by clk_i)
Endpoint: _257_ (recovery check against rising-edge clock clk_i)
Path Group: asynchronous
Path Type: max

Fanout         Cap        Slew       Delay        Time   Description
---------------------------------------------------------------------------------------------
                                  0.000000    0.000000   clock clk_i (rise edge)
                                  0.000000    0.000000   clock network delay (propagated)
                                625.000000  625.000000 ^ input external delay
    44    0.187901    0.841106    0.580656  625.580627 ^ rst_i (in)
                                                         rst_i (net)
                      0.841113    0.000000  625.580627 ^ _257_/RESET_B (sky130_fd_sc_hd__dfrtp_2)
                                            625.580627   data arrival time

                               3125.000000 3125.000000   clock clk_i (rise edge)
                                  0.000000 3125.000000   clock source latency
    44    0.110228    0.497575    0.343562 3125.343506 ^ clk_i (in)
                                                         clk_i (net)
                      0.497579    0.000000 3125.343506 ^ _257_/CLK (sky130_fd_sc_hd__dfrtp_2)
                                 -0.250000 3125.093506   clock uncertainty
                                  0.000000 3125.093506   clock reconvergence pessimism
                                  0.125994 3125.219482   library recovery time
                                           3125.219482   data required time
---------------------------------------------------------------------------------------------
                                           3125.219482   data required time
                                           -625.580627   data arrival time
---------------------------------------------------------------------------------------------
                                           2499.638672   slack (MET)


Startpoint: rst_i (input port clocked by clk_i)
Endpoint: _258_ (recovery check against rising-edge clock clk_i)
Path Group: asynchronous
Path Type: max

Fanout         Cap        Slew       Delay        Time   Description
---------------------------------------------------------------------------------------------
                                  0.000000    0.000000   clock clk_i (rise edge)
                                  0.000000    0.000000   clock network delay (propagated)
                                625.000000  625.000000 ^ input external delay
    44    0.187901    0.841106    0.580997  625.580994 ^ rst_i (in)
                                                         rst_i (net)
                      0.841116    0.000000  625.580994 ^ _258_/RESET_B (sky130_fd_sc_hd__dfrtp_2)
                                            625.580994   data arrival time

                               3125.000000 3125.000000   clock clk_i (rise edge)
                                  0.000000 3125.000000   clock source latency
    44    0.110228    0.497575    0.343789 3125.343750 ^ clk_i (in)
                                                         clk_i (net)
                      0.497581    0.000000 3125.343750 ^ _258_/CLK (sky130_fd_sc_hd__dfrtp_2)
                                 -0.250000 3125.093750   clock uncertainty
                                  0.000000 3125.093750   clock reconvergence pessimism
                                  0.125994 3125.219727   library recovery time
                                           3125.219727   data required time
---------------------------------------------------------------------------------------------
                                           3125.219727   data required time
                                           -625.580994   data arrival time
---------------------------------------------------------------------------------------------
                                           2499.638672   slack (MET)


Startpoint: rst_i (input port clocked by clk_i)
Endpoint: _259_ (recovery check against rising-edge clock clk_i)
Path Group: asynchronous
Path Type: max

Fanout         Cap        Slew       Delay        Time   Description
---------------------------------------------------------------------------------------------
                                  0.000000    0.000000   clock clk_i (rise edge)
                                  0.000000    0.000000   clock network delay (propagated)
                                625.000000  625.000000 ^ input external delay
    44    0.187901    0.841106    0.580997  625.580994 ^ rst_i (in)
                                                         rst_i (net)
                      0.841116    0.000000  625.580994 ^ _259_/RESET_B (sky130_fd_sc_hd__dfrtp_2)
                                            625.580994   data arrival time

                               3125.000000 3125.000000   clock clk_i (rise edge)
                                  0.000000 3125.000000   clock source latency
    44    0.110228    0.497575    0.343789 3125.343750 ^ clk_i (in)
                                                         clk_i (net)
                      0.497581    0.000000 3125.343750 ^ _259_/CLK (sky130_fd_sc_hd__dfrtp_2)
                                 -0.250000 3125.093750   clock uncertainty
                                  0.000000 3125.093750   clock reconvergence pessimism
                                  0.125994 3125.219727   library recovery time
                                           3125.219727   data required time
---------------------------------------------------------------------------------------------
                                           3125.219727   data required time
                                           -625.580994   data arrival time
---------------------------------------------------------------------------------------------
                                           2499.638672   slack (MET)


Startpoint: rst_i (input port clocked by clk_i)
Endpoint: _260_ (recovery check against rising-edge clock clk_i)
Path Group: asynchronous
Path Type: max

Fanout         Cap        Slew       Delay        Time   Description
---------------------------------------------------------------------------------------------
                                  0.000000    0.000000   clock clk_i (rise edge)
                                  0.000000    0.000000   clock network delay (propagated)
                                625.000000  625.000000 ^ input external delay
    44    0.187901    0.841106    0.581053  625.581055 ^ rst_i (in)
                                                         rst_i (net)
                      0.841116    0.000000  625.581055 ^ _260_/RESET_B (sky130_fd_sc_hd__dfrtp_2)
                                            625.581055   data arrival time

                               3125.000000 3125.000000   clock clk_i (rise edge)
                                  0.000000 3125.000000   clock source latency
    44    0.110228    0.497575    0.343789 3125.343750 ^ clk_i (in)
                                                         clk_i (net)
                      0.497581    0.000000 3125.343750 ^ _260_/CLK (sky130_fd_sc_hd__dfrtp_2)
                                 -0.250000 3125.093750   clock uncertainty
                                  0.000000 3125.093750   clock reconvergence pessimism
                                  0.125994 3125.219727   library recovery time
                                           3125.219727   data required time
---------------------------------------------------------------------------------------------
                                           3125.219727   data required time
                                           -625.581055   data arrival time
---------------------------------------------------------------------------------------------
                                           2499.638428   slack (MET)


Startpoint: rst_i (input port clocked by clk_i)
Endpoint: _261_ (recovery check against rising-edge clock clk_i)
Path Group: asynchronous
Path Type: max

Fanout         Cap        Slew       Delay        Time   Description
---------------------------------------------------------------------------------------------
                                  0.000000    0.000000   clock clk_i (rise edge)
                                  0.000000    0.000000   clock network delay (propagated)
                                625.000000  625.000000 ^ input external delay
    44    0.187901    0.841106    0.580258  625.580261 ^ rst_i (in)
                                                         rst_i (net)
                      0.841111    0.000000  625.580261 ^ _261_/RESET_B (sky130_fd_sc_hd__dfrtp_2)
                                            625.580261   data arrival time

                               3125.000000 3125.000000   clock clk_i (rise edge)
                                  0.000000 3125.000000   clock source latency
    44    0.110228    0.497575    0.343334 3125.343262 ^ clk_i (in)
                                                         clk_i (net)
                      0.497578    0.000000 3125.343262 ^ _261_/CLK (sky130_fd_sc_hd__dfrtp_2)
                                 -0.250000 3125.093262   clock uncertainty
                                  0.000000 3125.093262   clock reconvergence pessimism
                                  0.125994 3125.219238   library recovery time
                                           3125.219238   data required time
---------------------------------------------------------------------------------------------
                                           3125.219238   data required time
                                           -625.580261   data arrival time
---------------------------------------------------------------------------------------------
                                           2499.638916   slack (MET)


Startpoint: rst_i (input port clocked by clk_i)
Endpoint: _262_ (recovery check against rising-edge clock clk_i)
Path Group: asynchronous
Path Type: max

Fanout         Cap        Slew       Delay        Time   Description
---------------------------------------------------------------------------------------------
                                  0.000000    0.000000   clock clk_i (rise edge)
                                  0.000000    0.000000   clock network delay (propagated)
                                625.000000  625.000000 ^ input external delay
    44    0.187901    0.841106    0.579576  625.579590 ^ rst_i (in)
                                                         rst_i (net)
                      0.841108    0.000000  625.579590 ^ _262_/RESET_B (sky130_fd_sc_hd__dfrtp_2)
                                            625.579590   data arrival time

                               3125.000000 3125.000000   clock clk_i (rise edge)
                                  0.000000 3125.000000   clock source latency
    44    0.110228    0.497575    0.342652 3125.342773 ^ clk_i (in)
                                                         clk_i (net)
                      0.497575    0.000000 3125.342773 ^ _262_/CLK (sky130_fd_sc_hd__dfrtp_2)
                                 -0.250000 3125.092529   clock uncertainty
                                  0.000000 3125.092529   clock reconvergence pessimism
                                  0.125995 3125.218506   library recovery time
                                           3125.218506   data required time
---------------------------------------------------------------------------------------------
                                           3125.218506   data required time
                                           -625.579590   data arrival time
---------------------------------------------------------------------------------------------
                                           2499.638916   slack (MET)


Startpoint: rst_i (input port clocked by clk_i)
Endpoint: _263_ (recovery check against rising-edge clock clk_i)
Path Group: asynchronous
Path Type: max

Fanout         Cap        Slew       Delay        Time   Description
---------------------------------------------------------------------------------------------
                                  0.000000    0.000000   clock clk_i (rise edge)
                                  0.000000    0.000000   clock network delay (propagated)
                                625.000000  625.000000 ^ input external delay
    44    0.187901    0.841106    0.579632  625.579651 ^ rst_i (in)
                                                         rst_i (net)
                      0.841108    0.000000  625.579651 ^ _263_/RESET_B (sky130_fd_sc_hd__dfrtp_2)
                                            625.579651   data arrival time

                               3125.000000 3125.000000   clock clk_i (rise edge)
                                  0.000000 3125.000000   clock source latency
    44    0.110228    0.497575    0.342880 3125.342773 ^ clk_i (in)
                                                         clk_i (net)
                      0.497575    0.000000 3125.342773 ^ _263_/CLK (sky130_fd_sc_hd__dfrtp_2)
                                 -0.250000 3125.092773   clock uncertainty
                                  0.000000 3125.092773   clock reconvergence pessimism
                                  0.125994 3125.218750   library recovery time
                                           3125.218750   data required time
---------------------------------------------------------------------------------------------
                                           3125.218750   data required time
                                           -625.579651   data arrival time
---------------------------------------------------------------------------------------------
                                           2499.639160   slack (MET)


Startpoint: rst_i (input port clocked by clk_i)
Endpoint: _264_ (recovery check against rising-edge clock clk_i)
Path Group: asynchronous
Path Type: max

Fanout         Cap        Slew       Delay        Time   Description
---------------------------------------------------------------------------------------------
                                  0.000000    0.000000   clock clk_i (rise edge)
                                  0.000000    0.000000   clock network delay (propagated)
                                625.000000  625.000000 ^ input external delay
    44    0.187901    0.841106    0.579803  625.579834 ^ rst_i (in)
                                                         rst_i (net)
                      0.841109    0.000000  625.579834 ^ _264_/RESET_B (sky130_fd_sc_hd__dfrtp_2)
                                            625.579834   data arrival time

                               3125.000000 3125.000000   clock clk_i (rise edge)
                                  0.000000 3125.000000   clock source latency
    44    0.110228    0.497575    0.342880 3125.342773 ^ clk_i (in)
                                                         clk_i (net)
                      0.497576    0.000000 3125.342773 ^ _264_/CLK (sky130_fd_sc_hd__dfrtp_2)
                                 -0.250000 3125.092773   clock uncertainty
                                  0.000000 3125.092773   clock reconvergence pessimism
                                  0.125994 3125.218750   library recovery time
                                           3125.218750   data required time
---------------------------------------------------------------------------------------------
                                           3125.218750   data required time
                                           -625.579834   data arrival time
---------------------------------------------------------------------------------------------
                                           2499.638916   slack (MET)


Startpoint: rst_i (input port clocked by clk_i)
Endpoint: _265_ (recovery check against rising-edge clock clk_i)
Path Group: asynchronous
Path Type: max

Fanout         Cap        Slew       Delay        Time   Description
---------------------------------------------------------------------------------------------
                                  0.000000    0.000000   clock clk_i (rise edge)
                                  0.000000    0.000000   clock network delay (propagated)
                                625.000000  625.000000 ^ input external delay
    44    0.187901    0.841106    0.579860  625.579834 ^ rst_i (in)
                                                         rst_i (net)
                      0.841109    0.000000  625.579834 ^ _265_/RESET_B (sky130_fd_sc_hd__dfrtp_2)
                                            625.579834   data arrival time

                               3125.000000 3125.000000   clock clk_i (rise edge)
                                  0.000000 3125.000000   clock source latency
    44    0.110228    0.497575    0.342880 3125.342773 ^ clk_i (in)
                                                         clk_i (net)
                      0.497576    0.000000 3125.342773 ^ _265_/CLK (sky130_fd_sc_hd__dfrtp_2)
                                 -0.250000 3125.092773   clock uncertainty
                                  0.000000 3125.092773   clock reconvergence pessimism
                                  0.125994 3125.218750   library recovery time
                                           3125.218750   data required time
---------------------------------------------------------------------------------------------
                                           3125.218750   data required time
                                           -625.579834   data arrival time
---------------------------------------------------------------------------------------------
                                           2499.638916   slack (MET)


Startpoint: rst_i (input port clocked by clk_i)
Endpoint: _266_ (recovery check against rising-edge clock clk_i)
Path Group: asynchronous
Path Type: max

Fanout         Cap        Slew       Delay        Time   Description
---------------------------------------------------------------------------------------------
                                  0.000000    0.000000   clock clk_i (rise edge)
                                  0.000000    0.000000   clock network delay (propagated)
                                625.000000  625.000000 ^ input external delay
    44    0.187901    0.841106    0.581110  625.581116 ^ rst_i (in)
                                                         rst_i (net)
                      0.841117    0.000000  625.581116 ^ _266_/RESET_B (sky130_fd_sc_hd__dfrtp_2)
                                            625.581116   data arrival time

                               3125.000000 3125.000000   clock clk_i (rise edge)
                                  0.000000 3125.000000   clock source latency
    44    0.110228    0.497575    0.343789 3125.343750 ^ clk_i (in)
                                                         clk_i (net)
                      0.497581    0.000000 3125.343750 ^ _266_/CLK (sky130_fd_sc_hd__dfrtp_2)
                                 -0.250000 3125.093750   clock uncertainty
                                  0.000000 3125.093750   clock reconvergence pessimism
                                  0.125994 3125.219727   library recovery time
                                           3125.219727   data required time
---------------------------------------------------------------------------------------------
                                           3125.219727   data required time
                                           -625.581116   data arrival time
---------------------------------------------------------------------------------------------
                                           2499.638428   slack (MET)


Startpoint: rst_i (input port clocked by clk_i)
Endpoint: _267_ (recovery check against rising-edge clock clk_i)
Path Group: asynchronous
Path Type: max

Fanout         Cap        Slew       Delay        Time   Description
---------------------------------------------------------------------------------------------
                                  0.000000    0.000000   clock clk_i (rise edge)
                                  0.000000    0.000000   clock network delay (propagated)
                                625.000000  625.000000 ^ input external delay
    44    0.187901    0.841106    0.581281  625.581299 ^ rst_i (in)
                                                         rst_i (net)
                      0.841118    0.000000  625.581299 ^ _267_/RESET_B (sky130_fd_sc_hd__dfrtp_2)
                                            625.581299   data arrival time

                               3125.000000 3125.000000   clock clk_i (rise edge)
                                  0.000000 3125.000000   clock source latency
    44    0.110228    0.497575    0.344016 3125.343994 ^ clk_i (in)
                                                         clk_i (net)
                      0.497582    0.000000 3125.343994 ^ _267_/CLK (sky130_fd_sc_hd__dfrtp_2)
                                 -0.250000 3125.093994   clock uncertainty
                                  0.000000 3125.093994   clock reconvergence pessimism
                                  0.125993 3125.219971   library recovery time
                                           3125.219971   data required time
---------------------------------------------------------------------------------------------
                                           3125.219971   data required time
                                           -625.581299   data arrival time
---------------------------------------------------------------------------------------------
                                           2499.638428   slack (MET)


Startpoint: rst_i (input port clocked by clk_i)
Endpoint: _268_ (recovery check against rising-edge clock clk_i)
Path Group: asynchronous
Path Type: max

Fanout         Cap        Slew       Delay        Time   Description
---------------------------------------------------------------------------------------------
                                  0.000000    0.000000   clock clk_i (rise edge)
                                  0.000000    0.000000   clock network delay (propagated)
                                625.000000  625.000000 ^ input external delay
    44    0.187901    0.841106    0.581281  625.581299 ^ rst_i (in)
                                                         rst_i (net)
                      0.841119    0.000000  625.581299 ^ _268_/RESET_B (sky130_fd_sc_hd__dfrtp_2)
                                            625.581299   data arrival time

                               3125.000000 3125.000000   clock clk_i (rise edge)
                                  0.000000 3125.000000   clock source latency
    44    0.110228    0.497575    0.344016 3125.343994 ^ clk_i (in)
                                                         clk_i (net)
                      0.497582    0.000000 3125.343994 ^ _268_/CLK (sky130_fd_sc_hd__dfrtp_2)
                                 -0.250000 3125.093994   clock uncertainty
                                  0.000000 3125.093994   clock reconvergence pessimism
                                  0.125993 3125.219971   library recovery time
                                           3125.219971   data required time
---------------------------------------------------------------------------------------------
                                           3125.219971   data required time
                                           -625.581299   data arrival time
---------------------------------------------------------------------------------------------
                                           2499.638428   slack (MET)


Startpoint: rst_i (input port clocked by clk_i)
Endpoint: _269_ (recovery check against rising-edge clock clk_i)
Path Group: asynchronous
Path Type: max

Fanout         Cap        Slew       Delay        Time   Description
---------------------------------------------------------------------------------------------
                                  0.000000    0.000000   clock clk_i (rise edge)
                                  0.000000    0.000000   clock network delay (propagated)
                                625.000000  625.000000 ^ input external delay
    44    0.187901    0.841106    0.581281  625.581299 ^ rst_i (in)
                                                         rst_i (net)
                      0.841119    0.000000  625.581299 ^ _269_/RESET_B (sky130_fd_sc_hd__dfrtp_2)
                                            625.581299   data arrival time

                               3125.000000 3125.000000   clock clk_i (rise edge)
                                  0.000000 3125.000000   clock source latency
    44    0.110228    0.497575    0.344016 3125.343994 ^ clk_i (in)
                                                         clk_i (net)
                      0.497582    0.000000 3125.343994 ^ _269_/CLK (sky130_fd_sc_hd__dfrtp_2)
                                 -0.250000 3125.093994   clock uncertainty
                                  0.000000 3125.093994   clock reconvergence pessimism
                                  0.125993 3125.219971   library recovery time
                                           3125.219971   data required time
---------------------------------------------------------------------------------------------
                                           3125.219971   data required time
                                           -625.581299   data arrival time
---------------------------------------------------------------------------------------------
                                           2499.638428   slack (MET)


Startpoint: rst_i (input port clocked by clk_i)
Endpoint: _270_ (recovery check against rising-edge clock clk_i)
Path Group: asynchronous
Path Type: max

Fanout         Cap        Slew       Delay        Time   Description
---------------------------------------------------------------------------------------------
                                  0.000000    0.000000   clock clk_i (rise edge)
                                  0.000000    0.000000   clock network delay (propagated)
                                625.000000  625.000000 ^ input external delay
    44    0.187901    0.841106    0.581110  625.581116 ^ rst_i (in)
                                                         rst_i (net)
                      0.841117    0.000000  625.581116 ^ _270_/RESET_B (sky130_fd_sc_hd__dfrtp_2)
                                            625.581116   data arrival time

                               3125.000000 3125.000000   clock clk_i (rise edge)
                                  0.000000 3125.000000   clock source latency
    44    0.110228    0.497575    0.343789 3125.343750 ^ clk_i (in)
                                                         clk_i (net)
                      0.497581    0.000000 3125.343750 ^ _270_/CLK (sky130_fd_sc_hd__dfrtp_2)
                                 -0.250000 3125.093750   clock uncertainty
                                  0.000000 3125.093750   clock reconvergence pessimism
                                  0.125994 3125.219727   library recovery time
                                           3125.219727   data required time
---------------------------------------------------------------------------------------------
                                           3125.219727   data required time
                                           -625.581116   data arrival time
---------------------------------------------------------------------------------------------
                                           2499.638428   slack (MET)


Startpoint: wr_i (input port clocked by clk_i)
Endpoint: _244_ (rising edge-triggered flip-flop clocked by clk_i)
Path Group: clk_i
Path Type: max

Fanout         Cap        Slew       Delay        Time   Description
---------------------------------------------------------------------------------------------
                                  0.000000    0.000000   clock clk_i (rise edge)
                                  0.000000    0.000000   clock network delay (propagated)
                                625.000000  625.000000 ^ input external delay
     1    0.002642    0.019057    0.009720  625.009705 ^ wr_i (in)
                                                         wr_i (net)
                      0.019057    0.000000  625.009705 ^ _244_/D (sky130_fd_sc_hd__dfrtp_2)
                                            625.009705   data arrival time

                               3125.000000 3125.000000   clock clk_i (rise edge)
                                  0.000000 3125.000000   clock source latency
    44    0.110228    0.497575    0.343789 3125.343750 ^ clk_i (in)
                                                         clk_i (net)
                      0.497581    0.000000 3125.343750 ^ _244_/CLK (sky130_fd_sc_hd__dfrtp_2)
                                 -0.250000 3125.093750   clock uncertainty
                                  0.000000 3125.093750   clock reconvergence pessimism
                                  0.010979 3125.104492   library setup time
                                           3125.104492   data required time
---------------------------------------------------------------------------------------------
                                           3125.104492   data required time
                                           -625.009705   data arrival time
---------------------------------------------------------------------------------------------
                                           2500.094727   slack (MET)


Startpoint: _232_ (rising edge-triggered flip-flop clocked by clk_i)
Endpoint: _242_ (rising edge-triggered flip-flop clocked by clk_i)
Path Group: clk_i
Path Type: max

Fanout         Cap        Slew       Delay        Time   Description
---------------------------------------------------------------------------------------------
                                  0.000000    0.000000   clock clk_i (rise edge)
                                  0.000000    0.000000   clock source latency
    44    0.110228    0.497575    0.343619    0.343619 ^ clk_i (in)
                                                         clk_i (net)
                      0.497579    0.000000    0.343619 ^ _232_/CLK (sky130_fd_sc_hd__dfrtp_2)
    11    0.077931    0.202574    0.666150    1.009769 v _232_/Q (sky130_fd_sc_hd__dfrtp_2)
                                                         num_i_bar[2] (net)
                      0.202599    0.002252    1.012021 v _142_/B (sky130_fd_sc_hd__or2_2)
     1    0.002578    0.053740    0.327103    1.339124 v _142_/X (sky130_fd_sc_hd__or2_2)
                                                         _058_ (net)
                      0.053740    0.000005    1.339129 v _144_/B2 (sky130_fd_sc_hd__a221o_2)
     1    0.003181    0.054781    0.352608    1.691737 v _144_/X (sky130_fd_sc_hd__a221o_2)
                                                         _060_ (net)
                      0.054781    0.000012    1.691749 v _145_/C1 (sky130_fd_sc_hd__a211o_2)
     1    0.003068    0.046856    0.262344    1.954093 v _145_/X (sky130_fd_sc_hd__a211o_2)
                                                         _061_ (net)
                      0.046856    0.000023    1.954116 v _155_/C (sky130_fd_sc_hd__and4_2)
     2    0.008519    0.053288    0.236847    2.190963 v _155_/X (sky130_fd_sc_hd__and4_2)
                                                         _071_ (net)
                      0.053288    0.000107    2.191070 v _159_/C (sky130_fd_sc_hd__and3_2)
    32    0.124170    0.290525    0.445064    2.636134 v _159_/X (sky130_fd_sc_hd__and3_2)
                                                         _072_ (net)
                      0.290530    0.001670    2.637804 v _199_/S (sky130_fd_sc_hd__mux2_1)
     1    0.002338    0.053893    0.389483    3.027287 v _199_/X (sky130_fd_sc_hd__mux2_1)
                                                         _016_ (net)
                      0.053893    0.000005    3.027292 v _242_/D (sky130_fd_sc_hd__dfrtp_2)
                                              3.027292   data arrival time

                               3125.000000 3125.000000   clock clk_i (rise edge)
                                  0.000000 3125.000000   clock source latency
    44    0.110228    0.497575    0.342652 3125.342773 ^ clk_i (in)
                                                         clk_i (net)
                      0.497575    0.000000 3125.342773 ^ _242_/CLK (sky130_fd_sc_hd__dfrtp_2)
                                 -0.250000 3125.092529   clock uncertainty
                                  0.000000 3125.092529   clock reconvergence pessimism
                                 -0.014608 3125.077881   library setup time
                                           3125.077881   data required time
---------------------------------------------------------------------------------------------
                                           3125.077881   data required time
                                             -3.027292   data arrival time
---------------------------------------------------------------------------------------------
                                           3122.050781   slack (MET)


Startpoint: _232_ (rising edge-triggered flip-flop clocked by clk_i)
Endpoint: _243_ (rising edge-triggered flip-flop clocked by clk_i)
Path Group: clk_i
Path Type: max

Fanout         Cap        Slew       Delay        Time   Description
---------------------------------------------------------------------------------------------
                                  0.000000    0.000000   clock clk_i (rise edge)
                                  0.000000    0.000000   clock source latency
    44    0.110228    0.497575    0.343619    0.343619 ^ clk_i (in)
                                                         clk_i (net)
                      0.497579    0.000000    0.343619 ^ _232_/CLK (sky130_fd_sc_hd__dfrtp_2)
    11    0.077931    0.202574    0.666150    1.009769 v _232_/Q (sky130_fd_sc_hd__dfrtp_2)
                                                         num_i_bar[2] (net)
                      0.202599    0.002252    1.012021 v _142_/B (sky130_fd_sc_hd__or2_2)
     1    0.002578    0.053740    0.327103    1.339124 v _142_/X (sky130_fd_sc_hd__or2_2)
                                                         _058_ (net)
                      0.053740    0.000005    1.339129 v _144_/B2 (sky130_fd_sc_hd__a221o_2)
     1    0.003181    0.054781    0.352608    1.691737 v _144_/X (sky130_fd_sc_hd__a221o_2)
                                                         _060_ (net)
                      0.054781    0.000012    1.691749 v _145_/C1 (sky130_fd_sc_hd__a211o_2)
     1    0.003068    0.046856    0.262344    1.954093 v _145_/X (sky130_fd_sc_hd__a211o_2)
                                                         _061_ (net)
                      0.046856    0.000023    1.954116 v _155_/C (sky130_fd_sc_hd__and4_2)
     2    0.008519    0.053288    0.236847    2.190963 v _155_/X (sky130_fd_sc_hd__and4_2)
                                                         _071_ (net)
                      0.053288    0.000107    2.191070 v _159_/C (sky130_fd_sc_hd__and3_2)
    32    0.124170    0.290525    0.445064    2.636134 v _159_/X (sky130_fd_sc_hd__and3_2)
                                                         _072_ (net)
                      0.290531    0.001715    2.637849 v _200_/S (sky130_fd_sc_hd__mux2_1)
     1    0.002294    0.053606    0.389067    3.026916 v _200_/X (sky130_fd_sc_hd__mux2_1)
                                                         _017_ (net)
                      0.053606    0.000004    3.026920 v _243_/D (sky130_fd_sc_hd__dfrtp_2)
                                              3.026920   data arrival time

                               3125.000000 3125.000000   clock clk_i (rise edge)
                                  0.000000 3125.000000   clock source latency
    44    0.110228    0.497575    0.342652 3125.342773 ^ clk_i (in)
                                                         clk_i (net)
                      0.497575    0.000000 3125.342773 ^ _243_/CLK (sky130_fd_sc_hd__dfrtp_2)
                                 -0.250000 3125.092529   clock uncertainty
                                  0.000000 3125.092529   clock reconvergence pessimism
                                 -0.014485 3125.077881   library setup time
                                           3125.077881   data required time
---------------------------------------------------------------------------------------------
                                           3125.077881   data required time
                                             -3.026920   data arrival time
---------------------------------------------------------------------------------------------
                                           3122.051025   slack (MET)


Startpoint: _232_ (rising edge-triggered flip-flop clocked by clk_i)
Endpoint: _246_ (rising edge-triggered flip-flop clocked by clk_i)
Path Group: clk_i
Path Type: max

Fanout         Cap        Slew       Delay        Time   Description
---------------------------------------------------------------------------------------------
                                  0.000000    0.000000   clock clk_i (rise edge)
                                  0.000000    0.000000   clock source latency
    44    0.110228    0.497575    0.343619    0.343619 ^ clk_i (in)
                                                         clk_i (net)
                      0.497579    0.000000    0.343619 ^ _232_/CLK (sky130_fd_sc_hd__dfrtp_2)
    11    0.077931    0.202574    0.666150    1.009769 v _232_/Q (sky130_fd_sc_hd__dfrtp_2)
                                                         num_i_bar[2] (net)
                      0.202599    0.002252    1.012021 v _142_/B (sky130_fd_sc_hd__or2_2)
     1    0.002578    0.053740    0.327103    1.339124 v _142_/X (sky130_fd_sc_hd__or2_2)
                                                         _058_ (net)
                      0.053740    0.000005    1.339129 v _144_/B2 (sky130_fd_sc_hd__a221o_2)
     1    0.003181    0.054781    0.352608    1.691737 v _144_/X (sky130_fd_sc_hd__a221o_2)
                                                         _060_ (net)
                      0.054781    0.000012    1.691749 v _145_/C1 (sky130_fd_sc_hd__a211o_2)
     1    0.003068    0.046856    0.262344    1.954093 v _145_/X (sky130_fd_sc_hd__a211o_2)
                                                         _061_ (net)
                      0.046856    0.000023    1.954116 v _155_/C (sky130_fd_sc_hd__and4_2)
     2    0.008519    0.053288    0.236847    2.190963 v _155_/X (sky130_fd_sc_hd__and4_2)
                                                         _071_ (net)
                      0.053288    0.000107    2.191070 v _159_/C (sky130_fd_sc_hd__and3_2)
    32    0.124170    0.290525    0.445064    2.636134 v _159_/X (sky130_fd_sc_hd__and3_2)
                                                         _072_ (net)
                      0.290530    0.001638    2.637772 v _202_/S (sky130_fd_sc_hd__mux2_1)
     1    0.002455    0.054598    0.390573    3.028345 v _202_/X (sky130_fd_sc_hd__mux2_1)
                                                         _019_ (net)
                      0.054598    0.000005    3.028350 v _246_/D (sky130_fd_sc_hd__dfrtp_2)
                                              3.028350   data arrival time

                               3125.000000 3125.000000   clock clk_i (rise edge)
                                  0.000000 3125.000000   clock source latency
    44    0.110228    0.497575    0.343334 3125.343262 ^ clk_i (in)
                                                         clk_i (net)
                      0.497577    0.000000 3125.343262 ^ _246_/CLK (sky130_fd_sc_hd__dfrtp_2)
                                 -0.250000 3125.093262   clock uncertainty
                                  0.000000 3125.093262   clock reconvergence pessimism
                                 -0.014909 3125.078125   library setup time
                                           3125.078125   data required time
---------------------------------------------------------------------------------------------
                                           3125.078125   data required time
                                             -3.028350   data arrival time
---------------------------------------------------------------------------------------------
                                           3122.049805   slack (MET)


Startpoint: _232_ (rising edge-triggered flip-flop clocked by clk_i)
Endpoint: _247_ (rising edge-triggered flip-flop clocked by clk_i)
Path Group: clk_i
Path Type: max

Fanout         Cap        Slew       Delay        Time   Description
---------------------------------------------------------------------------------------------
                                  0.000000    0.000000   clock clk_i (rise edge)
                                  0.000000    0.000000   clock source latency
    44    0.110228    0.497575    0.343619    0.343619 ^ clk_i (in)
                                                         clk_i (net)
                      0.497579    0.000000    0.343619 ^ _232_/CLK (sky130_fd_sc_hd__dfrtp_2)
    11    0.077931    0.202574    0.666150    1.009769 v _232_/Q (sky130_fd_sc_hd__dfrtp_2)
                                                         num_i_bar[2] (net)
                      0.202599    0.002252    1.012021 v _142_/B (sky130_fd_sc_hd__or2_2)
     1    0.002578    0.053740    0.327103    1.339124 v _142_/X (sky130_fd_sc_hd__or2_2)
                                                         _058_ (net)
                      0.053740    0.000005    1.339129 v _144_/B2 (sky130_fd_sc_hd__a221o_2)
     1    0.003181    0.054781    0.352608    1.691737 v _144_/X (sky130_fd_sc_hd__a221o_2)
                                                         _060_ (net)
                      0.054781    0.000012    1.691749 v _145_/C1 (sky130_fd_sc_hd__a211o_2)
     1    0.003068    0.046856    0.262344    1.954093 v _145_/X (sky130_fd_sc_hd__a211o_2)
                                                         _061_ (net)
                      0.046856    0.000023    1.954116 v _155_/C (sky130_fd_sc_hd__and4_2)
     2    0.008519    0.053288    0.236847    2.190963 v _155_/X (sky130_fd_sc_hd__and4_2)
                                                         _071_ (net)
                      0.053288    0.000107    2.191070 v _159_/C (sky130_fd_sc_hd__and3_2)
    32    0.124170    0.290525    0.445064    2.636134 v _159_/X (sky130_fd_sc_hd__and3_2)
                                                         _072_ (net)
                      0.290530    0.001682    2.637816 v _203_/S (sky130_fd_sc_hd__mux2_1)
     1    0.002356    0.054011    0.389648    3.027464 v _203_/X (sky130_fd_sc_hd__mux2_1)
                                                         _020_ (net)
                      0.054011    0.000005    3.027469 v _247_/D (sky130_fd_sc_hd__dfrtp_2)
                                              3.027469   data arrival time

                               3125.000000 3125.000000   clock clk_i (rise edge)
                                  0.000000 3125.000000   clock source latency
    44    0.110228    0.497575    0.342652 3125.342773 ^ clk_i (in)
                                                         clk_i (net)
                      0.497575    0.000000 3125.342773 ^ _247_/CLK (sky130_fd_sc_hd__dfrtp_2)
                                 -0.250000 3125.092529   clock uncertainty
                                  0.000000 3125.092529   clock reconvergence pessimism
                                 -0.014658 3125.077881   library setup time
                                           3125.077881   data required time
---------------------------------------------------------------------------------------------
                                           3125.077881   data required time
                                             -3.027469   data arrival time
---------------------------------------------------------------------------------------------
                                           3122.050537   slack (MET)


Startpoint: _232_ (rising edge-triggered flip-flop clocked by clk_i)
Endpoint: _250_ (rising edge-triggered flip-flop clocked by clk_i)
Path Group: clk_i
Path Type: max

Fanout         Cap        Slew       Delay        Time   Description
---------------------------------------------------------------------------------------------
                                  0.000000    0.000000   clock clk_i (rise edge)
                                  0.000000    0.000000   clock source latency
    44    0.110228    0.497575    0.343619    0.343619 ^ clk_i (in)
                                                         clk_i (net)
                      0.497579    0.000000    0.343619 ^ _232_/CLK (sky130_fd_sc_hd__dfrtp_2)
    11    0.077931    0.202574    0.666150    1.009769 v _232_/Q (sky130_fd_sc_hd__dfrtp_2)
                                                         num_i_bar[2] (net)
                      0.202599    0.002252    1.012021 v _142_/B (sky130_fd_sc_hd__or2_2)
     1    0.002578    0.053740    0.327103    1.339124 v _142_/X (sky130_fd_sc_hd__or2_2)
                                                         _058_ (net)
                      0.053740    0.000005    1.339129 v _144_/B2 (sky130_fd_sc_hd__a221o_2)
     1    0.003181    0.054781    0.352608    1.691737 v _144_/X (sky130_fd_sc_hd__a221o_2)
                                                         _060_ (net)
                      0.054781    0.000012    1.691749 v _145_/C1 (sky130_fd_sc_hd__a211o_2)
     1    0.003068    0.046856    0.262344    1.954093 v _145_/X (sky130_fd_sc_hd__a211o_2)
                                                         _061_ (net)
                      0.046856    0.000023    1.954116 v _155_/C (sky130_fd_sc_hd__and4_2)
     2    0.008519    0.053288    0.236847    2.190963 v _155_/X (sky130_fd_sc_hd__and4_2)
                                                         _071_ (net)
                      0.053288    0.000107    2.191070 v _159_/C (sky130_fd_sc_hd__and3_2)
    32    0.124170    0.290525    0.445064    2.636134 v _159_/X (sky130_fd_sc_hd__and3_2)
                                                         _072_ (net)
                      0.290530    0.001666    2.637800 v _206_/S (sky130_fd_sc_hd__mux2_1)
     1    0.002284    0.053552    0.388975    3.026774 v _206_/X (sky130_fd_sc_hd__mux2_1)
                                                         _023_ (net)
                      0.053552    0.000004    3.026778 v _250_/D (sky130_fd_sc_hd__dfrtp_2)
                                              3.026778   data arrival time

                               3125.000000 3125.000000   clock clk_i (rise edge)
                                  0.000000 3125.000000   clock source latency
    44    0.110228    0.497575    0.343107 3125.343018 ^ clk_i (in)
                                                         clk_i (net)
                      0.497577    0.000000 3125.343018 ^ _250_/CLK (sky130_fd_sc_hd__dfrtp_2)
                                 -0.250000 3125.093018   clock uncertainty
                                  0.000000 3125.093018   clock reconvergence pessimism
                                 -0.014462 3125.078369   library setup time
                                           3125.078369   data required time
---------------------------------------------------------------------------------------------
                                           3125.078369   data required time
                                             -3.026778   data arrival time
---------------------------------------------------------------------------------------------
                                           3122.051758   slack (MET)


Startpoint: _232_ (rising edge-triggered flip-flop clocked by clk_i)
Endpoint: _227_ (rising edge-triggered flip-flop clocked by clk_i)
Path Group: clk_i
Path Type: max

Fanout         Cap        Slew       Delay        Time   Description
---------------------------------------------------------------------------------------------
                                  0.000000    0.000000   clock clk_i (rise edge)
                                  0.000000    0.000000   clock source latency
    44    0.110228    0.497575    0.343619    0.343619 ^ clk_i (in)
                                                         clk_i (net)
                      0.497579    0.000000    0.343619 ^ _232_/CLK (sky130_fd_sc_hd__dfrtp_2)
    11    0.077931    0.202574    0.666150    1.009769 v _232_/Q (sky130_fd_sc_hd__dfrtp_2)
                                                         num_i_bar[2] (net)
                      0.202599    0.002252    1.012021 v _142_/B (sky130_fd_sc_hd__or2_2)
     1    0.002578    0.053740    0.327103    1.339124 v _142_/X (sky130_fd_sc_hd__or2_2)
                                                         _058_ (net)
                      0.053740    0.000005    1.339129 v _144_/B2 (sky130_fd_sc_hd__a221o_2)
     1    0.003181    0.054781    0.352608    1.691737 v _144_/X (sky130_fd_sc_hd__a221o_2)
                                                         _060_ (net)
                      0.054781    0.000012    1.691749 v _145_/C1 (sky130_fd_sc_hd__a211o_2)
     1    0.003068    0.046856    0.262344    1.954093 v _145_/X (sky130_fd_sc_hd__a211o_2)
                                                         _061_ (net)
                      0.046856    0.000023    1.954116 v _155_/C (sky130_fd_sc_hd__and4_2)
     2    0.008519    0.053288    0.236847    2.190963 v _155_/X (sky130_fd_sc_hd__and4_2)
                                                         _071_ (net)
                      0.053288    0.000107    2.191070 v _159_/C (sky130_fd_sc_hd__and3_2)
    32    0.124170    0.290525    0.445064    2.636134 v _159_/X (sky130_fd_sc_hd__and3_2)
                                                         _072_ (net)
                      0.290530    0.001647    2.637781 v _160_/S (sky130_fd_sc_hd__mux2_1)
     1    0.002018    0.051837    0.386476    3.024258 v _160_/X (sky130_fd_sc_hd__mux2_1)
                                                         _003_ (net)
                      0.051837    0.000000    3.024258 v _227_/D (sky130_fd_sc_hd__dfrtp_2)
                                              3.024258   data arrival time

                               3125.000000 3125.000000   clock clk_i (rise edge)
                                  0.000000 3125.000000   clock source latency
    44    0.110228    0.497575    0.343562 3125.343506 ^ clk_i (in)
                                                         clk_i (net)
                      0.497579    0.000000 3125.343506 ^ _227_/CLK (sky130_fd_sc_hd__dfrtp_2)
                                 -0.250000 3125.093506   clock uncertainty
                                  0.000000 3125.093506   clock reconvergence pessimism
                                 -0.013729 3125.079834   library setup time
                                           3125.079834   data required time
---------------------------------------------------------------------------------------------
                                           3125.079834   data required time
                                             -3.024258   data arrival time
---------------------------------------------------------------------------------------------
                                           3122.055420   slack (MET)


Startpoint: _232_ (rising edge-triggered flip-flop clocked by clk_i)
Endpoint: _228_ (rising edge-triggered flip-flop clocked by clk_i)
Path Group: clk_i
Path Type: max

Fanout         Cap        Slew       Delay        Time   Description
---------------------------------------------------------------------------------------------
                                  0.000000    0.000000   clock clk_i (rise edge)
                                  0.000000    0.000000   clock source latency
    44    0.110228    0.497575    0.343619    0.343619 ^ clk_i (in)
                                                         clk_i (net)
                      0.497579    0.000000    0.343619 ^ _232_/CLK (sky130_fd_sc_hd__dfrtp_2)
    11    0.077931    0.202574    0.666150    1.009769 v _232_/Q (sky130_fd_sc_hd__dfrtp_2)
                                                         num_i_bar[2] (net)
                      0.202599    0.002252    1.012021 v _142_/B (sky130_fd_sc_hd__or2_2)
     1    0.002578    0.053740    0.327103    1.339124 v _142_/X (sky130_fd_sc_hd__or2_2)
                                                         _058_ (net)
                      0.053740    0.000005    1.339129 v _144_/B2 (sky130_fd_sc_hd__a221o_2)
     1    0.003181    0.054781    0.352608    1.691737 v _144_/X (sky130_fd_sc_hd__a221o_2)
                                                         _060_ (net)
                      0.054781    0.000012    1.691749 v _145_/C1 (sky130_fd_sc_hd__a211o_2)
     1    0.003068    0.046856    0.262344    1.954093 v _145_/X (sky130_fd_sc_hd__a211o_2)
                                                         _061_ (net)
                      0.046856    0.000023    1.954116 v _155_/C (sky130_fd_sc_hd__and4_2)
     2    0.008519    0.053288    0.236847    2.190963 v _155_/X (sky130_fd_sc_hd__and4_2)
                                                         _071_ (net)
                      0.053288    0.000107    2.191070 v _159_/C (sky130_fd_sc_hd__and3_2)
    32    0.124170    0.290525    0.445064    2.636134 v _159_/X (sky130_fd_sc_hd__and3_2)
                                                         _072_ (net)
                      0.290530    0.001656    2.637790 v _161_/S (sky130_fd_sc_hd__mux2_1)
     1    0.002003    0.051796    0.386337    3.024127 v _161_/X (sky130_fd_sc_hd__mux2_1)
                                                         _004_ (net)
                      0.051796    0.000000    3.024128 v _228_/D (sky130_fd_sc_hd__dfrtp_2)
                                              3.024128   data arrival time

                               3125.000000 3125.000000   clock clk_i (rise edge)
                                  0.000000 3125.000000   clock source latency
    44    0.110228    0.497575    0.343562 3125.343506 ^ clk_i (in)
                                                         clk_i (net)
                      0.497579    0.000000 3125.343506 ^ _228_/CLK (sky130_fd_sc_hd__dfrtp_2)
                                 -0.250000 3125.093506   clock uncertainty
                                  0.000000 3125.093506   clock reconvergence pessimism
                                 -0.013711 3125.079834   library setup time
                                           3125.079834   data required time
---------------------------------------------------------------------------------------------
                                           3125.079834   data required time
                                             -3.024128   data arrival time
---------------------------------------------------------------------------------------------
                                           3122.055664   slack (MET)


Startpoint: _232_ (rising edge-triggered flip-flop clocked by clk_i)
Endpoint: _229_ (rising edge-triggered flip-flop clocked by clk_i)
Path Group: clk_i
Path Type: max

Fanout         Cap        Slew       Delay        Time   Description
---------------------------------------------------------------------------------------------
                                  0.000000    0.000000   clock clk_i (rise edge)
                                  0.000000    0.000000   clock source latency
    44    0.110228    0.497575    0.343619    0.343619 ^ clk_i (in)
                                                         clk_i (net)
                      0.497579    0.000000    0.343619 ^ _232_/CLK (sky130_fd_sc_hd__dfrtp_2)
    11    0.077931    0.202574    0.666150    1.009769 v _232_/Q (sky130_fd_sc_hd__dfrtp_2)
                                                         num_i_bar[2] (net)
                      0.202599    0.002252    1.012021 v _142_/B (sky130_fd_sc_hd__or2_2)
     1    0.002578    0.053740    0.327103    1.339124 v _142_/X (sky130_fd_sc_hd__or2_2)
                                                         _058_ (net)
                      0.053740    0.000005    1.339129 v _144_/B2 (sky130_fd_sc_hd__a221o_2)
     1    0.003181    0.054781    0.352608    1.691737 v _144_/X (sky130_fd_sc_hd__a221o_2)
                                                         _060_ (net)
                      0.054781    0.000012    1.691749 v _145_/C1 (sky130_fd_sc_hd__a211o_2)
     1    0.003068    0.046856    0.262344    1.954093 v _145_/X (sky130_fd_sc_hd__a211o_2)
                                                         _061_ (net)
                      0.046856    0.000023    1.954116 v _155_/C (sky130_fd_sc_hd__and4_2)
     2    0.008519    0.053288    0.236847    2.190963 v _155_/X (sky130_fd_sc_hd__and4_2)
                                                         _071_ (net)
                      0.053288    0.000107    2.191070 v _159_/C (sky130_fd_sc_hd__and3_2)
    32    0.124170    0.290525    0.445064    2.636134 v _159_/X (sky130_fd_sc_hd__and3_2)
                                                         _072_ (net)
                      0.290532    0.001797    2.637932 v _162_/S (sky130_fd_sc_hd__mux2_1)
     1    0.002058    0.052168    0.386856    3.024787 v _162_/X (sky130_fd_sc_hd__mux2_1)
                                                         _005_ (net)
                      0.052168    0.000001    3.024789 v _229_/D (sky130_fd_sc_hd__dfrtp_2)
                                              3.024789   data arrival time

                               3125.000000 3125.000000   clock clk_i (rise edge)
                                  0.000000 3125.000000   clock source latency
    44    0.110228    0.497575    0.342880 3125.342773 ^ clk_i (in)
                                                         clk_i (net)
                      0.497576    0.000000 3125.342773 ^ _229_/CLK (sky130_fd_sc_hd__dfrtp_2)
                                 -0.250000 3125.092773   clock uncertainty
                                  0.000000 3125.092773   clock reconvergence pessimism
                                 -0.013871 3125.078857   library setup time
                                           3125.078857   data required time
---------------------------------------------------------------------------------------------
                                           3125.078857   data required time
                                             -3.024789   data arrival time
---------------------------------------------------------------------------------------------
                                           3122.054199   slack (MET)


Startpoint: _232_ (rising edge-triggered flip-flop clocked by clk_i)
Endpoint: _235_ (rising edge-triggered flip-flop clocked by clk_i)
Path Group: clk_i
Path Type: max

Fanout         Cap        Slew       Delay        Time   Description
---------------------------------------------------------------------------------------------
                                  0.000000    0.000000   clock clk_i (rise edge)
                                  0.000000    0.000000   clock source latency
    44    0.110228    0.497575    0.343619    0.343619 ^ clk_i (in)
                                                         clk_i (net)
                      0.497579    0.000000    0.343619 ^ _232_/CLK (sky130_fd_sc_hd__dfrtp_2)
    11    0.077931    0.202574    0.666150    1.009769 v _232_/Q (sky130_fd_sc_hd__dfrtp_2)
                                                         num_i_bar[2] (net)
                      0.202599    0.002252    1.012021 v _142_/B (sky130_fd_sc_hd__or2_2)
     1    0.002578    0.053740    0.327103    1.339124 v _142_/X (sky130_fd_sc_hd__or2_2)
                                                         _058_ (net)
                      0.053740    0.000005    1.339129 v _144_/B2 (sky130_fd_sc_hd__a221o_2)
     1    0.003181    0.054781    0.352608    1.691737 v _144_/X (sky130_fd_sc_hd__a221o_2)
                                                         _060_ (net)
                      0.054781    0.000012    1.691749 v _145_/C1 (sky130_fd_sc_hd__a211o_2)
     1    0.003068    0.046856    0.262344    1.954093 v _145_/X (sky130_fd_sc_hd__a211o_2)
                                                         _061_ (net)
                      0.046856    0.000023    1.954116 v _155_/C (sky130_fd_sc_hd__and4_2)
     2    0.008519    0.053288    0.236847    2.190963 v _155_/X (sky130_fd_sc_hd__and4_2)
                                                         _071_ (net)
                      0.053288    0.000107    2.191070 v _159_/C (sky130_fd_sc_hd__and3_2)
    32    0.124170    0.290525    0.445064    2.636134 v _159_/X (sky130_fd_sc_hd__and3_2)
                                                         _072_ (net)
                      0.290530    0.001615    2.637749 v _192_/S (sky130_fd_sc_hd__mux2_1)
     1    0.002115    0.052492    0.387387    3.025137 v _192_/X (sky130_fd_sc_hd__mux2_1)
                                                         _009_ (net)
                      0.052492    0.000002    3.025139 v _235_/D (sky130_fd_sc_hd__dfrtp_2)
                                              3.025139   data arrival time

                               3125.000000 3125.000000   clock clk_i (rise edge)
                                  0.000000 3125.000000   clock source latency
    44    0.110228    0.497575    0.343562 3125.343506 ^ clk_i (in)
                                                         clk_i (net)
                      0.497579    0.000000 3125.343506 ^ _235_/CLK (sky130_fd_sc_hd__dfrtp_2)
                                 -0.250000 3125.093506   clock uncertainty
                                  0.000000 3125.093506   clock reconvergence pessimism
                                 -0.014009 3125.079346   library setup time
                                           3125.079346   data required time
---------------------------------------------------------------------------------------------
                                           3125.079346   data required time
                                             -3.025139   data arrival time
---------------------------------------------------------------------------------------------
                                           3122.054199   slack (MET)


Startpoint: _232_ (rising edge-triggered flip-flop clocked by clk_i)
Endpoint: _236_ (rising edge-triggered flip-flop clocked by clk_i)
Path Group: clk_i
Path Type: max

Fanout         Cap        Slew       Delay        Time   Description
---------------------------------------------------------------------------------------------
                                  0.000000    0.000000   clock clk_i (rise edge)
                                  0.000000    0.000000   clock source latency
    44    0.110228    0.497575    0.343619    0.343619 ^ clk_i (in)
                                                         clk_i (net)
                      0.497579    0.000000    0.343619 ^ _232_/CLK (sky130_fd_sc_hd__dfrtp_2)
    11    0.077931    0.202574    0.666150    1.009769 v _232_/Q (sky130_fd_sc_hd__dfrtp_2)
                                                         num_i_bar[2] (net)
                      0.202599    0.002252    1.012021 v _142_/B (sky130_fd_sc_hd__or2_2)
     1    0.002578    0.053740    0.327103    1.339124 v _142_/X (sky130_fd_sc_hd__or2_2)
                                                         _058_ (net)
                      0.053740    0.000005    1.339129 v _144_/B2 (sky130_fd_sc_hd__a221o_2)
     1    0.003181    0.054781    0.352608    1.691737 v _144_/X (sky130_fd_sc_hd__a221o_2)
                                                         _060_ (net)
                      0.054781    0.000012    1.691749 v _145_/C1 (sky130_fd_sc_hd__a211o_2)
     1    0.003068    0.046856    0.262344    1.954093 v _145_/X (sky130_fd_sc_hd__a211o_2)
                                                         _061_ (net)
                      0.046856    0.000023    1.954116 v _155_/C (sky130_fd_sc_hd__and4_2)
     2    0.008519    0.053288    0.236847    2.190963 v _155_/X (sky130_fd_sc_hd__and4_2)
                                                         _071_ (net)
                      0.053288    0.000107    2.191070 v _159_/C (sky130_fd_sc_hd__and3_2)
    32    0.124170    0.290525    0.445064    2.636134 v _159_/X (sky130_fd_sc_hd__and3_2)
                                                         _072_ (net)
                      0.290532    0.001824    2.637958 v _193_/S (sky130_fd_sc_hd__mux2_1)
     1    0.002031    0.052001    0.386608    3.024566 v _193_/X (sky130_fd_sc_hd__mux2_1)
                                                         _010_ (net)
                      0.052001    0.000000    3.024567 v _236_/D (sky130_fd_sc_hd__dfrtp_2)
                                              3.024567   data arrival time

                               3125.000000 3125.000000   clock clk_i (rise edge)
                                  0.000000 3125.000000   clock source latency
    44    0.110228    0.497575    0.342880 3125.342773 ^ clk_i (in)
                                                         clk_i (net)
                      0.497576    0.000000 3125.342773 ^ _236_/CLK (sky130_fd_sc_hd__dfrtp_2)
                                 -0.250000 3125.092773   clock uncertainty
                                  0.000000 3125.092773   clock reconvergence pessimism
                                 -0.013799 3125.078857   library setup time
                                           3125.078857   data required time
---------------------------------------------------------------------------------------------
                                           3125.078857   data required time
                                             -3.024567   data arrival time
---------------------------------------------------------------------------------------------
                                           3122.054443   slack (MET)


Startpoint: _232_ (rising edge-triggered flip-flop clocked by clk_i)
Endpoint: _237_ (rising edge-triggered flip-flop clocked by clk_i)
Path Group: clk_i
Path Type: max

Fanout         Cap        Slew       Delay        Time   Description
---------------------------------------------------------------------------------------------
                                  0.000000    0.000000   clock clk_i (rise edge)
                                  0.000000    0.000000   clock source latency
    44    0.110228    0.497575    0.343619    0.343619 ^ clk_i (in)
                                                         clk_i (net)
                      0.497579    0.000000    0.343619 ^ _232_/CLK (sky130_fd_sc_hd__dfrtp_2)
    11    0.077931    0.202574    0.666150    1.009769 v _232_/Q (sky130_fd_sc_hd__dfrtp_2)
                                                         num_i_bar[2] (net)
                      0.202599    0.002252    1.012021 v _142_/B (sky130_fd_sc_hd__or2_2)
     1    0.002578    0.053740    0.327103    1.339124 v _142_/X (sky130_fd_sc_hd__or2_2)
                                                         _058_ (net)
                      0.053740    0.000005    1.339129 v _144_/B2 (sky130_fd_sc_hd__a221o_2)
     1    0.003181    0.054781    0.352608    1.691737 v _144_/X (sky130_fd_sc_hd__a221o_2)
                                                         _060_ (net)
                      0.054781    0.000012    1.691749 v _145_/C1 (sky130_fd_sc_hd__a211o_2)
     1    0.003068    0.046856    0.262344    1.954093 v _145_/X (sky130_fd_sc_hd__a211o_2)
                                                         _061_ (net)
                      0.046856    0.000023    1.954116 v _155_/C (sky130_fd_sc_hd__and4_2)
     2    0.008519    0.053288    0.236847    2.190963 v _155_/X (sky130_fd_sc_hd__and4_2)
                                                         _071_ (net)
                      0.053288    0.000107    2.191070 v _159_/C (sky130_fd_sc_hd__and3_2)
    32    0.124170    0.290525    0.445064    2.636134 v _159_/X (sky130_fd_sc_hd__and3_2)
                                                         _072_ (net)
                      0.290531    0.001762    2.637896 v _194_/S (sky130_fd_sc_hd__mux2_1)
     1    0.002042    0.052071    0.386710    3.024606 v _194_/X (sky130_fd_sc_hd__mux2_1)
                                                         _011_ (net)
                      0.052071    0.000001    3.024607 v _237_/D (sky130_fd_sc_hd__dfrtp_2)
                                              3.024607   data arrival time

                               3125.000000 3125.000000   clock clk_i (rise edge)
                                  0.000000 3125.000000   clock source latency
    44    0.110228    0.497575    0.342880 3125.342773 ^ clk_i (in)
                                                         clk_i (net)
                      0.497575    0.000000 3125.342773 ^ _237_/CLK (sky130_fd_sc_hd__dfrtp_2)
                                 -0.250000 3125.092773   clock uncertainty
                                  0.000000 3125.092773   clock reconvergence pessimism
                                 -0.013829 3125.078857   library setup time
                                           3125.078857   data required time
---------------------------------------------------------------------------------------------
                                           3125.078857   data required time
                                             -3.024607   data arrival time
---------------------------------------------------------------------------------------------
                                           3122.054443   slack (MET)


Startpoint: _232_ (rising edge-triggered flip-flop clocked by clk_i)
Endpoint: _238_ (rising edge-triggered flip-flop clocked by clk_i)
Path Group: clk_i
Path Type: max

Fanout         Cap        Slew       Delay        Time   Description
---------------------------------------------------------------------------------------------
                                  0.000000    0.000000   clock clk_i (rise edge)
                                  0.000000    0.000000   clock source latency
    44    0.110228    0.497575    0.343619    0.343619 ^ clk_i (in)
                                                         clk_i (net)
                      0.497579    0.000000    0.343619 ^ _232_/CLK (sky130_fd_sc_hd__dfrtp_2)
    11    0.077931    0.202574    0.666150    1.009769 v _232_/Q (sky130_fd_sc_hd__dfrtp_2)
                                                         num_i_bar[2] (net)
                      0.202599    0.002252    1.012021 v _142_/B (sky130_fd_sc_hd__or2_2)
     1    0.002578    0.053740    0.327103    1.339124 v _142_/X (sky130_fd_sc_hd__or2_2)
                                                         _058_ (net)
                      0.053740    0.000005    1.339129 v _144_/B2 (sky130_fd_sc_hd__a221o_2)
     1    0.003181    0.054781    0.352608    1.691737 v _144_/X (sky130_fd_sc_hd__a221o_2)
                                                         _060_ (net)
                      0.054781    0.000012    1.691749 v _145_/C1 (sky130_fd_sc_hd__a211o_2)
     1    0.003068    0.046856    0.262344    1.954093 v _145_/X (sky130_fd_sc_hd__a211o_2)
                                                         _061_ (net)
                      0.046856    0.000023    1.954116 v _155_/C (sky130_fd_sc_hd__and4_2)
     2    0.008519    0.053288    0.236847    2.190963 v _155_/X (sky130_fd_sc_hd__and4_2)
                                                         _071_ (net)
                      0.053288    0.000107    2.191070 v _159_/C (sky130_fd_sc_hd__and3_2)
    32    0.124170    0.290525    0.445064    2.636134 v _159_/X (sky130_fd_sc_hd__and3_2)
                                                         _072_ (net)
                      0.290529    0.001539    2.637673 v _195_/S (sky130_fd_sc_hd__mux2_1)
     1    0.002006    0.051758    0.386365    3.024039 v _195_/X (sky130_fd_sc_hd__mux2_1)
                                                         _012_ (net)
                      0.051758    0.000000    3.024039 v _238_/D (sky130_fd_sc_hd__dfrtp_2)
                                              3.024039   data arrival time

                               3125.000000 3125.000000   clock clk_i (rise edge)
                                  0.000000 3125.000000   clock source latency
    44    0.110228    0.497575    0.343562 3125.343506 ^ clk_i (in)
                                                         clk_i (net)
                      0.497579    0.000000 3125.343506 ^ _238_/CLK (sky130_fd_sc_hd__dfrtp_2)
                                 -0.250000 3125.093506   clock uncertainty
                                  0.000000 3125.093506   clock reconvergence pessimism
                                 -0.013695 3125.079834   library setup time
                                           3125.079834   data required time
---------------------------------------------------------------------------------------------
                                           3125.079834   data required time
                                             -3.024039   data arrival time
---------------------------------------------------------------------------------------------
                                           3122.055664   slack (MET)


Startpoint: _232_ (rising edge-triggered flip-flop clocked by clk_i)
Endpoint: _239_ (rising edge-triggered flip-flop clocked by clk_i)
Path Group: clk_i
Path Type: max

Fanout         Cap        Slew       Delay        Time   Description
---------------------------------------------------------------------------------------------
                                  0.000000    0.000000   clock clk_i (rise edge)
                                  0.000000    0.000000   clock source latency
    44    0.110228    0.497575    0.343619    0.343619 ^ clk_i (in)
                                                         clk_i (net)
                      0.497579    0.000000    0.343619 ^ _232_/CLK (sky130_fd_sc_hd__dfrtp_2)
    11    0.077931    0.202574    0.666150    1.009769 v _232_/Q (sky130_fd_sc_hd__dfrtp_2)
                                                         num_i_bar[2] (net)
                      0.202599    0.002252    1.012021 v _142_/B (sky130_fd_sc_hd__or2_2)
     1    0.002578    0.053740    0.327103    1.339124 v _142_/X (sky130_fd_sc_hd__or2_2)
                                                         _058_ (net)
                      0.053740    0.000005    1.339129 v _144_/B2 (sky130_fd_sc_hd__a221o_2)
     1    0.003181    0.054781    0.352608    1.691737 v _144_/X (sky130_fd_sc_hd__a221o_2)
                                                         _060_ (net)
                      0.054781    0.000012    1.691749 v _145_/C1 (sky130_fd_sc_hd__a211o_2)
     1    0.003068    0.046856    0.262344    1.954093 v _145_/X (sky130_fd_sc_hd__a211o_2)
                                                         _061_ (net)
                      0.046856    0.000023    1.954116 v _155_/C (sky130_fd_sc_hd__and4_2)
     2    0.008519    0.053288    0.236847    2.190963 v _155_/X (sky130_fd_sc_hd__and4_2)
                                                         _071_ (net)
                      0.053288    0.000107    2.191070 v _159_/C (sky130_fd_sc_hd__and3_2)
    32    0.124170    0.290525    0.445064    2.636134 v _159_/X (sky130_fd_sc_hd__and3_2)
                                                         _072_ (net)
                      0.290530    0.001677    2.637811 v _196_/S (sky130_fd_sc_hd__mux2_1)
     1    0.002116    0.052500    0.387397    3.025208 v _196_/X (sky130_fd_sc_hd__mux2_1)
                                                         _013_ (net)
                      0.052500    0.000002    3.025210 v _239_/D (sky130_fd_sc_hd__dfrtp_2)
                                              3.025210   data arrival time

                               3125.000000 3125.000000   clock clk_i (rise edge)
                                  0.000000 3125.000000   clock source latency
    44    0.110228    0.497575    0.342880 3125.342773 ^ clk_i (in)
                                                         clk_i (net)
                      0.497575    0.000000 3125.342773 ^ _239_/CLK (sky130_fd_sc_hd__dfrtp_2)
                                 -0.250000 3125.092773   clock uncertainty
                                  0.000000 3125.092773   clock reconvergence pessimism
                                 -0.014013 3125.078613   library setup time
                                           3125.078613   data required time
---------------------------------------------------------------------------------------------
                                           3125.078613   data required time
                                             -3.025210   data arrival time
---------------------------------------------------------------------------------------------
                                           3122.053467   slack (MET)


Startpoint: _232_ (rising edge-triggered flip-flop clocked by clk_i)
Endpoint: _240_ (rising edge-triggered flip-flop clocked by clk_i)
Path Group: clk_i
Path Type: max

Fanout         Cap        Slew       Delay        Time   Description
---------------------------------------------------------------------------------------------
                                  0.000000    0.000000   clock clk_i (rise edge)
                                  0.000000    0.000000   clock source latency
    44    0.110228    0.497575    0.343619    0.343619 ^ clk_i (in)
                                                         clk_i (net)
                      0.497579    0.000000    0.343619 ^ _232_/CLK (sky130_fd_sc_hd__dfrtp_2)
    11    0.077931    0.202574    0.666150    1.009769 v _232_/Q (sky130_fd_sc_hd__dfrtp_2)
                                                         num_i_bar[2] (net)
                      0.202599    0.002252    1.012021 v _142_/B (sky130_fd_sc_hd__or2_2)
     1    0.002578    0.053740    0.327103    1.339124 v _142_/X (sky130_fd_sc_hd__or2_2)
                                                         _058_ (net)
                      0.053740    0.000005    1.339129 v _144_/B2 (sky130_fd_sc_hd__a221o_2)
     1    0.003181    0.054781    0.352608    1.691737 v _144_/X (sky130_fd_sc_hd__a221o_2)
                                                         _060_ (net)
                      0.054781    0.000012    1.691749 v _145_/C1 (sky130_fd_sc_hd__a211o_2)
     1    0.003068    0.046856    0.262344    1.954093 v _145_/X (sky130_fd_sc_hd__a211o_2)
                                                         _061_ (net)
                      0.046856    0.000023    1.954116 v _155_/C (sky130_fd_sc_hd__and4_2)
     2    0.008519    0.053288    0.236847    2.190963 v _155_/X (sky130_fd_sc_hd__and4_2)
                                                         _071_ (net)
                      0.053288    0.000107    2.191070 v _159_/C (sky130_fd_sc_hd__and3_2)
    32    0.124170    0.290525    0.445064    2.636134 v _159_/X (sky130_fd_sc_hd__and3_2)
                                                         _072_ (net)
                      0.290531    0.001711    2.637845 v _197_/S (sky130_fd_sc_hd__mux2_1)
     1    0.002142    0.052670    0.387644    3.025489 v _197_/X (sky130_fd_sc_hd__mux2_1)
                                                         _014_ (net)
                      0.052670    0.000002    3.025491 v _240_/D (sky130_fd_sc_hd__dfrtp_2)
                                              3.025491   data arrival time

                               3125.000000 3125.000000   clock clk_i (rise edge)
                                  0.000000 3125.000000   clock source latency
    44    0.110228    0.497575    0.342652 3125.342773 ^ clk_i (in)
                                                         clk_i (net)
                      0.497575    0.000000 3125.342773 ^ _240_/CLK (sky130_fd_sc_hd__dfrtp_2)
                                 -0.250000 3125.092529   clock uncertainty
                                  0.000000 3125.092529   clock reconvergence pessimism
                                 -0.014085 3125.078369   library setup time
                                           3125.078369   data required time
---------------------------------------------------------------------------------------------
                                           3125.078369   data required time
                                             -3.025491   data arrival time
---------------------------------------------------------------------------------------------
                                           3122.052979   slack (MET)


Startpoint: _232_ (rising edge-triggered flip-flop clocked by clk_i)
Endpoint: _241_ (rising edge-triggered flip-flop clocked by clk_i)
Path Group: clk_i
Path Type: max

Fanout         Cap        Slew       Delay        Time   Description
---------------------------------------------------------------------------------------------
                                  0.000000    0.000000   clock clk_i (rise edge)
                                  0.000000    0.000000   clock source latency
    44    0.110228    0.497575    0.343619    0.343619 ^ clk_i (in)
                                                         clk_i (net)
                      0.497579    0.000000    0.343619 ^ _232_/CLK (sky130_fd_sc_hd__dfrtp_2)
    11    0.077931    0.202574    0.666150    1.009769 v _232_/Q (sky130_fd_sc_hd__dfrtp_2)
                                                         num_i_bar[2] (net)
                      0.202599    0.002252    1.012021 v _142_/B (sky130_fd_sc_hd__or2_2)
     1    0.002578    0.053740    0.327103    1.339124 v _142_/X (sky130_fd_sc_hd__or2_2)
                                                         _058_ (net)
                      0.053740    0.000005    1.339129 v _144_/B2 (sky130_fd_sc_hd__a221o_2)
     1    0.003181    0.054781    0.352608    1.691737 v _144_/X (sky130_fd_sc_hd__a221o_2)
                                                         _060_ (net)
                      0.054781    0.000012    1.691749 v _145_/C1 (sky130_fd_sc_hd__a211o_2)
     1    0.003068    0.046856    0.262344    1.954093 v _145_/X (sky130_fd_sc_hd__a211o_2)
                                                         _061_ (net)
                      0.046856    0.000023    1.954116 v _155_/C (sky130_fd_sc_hd__and4_2)
     2    0.008519    0.053288    0.236847    2.190963 v _155_/X (sky130_fd_sc_hd__and4_2)
                                                         _071_ (net)
                      0.053288    0.000107    2.191070 v _159_/C (sky130_fd_sc_hd__and3_2)
    32    0.124170    0.290525    0.445064    2.636134 v _159_/X (sky130_fd_sc_hd__and3_2)
                                                         _072_ (net)
                      0.290529    0.001507    2.637641 v _198_/S (sky130_fd_sc_hd__mux2_1)
     1    0.002052    0.052101    0.386794    3.024435 v _198_/X (sky130_fd_sc_hd__mux2_1)
                                                         _015_ (net)
                      0.052101    0.000001    3.024436 v _241_/D (sky130_fd_sc_hd__dfrtp_2)
                                              3.024436   data arrival time

                               3125.000000 3125.000000   clock clk_i (rise edge)
                                  0.000000 3125.000000   clock source latency
    44    0.110228    0.497575    0.343562 3125.343506 ^ clk_i (in)
                                                         clk_i (net)
                      0.497578    0.000000 3125.343506 ^ _241_/CLK (sky130_fd_sc_hd__dfrtp_2)
                                 -0.250000 3125.093506   clock uncertainty
                                  0.000000 3125.093506   clock reconvergence pessimism
                                 -0.013842 3125.079590   library setup time
                                           3125.079590   data required time
---------------------------------------------------------------------------------------------
                                           3125.079590   data required time
                                             -3.024436   data arrival time
---------------------------------------------------------------------------------------------
                                           3122.055176   slack (MET)


Startpoint: _232_ (rising edge-triggered flip-flop clocked by clk_i)
Endpoint: _249_ (rising edge-triggered flip-flop clocked by clk_i)
Path Group: clk_i
Path Type: max

Fanout         Cap        Slew       Delay        Time   Description
---------------------------------------------------------------------------------------------
                                  0.000000    0.000000   clock clk_i (rise edge)
                                  0.000000    0.000000   clock source latency
    44    0.110228    0.497575    0.343619    0.343619 ^ clk_i (in)
                                                         clk_i (net)
                      0.497579    0.000000    0.343619 ^ _232_/CLK (sky130_fd_sc_hd__dfrtp_2)
    11    0.077931    0.202574    0.666150    1.009769 v _232_/Q (sky130_fd_sc_hd__dfrtp_2)
                                                         num_i_bar[2] (net)
                      0.202599    0.002252    1.012021 v _142_/B (sky130_fd_sc_hd__or2_2)
     1    0.002578    0.053740    0.327103    1.339124 v _142_/X (sky130_fd_sc_hd__or2_2)
                                                         _058_ (net)
                      0.053740    0.000005    1.339129 v _144_/B2 (sky130_fd_sc_hd__a221o_2)
     1    0.003181    0.054781    0.352608    1.691737 v _144_/X (sky130_fd_sc_hd__a221o_2)
                                                         _060_ (net)
                      0.054781    0.000012    1.691749 v _145_/C1 (sky130_fd_sc_hd__a211o_2)
     1    0.003068    0.046856    0.262344    1.954093 v _145_/X (sky130_fd_sc_hd__a211o_2)
                                                         _061_ (net)
                      0.046856    0.000023    1.954116 v _155_/C (sky130_fd_sc_hd__and4_2)
     2    0.008519    0.053288    0.236847    2.190963 v _155_/X (sky130_fd_sc_hd__and4_2)
                                                         _071_ (net)
                      0.053288    0.000107    2.191070 v _159_/C (sky130_fd_sc_hd__and3_2)
    32    0.124170    0.290525    0.445064    2.636134 v _159_/X (sky130_fd_sc_hd__and3_2)
                                                         _072_ (net)
                      0.290525    0.000877    2.637011 v _205_/S (sky130_fd_sc_hd__mux2_1)
     1    0.002112    0.052486    0.387359    3.024369 v _205_/X (sky130_fd_sc_hd__mux2_1)
                                                         _022_ (net)
                      0.052486    0.000002    3.024371 v _249_/D (sky130_fd_sc_hd__dfrtp_2)
                                              3.024371   data arrival time

                               3125.000000 3125.000000   clock clk_i (rise edge)
                                  0.000000 3125.000000   clock source latency
    44    0.110228    0.497575    0.343789 3125.343750 ^ clk_i (in)
                                                         clk_i (net)
                      0.497580    0.000000 3125.343750 ^ _249_/CLK (sky130_fd_sc_hd__dfrtp_2)
                                 -0.250000 3125.093750   clock uncertainty
                                  0.000000 3125.093750   clock reconvergence pessimism
                                 -0.014006 3125.079590   library setup time
                                           3125.079590   data required time
---------------------------------------------------------------------------------------------
                                           3125.079590   data required time
                                             -3.024371   data arrival time
---------------------------------------------------------------------------------------------
                                           3122.055176   slack (MET)


Startpoint: _232_ (rising edge-triggered flip-flop clocked by clk_i)
Endpoint: _253_ (rising edge-triggered flip-flop clocked by clk_i)
Path Group: clk_i
Path Type: max

Fanout         Cap        Slew       Delay        Time   Description
---------------------------------------------------------------------------------------------
                                  0.000000    0.000000   clock clk_i (rise edge)
                                  0.000000    0.000000   clock source latency
    44    0.110228    0.497575    0.343619    0.343619 ^ clk_i (in)
                                                         clk_i (net)
                      0.497579    0.000000    0.343619 ^ _232_/CLK (sky130_fd_sc_hd__dfrtp_2)
    11    0.077931    0.202574    0.666150    1.009769 v _232_/Q (sky130_fd_sc_hd__dfrtp_2)
                                                         num_i_bar[2] (net)
                      0.202599    0.002252    1.012021 v _142_/B (sky130_fd_sc_hd__or2_2)
     1    0.002578    0.053740    0.327103    1.339124 v _142_/X (sky130_fd_sc_hd__or2_2)
                                                         _058_ (net)
                      0.053740    0.000005    1.339129 v _144_/B2 (sky130_fd_sc_hd__a221o_2)
     1    0.003181    0.054781    0.352608    1.691737 v _144_/X (sky130_fd_sc_hd__a221o_2)
                                                         _060_ (net)
                      0.054781    0.000012    1.691749 v _145_/C1 (sky130_fd_sc_hd__a211o_2)
     1    0.003068    0.046856    0.262344    1.954093 v _145_/X (sky130_fd_sc_hd__a211o_2)
                                                         _061_ (net)
                      0.046856    0.000023    1.954116 v _155_/C (sky130_fd_sc_hd__and4_2)
     2    0.008519    0.053288    0.236847    2.190963 v _155_/X (sky130_fd_sc_hd__and4_2)
                                                         _071_ (net)
                      0.053288    0.000107    2.191070 v _159_/C (sky130_fd_sc_hd__and3_2)
    32    0.124170    0.290525    0.445064    2.636134 v _159_/X (sky130_fd_sc_hd__and3_2)
                                                         _072_ (net)
                      0.290525    0.000947    2.637081 v _209_/S (sky130_fd_sc_hd__mux2_1)
     1    0.002258    0.053774    0.388730    3.025810 v _209_/X (sky130_fd_sc_hd__mux2_1)
                                                         _026_ (net)
                      0.053774    0.000004    3.025814 v _253_/D (sky130_fd_sc_hd__dfrtp_2)
                                              3.025814   data arrival time

                               3125.000000 3125.000000   clock clk_i (rise edge)
                                  0.000000 3125.000000   clock source latency
    44    0.110228    0.497575    0.343334 3125.343262 ^ clk_i (in)
                                                         clk_i (net)
                      0.497578    0.000000 3125.343262 ^ _253_/CLK (sky130_fd_sc_hd__dfrtp_2)
                                 -0.250000 3125.093262   clock uncertainty
                                  0.000000 3125.093262   clock reconvergence pessimism
                                 -0.014557 3125.078613   library setup time
                                           3125.078613   data required time
---------------------------------------------------------------------------------------------
                                           3125.078613   data required time
                                             -3.025814   data arrival time
---------------------------------------------------------------------------------------------
                                           3122.052734   slack (MET)


Startpoint: _232_ (rising edge-triggered flip-flop clocked by clk_i)
Endpoint: _251_ (rising edge-triggered flip-flop clocked by clk_i)
Path Group: clk_i
Path Type: max

Fanout         Cap        Slew       Delay        Time   Description
---------------------------------------------------------------------------------------------
                                  0.000000    0.000000   clock clk_i (rise edge)
                                  0.000000    0.000000   clock source latency
    44    0.110228    0.497575    0.343619    0.343619 ^ clk_i (in)
                                                         clk_i (net)
                      0.497579    0.000000    0.343619 ^ _232_/CLK (sky130_fd_sc_hd__dfrtp_2)
    11    0.077931    0.202574    0.666150    1.009769 v _232_/Q (sky130_fd_sc_hd__dfrtp_2)
                                                         num_i_bar[2] (net)
                      0.202599    0.002252    1.012021 v _142_/B (sky130_fd_sc_hd__or2_2)
     1    0.002578    0.053740    0.327103    1.339124 v _142_/X (sky130_fd_sc_hd__or2_2)
                                                         _058_ (net)
                      0.053740    0.000005    1.339129 v _144_/B2 (sky130_fd_sc_hd__a221o_2)
     1    0.003181    0.054781    0.352608    1.691737 v _144_/X (sky130_fd_sc_hd__a221o_2)
                                                         _060_ (net)
                      0.054781    0.000012    1.691749 v _145_/C1 (sky130_fd_sc_hd__a211o_2)
     1    0.003068    0.046856    0.262344    1.954093 v _145_/X (sky130_fd_sc_hd__a211o_2)
                                                         _061_ (net)
                      0.046856    0.000023    1.954116 v _155_/C (sky130_fd_sc_hd__and4_2)
     2    0.008519    0.053288    0.236847    2.190963 v _155_/X (sky130_fd_sc_hd__and4_2)
                                                         _071_ (net)
                      0.053288    0.000107    2.191070 v _159_/C (sky130_fd_sc_hd__and3_2)
    32    0.124170    0.290525    0.445064    2.636134 v _159_/X (sky130_fd_sc_hd__and3_2)
                                                         _072_ (net)
                      0.290525    0.000179    2.636313 v _207_/S (sky130_fd_sc_hd__mux2_1)
     1    0.002114    0.052917    0.387377    3.023690 v _207_/X (sky130_fd_sc_hd__mux2_1)
                                                         _024_ (net)
                      0.052917    0.000002    3.023692 v _251_/D (sky130_fd_sc_hd__dfrtp_2)
                                              3.023692   data arrival time

                               3125.000000 3125.000000   clock clk_i (rise edge)
                                  0.000000 3125.000000   clock source latency
    44    0.110228    0.497575    0.343789 3125.343750 ^ clk_i (in)
                                                         clk_i (net)
                      0.497581    0.000000 3125.343750 ^ _251_/CLK (sky130_fd_sc_hd__dfrtp_2)
                                 -0.250000 3125.093750   clock uncertainty
                                  0.000000 3125.093750   clock reconvergence pessimism
                                 -0.014190 3125.079590   library setup time
                                           3125.079590   data required time
---------------------------------------------------------------------------------------------
                                           3125.079590   data required time
                                             -3.023692   data arrival time
---------------------------------------------------------------------------------------------
                                           3122.055908   slack (MET)


Startpoint: _232_ (rising edge-triggered flip-flop clocked by clk_i)
Endpoint: _252_ (rising edge-triggered flip-flop clocked by clk_i)
Path Group: clk_i
Path Type: max

Fanout         Cap        Slew       Delay        Time   Description
---------------------------------------------------------------------------------------------
                                  0.000000    0.000000   clock clk_i (rise edge)
                                  0.000000    0.000000   clock source latency
    44    0.110228    0.497575    0.343619    0.343619 ^ clk_i (in)
                                                         clk_i (net)
                      0.497579    0.000000    0.343619 ^ _232_/CLK (sky130_fd_sc_hd__dfrtp_2)
    11    0.077931    0.202574    0.666150    1.009769 v _232_/Q (sky130_fd_sc_hd__dfrtp_2)
                                                         num_i_bar[2] (net)
                      0.202599    0.002252    1.012021 v _142_/B (sky130_fd_sc_hd__or2_2)
     1    0.002578    0.053740    0.327103    1.339124 v _142_/X (sky130_fd_sc_hd__or2_2)
                                                         _058_ (net)
                      0.053740    0.000005    1.339129 v _144_/B2 (sky130_fd_sc_hd__a221o_2)
     1    0.003181    0.054781    0.352608    1.691737 v _144_/X (sky130_fd_sc_hd__a221o_2)
                                                         _060_ (net)
                      0.054781    0.000012    1.691749 v _145_/C1 (sky130_fd_sc_hd__a211o_2)
     1    0.003068    0.046856    0.262344    1.954093 v _145_/X (sky130_fd_sc_hd__a211o_2)
                                                         _061_ (net)
                      0.046856    0.000023    1.954116 v _155_/C (sky130_fd_sc_hd__and4_2)
     2    0.008519    0.053288    0.236847    2.190963 v _155_/X (sky130_fd_sc_hd__and4_2)
                                                         _071_ (net)
                      0.053288    0.000107    2.191070 v _159_/C (sky130_fd_sc_hd__and3_2)
    32    0.124170    0.290525    0.445064    2.636134 v _159_/X (sky130_fd_sc_hd__and3_2)
                                                         _072_ (net)
                      0.290525    0.000931    2.637065 v _208_/S (sky130_fd_sc_hd__mux2_1)
     1    0.002276    0.053882    0.388900    3.025965 v _208_/X (sky130_fd_sc_hd__mux2_1)
                                                         _025_ (net)
                      0.053882    0.000004    3.025969 v _252_/D (sky130_fd_sc_hd__dfrtp_2)
                                              3.025969   data arrival time

                               3125.000000 3125.000000   clock clk_i (rise edge)
                                  0.000000 3125.000000   clock source latency
    44    0.110228    0.497575    0.343562 3125.343506 ^ clk_i (in)
                                                         clk_i (net)
                      0.497580    0.000000 3125.343506 ^ _252_/CLK (sky130_fd_sc_hd__dfrtp_2)
                                 -0.250000 3125.093506   clock uncertainty
                                  0.000000 3125.093506   clock reconvergence pessimism
                                 -0.014602 3125.078857   library setup time
                                           3125.078857   data required time
---------------------------------------------------------------------------------------------
                                           3125.078857   data required time
                                             -3.025969   data arrival time
---------------------------------------------------------------------------------------------
                                           3122.052979   slack (MET)


Startpoint: _232_ (rising edge-triggered flip-flop clocked by clk_i)
Endpoint: _255_ (rising edge-triggered flip-flop clocked by clk_i)
Path Group: clk_i
Path Type: max

Fanout         Cap        Slew       Delay        Time   Description
---------------------------------------------------------------------------------------------
                                  0.000000    0.000000   clock clk_i (rise edge)
                                  0.000000    0.000000   clock source latency
    44    0.110228    0.497575    0.343619    0.343619 ^ clk_i (in)
                                                         clk_i (net)
                      0.497579    0.000000    0.343619 ^ _232_/CLK (sky130_fd_sc_hd__dfrtp_2)
    11    0.077931    0.202574    0.666150    1.009769 v _232_/Q (sky130_fd_sc_hd__dfrtp_2)
                                                         num_i_bar[2] (net)
                      0.202599    0.002252    1.012021 v _142_/B (sky130_fd_sc_hd__or2_2)
     1    0.002578    0.053740    0.327103    1.339124 v _142_/X (sky130_fd_sc_hd__or2_2)
                                                         _058_ (net)
                      0.053740    0.000005    1.339129 v _144_/B2 (sky130_fd_sc_hd__a221o_2)
     1    0.003181    0.054781    0.352608    1.691737 v _144_/X (sky130_fd_sc_hd__a221o_2)
                                                         _060_ (net)
                      0.054781    0.000012    1.691749 v _145_/C1 (sky130_fd_sc_hd__a211o_2)
     1    0.003068    0.046856    0.262344    1.954093 v _145_/X (sky130_fd_sc_hd__a211o_2)
                                                         _061_ (net)
                      0.046856    0.000023    1.954116 v _155_/C (sky130_fd_sc_hd__and4_2)
     2    0.008519    0.053288    0.236847    2.190963 v _155_/X (sky130_fd_sc_hd__and4_2)
                                                         _071_ (net)
                      0.053288    0.000107    2.191070 v _159_/C (sky130_fd_sc_hd__and3_2)
    32    0.124170    0.290525    0.445064    2.636134 v _159_/X (sky130_fd_sc_hd__and3_2)
                                                         _072_ (net)
                      0.290525    0.000183    2.636317 v _210_/S (sky130_fd_sc_hd__mux2_1)
     1    0.002490    0.054794    0.390905    3.027222 v _210_/X (sky130_fd_sc_hd__mux2_1)
                                                         _027_ (net)
                      0.054794    0.000006    3.027229 v _255_/D (sky130_fd_sc_hd__dfrtp_2)
                                              3.027229   data arrival time

                               3125.000000 3125.000000   clock clk_i (rise edge)
                                  0.000000 3125.000000   clock source latency
    44    0.110228    0.497575    0.343789 3125.343750 ^ clk_i (in)
                                                         clk_i (net)
                      0.497581    0.000000 3125.343750 ^ _255_/CLK (sky130_fd_sc_hd__dfrtp_2)
                                 -0.250000 3125.093750   clock uncertainty
                                  0.000000 3125.093750   clock reconvergence pessimism
                                 -0.014992 3125.078613   library setup time
                                           3125.078613   data required time
---------------------------------------------------------------------------------------------
                                           3125.078613   data required time
                                             -3.027229   data arrival time
---------------------------------------------------------------------------------------------
                                           3122.051514   slack (MET)


Startpoint: _232_ (rising edge-triggered flip-flop clocked by clk_i)
Endpoint: _256_ (rising edge-triggered flip-flop clocked by clk_i)
Path Group: clk_i
Path Type: max

Fanout         Cap        Slew       Delay        Time   Description
---------------------------------------------------------------------------------------------
                                  0.000000    0.000000   clock clk_i (rise edge)
                                  0.000000    0.000000   clock source latency
    44    0.110228    0.497575    0.343619    0.343619 ^ clk_i (in)
                                                         clk_i (net)
                      0.497579    0.000000    0.343619 ^ _232_/CLK (sky130_fd_sc_hd__dfrtp_2)
    11    0.077931    0.202574    0.666150    1.009769 v _232_/Q (sky130_fd_sc_hd__dfrtp_2)
                                                         num_i_bar[2] (net)
                      0.202599    0.002252    1.012021 v _142_/B (sky130_fd_sc_hd__or2_2)
     1    0.002578    0.053740    0.327103    1.339124 v _142_/X (sky130_fd_sc_hd__or2_2)
                                                         _058_ (net)
                      0.053740    0.000005    1.339129 v _144_/B2 (sky130_fd_sc_hd__a221o_2)
     1    0.003181    0.054781    0.352608    1.691737 v _144_/X (sky130_fd_sc_hd__a221o_2)
                                                         _060_ (net)
                      0.054781    0.000012    1.691749 v _145_/C1 (sky130_fd_sc_hd__a211o_2)
     1    0.003068    0.046856    0.262344    1.954093 v _145_/X (sky130_fd_sc_hd__a211o_2)
                                                         _061_ (net)
                      0.046856    0.000023    1.954116 v _155_/C (sky130_fd_sc_hd__and4_2)
     2    0.008519    0.053288    0.236847    2.190963 v _155_/X (sky130_fd_sc_hd__and4_2)
                                                         _071_ (net)
                      0.053288    0.000107    2.191070 v _159_/C (sky130_fd_sc_hd__and3_2)
    32    0.124170    0.290525    0.445064    2.636134 v _159_/X (sky130_fd_sc_hd__and3_2)
                                                         _072_ (net)
                      0.290525    0.000903    2.637037 v _211_/S (sky130_fd_sc_hd__mux2_1)
     1    0.002206    0.053463    0.388237    3.025275 v _211_/X (sky130_fd_sc_hd__mux2_1)
                                                         _028_ (net)
                      0.053463    0.000002    3.025277 v _256_/D (sky130_fd_sc_hd__dfrtp_2)
                                              3.025277   data arrival time

                               3125.000000 3125.000000   clock clk_i (rise edge)
                                  0.000000 3125.000000   clock source latency
    44    0.110228    0.497575    0.343562 3125.343506 ^ clk_i (in)
                                                         clk_i (net)
                      0.497580    0.000000 3125.343506 ^ _256_/CLK (sky130_fd_sc_hd__dfrtp_2)
                                 -0.250000 3125.093506   clock uncertainty
                                  0.000000 3125.093506   clock reconvergence pessimism
                                 -0.014423 3125.079102   library setup time
                                           3125.079102   data required time
---------------------------------------------------------------------------------------------
                                           3125.079102   data required time
                                             -3.025277   data arrival time
---------------------------------------------------------------------------------------------
                                           3122.053955   slack (MET)


Startpoint: _232_ (rising edge-triggered flip-flop clocked by clk_i)
Endpoint: _257_ (rising edge-triggered flip-flop clocked by clk_i)
Path Group: clk_i
Path Type: max

Fanout         Cap        Slew       Delay        Time   Description
---------------------------------------------------------------------------------------------
                                  0.000000    0.000000   clock clk_i (rise edge)
                                  0.000000    0.000000   clock source latency
    44    0.110228    0.497575    0.343619    0.343619 ^ clk_i (in)
                                                         clk_i (net)
                      0.497579    0.000000    0.343619 ^ _232_/CLK (sky130_fd_sc_hd__dfrtp_2)
    11    0.077931    0.202574    0.666150    1.009769 v _232_/Q (sky130_fd_sc_hd__dfrtp_2)
                                                         num_i_bar[2] (net)
                      0.202599    0.002252    1.012021 v _142_/B (sky130_fd_sc_hd__or2_2)
     1    0.002578    0.053740    0.327103    1.339124 v _142_/X (sky130_fd_sc_hd__or2_2)
                                                         _058_ (net)
                      0.053740    0.000005    1.339129 v _144_/B2 (sky130_fd_sc_hd__a221o_2)
     1    0.003181    0.054781    0.352608    1.691737 v _144_/X (sky130_fd_sc_hd__a221o_2)
                                                         _060_ (net)
                      0.054781    0.000012    1.691749 v _145_/C1 (sky130_fd_sc_hd__a211o_2)
     1    0.003068    0.046856    0.262344    1.954093 v _145_/X (sky130_fd_sc_hd__a211o_2)
                                                         _061_ (net)
                      0.046856    0.000023    1.954116 v _155_/C (sky130_fd_sc_hd__and4_2)
     2    0.008519    0.053288    0.236847    2.190963 v _155_/X (sky130_fd_sc_hd__and4_2)
                                                         _071_ (net)
                      0.053288    0.000107    2.191070 v _159_/C (sky130_fd_sc_hd__and3_2)
    32    0.124170    0.290525    0.445064    2.636134 v _159_/X (sky130_fd_sc_hd__and3_2)
                                                         _072_ (net)
                      0.290525    0.000940    2.637074 v _212_/S (sky130_fd_sc_hd__mux2_1)
     1    0.002087    0.052774    0.387127    3.024202 v _212_/X (sky130_fd_sc_hd__mux2_1)
                                                         _029_ (net)
                      0.052774    0.000001    3.024203 v _257_/D (sky130_fd_sc_hd__dfrtp_2)
                                              3.024203   data arrival time

                               3125.000000 3125.000000   clock clk_i (rise edge)
                                  0.000000 3125.000000   clock source latency
    44    0.110228    0.497575    0.343562 3125.343506 ^ clk_i (in)
                                                         clk_i (net)
                      0.497579    0.000000 3125.343506 ^ _257_/CLK (sky130_fd_sc_hd__dfrtp_2)
                                 -0.250000 3125.093506   clock uncertainty
                                  0.000000 3125.093506   clock reconvergence pessimism
                                 -0.014129 3125.079346   library setup time
                                           3125.079346   data required time
---------------------------------------------------------------------------------------------
                                           3125.079346   data required time
                                             -3.024203   data arrival time
---------------------------------------------------------------------------------------------
                                           3122.055176   slack (MET)


Startpoint: _232_ (rising edge-triggered flip-flop clocked by clk_i)
Endpoint: _259_ (rising edge-triggered flip-flop clocked by clk_i)
Path Group: clk_i
Path Type: max

Fanout         Cap        Slew       Delay        Time   Description
---------------------------------------------------------------------------------------------
                                  0.000000    0.000000   clock clk_i (rise edge)
                                  0.000000    0.000000   clock source latency
    44    0.110228    0.497575    0.343619    0.343619 ^ clk_i (in)
                                                         clk_i (net)
                      0.497579    0.000000    0.343619 ^ _232_/CLK (sky130_fd_sc_hd__dfrtp_2)
    11    0.077931    0.202574    0.666150    1.009769 v _232_/Q (sky130_fd_sc_hd__dfrtp_2)
                                                         num_i_bar[2] (net)
                      0.202599    0.002252    1.012021 v _142_/B (sky130_fd_sc_hd__or2_2)
     1    0.002578    0.053740    0.327103    1.339124 v _142_/X (sky130_fd_sc_hd__or2_2)
                                                         _058_ (net)
                      0.053740    0.000005    1.339129 v _144_/B2 (sky130_fd_sc_hd__a221o_2)
     1    0.003181    0.054781    0.352608    1.691737 v _144_/X (sky130_fd_sc_hd__a221o_2)
                                                         _060_ (net)
                      0.054781    0.000012    1.691749 v _145_/C1 (sky130_fd_sc_hd__a211o_2)
     1    0.003068    0.046856    0.262344    1.954093 v _145_/X (sky130_fd_sc_hd__a211o_2)
                                                         _061_ (net)
                      0.046856    0.000023    1.954116 v _155_/C (sky130_fd_sc_hd__and4_2)
     2    0.008519    0.053288    0.236847    2.190963 v _155_/X (sky130_fd_sc_hd__and4_2)
                                                         _071_ (net)
                      0.053288    0.000107    2.191070 v _159_/C (sky130_fd_sc_hd__and3_2)
    32    0.124170    0.290525    0.445064    2.636134 v _159_/X (sky130_fd_sc_hd__and3_2)
                                                         _072_ (net)
                      0.290525    0.000239    2.636373 v _214_/S (sky130_fd_sc_hd__mux2_1)
     1    0.002213    0.053059    0.388311    3.024684 v _214_/X (sky130_fd_sc_hd__mux2_1)
                                                         _031_ (net)
                      0.053059    0.000003    3.024686 v _259_/D (sky130_fd_sc_hd__dfrtp_2)
                                              3.024686   data arrival time

                               3125.000000 3125.000000   clock clk_i (rise edge)
                                  0.000000 3125.000000   clock source latency
    44    0.110228    0.497575    0.343789 3125.343750 ^ clk_i (in)
                                                         clk_i (net)
                      0.497581    0.000000 3125.343750 ^ _259_/CLK (sky130_fd_sc_hd__dfrtp_2)
                                 -0.250000 3125.093750   clock uncertainty
                                  0.000000 3125.093750   clock reconvergence pessimism
                                 -0.014250 3125.079346   library setup time
                                           3125.079346   data required time
---------------------------------------------------------------------------------------------
                                           3125.079346   data required time
                                             -3.024686   data arrival time
---------------------------------------------------------------------------------------------
                                           3122.054688   slack (MET)


Startpoint: _232_ (rising edge-triggered flip-flop clocked by clk_i)
Endpoint: _260_ (rising edge-triggered flip-flop clocked by clk_i)
Path Group: clk_i
Path Type: max

Fanout         Cap        Slew       Delay        Time   Description
---------------------------------------------------------------------------------------------
                                  0.000000    0.000000   clock clk_i (rise edge)
                                  0.000000    0.000000   clock source latency
    44    0.110228    0.497575    0.343619    0.343619 ^ clk_i (in)
                                                         clk_i (net)
                      0.497579    0.000000    0.343619 ^ _232_/CLK (sky130_fd_sc_hd__dfrtp_2)
    11    0.077931    0.202574    0.666150    1.009769 v _232_/Q (sky130_fd_sc_hd__dfrtp_2)
                                                         num_i_bar[2] (net)
                      0.202599    0.002252    1.012021 v _142_/B (sky130_fd_sc_hd__or2_2)
     1    0.002578    0.053740    0.327103    1.339124 v _142_/X (sky130_fd_sc_hd__or2_2)
                                                         _058_ (net)
                      0.053740    0.000005    1.339129 v _144_/B2 (sky130_fd_sc_hd__a221o_2)
     1    0.003181    0.054781    0.352608    1.691737 v _144_/X (sky130_fd_sc_hd__a221o_2)
                                                         _060_ (net)
                      0.054781    0.000012    1.691749 v _145_/C1 (sky130_fd_sc_hd__a211o_2)
     1    0.003068    0.046856    0.262344    1.954093 v _145_/X (sky130_fd_sc_hd__a211o_2)
                                                         _061_ (net)
                      0.046856    0.000023    1.954116 v _155_/C (sky130_fd_sc_hd__and4_2)
     2    0.008519    0.053288    0.236847    2.190963 v _155_/X (sky130_fd_sc_hd__and4_2)
                                                         _071_ (net)
                      0.053288    0.000107    2.191070 v _159_/C (sky130_fd_sc_hd__and3_2)
    32    0.124170    0.290525    0.445064    2.636134 v _159_/X (sky130_fd_sc_hd__and3_2)
                                                         _072_ (net)
                      0.290525    0.000226    2.636361 v _215_/S (sky130_fd_sc_hd__mux2_1)
     1    0.002214    0.053076    0.388319    3.024680 v _215_/X (sky130_fd_sc_hd__mux2_1)
                                                         _032_ (net)
                      0.053076    0.000003    3.024683 v _260_/D (sky130_fd_sc_hd__dfrtp_2)
                                              3.024683   data arrival time

                               3125.000000 3125.000000   clock clk_i (rise edge)
                                  0.000000 3125.000000   clock source latency
    44    0.110228    0.497575    0.343789 3125.343750 ^ clk_i (in)
                                                         clk_i (net)
                      0.497581    0.000000 3125.343750 ^ _260_/CLK (sky130_fd_sc_hd__dfrtp_2)
                                 -0.250000 3125.093750   clock uncertainty
                                  0.000000 3125.093750   clock reconvergence pessimism
                                 -0.014258 3125.079346   library setup time
                                           3125.079346   data required time
---------------------------------------------------------------------------------------------
                                           3125.079346   data required time
                                             -3.024683   data arrival time
---------------------------------------------------------------------------------------------
                                           3122.054688   slack (MET)


Startpoint: _232_ (rising edge-triggered flip-flop clocked by clk_i)
Endpoint: _261_ (rising edge-triggered flip-flop clocked by clk_i)
Path Group: clk_i
Path Type: max

Fanout         Cap        Slew       Delay        Time   Description
---------------------------------------------------------------------------------------------
                                  0.000000    0.000000   clock clk_i (rise edge)
                                  0.000000    0.000000   clock source latency
    44    0.110228    0.497575    0.343619    0.343619 ^ clk_i (in)
                                                         clk_i (net)
                      0.497579    0.000000    0.343619 ^ _232_/CLK (sky130_fd_sc_hd__dfrtp_2)
    11    0.077931    0.202574    0.666150    1.009769 v _232_/Q (sky130_fd_sc_hd__dfrtp_2)
                                                         num_i_bar[2] (net)
                      0.202599    0.002252    1.012021 v _142_/B (sky130_fd_sc_hd__or2_2)
     1    0.002578    0.053740    0.327103    1.339124 v _142_/X (sky130_fd_sc_hd__or2_2)
                                                         _058_ (net)
                      0.053740    0.000005    1.339129 v _144_/B2 (sky130_fd_sc_hd__a221o_2)
     1    0.003181    0.054781    0.352608    1.691737 v _144_/X (sky130_fd_sc_hd__a221o_2)
                                                         _060_ (net)
                      0.054781    0.000012    1.691749 v _145_/C1 (sky130_fd_sc_hd__a211o_2)
     1    0.003068    0.046856    0.262344    1.954093 v _145_/X (sky130_fd_sc_hd__a211o_2)
                                                         _061_ (net)
                      0.046856    0.000023    1.954116 v _155_/C (sky130_fd_sc_hd__and4_2)
     2    0.008519    0.053288    0.236847    2.190963 v _155_/X (sky130_fd_sc_hd__and4_2)
                                                         _071_ (net)
                      0.053288    0.000107    2.191070 v _159_/C (sky130_fd_sc_hd__and3_2)
    32    0.124170    0.290525    0.445064    2.636134 v _159_/X (sky130_fd_sc_hd__and3_2)
                                                         _072_ (net)
                      0.290530    0.001630    2.637764 v _216_/S (sky130_fd_sc_hd__mux2_1)
     1    0.002241    0.053252    0.388575    3.026340 v _216_/X (sky130_fd_sc_hd__mux2_1)
                                                         _033_ (net)
                      0.053252    0.000003    3.026343 v _261_/D (sky130_fd_sc_hd__dfrtp_2)
                                              3.026343   data arrival time

                               3125.000000 3125.000000   clock clk_i (rise edge)
                                  0.000000 3125.000000   clock source latency
    44    0.110228    0.497575    0.343334 3125.343262 ^ clk_i (in)
                                                         clk_i (net)
                      0.497578    0.000000 3125.343262 ^ _261_/CLK (sky130_fd_sc_hd__dfrtp_2)
                                 -0.250000 3125.093262   clock uncertainty
                                  0.000000 3125.093262   clock reconvergence pessimism
                                 -0.014333 3125.078857   library setup time
                                           3125.078857   data required time
---------------------------------------------------------------------------------------------
                                           3125.078857   data required time
                                             -3.026343   data arrival time
---------------------------------------------------------------------------------------------
                                           3122.052490   slack (MET)


Startpoint: _232_ (rising edge-triggered flip-flop clocked by clk_i)
Endpoint: _262_ (rising edge-triggered flip-flop clocked by clk_i)
Path Group: clk_i
Path Type: max

Fanout         Cap        Slew       Delay        Time   Description
---------------------------------------------------------------------------------------------
                                  0.000000    0.000000   clock clk_i (rise edge)
                                  0.000000    0.000000   clock source latency
    44    0.110228    0.497575    0.343619    0.343619 ^ clk_i (in)
                                                         clk_i (net)
                      0.497579    0.000000    0.343619 ^ _232_/CLK (sky130_fd_sc_hd__dfrtp_2)
    11    0.077931    0.202574    0.666150    1.009769 v _232_/Q (sky130_fd_sc_hd__dfrtp_2)
                                                         num_i_bar[2] (net)
                      0.202599    0.002252    1.012021 v _142_/B (sky130_fd_sc_hd__or2_2)
     1    0.002578    0.053740    0.327103    1.339124 v _142_/X (sky130_fd_sc_hd__or2_2)
                                                         _058_ (net)
                      0.053740    0.000005    1.339129 v _144_/B2 (sky130_fd_sc_hd__a221o_2)
     1    0.003181    0.054781    0.352608    1.691737 v _144_/X (sky130_fd_sc_hd__a221o_2)
                                                         _060_ (net)
                      0.054781    0.000012    1.691749 v _145_/C1 (sky130_fd_sc_hd__a211o_2)
     1    0.003068    0.046856    0.262344    1.954093 v _145_/X (sky130_fd_sc_hd__a211o_2)
                                                         _061_ (net)
                      0.046856    0.000023    1.954116 v _155_/C (sky130_fd_sc_hd__and4_2)
     2    0.008519    0.053288    0.236847    2.190963 v _155_/X (sky130_fd_sc_hd__and4_2)
                                                         _071_ (net)
                      0.053288    0.000107    2.191070 v _159_/C (sky130_fd_sc_hd__and3_2)
    32    0.124170    0.290525    0.445064    2.636134 v _159_/X (sky130_fd_sc_hd__and3_2)
                                                         _072_ (net)
                      0.290531    0.001742    2.637876 v _217_/S (sky130_fd_sc_hd__mux2_1)
     1    0.002252    0.053315    0.388678    3.026554 v _217_/X (sky130_fd_sc_hd__mux2_1)
                                                         _034_ (net)
                      0.053315    0.000004    3.026557 v _262_/D (sky130_fd_sc_hd__dfrtp_2)
                                              3.026557   data arrival time

                               3125.000000 3125.000000   clock clk_i (rise edge)
                                  0.000000 3125.000000   clock source latency
    44    0.110228    0.497575    0.342652 3125.342773 ^ clk_i (in)
                                                         clk_i (net)
                      0.497575    0.000000 3125.342773 ^ _262_/CLK (sky130_fd_sc_hd__dfrtp_2)
                                 -0.250000 3125.092529   clock uncertainty
                                  0.000000 3125.092529   clock reconvergence pessimism
                                 -0.014361 3125.078125   library setup time
                                           3125.078125   data required time
---------------------------------------------------------------------------------------------
                                           3125.078125   data required time
                                             -3.026557   data arrival time
---------------------------------------------------------------------------------------------
                                           3122.051758   slack (MET)


Startpoint: _232_ (rising edge-triggered flip-flop clocked by clk_i)
Endpoint: _245_ (rising edge-triggered flip-flop clocked by clk_i)
Path Group: clk_i
Path Type: max

Fanout         Cap        Slew       Delay        Time   Description
---------------------------------------------------------------------------------------------
                                  0.000000    0.000000   clock clk_i (rise edge)
                                  0.000000    0.000000   clock source latency
    44    0.110228    0.497575    0.343619    0.343619 ^ clk_i (in)
                                                         clk_i (net)
                      0.497579    0.000000    0.343619 ^ _232_/CLK (sky130_fd_sc_hd__dfrtp_2)
    11    0.077931    0.202574    0.666150    1.009769 v _232_/Q (sky130_fd_sc_hd__dfrtp_2)
                                                         num_i_bar[2] (net)
                      0.202599    0.002252    1.012021 v _142_/B (sky130_fd_sc_hd__or2_2)
     1    0.002578    0.053740    0.327103    1.339124 v _142_/X (sky130_fd_sc_hd__or2_2)
                                                         _058_ (net)
                      0.053740    0.000005    1.339129 v _144_/B2 (sky130_fd_sc_hd__a221o_2)
     1    0.003181    0.054781    0.352608    1.691737 v _144_/X (sky130_fd_sc_hd__a221o_2)
                                                         _060_ (net)
                      0.054781    0.000012    1.691749 v _145_/C1 (sky130_fd_sc_hd__a211o_2)
     1    0.003068    0.046856    0.262344    1.954093 v _145_/X (sky130_fd_sc_hd__a211o_2)
                                                         _061_ (net)
                      0.046856    0.000023    1.954116 v _155_/C (sky130_fd_sc_hd__and4_2)
     2    0.008519    0.053288    0.236847    2.190963 v _155_/X (sky130_fd_sc_hd__and4_2)
                                                         _071_ (net)
                      0.053288    0.000107    2.191070 v _159_/C (sky130_fd_sc_hd__and3_2)
    32    0.124170    0.290525    0.445064    2.636134 v _159_/X (sky130_fd_sc_hd__and3_2)
                                                         _072_ (net)
                      0.290525    0.001100    2.637234 v _201_/S (sky130_fd_sc_hd__mux2_1)
     1    0.002085    0.052249    0.387106    3.024340 v _201_/X (sky130_fd_sc_hd__mux2_1)
                                                         _018_ (net)
                      0.052249    0.000001    3.024341 v _245_/D (sky130_fd_sc_hd__dfrtp_2)
                                              3.024341   data arrival time

                               3125.000000 3125.000000   clock clk_i (rise edge)
                                  0.000000 3125.000000   clock source latency
    44    0.110228    0.497575    0.343562 3125.343506 ^ clk_i (in)
                                                         clk_i (net)
                      0.497579    0.000000 3125.343506 ^ _245_/CLK (sky130_fd_sc_hd__dfrtp_2)
                                 -0.250000 3125.093506   clock uncertainty
                                  0.000000 3125.093506   clock reconvergence pessimism
                                 -0.013905 3125.079590   library setup time
                                           3125.079590   data required time
---------------------------------------------------------------------------------------------
                                           3125.079590   data required time
                                             -3.024341   data arrival time
---------------------------------------------------------------------------------------------
                                           3122.055176   slack (MET)


Startpoint: _232_ (rising edge-triggered flip-flop clocked by clk_i)
Endpoint: _248_ (rising edge-triggered flip-flop clocked by clk_i)
Path Group: clk_i
Path Type: max

Fanout         Cap        Slew       Delay        Time   Description
---------------------------------------------------------------------------------------------
                                  0.000000    0.000000   clock clk_i (rise edge)
                                  0.000000    0.000000   clock source latency
    44    0.110228    0.497575    0.343619    0.343619 ^ clk_i (in)
                                                         clk_i (net)
                      0.497579    0.000000    0.343619 ^ _232_/CLK (sky130_fd_sc_hd__dfrtp_2)
    11    0.077931    0.202574    0.666150    1.009769 v _232_/Q (sky130_fd_sc_hd__dfrtp_2)
                                                         num_i_bar[2] (net)
                      0.202599    0.002252    1.012021 v _142_/B (sky130_fd_sc_hd__or2_2)
     1    0.002578    0.053740    0.327103    1.339124 v _142_/X (sky130_fd_sc_hd__or2_2)
                                                         _058_ (net)
                      0.053740    0.000005    1.339129 v _144_/B2 (sky130_fd_sc_hd__a221o_2)
     1    0.003181    0.054781    0.352608    1.691737 v _144_/X (sky130_fd_sc_hd__a221o_2)
                                                         _060_ (net)
                      0.054781    0.000012    1.691749 v _145_/C1 (sky130_fd_sc_hd__a211o_2)
     1    0.003068    0.046856    0.262344    1.954093 v _145_/X (sky130_fd_sc_hd__a211o_2)
                                                         _061_ (net)
                      0.046856    0.000023    1.954116 v _155_/C (sky130_fd_sc_hd__and4_2)
     2    0.008519    0.053288    0.236847    2.190963 v _155_/X (sky130_fd_sc_hd__and4_2)
                                                         _071_ (net)
                      0.053288    0.000107    2.191070 v _159_/C (sky130_fd_sc_hd__and3_2)
    32    0.124170    0.290525    0.445064    2.636134 v _159_/X (sky130_fd_sc_hd__and3_2)
                                                         _072_ (net)
                      0.290525    0.000813    2.636947 v _204_/S (sky130_fd_sc_hd__mux2_1)
     1    0.002006    0.051817    0.386363    3.023310 v _204_/X (sky130_fd_sc_hd__mux2_1)
                                                         _021_ (net)
                      0.051817    0.000000    3.023311 v _248_/D (sky130_fd_sc_hd__dfrtp_2)
                                              3.023311   data arrival time

                               3125.000000 3125.000000   clock clk_i (rise edge)
                                  0.000000 3125.000000   clock source latency
    44    0.110228    0.497575    0.343562 3125.343506 ^ clk_i (in)
                                                         clk_i (net)
                      0.497579    0.000000 3125.343506 ^ _248_/CLK (sky130_fd_sc_hd__dfrtp_2)
                                 -0.250000 3125.093506   clock uncertainty
                                  0.000000 3125.093506   clock reconvergence pessimism
                                 -0.013720 3125.079834   library setup time
                                           3125.079834   data required time
---------------------------------------------------------------------------------------------
                                           3125.079834   data required time
                                             -3.023311   data arrival time
---------------------------------------------------------------------------------------------
                                           3122.056396   slack (MET)


Startpoint: _232_ (rising edge-triggered flip-flop clocked by clk_i)
Endpoint: _263_ (rising edge-triggered flip-flop clocked by clk_i)
Path Group: clk_i
Path Type: max

Fanout         Cap        Slew       Delay        Time   Description
---------------------------------------------------------------------------------------------
                                  0.000000    0.000000   clock clk_i (rise edge)
                                  0.000000    0.000000   clock source latency
    44    0.110228    0.497575    0.343619    0.343619 ^ clk_i (in)
                                                         clk_i (net)
                      0.497579    0.000000    0.343619 ^ _232_/CLK (sky130_fd_sc_hd__dfrtp_2)
    11    0.077931    0.202574    0.666150    1.009769 v _232_/Q (sky130_fd_sc_hd__dfrtp_2)
                                                         num_i_bar[2] (net)
                      0.202599    0.002252    1.012021 v _142_/B (sky130_fd_sc_hd__or2_2)
     1    0.002578    0.053740    0.327103    1.339124 v _142_/X (sky130_fd_sc_hd__or2_2)
                                                         _058_ (net)
                      0.053740    0.000005    1.339129 v _144_/B2 (sky130_fd_sc_hd__a221o_2)
     1    0.003181    0.054781    0.352608    1.691737 v _144_/X (sky130_fd_sc_hd__a221o_2)
                                                         _060_ (net)
                      0.054781    0.000012    1.691749 v _145_/C1 (sky130_fd_sc_hd__a211o_2)
     1    0.003068    0.046856    0.262344    1.954093 v _145_/X (sky130_fd_sc_hd__a211o_2)
                                                         _061_ (net)
                      0.046856    0.000023    1.954116 v _155_/C (sky130_fd_sc_hd__and4_2)
     2    0.008519    0.053288    0.236847    2.190963 v _155_/X (sky130_fd_sc_hd__and4_2)
                                                         _071_ (net)
                      0.053288    0.000107    2.191070 v _159_/C (sky130_fd_sc_hd__and3_2)
    32    0.124170    0.290525    0.445064    2.636134 v _159_/X (sky130_fd_sc_hd__and3_2)
                                                         _072_ (net)
                      0.290531    0.001731    2.637865 v _218_/S (sky130_fd_sc_hd__mux2_1)
     1    0.002113    0.052421    0.387367    3.025233 v _218_/X (sky130_fd_sc_hd__mux2_1)
                                                         _035_ (net)
                      0.052421    0.000002    3.025235 v _263_/D (sky130_fd_sc_hd__dfrtp_2)
                                              3.025235   data arrival time

                               3125.000000 3125.000000   clock clk_i (rise edge)
                                  0.000000 3125.000000   clock source latency
    44    0.110228    0.497575    0.342880 3125.342773 ^ clk_i (in)
                                                         clk_i (net)
                      0.497575    0.000000 3125.342773 ^ _263_/CLK (sky130_fd_sc_hd__dfrtp_2)
                                 -0.250000 3125.092773   clock uncertainty
                                  0.000000 3125.092773   clock reconvergence pessimism
                                 -0.013979 3125.078857   library setup time
                                           3125.078857   data required time
---------------------------------------------------------------------------------------------
                                           3125.078857   data required time
                                             -3.025235   data arrival time
---------------------------------------------------------------------------------------------
                                           3122.053711   slack (MET)


Startpoint: _232_ (rising edge-triggered flip-flop clocked by clk_i)
Endpoint: _264_ (rising edge-triggered flip-flop clocked by clk_i)
Path Group: clk_i
Path Type: max

Fanout         Cap        Slew       Delay        Time   Description
---------------------------------------------------------------------------------------------
                                  0.000000    0.000000   clock clk_i (rise edge)
                                  0.000000    0.000000   clock source latency
    44    0.110228    0.497575    0.343619    0.343619 ^ clk_i (in)
                                                         clk_i (net)
                      0.497579    0.000000    0.343619 ^ _232_/CLK (sky130_fd_sc_hd__dfrtp_2)
    11    0.077931    0.202574    0.666150    1.009769 v _232_/Q (sky130_fd_sc_hd__dfrtp_2)
                                                         num_i_bar[2] (net)
                      0.202599    0.002252    1.012021 v _142_/B (sky130_fd_sc_hd__or2_2)
     1    0.002578    0.053740    0.327103    1.339124 v _142_/X (sky130_fd_sc_hd__or2_2)
                                                         _058_ (net)
                      0.053740    0.000005    1.339129 v _144_/B2 (sky130_fd_sc_hd__a221o_2)
     1    0.003181    0.054781    0.352608    1.691737 v _144_/X (sky130_fd_sc_hd__a221o_2)
                                                         _060_ (net)
                      0.054781    0.000012    1.691749 v _145_/C1 (sky130_fd_sc_hd__a211o_2)
     1    0.003068    0.046856    0.262344    1.954093 v _145_/X (sky130_fd_sc_hd__a211o_2)
                                                         _061_ (net)
                      0.046856    0.000023    1.954116 v _155_/C (sky130_fd_sc_hd__and4_2)
     2    0.008519    0.053288    0.236847    2.190963 v _155_/X (sky130_fd_sc_hd__and4_2)
                                                         _071_ (net)
                      0.053288    0.000107    2.191070 v _159_/C (sky130_fd_sc_hd__and3_2)
    32    0.124170    0.290525    0.445064    2.636134 v _159_/X (sky130_fd_sc_hd__and3_2)
                                                         _072_ (net)
                      0.290532    0.001812    2.637946 v _219_/S (sky130_fd_sc_hd__mux2_1)
     1    0.002111    0.052442    0.387349    3.025295 v _219_/X (sky130_fd_sc_hd__mux2_1)
                                                         _036_ (net)
                      0.052442    0.000002    3.025296 v _264_/D (sky130_fd_sc_hd__dfrtp_2)
                                              3.025296   data arrival time

                               3125.000000 3125.000000   clock clk_i (rise edge)
                                  0.000000 3125.000000   clock source latency
    44    0.110228    0.497575    0.342880 3125.342773 ^ clk_i (in)
                                                         clk_i (net)
                      0.497576    0.000000 3125.342773 ^ _264_/CLK (sky130_fd_sc_hd__dfrtp_2)
                                 -0.250000 3125.092773   clock uncertainty
                                  0.000000 3125.092773   clock reconvergence pessimism
                                 -0.013988 3125.078613   library setup time
                                           3125.078613   data required time
---------------------------------------------------------------------------------------------
                                           3125.078613   data required time
                                             -3.025296   data arrival time
---------------------------------------------------------------------------------------------
                                           3122.053467   slack (MET)


Startpoint: _232_ (rising edge-triggered flip-flop clocked by clk_i)
Endpoint: _265_ (rising edge-triggered flip-flop clocked by clk_i)
Path Group: clk_i
Path Type: max

Fanout         Cap        Slew       Delay        Time   Description
---------------------------------------------------------------------------------------------
                                  0.000000    0.000000   clock clk_i (rise edge)
                                  0.000000    0.000000   clock source latency
    44    0.110228    0.497575    0.343619    0.343619 ^ clk_i (in)
                                                         clk_i (net)
                      0.497579    0.000000    0.343619 ^ _232_/CLK (sky130_fd_sc_hd__dfrtp_2)
    11    0.077931    0.202574    0.666150    1.009769 v _232_/Q (sky130_fd_sc_hd__dfrtp_2)
                                                         num_i_bar[2] (net)
                      0.202599    0.002252    1.012021 v _142_/B (sky130_fd_sc_hd__or2_2)
     1    0.002578    0.053740    0.327103    1.339124 v _142_/X (sky130_fd_sc_hd__or2_2)
                                                         _058_ (net)
                      0.053740    0.000005    1.339129 v _144_/B2 (sky130_fd_sc_hd__a221o_2)
     1    0.003181    0.054781    0.352608    1.691737 v _144_/X (sky130_fd_sc_hd__a221o_2)
                                                         _060_ (net)
                      0.054781    0.000012    1.691749 v _145_/C1 (sky130_fd_sc_hd__a211o_2)
     1    0.003068    0.046856    0.262344    1.954093 v _145_/X (sky130_fd_sc_hd__a211o_2)
                                                         _061_ (net)
                      0.046856    0.000023    1.954116 v _155_/C (sky130_fd_sc_hd__and4_2)
     2    0.008519    0.053288    0.236847    2.190963 v _155_/X (sky130_fd_sc_hd__and4_2)
                                                         _071_ (net)
                      0.053288    0.000107    2.191070 v _159_/C (sky130_fd_sc_hd__and3_2)
    32    0.124170    0.290525    0.445064    2.636134 v _159_/X (sky130_fd_sc_hd__and3_2)
                                                         _072_ (net)
                      0.290530    0.001677    2.637811 v _220_/S (sky130_fd_sc_hd__mux2_1)
     1    0.002072    0.052178    0.386983    3.024794 v _220_/X (sky130_fd_sc_hd__mux2_1)
                                                         _037_ (net)
                      0.052178    0.000001    3.024795 v _265_/D (sky130_fd_sc_hd__dfrtp_2)
                                              3.024795   data arrival time

                               3125.000000 3125.000000   clock clk_i (rise edge)
                                  0.000000 3125.000000   clock source latency
    44    0.110228    0.497575    0.342880 3125.342773 ^ clk_i (in)
                                                         clk_i (net)
                      0.497576    0.000000 3125.342773 ^ _265_/CLK (sky130_fd_sc_hd__dfrtp_2)
                                 -0.250000 3125.092773   clock uncertainty
                                  0.000000 3125.092773   clock reconvergence pessimism
                                 -0.013875 3125.078857   library setup time
                                           3125.078857   data required time
---------------------------------------------------------------------------------------------
                                           3125.078857   data required time
                                             -3.024795   data arrival time
---------------------------------------------------------------------------------------------
                                           3122.054199   slack (MET)


Startpoint: _232_ (rising edge-triggered flip-flop clocked by clk_i)
Endpoint: _258_ (rising edge-triggered flip-flop clocked by clk_i)
Path Group: clk_i
Path Type: max

Fanout         Cap        Slew       Delay        Time   Description
---------------------------------------------------------------------------------------------
                                  0.000000    0.000000   clock clk_i (rise edge)
                                  0.000000    0.000000   clock source latency
    44    0.110228    0.497575    0.343619    0.343619 ^ clk_i (in)
                                                         clk_i (net)
                      0.497579    0.000000    0.343619 ^ _232_/CLK (sky130_fd_sc_hd__dfrtp_2)
    11    0.077931    0.202574    0.666150    1.009769 v _232_/Q (sky130_fd_sc_hd__dfrtp_2)
                                                         num_i_bar[2] (net)
                      0.202599    0.002252    1.012021 v _142_/B (sky130_fd_sc_hd__or2_2)
     1    0.002578    0.053740    0.327103    1.339124 v _142_/X (sky130_fd_sc_hd__or2_2)
                                                         _058_ (net)
                      0.053740    0.000005    1.339129 v _144_/B2 (sky130_fd_sc_hd__a221o_2)
     1    0.003181    0.054781    0.352608    1.691737 v _144_/X (sky130_fd_sc_hd__a221o_2)
                                                         _060_ (net)
                      0.054781    0.000012    1.691749 v _145_/C1 (sky130_fd_sc_hd__a211o_2)
     1    0.003068    0.046856    0.262344    1.954093 v _145_/X (sky130_fd_sc_hd__a211o_2)
                                                         _061_ (net)
                      0.046856    0.000023    1.954116 v _155_/C (sky130_fd_sc_hd__and4_2)
     2    0.008519    0.053288    0.236847    2.190963 v _155_/X (sky130_fd_sc_hd__and4_2)
                                                         _071_ (net)
                      0.053288    0.000107    2.191070 v _159_/C (sky130_fd_sc_hd__and3_2)
    32    0.124170    0.290525    0.445064    2.636134 v _159_/X (sky130_fd_sc_hd__and3_2)
                                                         _072_ (net)
                      0.290525    0.000242    2.636376 v _213_/B (sky130_fd_sc_hd__or2_2)
     1    0.002378    0.053153    0.362120    2.998496 v _213_/X (sky130_fd_sc_hd__or2_2)
                                                         _030_ (net)
                      0.053153    0.000004    2.998500 v _258_/D (sky130_fd_sc_hd__dfrtp_2)
                                              2.998500   data arrival time

                               3125.000000 3125.000000   clock clk_i (rise edge)
                                  0.000000 3125.000000   clock source latency
    44    0.110228    0.497575    0.343789 3125.343750 ^ clk_i (in)
                                                         clk_i (net)
                      0.497581    0.000000 3125.343750 ^ _258_/CLK (sky130_fd_sc_hd__dfrtp_2)
                                 -0.250000 3125.093750   clock uncertainty
                                  0.000000 3125.093750   clock reconvergence pessimism
                                 -0.014290 3125.079346   library setup time
                                           3125.079346   data required time
---------------------------------------------------------------------------------------------
                                           3125.079346   data required time
                                             -2.998500   data arrival time
---------------------------------------------------------------------------------------------
                                           3122.080811   slack (MET)


Startpoint: _234_ (rising edge-triggered flip-flop clocked by clk_i)
Endpoint: _234_ (rising edge-triggered flip-flop clocked by clk_i)
Path Group: clk_i
Path Type: max

Fanout         Cap        Slew       Delay        Time   Description
---------------------------------------------------------------------------------------------
                                  0.000000    0.000000   clock clk_i (rise edge)
                                  0.000000    0.000000   clock source latency
    44    0.110228    0.497575    0.343636    0.343636 ^ clk_i (in)
                                                         clk_i (net)
                      0.497580    0.000000    0.343636 ^ _234_/CLK (sky130_fd_sc_hd__dfrtp_2)
    10    0.032105    0.107833    0.580492    0.924128 v _234_/Q (sky130_fd_sc_hd__dfrtp_2)
                                                         rng_dp.seed_sel_i[1] (net)
                      0.107833    0.000096    0.924224 v _158_/A (sky130_fd_sc_hd__xor2_2)
     1    0.002367    0.054820    0.183629    1.107854 v _158_/X (sky130_fd_sc_hd__xor2_2)
                                                         _002_ (net)
                      0.054820    0.000005    1.107858 v _234_/D (sky130_fd_sc_hd__dfrtp_2)
                                              1.107858   data arrival time

                               3125.000000 3125.000000   clock clk_i (rise edge)
                                  0.000000 3125.000000   clock source latency
    44    0.110228    0.497575    0.343562 3125.343506 ^ clk_i (in)
                                                         clk_i (net)
                      0.497580    0.000000 3125.343506 ^ _234_/CLK (sky130_fd_sc_hd__dfrtp_2)
                                 -0.250000 3125.093506   clock uncertainty
                                  0.000000 3125.093506   clock reconvergence pessimism
                                 -0.015003 3125.078369   library setup time
                                           3125.078369   data required time
---------------------------------------------------------------------------------------------
                                           3125.078369   data required time
                                             -1.107858   data arrival time
---------------------------------------------------------------------------------------------
                                           3123.970703   slack (MET)


Startpoint: _254_ (rising edge-triggered flip-flop clocked by clk_i)
Endpoint: _270_ (rising edge-triggered flip-flop clocked by clk_i)
Path Group: clk_i
Path Type: max

Fanout         Cap        Slew       Delay        Time   Description
---------------------------------------------------------------------------------------------
                                  0.000000    0.000000   clock clk_i (rise edge)
                                  0.000000    0.000000   clock source latency
    44    0.110228    0.497575    0.343810    0.343810 ^ clk_i (in)
                                                         clk_i (net)
                      0.497581    0.000000    0.343810 ^ _254_/CLK (sky130_fd_sc_hd__dfrtp_2)
     2    0.004052    0.043544    0.500974    0.844784 v _254_/Q (sky130_fd_sc_hd__dfrtp_2)
                                                         rng_rd.wr_ff2 (net)
                      0.043544    0.000005    0.844789 v _157_/B (sky130_fd_sc_hd__and2b_2)
     1    0.002091    0.034085    0.180028    1.024817 v _157_/X (sky130_fd_sc_hd__and2b_2)
                                                         _000_ (net)
                      0.034085    0.000002    1.024819 v _270_/D (sky130_fd_sc_hd__dfrtp_2)
                                              1.024819   data arrival time

                               3125.000000 3125.000000   clock clk_i (rise edge)
                                  0.000000 3125.000000   clock source latency
    44    0.110228    0.497575    0.343789 3125.343750 ^ clk_i (in)
                                                         clk_i (net)
                      0.497581    0.000000 3125.343750 ^ _270_/CLK (sky130_fd_sc_hd__dfrtp_2)
                                 -0.250000 3125.093750   clock uncertainty
                                  0.000000 3125.093750   clock reconvergence pessimism
                                 -0.006143 3125.087646   library setup time
                                           3125.087646   data required time
---------------------------------------------------------------------------------------------
                                           3125.087646   data required time
                                             -1.024819   data arrival time
---------------------------------------------------------------------------------------------
                                           3124.062744   slack (MET)


Startpoint: _233_ (rising edge-triggered flip-flop clocked by clk_i)
Endpoint: _233_ (rising edge-triggered flip-flop clocked by clk_i)
Path Group: clk_i
Path Type: max

Fanout         Cap        Slew       Delay        Time   Description
---------------------------------------------------------------------------------------------
                                  0.000000    0.000000   clock clk_i (rise edge)
                                  0.000000    0.000000   clock source latency
    44    0.110228    0.497575    0.343968    0.343968 ^ clk_i (in)
                                                         clk_i (net)
                      0.497582    0.000000    0.343968 ^ _233_/CLK (sky130_fd_sc_hd__dfrtp_2)
     9    0.032351    0.108459    0.581056    0.925023 v _233_/Q (sky130_fd_sc_hd__dfrtp_2)
                                                         rng_dp.seed_sel_i[0] (net)
                      0.108459    0.000115    0.925139 v _115_/A (sky130_fd_sc_hd__inv_2)
     4    0.009633    0.059940    0.089255    1.014394 ^ _115_/Y (sky130_fd_sc_hd__inv_2)
                                                         _001_ (net)
                      0.059940    0.000008    1.014402 ^ _233_/D (sky130_fd_sc_hd__dfrtp_2)
                                              1.014402   data arrival time

                               3125.000000 3125.000000   clock clk_i (rise edge)
                                  0.000000 3125.000000   clock source latency
    44    0.110228    0.497575    0.344016 3125.343994 ^ clk_i (in)
                                                         clk_i (net)
                      0.497582    0.000000 3125.343994 ^ _233_/CLK (sky130_fd_sc_hd__dfrtp_2)
                                 -0.250000 3125.093994   clock uncertainty
                                  0.000000 3125.093994   clock reconvergence pessimism
                                  0.002368 3125.096191   library setup time
                                           3125.096191   data required time
---------------------------------------------------------------------------------------------
                                           3125.096191   data required time
                                             -1.014402   data arrival time
---------------------------------------------------------------------------------------------
                                           3124.081787   slack (MET)


Startpoint: _254_ (rising edge-triggered flip-flop clocked by clk_i)
Endpoint: _266_ (rising edge-triggered flip-flop clocked by clk_i)
Path Group: clk_i
Path Type: max

Fanout         Cap        Slew       Delay        Time   Description
---------------------------------------------------------------------------------------------
                                  0.000000    0.000000   clock clk_i (rise edge)
                                  0.000000    0.000000   clock source latency
    44    0.110228    0.497575    0.343810    0.343810 ^ clk_i (in)
                                                         clk_i (net)
                      0.497581    0.000000    0.343810 ^ _254_/CLK (sky130_fd_sc_hd__dfrtp_2)
     2    0.004052    0.043544    0.500974    0.844784 v _254_/Q (sky130_fd_sc_hd__dfrtp_2)
                                                         rng_rd.wr_ff2 (net)
                      0.043544    0.000000    0.844785 v _266_/D (sky130_fd_sc_hd__dfrtp_2)
                                              0.844785   data arrival time

                               3125.000000 3125.000000   clock clk_i (rise edge)
                                  0.000000 3125.000000   clock source latency
    44    0.110228    0.497575    0.343789 3125.343750 ^ clk_i (in)
                                                         clk_i (net)
                      0.497581    0.000000 3125.343750 ^ _266_/CLK (sky130_fd_sc_hd__dfrtp_2)
                                 -0.250000 3125.093750   clock uncertainty
                                  0.000000 3125.093750   clock reconvergence pessimism
                                 -0.010185 3125.083496   library setup time
                                           3125.083496   data required time
---------------------------------------------------------------------------------------------
                                           3125.083496   data required time
                                             -0.844785   data arrival time
---------------------------------------------------------------------------------------------
                                           3124.238770   slack (MET)


Startpoint: _244_ (rising edge-triggered flip-flop clocked by clk_i)
Endpoint: _254_ (rising edge-triggered flip-flop clocked by clk_i)
Path Group: clk_i
Path Type: max

Fanout         Cap        Slew       Delay        Time   Description
---------------------------------------------------------------------------------------------
                                  0.000000    0.000000   clock clk_i (rise edge)
                                  0.000000    0.000000   clock source latency
    44    0.110228    0.497575    0.343771    0.343771 ^ clk_i (in)
                                                         clk_i (net)
                      0.497581    0.000000    0.343771 ^ _244_/CLK (sky130_fd_sc_hd__dfrtp_2)
     1    0.002032    0.036704    0.489776    0.833547 v _244_/Q (sky130_fd_sc_hd__dfrtp_2)
                                                         rng_rd.wr_ff1 (net)
                      0.036704    0.000000    0.833548 v _254_/D (sky130_fd_sc_hd__dfrtp_2)
                                              0.833548   data arrival time

                               3125.000000 3125.000000   clock clk_i (rise edge)
                                  0.000000 3125.000000   clock source latency
    44    0.110228    0.497575    0.343789 3125.343750 ^ clk_i (in)
                                                         clk_i (net)
                      0.497581    0.000000 3125.343750 ^ _254_/CLK (sky130_fd_sc_hd__dfrtp_2)
                                 -0.250000 3125.093750   clock uncertainty
                                  0.000000 3125.093750   clock reconvergence pessimism
                                 -0.007262 3125.086426   library setup time
                                           3125.086426   data required time
---------------------------------------------------------------------------------------------
                                           3125.086426   data required time
                                             -0.833548   data arrival time
---------------------------------------------------------------------------------------------
                                           3124.252930   slack (MET)



%OL_END_REPORT
%OL_CREATE_REPORT checks.rpt

===========================================================================
report_checks -unconstrained
===========================================================================
======================= nom_tt_025C_1v80 Corner ===================================

Startpoint: rst_i (input port clocked by clk_i)
Endpoint: _227_ (recovery check against rising-edge clock clk_i)
Path Group: asynchronous
Path Type: max

Fanout         Cap        Slew       Delay        Time   Description
---------------------------------------------------------------------------------------------
                                  0.000000    0.000000   clock clk_i (rise edge)
                                  0.000000    0.000000   clock network delay (propagated)
                                625.000000  625.000000 ^ input external delay
    44    0.187901    0.841106    0.580656  625.580627 ^ rst_i (in)
                                                         rst_i (net)
                      0.841114    0.000000  625.580627 ^ _227_/RESET_B (sky130_fd_sc_hd__dfrtp_2)
                                            625.580627   data arrival time

                               3125.000000 3125.000000   clock clk_i (rise edge)
                                  0.000000 3125.000000   clock source latency
    44    0.110228    0.497575    0.343562 3125.343506 ^ clk_i (in)
                                                         clk_i (net)
                      0.497579    0.000000 3125.343506 ^ _227_/CLK (sky130_fd_sc_hd__dfrtp_2)
                                 -0.250000 3125.093506   clock uncertainty
                                  0.000000 3125.093506   clock reconvergence pessimism
                                  0.125994 3125.219482   library recovery time
                                           3125.219482   data required time
---------------------------------------------------------------------------------------------
                                           3125.219482   data required time
                                           -625.580627   data arrival time
---------------------------------------------------------------------------------------------
                                           2499.638672   slack (MET)


Startpoint: _255_ (rising edge-triggered flip-flop clocked by clk_i)
Endpoint: num_to_send_o[0] (output port clocked by clk_i)
Path Group: clk_i
Path Type: max

Fanout         Cap        Slew       Delay        Time   Description
---------------------------------------------------------------------------------------------
                                  0.000000    0.000000   clock clk_i (rise edge)
                                  0.000000    0.000000   clock source latency
    44    0.110228    0.497575    0.343833    0.343833 ^ clk_i (in)
                                                         clk_i (net)
                      0.497581    0.000000    0.343833 ^ _255_/CLK (sky130_fd_sc_hd__dfrtp_2)
     5    0.046833    0.228018    0.610105    0.953938 ^ _255_/Q (sky130_fd_sc_hd__dfrtp_2)
                                                         num_to_send_o[0] (net)
                      0.228018    0.000296    0.954234 ^ num_to_send_o[0] (out)
                                              0.954234   data arrival time

                               3125.000000 3125.000000   clock clk_i (rise edge)
                                  0.000000 3125.000000   clock network delay (propagated)
                                 -0.250000 3124.750000   clock uncertainty
                                  0.000000 3124.750000   clock reconvergence pessimism
                               -625.000000 2499.750000   output external delay
                                           2499.750000   data required time
---------------------------------------------------------------------------------------------
                                           2499.750000   data required time
                                             -0.954234   data arrival time
---------------------------------------------------------------------------------------------
                                           2498.795654   slack (MET)




===========================================================================
report_checks --slack_max -0.01
============================================================================
======================= nom_tt_025C_1v80 Corner ===================================

No paths found.


===========================================================================
 report_check_types -max_slew -max_cap -max_fanout -violators
============================================================================
======================= nom_tt_025C_1v80 Corner ===================================

max slew

Pin                                        Limit        Slew       Slack
------------------------------------------------------------------------
_233_/RESET_B                           0.750000    0.841119   -0.091119 (VIOLATED)
_268_/RESET_B                           0.750000    0.841119   -0.091119 (VIOLATED)
_269_/RESET_B                           0.750000    0.841119   -0.091119 (VIOLATED)
_267_/RESET_B                           0.750000    0.841118   -0.091118 (VIOLATED)
_230_/RESET_B                           0.750000    0.841118   -0.091118 (VIOLATED)
_255_/RESET_B                           0.750000    0.841117   -0.091117 (VIOLATED)
_270_/RESET_B                           0.750000    0.841117   -0.091117 (VIOLATED)
_251_/RESET_B                           0.750000    0.841117   -0.091117 (VIOLATED)
_266_/RESET_B                           0.750000    0.841117   -0.091117 (VIOLATED)
_254_/RESET_B                           0.750000    0.841117   -0.091117 (VIOLATED)
_260_/RESET_B                           0.750000    0.841116   -0.091117 (VIOLATED)
_244_/RESET_B                           0.750000    0.841116   -0.091116 (VIOLATED)
_258_/RESET_B                           0.750000    0.841116   -0.091116 (VIOLATED)
_259_/RESET_B                           0.750000    0.841116   -0.091116 (VIOLATED)
_249_/RESET_B                           0.750000    0.841115   -0.091115 (VIOLATED)
_252_/RESET_B                           0.750000    0.841115   -0.091115 (VIOLATED)
_256_/RESET_B                           0.750000    0.841115   -0.091115 (VIOLATED)
_234_/RESET_B                           0.750000    0.841114   -0.091114 (VIOLATED)
_231_/RESET_B                           0.750000    0.841114   -0.091114 (VIOLATED)
_232_/RESET_B                           0.750000    0.841114   -0.091114 (VIOLATED)
_227_/RESET_B                           0.750000    0.841114   -0.091114 (VIOLATED)
_228_/RESET_B                           0.750000    0.841114   -0.091114 (VIOLATED)
_235_/RESET_B                           0.750000    0.841113   -0.091113 (VIOLATED)
_257_/RESET_B                           0.750000    0.841113   -0.091113 (VIOLATED)
_238_/RESET_B                           0.750000    0.841112   -0.091113 (VIOLATED)
_248_/RESET_B                           0.750000    0.841112   -0.091112 (VIOLATED)
_245_/RESET_B                           0.750000    0.841112   -0.091112 (VIOLATED)
_241_/RESET_B                           0.750000    0.841112   -0.091112 (VIOLATED)
_253_/RESET_B                           0.750000    0.841112   -0.091112 (VIOLATED)
_261_/RESET_B                           0.750000    0.841111   -0.091111 (VIOLATED)
_246_/RESET_B                           0.750000    0.841110   -0.091110 (VIOLATED)
_250_/RESET_B                           0.750000    0.841109   -0.091109 (VIOLATED)
_236_/RESET_B                           0.750000    0.841109   -0.091109 (VIOLATED)
_265_/RESET_B                           0.750000    0.841109   -0.091109 (VIOLATED)
_264_/RESET_B                           0.750000    0.841109   -0.091109 (VIOLATED)
_229_/RESET_B                           0.750000    0.841108   -0.091108 (VIOLATED)
_237_/RESET_B                           0.750000    0.841108   -0.091108 (VIOLATED)
_239_/RESET_B                           0.750000    0.841108   -0.091108 (VIOLATED)
_263_/RESET_B                           0.750000    0.841108   -0.091108 (VIOLATED)
_262_/RESET_B                           0.750000    0.841108   -0.091108 (VIOLATED)
_240_/RESET_B                           0.750000    0.841107   -0.091107 (VIOLATED)
_243_/RESET_B                           0.750000    0.841107   -0.091107 (VIOLATED)
rst_i                                   0.750000    0.841106   -0.091106 (VIOLATED)
_242_/RESET_B                           0.750000    0.841106   -0.091106 (VIOLATED)
_247_/RESET_B                           0.750000    0.841106   -0.091106 (VIOLATED)

max fanout

Pin                                   Limit Fanout  Slack
---------------------------------------------------------
clk_i                                    10     44    -34 (VIOLATED)
rst_i                                    10     44    -34 (VIOLATED)
_159_/X                                  10     32    -22 (VIOLATED)
_116_/Y                                  10     16     -6 (VIOLATED)
_232_/Q                                  10     11        (VIOLATED)



===========================================================================
report_parasitic_annotation -report_unannotated
============================================================================
Found 0 unannotated drivers.
Found 0 partially unannotated drivers.

===========================================================================
max slew violation count 45
Writing metric design__max_slew_violation__count__corner:nom_tt_025C_1v80: 45
max fanout violation count 5
Writing metric design__max_fanout_violation__count__corner:nom_tt_025C_1v80: 5
max cap violation count 0
Writing metric design__max_cap_violation__count__corner:nom_tt_025C_1v80: 0
============================================================================

===========================================================================
check_setup -verbose -unconstrained_endpoints -multiple_clock -no_clock -no_input_delay -loops -generated_clocks
===========================================================================
Warning: There is 1 combinational loop in the design.
  _156_/Y
  _119_/B
  _119_/X
  _120_/A
  _120_/Y
  _156_/B1
  | loop cut point
  _156_/Y
  --------------------------------
%OL_END_REPORT
%OL_CREATE_REPORT power.rpt

===========================================================================
 report_power
============================================================================
======================= nom_tt_025C_1v80 Corner ===================================

Group                    Internal    Switching      Leakage        Total
                            Power        Power        Power        Power (Watts)
------------------------------------------------------------------------
Sequential           8.650297e-07 3.487781e-07 4.542326e-10 1.214262e-06  48.3%
Combinational        8.157669e-07 4.843358e-07 4.198392e-10 1.300523e-06  51.7%
Clock                0.000000e+00 0.000000e+00 1.490417e-10 1.490417e-10   0.0%
Macro                0.000000e+00 0.000000e+00 0.000000e+00 0.000000e+00   0.0%
Pad                  0.000000e+00 0.000000e+00 0.000000e+00 0.000000e+00   0.0%
------------------------------------------------------------------------
Total                1.680797e-06 8.331137e-07 1.023114e-09 2.514934e-06 100.0%
                            66.8%        33.1%         0.0%
Writing metric power__internal__total: 1.6807969132059952e-6
Writing metric power__switching__total: 8.331136882588908e-7
Writing metric power__leakage__total: 1.0231141489569495e-9
Writing metric power__total: 2.5149338398477994e-6

%OL_END_REPORT
%OL_CREATE_REPORT skew.min.rpt

===========================================================================
Clock Skew (Hold)
============================================================================
Writing metric clock__skew__worst_hold__corner:nom_tt_025C_1v80: -0.25131811232326495
======================= nom_tt_025C_1v80 Corner ===================================

Clock clk_i
0.342638 source latency _243_/CLK ^
-0.343956 target latency _269_/CLK ^
-0.250000 clock uncertainty
0.000000 CRPR
--------------
-0.251318 hold skew

%OL_END_REPORT
%OL_CREATE_REPORT skew.max.rpt

===========================================================================
Clock Skew (Setup)
============================================================================
Writing metric clock__skew__worst_setup__corner:nom_tt_025C_1v80: 0.2512512768952923
======================= nom_tt_025C_1v80 Corner ===================================

Clock clk_i
0.343889 source latency _230_/CLK ^
-0.342638 target latency _243_/CLK ^
0.250000 clock uncertainty
0.000000 CRPR
--------------
0.251251 setup skew

%OL_END_REPORT
%OL_CREATE_REPORT ws.min.rpt

===========================================================================
Worst Slack (Hold)
============================================================================
Writing metric timing__hold__ws__corner:nom_tt_025C_1v80: 0.16711260626083646
nom_tt_025C_1v80: 0.16711260626083646
%OL_END_REPORT
%OL_CREATE_REPORT ws.max.rpt

===========================================================================
Worst Slack (Setup)
============================================================================
Writing metric timing__setup__ws__corner:nom_tt_025C_1v80: 2498.795609156631
nom_tt_025C_1v80: 2498.795609156631
%OL_END_REPORT
%OL_CREATE_REPORT tns.min.rpt

===========================================================================
Total Negative Slack (Hold)
============================================================================
Writing metric timing__hold__tns__corner:nom_tt_025C_1v80: 0.0
nom_tt_025C_1v80: 0.0
%OL_END_REPORT
%OL_CREATE_REPORT tns.max.rpt

===========================================================================
Total Negative Slack (Setup)
============================================================================
Writing metric timing__setup__tns__corner:nom_tt_025C_1v80: 0.0
nom_tt_025C_1v80: 0.0
%OL_END_REPORT
%OL_CREATE_REPORT wns.min.rpt

===========================================================================
Worst Negative Slack (Hold)
============================================================================
Writing metric timing__hold__wns__corner:nom_tt_025C_1v80: 0
nom_tt_025C_1v80: 0
%OL_END_REPORT
%OL_CREATE_REPORT wns.max.rpt

===========================================================================
Worst Negative Slack (Setup)
============================================================================
Writing metric timing__setup__wns__corner:nom_tt_025C_1v80: 0.0
nom_tt_025C_1v80: 0.0
%OL_END_REPORT
%OL_CREATE_REPORT violator_list.rpt

===========================================================================
Violator List
============================================================================
Writing metric timing__hold_vio__count__corner:nom_tt_025C_1v80: 0
Writing metric timing__hold_r2r__ws__corner:nom_tt_025C_1v80: 0.167113
Writing metric timing__hold_r2r_vio__count__corner:nom_tt_025C_1v80: 0
Writing metric timing__setup_vio__count__corner:nom_tt_025C_1v80: 0
Writing metric timing__setup_r2r__ws__corner:nom_tt_025C_1v80: 3122.049805
Writing metric timing__setup_r2r_vio__count__corner:nom_tt_025C_1v80: 0
%OL_END_REPORT
%OL_CREATE_REPORT unpropagated.rpt
%OL_END_REPORT
%OL_CREATE_REPORT clock.rpt
Clock: clk_i
Sources: clk_i 
Generated: no
Virtual: yes
Propagated: no
Period: 3125.000000

===========================================================================
report_clock_properties
============================================================================
Clock                   Period          Waveform
----------------------------------------------------
clk_i               3125.000000    0.0000001562.500000

===========================================================================
report_clock_latency
============================================================================
Clock clk_i
rise -> rise
    min     max
0.000000 0.000000 source latency
0.342638         network latency _243_/CLK
        0.343968 network latency _233_/CLK
---------------
0.342638 0.343968 latency
        0.001330 skew

fall -> fall
    min     max
0.000000 0.000000 source latency
0.166438         network latency _243_/CLK
        0.167688 network latency _233_/CLK
---------------
0.166438 0.167688 latency
        0.001251 skew



===========================================================================
report_clock_min_period
============================================================================
clk_i period_min = 2.95 fmax = 338.96
%OL_END_REPORT
