
===========================================================================
report_checks -path_delay min (Hold)
============================================================================
======================= nom_ff_n40C_1v95 Corner ===================================

Startpoint: _244_ (rising edge-triggered flip-flop clocked by clk_i)
Endpoint: _254_ (rising edge-triggered flip-flop clocked by clk_i)
Path Group: clk_i
Path Type: min

Fanout         Cap        Slew       Delay        Time   Description
---------------------------------------------------------------------------------------------
                      0.150000    0.000000    0.000000   clock clk_i (rise edge)
                                  0.000000    0.000000   clock network delay (ideal)
                      0.150000    0.000000    0.000000 ^ _244_/CLK (sky130_fd_sc_hd__dfrtp_2)
     1    0.002087    0.024143    0.232084    0.232084 ^ _244_/Q (sky130_fd_sc_hd__dfrtp_2)
                                                         rng_rd.wr_ff1 (net)
                      0.024143    0.000000    0.232084 ^ _254_/D (sky130_fd_sc_hd__dfrtp_2)
                                              0.232084   data arrival time

                      0.150000    0.000000    0.000000   clock clk_i (rise edge)
                                  0.000000    0.000000   clock network delay (ideal)
                                  0.250000    0.250000   clock uncertainty
                                  0.000000    0.250000   clock reconvergence pessimism
                                              0.250000 ^ _254_/CLK (sky130_fd_sc_hd__dfrtp_2)
                                 -0.016111    0.233889   library hold time
                                              0.233889   data required time
---------------------------------------------------------------------------------------------
                                              0.233889   data required time
                                             -0.232084   data arrival time
---------------------------------------------------------------------------------------------
                                             -0.001805   slack (VIOLATED)


Startpoint: _254_ (rising edge-triggered flip-flop clocked by clk_i)
Endpoint: _266_ (rising edge-triggered flip-flop clocked by clk_i)
Path Group: clk_i
Path Type: min

Fanout         Cap        Slew       Delay        Time   Description
---------------------------------------------------------------------------------------------
                      0.150000    0.000000    0.000000   clock clk_i (rise edge)
                                  0.000000    0.000000   clock network delay (ideal)
                      0.150000    0.000000    0.000000 ^ _254_/CLK (sky130_fd_sc_hd__dfrtp_2)
     2    0.003873    0.030295    0.238986    0.238986 ^ _254_/Q (sky130_fd_sc_hd__dfrtp_2)
                                                         rng_rd.wr_ff2 (net)
                      0.030295    0.000000    0.238986 ^ _266_/D (sky130_fd_sc_hd__dfrtp_2)
                                              0.238986   data arrival time

                      0.150000    0.000000    0.000000   clock clk_i (rise edge)
                                  0.000000    0.000000   clock network delay (ideal)
                                  0.250000    0.250000   clock uncertainty
                                  0.000000    0.250000   clock reconvergence pessimism
                                              0.250000 ^ _266_/CLK (sky130_fd_sc_hd__dfrtp_2)
                                 -0.016555    0.233445   library hold time
                                              0.233445   data required time
---------------------------------------------------------------------------------------------
                                              0.233445   data required time
                                             -0.238986   data arrival time
---------------------------------------------------------------------------------------------
                                              0.005541   slack (MET)


Startpoint: _254_ (rising edge-triggered flip-flop clocked by clk_i)
Endpoint: _270_ (rising edge-triggered flip-flop clocked by clk_i)
Path Group: clk_i
Path Type: min

Fanout         Cap        Slew       Delay        Time   Description
---------------------------------------------------------------------------------------------
                      0.150000    0.000000    0.000000   clock clk_i (rise edge)
                                  0.000000    0.000000   clock network delay (ideal)
                      0.150000    0.000000    0.000000 ^ _254_/CLK (sky130_fd_sc_hd__dfrtp_2)
     2    0.003873    0.030295    0.238986    0.238986 ^ _254_/Q (sky130_fd_sc_hd__dfrtp_2)
                                                         rng_rd.wr_ff2 (net)
                      0.030295    0.000000    0.238986 ^ _157_/B (sky130_fd_sc_hd__and2b_2)
     1    0.002087    0.021521    0.075940    0.314926 ^ _157_/X (sky130_fd_sc_hd__and2b_2)
                                                         _000_ (net)
                      0.021521    0.000000    0.314926 ^ _270_/D (sky130_fd_sc_hd__dfrtp_2)
                                              0.314926   data arrival time

                      0.150000    0.000000    0.000000   clock clk_i (rise edge)
                                  0.000000    0.000000   clock network delay (ideal)
                                  0.250000    0.250000   clock uncertainty
                                  0.000000    0.250000   clock reconvergence pessimism
                                              0.250000 ^ _270_/CLK (sky130_fd_sc_hd__dfrtp_2)
                                 -0.015922    0.234078   library hold time
                                              0.234078   data required time
---------------------------------------------------------------------------------------------
                                              0.234078   data required time
                                             -0.314926   data arrival time
---------------------------------------------------------------------------------------------
                                              0.080849   slack (MET)


Startpoint: _265_ (rising edge-triggered flip-flop clocked by clk_i)
Endpoint: _265_ (rising edge-triggered flip-flop clocked by clk_i)
Path Group: clk_i
Path Type: min

Fanout         Cap        Slew       Delay        Time   Description
---------------------------------------------------------------------------------------------
                      0.150000    0.000000    0.000000   clock clk_i (rise edge)
                                  0.000000    0.000000   clock network delay (ideal)
                      0.150000    0.000000    0.000000 ^ _265_/CLK (sky130_fd_sc_hd__dfrtp_2)
     2    0.006276    0.038189    0.246797    0.246797 ^ _265_/Q (sky130_fd_sc_hd__dfrtp_2)
                                                         rng_rd.vld[7] (net)
                      0.038189    0.000000    0.246797 ^ _220_/A0 (sky130_fd_sc_hd__mux2_1)
     1    0.002087    0.025482    0.069613    0.316410 ^ _220_/X (sky130_fd_sc_hd__mux2_1)
                                                         _037_ (net)
                      0.025482    0.000000    0.316410 ^ _265_/D (sky130_fd_sc_hd__dfrtp_2)
                                              0.316410   data arrival time

                      0.150000    0.000000    0.000000   clock clk_i (rise edge)
                                  0.000000    0.000000   clock network delay (ideal)
                                  0.250000    0.250000   clock uncertainty
                                  0.000000    0.250000   clock reconvergence pessimism
                                              0.250000 ^ _265_/CLK (sky130_fd_sc_hd__dfrtp_2)
                                 -0.016208    0.233792   library hold time
                                              0.233792   data required time
---------------------------------------------------------------------------------------------
                                              0.233792   data required time
                                             -0.316410   data arrival time
---------------------------------------------------------------------------------------------
                                              0.082618   slack (MET)


Startpoint: _258_ (rising edge-triggered flip-flop clocked by clk_i)
Endpoint: _258_ (rising edge-triggered flip-flop clocked by clk_i)
Path Group: clk_i
Path Type: min

Fanout         Cap        Slew       Delay        Time   Description
---------------------------------------------------------------------------------------------
                      0.150000    0.000000    0.000000   clock clk_i (rise edge)
                                  0.000000    0.000000   clock network delay (ideal)
                      0.150000    0.000000    0.000000 ^ _258_/CLK (sky130_fd_sc_hd__dfrtp_2)
     3    0.008390    0.044942    0.252937    0.252937 ^ _258_/Q (sky130_fd_sc_hd__dfrtp_2)
                                                         rng_rd.vld[0] (net)
                      0.044942    0.000000    0.252937 ^ _213_/A (sky130_fd_sc_hd__or2_2)
     1    0.002087    0.018976    0.064708    0.317645 ^ _213_/X (sky130_fd_sc_hd__or2_2)
                                                         _030_ (net)
                      0.018976    0.000000    0.317645 ^ _258_/D (sky130_fd_sc_hd__dfrtp_2)
                                              0.317645   data arrival time

                      0.150000    0.000000    0.000000   clock clk_i (rise edge)
                                  0.000000    0.000000   clock network delay (ideal)
                                  0.250000    0.250000   clock uncertainty
                                  0.000000    0.250000   clock reconvergence pessimism
                                              0.250000 ^ _258_/CLK (sky130_fd_sc_hd__dfrtp_2)
                                 -0.015739    0.234261   library hold time
                                              0.234261   data required time
---------------------------------------------------------------------------------------------
                                              0.234261   data required time
                                             -0.317645   data arrival time
---------------------------------------------------------------------------------------------
                                              0.083384   slack (MET)


Startpoint: _235_ (rising edge-triggered flip-flop clocked by clk_i)
Endpoint: _235_ (rising edge-triggered flip-flop clocked by clk_i)
Path Group: clk_i
Path Type: min

Fanout         Cap        Slew       Delay        Time   Description
---------------------------------------------------------------------------------------------
                      0.150000    0.000000    0.000000   clock clk_i (rise edge)
                                  0.000000    0.000000   clock network delay (ideal)
                      0.150000    0.000000    0.000000 ^ _235_/CLK (sky130_fd_sc_hd__dfrtp_2)
     4    0.008188    0.044297    0.252350    0.252350 ^ _235_/Q (sky130_fd_sc_hd__dfrtp_2)
                                                         rng_rd.mem[6][0] (net)
                      0.044297    0.000000    0.252350 ^ _192_/A0 (sky130_fd_sc_hd__mux2_1)
     1    0.002087    0.025477    0.071325    0.323675 ^ _192_/X (sky130_fd_sc_hd__mux2_1)
                                                         _009_ (net)
                      0.025477    0.000000    0.323675 ^ _235_/D (sky130_fd_sc_hd__dfrtp_2)
                                              0.323675   data arrival time

                      0.150000    0.000000    0.000000   clock clk_i (rise edge)
                                  0.000000    0.000000   clock network delay (ideal)
                                  0.250000    0.250000   clock uncertainty
                                  0.000000    0.250000   clock reconvergence pessimism
                                              0.250000 ^ _235_/CLK (sky130_fd_sc_hd__dfrtp_2)
                                 -0.016207    0.233793   library hold time
                                              0.233793   data required time
---------------------------------------------------------------------------------------------
                                              0.233793   data required time
                                             -0.323675   data arrival time
---------------------------------------------------------------------------------------------
                                              0.089883   slack (MET)


Startpoint: _241_ (rising edge-triggered flip-flop clocked by clk_i)
Endpoint: _241_ (rising edge-triggered flip-flop clocked by clk_i)
Path Group: clk_i
Path Type: min

Fanout         Cap        Slew       Delay        Time   Description
---------------------------------------------------------------------------------------------
                      0.150000    0.000000    0.000000   clock clk_i (rise edge)
                                  0.000000    0.000000   clock network delay (ideal)
                      0.150000    0.000000    0.000000 ^ _241_/CLK (sky130_fd_sc_hd__dfrtp_2)
     4    0.008188    0.044297    0.252350    0.252350 ^ _241_/Q (sky130_fd_sc_hd__dfrtp_2)
                                                         rng_rd.mem[4][0] (net)
                      0.044297    0.000000    0.252350 ^ _198_/A0 (sky130_fd_sc_hd__mux2_1)
     1    0.002087    0.025477    0.071325    0.323675 ^ _198_/X (sky130_fd_sc_hd__mux2_1)
                                                         _015_ (net)
                      0.025477    0.000000    0.323675 ^ _241_/D (sky130_fd_sc_hd__dfrtp_2)
                                              0.323675   data arrival time

                      0.150000    0.000000    0.000000   clock clk_i (rise edge)
                                  0.000000    0.000000   clock network delay (ideal)
                                  0.250000    0.250000   clock uncertainty
                                  0.000000    0.250000   clock reconvergence pessimism
                                              0.250000 ^ _241_/CLK (sky130_fd_sc_hd__dfrtp_2)
                                 -0.016207    0.233793   library hold time
                                              0.233793   data required time
---------------------------------------------------------------------------------------------
                                              0.233793   data required time
                                             -0.323675   data arrival time
---------------------------------------------------------------------------------------------
                                              0.089883   slack (MET)


Startpoint: _248_ (rising edge-triggered flip-flop clocked by clk_i)
Endpoint: _248_ (rising edge-triggered flip-flop clocked by clk_i)
Path Group: clk_i
Path Type: min

Fanout         Cap        Slew       Delay        Time   Description
---------------------------------------------------------------------------------------------
                      0.150000    0.000000    0.000000   clock clk_i (rise edge)
                                  0.000000    0.000000   clock network delay (ideal)
                      0.150000    0.000000    0.000000 ^ _248_/CLK (sky130_fd_sc_hd__dfrtp_2)
     4    0.008188    0.044297    0.252350    0.252350 ^ _248_/Q (sky130_fd_sc_hd__dfrtp_2)
                                                         rng_rd.mem[2][0] (net)
                      0.044297    0.000000    0.252350 ^ _204_/A0 (sky130_fd_sc_hd__mux2_1)
     1    0.002087    0.025477    0.071325    0.323675 ^ _204_/X (sky130_fd_sc_hd__mux2_1)
                                                         _021_ (net)
                      0.025477    0.000000    0.323675 ^ _248_/D (sky130_fd_sc_hd__dfrtp_2)
                                              0.323675   data arrival time

                      0.150000    0.000000    0.000000   clock clk_i (rise edge)
                                  0.000000    0.000000   clock network delay (ideal)
                                  0.250000    0.250000   clock uncertainty
                                  0.000000    0.250000   clock reconvergence pessimism
                                              0.250000 ^ _248_/CLK (sky130_fd_sc_hd__dfrtp_2)
                                 -0.016207    0.233793   library hold time
                                              0.233793   data required time
---------------------------------------------------------------------------------------------
                                              0.233793   data required time
                                             -0.323675   data arrival time
---------------------------------------------------------------------------------------------
                                              0.089883   slack (MET)


Startpoint: _259_ (rising edge-triggered flip-flop clocked by clk_i)
Endpoint: _259_ (rising edge-triggered flip-flop clocked by clk_i)
Path Group: clk_i
Path Type: min

Fanout         Cap        Slew       Delay        Time   Description
---------------------------------------------------------------------------------------------
                      0.150000    0.000000    0.000000   clock clk_i (rise edge)
                                  0.000000    0.000000   clock network delay (ideal)
                      0.150000    0.000000    0.000000 ^ _259_/CLK (sky130_fd_sc_hd__dfrtp_2)
     3    0.008345    0.044799    0.252806    0.252806 ^ _259_/Q (sky130_fd_sc_hd__dfrtp_2)
                                                         rng_rd.vld[1] (net)
                      0.044799    0.000000    0.252806 ^ _214_/A0 (sky130_fd_sc_hd__mux2_1)
     1    0.002087    0.025477    0.071466    0.324272 ^ _214_/X (sky130_fd_sc_hd__mux2_1)
                                                         _031_ (net)
                      0.025477    0.000000    0.324272 ^ _259_/D (sky130_fd_sc_hd__dfrtp_2)
                                              0.324272   data arrival time

                      0.150000    0.000000    0.000000   clock clk_i (rise edge)
                                  0.000000    0.000000   clock network delay (ideal)
                                  0.250000    0.250000   clock uncertainty
                                  0.000000    0.250000   clock reconvergence pessimism
                                              0.250000 ^ _259_/CLK (sky130_fd_sc_hd__dfrtp_2)
                                 -0.016207    0.233793   library hold time
                                              0.233793   data required time
---------------------------------------------------------------------------------------------
                                              0.233793   data required time
                                             -0.324272   data arrival time
---------------------------------------------------------------------------------------------
                                              0.090479   slack (MET)


Startpoint: _260_ (rising edge-triggered flip-flop clocked by clk_i)
Endpoint: _260_ (rising edge-triggered flip-flop clocked by clk_i)
Path Group: clk_i
Path Type: min

Fanout         Cap        Slew       Delay        Time   Description
---------------------------------------------------------------------------------------------
                      0.150000    0.000000    0.000000   clock clk_i (rise edge)
                                  0.000000    0.000000   clock network delay (ideal)
                      0.150000    0.000000    0.000000 ^ _260_/CLK (sky130_fd_sc_hd__dfrtp_2)
     3    0.008345    0.044799    0.252806    0.252806 ^ _260_/Q (sky130_fd_sc_hd__dfrtp_2)
                                                         rng_rd.vld[2] (net)
                      0.044799    0.000000    0.252806 ^ _215_/A0 (sky130_fd_sc_hd__mux2_1)
     1    0.002087    0.025477    0.071466    0.324272 ^ _215_/X (sky130_fd_sc_hd__mux2_1)
                                                         _032_ (net)
                      0.025477    0.000000    0.324272 ^ _260_/D (sky130_fd_sc_hd__dfrtp_2)
                                              0.324272   data arrival time

                      0.150000    0.000000    0.000000   clock clk_i (rise edge)
                                  0.000000    0.000000   clock network delay (ideal)
                                  0.250000    0.250000   clock uncertainty
                                  0.000000    0.250000   clock reconvergence pessimism
                                              0.250000 ^ _260_/CLK (sky130_fd_sc_hd__dfrtp_2)
                                 -0.016207    0.233793   library hold time
                                              0.233793   data required time
---------------------------------------------------------------------------------------------
                                              0.233793   data required time
                                             -0.324272   data arrival time
---------------------------------------------------------------------------------------------
                                              0.090479   slack (MET)


Startpoint: _261_ (rising edge-triggered flip-flop clocked by clk_i)
Endpoint: _261_ (rising edge-triggered flip-flop clocked by clk_i)
Path Group: clk_i
Path Type: min

Fanout         Cap        Slew       Delay        Time   Description
---------------------------------------------------------------------------------------------
                      0.150000    0.000000    0.000000   clock clk_i (rise edge)
                                  0.000000    0.000000   clock network delay (ideal)
                      0.150000    0.000000    0.000000 ^ _261_/CLK (sky130_fd_sc_hd__dfrtp_2)
     3    0.008345    0.044799    0.252806    0.252806 ^ _261_/Q (sky130_fd_sc_hd__dfrtp_2)
                                                         rng_rd.vld[3] (net)
                      0.044799    0.000000    0.252806 ^ _216_/A0 (sky130_fd_sc_hd__mux2_1)
     1    0.002087    0.025477    0.071466    0.324272 ^ _216_/X (sky130_fd_sc_hd__mux2_1)
                                                         _033_ (net)
                      0.025477    0.000000    0.324272 ^ _261_/D (sky130_fd_sc_hd__dfrtp_2)
                                              0.324272   data arrival time

                      0.150000    0.000000    0.000000   clock clk_i (rise edge)
                                  0.000000    0.000000   clock network delay (ideal)
                                  0.250000    0.250000   clock uncertainty
                                  0.000000    0.250000   clock reconvergence pessimism
                                              0.250000 ^ _261_/CLK (sky130_fd_sc_hd__dfrtp_2)
                                 -0.016207    0.233793   library hold time
                                              0.233793   data required time
---------------------------------------------------------------------------------------------
                                              0.233793   data required time
                                             -0.324272   data arrival time
---------------------------------------------------------------------------------------------
                                              0.090479   slack (MET)


Startpoint: _262_ (rising edge-triggered flip-flop clocked by clk_i)
Endpoint: _262_ (rising edge-triggered flip-flop clocked by clk_i)
Path Group: clk_i
Path Type: min

Fanout         Cap        Slew       Delay        Time   Description
---------------------------------------------------------------------------------------------
                      0.150000    0.000000    0.000000   clock clk_i (rise edge)
                                  0.000000    0.000000   clock network delay (ideal)
                      0.150000    0.000000    0.000000 ^ _262_/CLK (sky130_fd_sc_hd__dfrtp_2)
     3    0.008345    0.044799    0.252806    0.252806 ^ _262_/Q (sky130_fd_sc_hd__dfrtp_2)
                                                         rng_rd.vld[4] (net)
                      0.044799    0.000000    0.252806 ^ _217_/A0 (sky130_fd_sc_hd__mux2_1)
     1    0.002087    0.025477    0.071466    0.324272 ^ _217_/X (sky130_fd_sc_hd__mux2_1)
                                                         _034_ (net)
                      0.025477    0.000000    0.324272 ^ _262_/D (sky130_fd_sc_hd__dfrtp_2)
                                              0.324272   data arrival time

                      0.150000    0.000000    0.000000   clock clk_i (rise edge)
                                  0.000000    0.000000   clock network delay (ideal)
                                  0.250000    0.250000   clock uncertainty
                                  0.000000    0.250000   clock reconvergence pessimism
                                              0.250000 ^ _262_/CLK (sky130_fd_sc_hd__dfrtp_2)
                                 -0.016207    0.233793   library hold time
                                              0.233793   data required time
---------------------------------------------------------------------------------------------
                                              0.233793   data required time
                                             -0.324272   data arrival time
---------------------------------------------------------------------------------------------
                                              0.090479   slack (MET)


Startpoint: _263_ (rising edge-triggered flip-flop clocked by clk_i)
Endpoint: _263_ (rising edge-triggered flip-flop clocked by clk_i)
Path Group: clk_i
Path Type: min

Fanout         Cap        Slew       Delay        Time   Description
---------------------------------------------------------------------------------------------
                      0.150000    0.000000    0.000000   clock clk_i (rise edge)
                                  0.000000    0.000000   clock network delay (ideal)
                      0.150000    0.000000    0.000000 ^ _263_/CLK (sky130_fd_sc_hd__dfrtp_2)
     3    0.008345    0.044799    0.252806    0.252806 ^ _263_/Q (sky130_fd_sc_hd__dfrtp_2)
                                                         rng_rd.vld[5] (net)
                      0.044799    0.000000    0.252806 ^ _218_/A0 (sky130_fd_sc_hd__mux2_1)
     1    0.002087    0.025477    0.071466    0.324272 ^ _218_/X (sky130_fd_sc_hd__mux2_1)
                                                         _035_ (net)
                      0.025477    0.000000    0.324272 ^ _263_/D (sky130_fd_sc_hd__dfrtp_2)
                                              0.324272   data arrival time

                      0.150000    0.000000    0.000000   clock clk_i (rise edge)
                                  0.000000    0.000000   clock network delay (ideal)
                                  0.250000    0.250000   clock uncertainty
                                  0.000000    0.250000   clock reconvergence pessimism
                                              0.250000 ^ _263_/CLK (sky130_fd_sc_hd__dfrtp_2)
                                 -0.016207    0.233793   library hold time
                                              0.233793   data required time
---------------------------------------------------------------------------------------------
                                              0.233793   data required time
                                             -0.324272   data arrival time
---------------------------------------------------------------------------------------------
                                              0.090479   slack (MET)


Startpoint: _264_ (rising edge-triggered flip-flop clocked by clk_i)
Endpoint: _264_ (rising edge-triggered flip-flop clocked by clk_i)
Path Group: clk_i
Path Type: min

Fanout         Cap        Slew       Delay        Time   Description
---------------------------------------------------------------------------------------------
                      0.150000    0.000000    0.000000   clock clk_i (rise edge)
                                  0.000000    0.000000   clock network delay (ideal)
                      0.150000    0.000000    0.000000 ^ _264_/CLK (sky130_fd_sc_hd__dfrtp_2)
     3    0.008345    0.044799    0.252806    0.252806 ^ _264_/Q (sky130_fd_sc_hd__dfrtp_2)
                                                         rng_rd.vld[6] (net)
                      0.044799    0.000000    0.252806 ^ _219_/A0 (sky130_fd_sc_hd__mux2_1)
     1    0.002087    0.025477    0.071466    0.324272 ^ _219_/X (sky130_fd_sc_hd__mux2_1)
                                                         _036_ (net)
                      0.025477    0.000000    0.324272 ^ _264_/D (sky130_fd_sc_hd__dfrtp_2)
                                              0.324272   data arrival time

                      0.150000    0.000000    0.000000   clock clk_i (rise edge)
                                  0.000000    0.000000   clock network delay (ideal)
                                  0.250000    0.250000   clock uncertainty
                                  0.000000    0.250000   clock reconvergence pessimism
                                              0.250000 ^ _264_/CLK (sky130_fd_sc_hd__dfrtp_2)
                                 -0.016207    0.233793   library hold time
                                              0.233793   data required time
---------------------------------------------------------------------------------------------
                                              0.233793   data required time
                                             -0.324272   data arrival time
---------------------------------------------------------------------------------------------
                                              0.090479   slack (MET)


Startpoint: _235_ (rising edge-triggered flip-flop clocked by clk_i)
Endpoint: _227_ (rising edge-triggered flip-flop clocked by clk_i)
Path Group: clk_i
Path Type: min

Fanout         Cap        Slew       Delay        Time   Description
---------------------------------------------------------------------------------------------
                      0.150000    0.000000    0.000000   clock clk_i (rise edge)
                                  0.000000    0.000000   clock network delay (ideal)
                      0.150000    0.000000    0.000000 ^ _235_/CLK (sky130_fd_sc_hd__dfrtp_2)
     4    0.008188    0.044297    0.252350    0.252350 ^ _235_/Q (sky130_fd_sc_hd__dfrtp_2)
                                                         rng_rd.mem[6][0] (net)
                      0.044297    0.000000    0.252350 ^ _160_/A1 (sky130_fd_sc_hd__mux2_1)
     1    0.002087    0.025476    0.072826    0.325176 ^ _160_/X (sky130_fd_sc_hd__mux2_1)
                                                         _003_ (net)
                      0.025476    0.000000    0.325176 ^ _227_/D (sky130_fd_sc_hd__dfrtp_2)
                                              0.325176   data arrival time

                      0.150000    0.000000    0.000000   clock clk_i (rise edge)
                                  0.000000    0.000000   clock network delay (ideal)
                                  0.250000    0.250000   clock uncertainty
                                  0.000000    0.250000   clock reconvergence pessimism
                                              0.250000 ^ _227_/CLK (sky130_fd_sc_hd__dfrtp_2)
                                 -0.016207    0.233793   library hold time
                                              0.233793   data required time
---------------------------------------------------------------------------------------------
                                              0.233793   data required time
                                             -0.325176   data arrival time
---------------------------------------------------------------------------------------------
                                              0.091383   slack (MET)


Startpoint: _241_ (rising edge-triggered flip-flop clocked by clk_i)
Endpoint: _238_ (rising edge-triggered flip-flop clocked by clk_i)
Path Group: clk_i
Path Type: min

Fanout         Cap        Slew       Delay        Time   Description
---------------------------------------------------------------------------------------------
                      0.150000    0.000000    0.000000   clock clk_i (rise edge)
                                  0.000000    0.000000   clock network delay (ideal)
                      0.150000    0.000000    0.000000 ^ _241_/CLK (sky130_fd_sc_hd__dfrtp_2)
     4    0.008188    0.044297    0.252350    0.252350 ^ _241_/Q (sky130_fd_sc_hd__dfrtp_2)
                                                         rng_rd.mem[4][0] (net)
                      0.044297    0.000000    0.252350 ^ _195_/A1 (sky130_fd_sc_hd__mux2_1)
     1    0.002087    0.025474    0.072826    0.325176 ^ _195_/X (sky130_fd_sc_hd__mux2_1)
                                                         _012_ (net)
                      0.025474    0.000000    0.325176 ^ _238_/D (sky130_fd_sc_hd__dfrtp_2)
                                              0.325176   data arrival time

                      0.150000    0.000000    0.000000   clock clk_i (rise edge)
                                  0.000000    0.000000   clock network delay (ideal)
                                  0.250000    0.250000   clock uncertainty
                                  0.000000    0.250000   clock reconvergence pessimism
                                              0.250000 ^ _238_/CLK (sky130_fd_sc_hd__dfrtp_2)
                                 -0.016207    0.233793   library hold time
                                              0.233793   data required time
---------------------------------------------------------------------------------------------
                                              0.233793   data required time
                                             -0.325176   data arrival time
---------------------------------------------------------------------------------------------
                                              0.091383   slack (MET)


Startpoint: _248_ (rising edge-triggered flip-flop clocked by clk_i)
Endpoint: _245_ (rising edge-triggered flip-flop clocked by clk_i)
Path Group: clk_i
Path Type: min

Fanout         Cap        Slew       Delay        Time   Description
---------------------------------------------------------------------------------------------
                      0.150000    0.000000    0.000000   clock clk_i (rise edge)
                                  0.000000    0.000000   clock network delay (ideal)
                      0.150000    0.000000    0.000000 ^ _248_/CLK (sky130_fd_sc_hd__dfrtp_2)
     4    0.008188    0.044297    0.252350    0.252350 ^ _248_/Q (sky130_fd_sc_hd__dfrtp_2)
                                                         rng_rd.mem[2][0] (net)
                      0.044297    0.000000    0.252350 ^ _201_/A1 (sky130_fd_sc_hd__mux2_1)
     1    0.002087    0.025474    0.072826    0.325176 ^ _201_/X (sky130_fd_sc_hd__mux2_1)
                                                         _018_ (net)
                      0.025474    0.000000    0.325176 ^ _245_/D (sky130_fd_sc_hd__dfrtp_2)
                                              0.325176   data arrival time

                      0.150000    0.000000    0.000000   clock clk_i (rise edge)
                                  0.000000    0.000000   clock network delay (ideal)
                                  0.250000    0.250000   clock uncertainty
                                  0.000000    0.250000   clock reconvergence pessimism
                                              0.250000 ^ _245_/CLK (sky130_fd_sc_hd__dfrtp_2)
                                 -0.016207    0.233793   library hold time
                                              0.233793   data required time
---------------------------------------------------------------------------------------------
                                              0.233793   data required time
                                             -0.325176   data arrival time
---------------------------------------------------------------------------------------------
                                              0.091383   slack (MET)


Startpoint: _230_ (rising edge-triggered flip-flop clocked by clk_i)
Endpoint: _230_ (rising edge-triggered flip-flop clocked by clk_i)
Path Group: clk_i
Path Type: min

Fanout         Cap        Slew       Delay        Time   Description
---------------------------------------------------------------------------------------------
                      0.150000    0.000000    0.000000   clock clk_i (rise edge)
                                  0.000000    0.000000   clock network delay (ideal)
                      0.150000    0.000000    0.000000 ^ _230_/CLK (sky130_fd_sc_hd__dfrtp_2)
     3    0.009172    0.047441    0.255208    0.255208 ^ _230_/Q (sky130_fd_sc_hd__dfrtp_2)
                                                         num_i_bar[0] (net)
                      0.047441    0.000000    0.255208 ^ _177_/A1 (sky130_fd_sc_hd__o22a_2)
     1    0.002087    0.017082    0.071456    0.326664 ^ _177_/X (sky130_fd_sc_hd__o22a_2)
                                                         _006_ (net)
                      0.017082    0.000000    0.326664 ^ _230_/D (sky130_fd_sc_hd__dfrtp_2)
                                              0.326664   data arrival time

                      0.150000    0.000000    0.000000   clock clk_i (rise edge)
                                  0.000000    0.000000   clock network delay (ideal)
                                  0.250000    0.250000   clock uncertainty
                                  0.000000    0.250000   clock reconvergence pessimism
                                              0.250000 ^ _230_/CLK (sky130_fd_sc_hd__dfrtp_2)
                                 -0.015602    0.234398   library hold time
                                              0.234398   data required time
---------------------------------------------------------------------------------------------
                                              0.234398   data required time
                                             -0.326664   data arrival time
---------------------------------------------------------------------------------------------
                                              0.092266   slack (MET)


Startpoint: _230_ (rising edge-triggered flip-flop clocked by clk_i)
Endpoint: _255_ (rising edge-triggered flip-flop clocked by clk_i)
Path Group: clk_i
Path Type: min

Fanout         Cap        Slew       Delay        Time   Description
---------------------------------------------------------------------------------------------
                      0.150000    0.000000    0.000000   clock clk_i (rise edge)
                                  0.000000    0.000000   clock network delay (ideal)
                      0.150000    0.000000    0.000000 ^ _230_/CLK (sky130_fd_sc_hd__dfrtp_2)
     3    0.009172    0.047441    0.255208    0.255208 ^ _230_/Q (sky130_fd_sc_hd__dfrtp_2)
                                                         num_i_bar[0] (net)
                      0.047441    0.000000    0.255208 ^ _210_/A1 (sky130_fd_sc_hd__mux2_1)
     1    0.002087    0.025790    0.073703    0.328911 ^ _210_/X (sky130_fd_sc_hd__mux2_1)
                                                         _027_ (net)
                      0.025790    0.000000    0.328911 ^ _255_/D (sky130_fd_sc_hd__dfrtp_2)
                                              0.328911   data arrival time

                      0.150000    0.000000    0.000000   clock clk_i (rise edge)
                                  0.000000    0.000000   clock network delay (ideal)
                                  0.250000    0.250000   clock uncertainty
                                  0.000000    0.250000   clock reconvergence pessimism
                                              0.250000 ^ _255_/CLK (sky130_fd_sc_hd__dfrtp_2)
                                 -0.016230    0.233770   library hold time
                                              0.233770   data required time
---------------------------------------------------------------------------------------------
                                              0.233770   data required time
                                             -0.328911   data arrival time
---------------------------------------------------------------------------------------------
                                              0.095141   slack (MET)


Startpoint: _228_ (rising edge-triggered flip-flop clocked by clk_i)
Endpoint: _228_ (rising edge-triggered flip-flop clocked by clk_i)
Path Group: clk_i
Path Type: min

Fanout         Cap        Slew       Delay        Time   Description
---------------------------------------------------------------------------------------------
                      0.150000    0.000000    0.000000   clock clk_i (rise edge)
                                  0.000000    0.000000   clock network delay (ideal)
                      0.150000    0.000000    0.000000 ^ _228_/CLK (sky130_fd_sc_hd__dfrtp_2)
     2    0.010090    0.050373    0.257874    0.257874 ^ _228_/Q (sky130_fd_sc_hd__dfrtp_2)
                                                         rng_rd.mem[7][1] (net)
                      0.050373    0.000000    0.257874 ^ _161_/A0 (sky130_fd_sc_hd__mux2_1)
     1    0.002087    0.025473    0.073028    0.330902 ^ _161_/X (sky130_fd_sc_hd__mux2_1)
                                                         _004_ (net)
                      0.025473    0.000000    0.330902 ^ _228_/D (sky130_fd_sc_hd__dfrtp_2)
                                              0.330902   data arrival time

                      0.150000    0.000000    0.000000   clock clk_i (rise edge)
                                  0.000000    0.000000   clock network delay (ideal)
                                  0.250000    0.250000   clock uncertainty
                                  0.000000    0.250000   clock reconvergence pessimism
                                              0.250000 ^ _228_/CLK (sky130_fd_sc_hd__dfrtp_2)
                                 -0.016207    0.233793   library hold time
                                              0.233793   data required time
---------------------------------------------------------------------------------------------
                                              0.233793   data required time
                                             -0.330902   data arrival time
---------------------------------------------------------------------------------------------
                                              0.097109   slack (MET)


Startpoint: _229_ (rising edge-triggered flip-flop clocked by clk_i)
Endpoint: _229_ (rising edge-triggered flip-flop clocked by clk_i)
Path Group: clk_i
Path Type: min

Fanout         Cap        Slew       Delay        Time   Description
---------------------------------------------------------------------------------------------
                      0.150000    0.000000    0.000000   clock clk_i (rise edge)
                                  0.000000    0.000000   clock network delay (ideal)
                      0.150000    0.000000    0.000000 ^ _229_/CLK (sky130_fd_sc_hd__dfrtp_2)
     2    0.010104    0.050418    0.257915    0.257915 ^ _229_/Q (sky130_fd_sc_hd__dfrtp_2)
                                                         rng_rd.mem[7][2] (net)
                      0.050418    0.000000    0.257915 ^ _162_/A0 (sky130_fd_sc_hd__mux2_1)
     1    0.002087    0.025473    0.073041    0.330955 ^ _162_/X (sky130_fd_sc_hd__mux2_1)
                                                         _005_ (net)
                      0.025473    0.000000    0.330955 ^ _229_/D (sky130_fd_sc_hd__dfrtp_2)
                                              0.330955   data arrival time

                      0.150000    0.000000    0.000000   clock clk_i (rise edge)
                                  0.000000    0.000000   clock network delay (ideal)
                                  0.250000    0.250000   clock uncertainty
                                  0.000000    0.250000   clock reconvergence pessimism
                                              0.250000 ^ _229_/CLK (sky130_fd_sc_hd__dfrtp_2)
                                 -0.016207    0.233793   library hold time
                                              0.233793   data required time
---------------------------------------------------------------------------------------------
                                              0.233793   data required time
                                             -0.330955   data arrival time
---------------------------------------------------------------------------------------------
                                              0.097162   slack (MET)


Startpoint: _236_ (rising edge-triggered flip-flop clocked by clk_i)
Endpoint: _236_ (rising edge-triggered flip-flop clocked by clk_i)
Path Group: clk_i
Path Type: min

Fanout         Cap        Slew       Delay        Time   Description
---------------------------------------------------------------------------------------------
                      0.150000    0.000000    0.000000   clock clk_i (rise edge)
                                  0.000000    0.000000   clock network delay (ideal)
                      0.150000    0.000000    0.000000 ^ _236_/CLK (sky130_fd_sc_hd__dfrtp_2)
     4    0.010300    0.051044    0.258484    0.258484 ^ _236_/Q (sky130_fd_sc_hd__dfrtp_2)
                                                         rng_rd.mem[6][1] (net)
                      0.051044    0.000000    0.258484 ^ _193_/A0 (sky130_fd_sc_hd__mux2_1)
     1    0.002087    0.025472    0.073216    0.331700 ^ _193_/X (sky130_fd_sc_hd__mux2_1)
                                                         _010_ (net)
                      0.025472    0.000000    0.331700 ^ _236_/D (sky130_fd_sc_hd__dfrtp_2)
                                              0.331700   data arrival time

                      0.150000    0.000000    0.000000   clock clk_i (rise edge)
                                  0.000000    0.000000   clock network delay (ideal)
                                  0.250000    0.250000   clock uncertainty
                                  0.000000    0.250000   clock reconvergence pessimism
                                              0.250000 ^ _236_/CLK (sky130_fd_sc_hd__dfrtp_2)
                                 -0.016207    0.233793   library hold time
                                              0.233793   data required time
---------------------------------------------------------------------------------------------
                                              0.233793   data required time
                                             -0.331700   data arrival time
---------------------------------------------------------------------------------------------
                                              0.097907   slack (MET)


Startpoint: _242_ (rising edge-triggered flip-flop clocked by clk_i)
Endpoint: _242_ (rising edge-triggered flip-flop clocked by clk_i)
Path Group: clk_i
Path Type: min

Fanout         Cap        Slew       Delay        Time   Description
---------------------------------------------------------------------------------------------
                      0.150000    0.000000    0.000000   clock clk_i (rise edge)
                                  0.000000    0.000000   clock network delay (ideal)
                      0.150000    0.000000    0.000000 ^ _242_/CLK (sky130_fd_sc_hd__dfrtp_2)
     4    0.010300    0.051044    0.258484    0.258484 ^ _242_/Q (sky130_fd_sc_hd__dfrtp_2)
                                                         rng_rd.mem[4][1] (net)
                      0.051044    0.000000    0.258484 ^ _199_/A0 (sky130_fd_sc_hd__mux2_1)
     1    0.002087    0.025472    0.073216    0.331700 ^ _199_/X (sky130_fd_sc_hd__mux2_1)
                                                         _016_ (net)
                      0.025472    0.000000    0.331700 ^ _242_/D (sky130_fd_sc_hd__dfrtp_2)
                                              0.331700   data arrival time

                      0.150000    0.000000    0.000000   clock clk_i (rise edge)
                                  0.000000    0.000000   clock network delay (ideal)
                                  0.250000    0.250000   clock uncertainty
                                  0.000000    0.250000   clock reconvergence pessimism
                                              0.250000 ^ _242_/CLK (sky130_fd_sc_hd__dfrtp_2)
                                 -0.016207    0.233793   library hold time
                                              0.233793   data required time
---------------------------------------------------------------------------------------------
                                              0.233793   data required time
                                             -0.331700   data arrival time
---------------------------------------------------------------------------------------------
                                              0.097907   slack (MET)


Startpoint: _249_ (rising edge-triggered flip-flop clocked by clk_i)
Endpoint: _249_ (rising edge-triggered flip-flop clocked by clk_i)
Path Group: clk_i
Path Type: min

Fanout         Cap        Slew       Delay        Time   Description
---------------------------------------------------------------------------------------------
                      0.150000    0.000000    0.000000   clock clk_i (rise edge)
                                  0.000000    0.000000   clock network delay (ideal)
                      0.150000    0.000000    0.000000 ^ _249_/CLK (sky130_fd_sc_hd__dfrtp_2)
     4    0.010300    0.051044    0.258484    0.258484 ^ _249_/Q (sky130_fd_sc_hd__dfrtp_2)
                                                         rng_rd.mem[2][1] (net)
                      0.051044    0.000000    0.258484 ^ _205_/A0 (sky130_fd_sc_hd__mux2_1)
     1    0.002087    0.025472    0.073216    0.331700 ^ _205_/X (sky130_fd_sc_hd__mux2_1)
                                                         _022_ (net)
                      0.025472    0.000000    0.331700 ^ _249_/D (sky130_fd_sc_hd__dfrtp_2)
                                              0.331700   data arrival time

                      0.150000    0.000000    0.000000   clock clk_i (rise edge)
                                  0.000000    0.000000   clock network delay (ideal)
                                  0.250000    0.250000   clock uncertainty
                                  0.000000    0.250000   clock reconvergence pessimism
                                              0.250000 ^ _249_/CLK (sky130_fd_sc_hd__dfrtp_2)
                                 -0.016207    0.233793   library hold time
                                              0.233793   data required time
---------------------------------------------------------------------------------------------
                                              0.233793   data required time
                                             -0.331700   data arrival time
---------------------------------------------------------------------------------------------
                                              0.097907   slack (MET)


Startpoint: _242_ (rising edge-triggered flip-flop clocked by clk_i)
Endpoint: _239_ (rising edge-triggered flip-flop clocked by clk_i)
Path Group: clk_i
Path Type: min

Fanout         Cap        Slew       Delay        Time   Description
---------------------------------------------------------------------------------------------
                      0.150000    0.000000    0.000000   clock clk_i (rise edge)
                                  0.000000    0.000000   clock network delay (ideal)
                      0.150000    0.000000    0.000000 ^ _242_/CLK (sky130_fd_sc_hd__dfrtp_2)
     4    0.010300    0.051044    0.258484    0.258484 ^ _242_/Q (sky130_fd_sc_hd__dfrtp_2)
                                                         rng_rd.mem[4][1] (net)
                      0.051044    0.000000    0.258484 ^ _196_/A1 (sky130_fd_sc_hd__mux2_1)
     1    0.002087    0.025559    0.074708    0.333192 ^ _196_/X (sky130_fd_sc_hd__mux2_1)
                                                         _013_ (net)
                      0.025559    0.000000    0.333192 ^ _239_/D (sky130_fd_sc_hd__dfrtp_2)
                                              0.333192   data arrival time

                      0.150000    0.000000    0.000000   clock clk_i (rise edge)
                                  0.000000    0.000000   clock network delay (ideal)
                                  0.250000    0.250000   clock uncertainty
                                  0.000000    0.250000   clock reconvergence pessimism
                                              0.250000 ^ _239_/CLK (sky130_fd_sc_hd__dfrtp_2)
                                 -0.016213    0.233787   library hold time
                                              0.233787   data required time
---------------------------------------------------------------------------------------------
                                              0.233787   data required time
                                             -0.333192   data arrival time
---------------------------------------------------------------------------------------------
                                              0.099406   slack (MET)


Startpoint: _249_ (rising edge-triggered flip-flop clocked by clk_i)
Endpoint: _246_ (rising edge-triggered flip-flop clocked by clk_i)
Path Group: clk_i
Path Type: min

Fanout         Cap        Slew       Delay        Time   Description
---------------------------------------------------------------------------------------------
                      0.150000    0.000000    0.000000   clock clk_i (rise edge)
                                  0.000000    0.000000   clock network delay (ideal)
                      0.150000    0.000000    0.000000 ^ _249_/CLK (sky130_fd_sc_hd__dfrtp_2)
     4    0.010300    0.051044    0.258484    0.258484 ^ _249_/Q (sky130_fd_sc_hd__dfrtp_2)
                                                         rng_rd.mem[2][1] (net)
                      0.051044    0.000000    0.258484 ^ _202_/A1 (sky130_fd_sc_hd__mux2_1)
     1    0.002087    0.025559    0.074708    0.333192 ^ _202_/X (sky130_fd_sc_hd__mux2_1)
                                                         _019_ (net)
                      0.025559    0.000000    0.333192 ^ _246_/D (sky130_fd_sc_hd__dfrtp_2)
                                              0.333192   data arrival time

                      0.150000    0.000000    0.000000   clock clk_i (rise edge)
                                  0.000000    0.000000   clock network delay (ideal)
                                  0.250000    0.250000   clock uncertainty
                                  0.000000    0.250000   clock reconvergence pessimism
                                              0.250000 ^ _246_/CLK (sky130_fd_sc_hd__dfrtp_2)
                                 -0.016213    0.233787   library hold time
                                              0.233787   data required time
---------------------------------------------------------------------------------------------
                                              0.233787   data required time
                                             -0.333192   data arrival time
---------------------------------------------------------------------------------------------
                                              0.099406   slack (MET)


Startpoint: _251_ (rising edge-triggered flip-flop clocked by clk_i)
Endpoint: _251_ (rising edge-triggered flip-flop clocked by clk_i)
Path Group: clk_i
Path Type: min

Fanout         Cap        Slew       Delay        Time   Description
---------------------------------------------------------------------------------------------
                      0.150000    0.000000    0.000000   clock clk_i (rise edge)
                                  0.000000    0.000000   clock network delay (ideal)
                      0.150000    0.000000    0.000000 ^ _251_/CLK (sky130_fd_sc_hd__dfrtp_2)
     4    0.011007    0.053303    0.260538    0.260538 ^ _251_/Q (sky130_fd_sc_hd__dfrtp_2)
                                                         rng_rd.mem[1][0] (net)
                      0.053303    0.000000    0.260538 ^ _207_/A0 (sky130_fd_sc_hd__mux2_1)
     1    0.002087    0.025474    0.073837    0.334374 ^ _207_/X (sky130_fd_sc_hd__mux2_1)
                                                         _024_ (net)
                      0.025474    0.000000    0.334374 ^ _251_/D (sky130_fd_sc_hd__dfrtp_2)
                                              0.334374   data arrival time

                      0.150000    0.000000    0.000000   clock clk_i (rise edge)
                                  0.000000    0.000000   clock network delay (ideal)
                                  0.250000    0.250000   clock uncertainty
                                  0.000000    0.250000   clock reconvergence pessimism
                                              0.250000 ^ _251_/CLK (sky130_fd_sc_hd__dfrtp_2)
                                 -0.016207    0.233793   library hold time
                                              0.233793   data required time
---------------------------------------------------------------------------------------------
                                              0.233793   data required time
                                             -0.334374   data arrival time
---------------------------------------------------------------------------------------------
                                              0.100581   slack (MET)


Startpoint: _237_ (rising edge-triggered flip-flop clocked by clk_i)
Endpoint: _237_ (rising edge-triggered flip-flop clocked by clk_i)
Path Group: clk_i
Path Type: min

Fanout         Cap        Slew       Delay        Time   Description
---------------------------------------------------------------------------------------------
                      0.150000    0.000000    0.000000   clock clk_i (rise edge)
                                  0.000000    0.000000   clock network delay (ideal)
                      0.150000    0.000000    0.000000 ^ _237_/CLK (sky130_fd_sc_hd__dfrtp_2)
     3    0.012159    0.056983    0.263883    0.263883 ^ _237_/Q (sky130_fd_sc_hd__dfrtp_2)
                                                         rng_rd.mem[6][2] (net)
                      0.056983    0.000000    0.263883 ^ _194_/A0 (sky130_fd_sc_hd__mux2_1)
     1    0.002087    0.025559    0.074598    0.338481 ^ _194_/X (sky130_fd_sc_hd__mux2_1)
                                                         _011_ (net)
                      0.025559    0.000000    0.338481 ^ _237_/D (sky130_fd_sc_hd__dfrtp_2)
                                              0.338481   data arrival time

                      0.150000    0.000000    0.000000   clock clk_i (rise edge)
                                  0.000000    0.000000   clock network delay (ideal)
                                  0.250000    0.250000   clock uncertainty
                                  0.000000    0.250000   clock reconvergence pessimism
                                              0.250000 ^ _237_/CLK (sky130_fd_sc_hd__dfrtp_2)
                                 -0.016213    0.233787   library hold time
                                              0.233787   data required time
---------------------------------------------------------------------------------------------
                                              0.233787   data required time
                                             -0.338481   data arrival time
---------------------------------------------------------------------------------------------
                                              0.104695   slack (MET)


Startpoint: _243_ (rising edge-triggered flip-flop clocked by clk_i)
Endpoint: _243_ (rising edge-triggered flip-flop clocked by clk_i)
Path Group: clk_i
Path Type: min

Fanout         Cap        Slew       Delay        Time   Description
---------------------------------------------------------------------------------------------
                      0.150000    0.000000    0.000000   clock clk_i (rise edge)
                                  0.000000    0.000000   clock network delay (ideal)
                      0.150000    0.000000    0.000000 ^ _243_/CLK (sky130_fd_sc_hd__dfrtp_2)
     3    0.012159    0.056983    0.263883    0.263883 ^ _243_/Q (sky130_fd_sc_hd__dfrtp_2)
                                                         rng_rd.mem[4][2] (net)
                      0.056983    0.000000    0.263883 ^ _200_/A0 (sky130_fd_sc_hd__mux2_1)
     1    0.002087    0.025559    0.074598    0.338481 ^ _200_/X (sky130_fd_sc_hd__mux2_1)
                                                         _017_ (net)
                      0.025559    0.000000    0.338481 ^ _243_/D (sky130_fd_sc_hd__dfrtp_2)
                                              0.338481   data arrival time

                      0.150000    0.000000    0.000000   clock clk_i (rise edge)
                                  0.000000    0.000000   clock network delay (ideal)
                                  0.250000    0.250000   clock uncertainty
                                  0.000000    0.250000   clock reconvergence pessimism
                                              0.250000 ^ _243_/CLK (sky130_fd_sc_hd__dfrtp_2)
                                 -0.016213    0.233787   library hold time
                                              0.233787   data required time
---------------------------------------------------------------------------------------------
                                              0.233787   data required time
                                             -0.338481   data arrival time
---------------------------------------------------------------------------------------------
                                              0.104695   slack (MET)


Startpoint: _250_ (rising edge-triggered flip-flop clocked by clk_i)
Endpoint: _250_ (rising edge-triggered flip-flop clocked by clk_i)
Path Group: clk_i
Path Type: min

Fanout         Cap        Slew       Delay        Time   Description
---------------------------------------------------------------------------------------------
                      0.150000    0.000000    0.000000   clock clk_i (rise edge)
                                  0.000000    0.000000   clock network delay (ideal)
                      0.150000    0.000000    0.000000 ^ _250_/CLK (sky130_fd_sc_hd__dfrtp_2)
     3    0.012159    0.056983    0.263883    0.263883 ^ _250_/Q (sky130_fd_sc_hd__dfrtp_2)
                                                         rng_rd.mem[2][2] (net)
                      0.056983    0.000000    0.263883 ^ _206_/A0 (sky130_fd_sc_hd__mux2_1)
     1    0.002087    0.025559    0.074598    0.338481 ^ _206_/X (sky130_fd_sc_hd__mux2_1)
                                                         _023_ (net)
                      0.025559    0.000000    0.338481 ^ _250_/D (sky130_fd_sc_hd__dfrtp_2)
                                              0.338481   data arrival time

                      0.150000    0.000000    0.000000   clock clk_i (rise edge)
                                  0.000000    0.000000   clock network delay (ideal)
                                  0.250000    0.250000   clock uncertainty
                                  0.000000    0.250000   clock reconvergence pessimism
                                              0.250000 ^ _250_/CLK (sky130_fd_sc_hd__dfrtp_2)
                                 -0.016213    0.233787   library hold time
                                              0.233787   data required time
---------------------------------------------------------------------------------------------
                                              0.233787   data required time
                                             -0.338481   data arrival time
---------------------------------------------------------------------------------------------
                                              0.104695   slack (MET)


Startpoint: _252_ (rising edge-triggered flip-flop clocked by clk_i)
Endpoint: _252_ (rising edge-triggered flip-flop clocked by clk_i)
Path Group: clk_i
Path Type: min

Fanout         Cap        Slew       Delay        Time   Description
---------------------------------------------------------------------------------------------
                      0.150000    0.000000    0.000000   clock clk_i (rise edge)
                                  0.000000    0.000000   clock network delay (ideal)
                      0.150000    0.000000    0.000000 ^ _252_/CLK (sky130_fd_sc_hd__dfrtp_2)
     3    0.012159    0.056983    0.263883    0.263883 ^ _252_/Q (sky130_fd_sc_hd__dfrtp_2)
                                                         rng_rd.mem[1][1] (net)
                      0.056983    0.000000    0.263883 ^ _208_/A0 (sky130_fd_sc_hd__mux2_1)
     1    0.002087    0.025559    0.074598    0.338481 ^ _208_/X (sky130_fd_sc_hd__mux2_1)
                                                         _025_ (net)
                      0.025559    0.000000    0.338481 ^ _252_/D (sky130_fd_sc_hd__dfrtp_2)
                                              0.338481   data arrival time

                      0.150000    0.000000    0.000000   clock clk_i (rise edge)
                                  0.000000    0.000000   clock network delay (ideal)
                                  0.250000    0.250000   clock uncertainty
                                  0.000000    0.250000   clock reconvergence pessimism
                                              0.250000 ^ _252_/CLK (sky130_fd_sc_hd__dfrtp_2)
                                 -0.016213    0.233787   library hold time
                                              0.233787   data required time
---------------------------------------------------------------------------------------------
                                              0.233787   data required time
                                             -0.338481   data arrival time
---------------------------------------------------------------------------------------------
                                              0.104695   slack (MET)


Startpoint: _240_ (rising edge-triggered flip-flop clocked by clk_i)
Endpoint: _240_ (rising edge-triggered flip-flop clocked by clk_i)
Path Group: clk_i
Path Type: min

Fanout         Cap        Slew       Delay        Time   Description
---------------------------------------------------------------------------------------------
                      0.150000    0.000000    0.000000   clock clk_i (rise edge)
                                  0.000000    0.000000   clock network delay (ideal)
                      0.150000    0.000000    0.000000 ^ _240_/CLK (sky130_fd_sc_hd__dfrtp_2)
     3    0.012173    0.057028    0.263924    0.263924 ^ _240_/Q (sky130_fd_sc_hd__dfrtp_2)
                                                         rng_rd.mem[5][2] (net)
                      0.057028    0.000000    0.263924 ^ _197_/A0 (sky130_fd_sc_hd__mux2_1)
     1    0.002087    0.025560    0.074607    0.338531 ^ _197_/X (sky130_fd_sc_hd__mux2_1)
                                                         _014_ (net)
                      0.025560    0.000000    0.338531 ^ _240_/D (sky130_fd_sc_hd__dfrtp_2)
                                              0.338531   data arrival time

                      0.150000    0.000000    0.000000   clock clk_i (rise edge)
                                  0.000000    0.000000   clock network delay (ideal)
                                  0.250000    0.250000   clock uncertainty
                                  0.000000    0.250000   clock reconvergence pessimism
                                              0.250000 ^ _240_/CLK (sky130_fd_sc_hd__dfrtp_2)
                                 -0.016213    0.233787   library hold time
                                              0.233787   data required time
---------------------------------------------------------------------------------------------
                                              0.233787   data required time
                                             -0.338531   data arrival time
---------------------------------------------------------------------------------------------
                                              0.104745   slack (MET)


Startpoint: _247_ (rising edge-triggered flip-flop clocked by clk_i)
Endpoint: _247_ (rising edge-triggered flip-flop clocked by clk_i)
Path Group: clk_i
Path Type: min

Fanout         Cap        Slew       Delay        Time   Description
---------------------------------------------------------------------------------------------
                      0.150000    0.000000    0.000000   clock clk_i (rise edge)
                                  0.000000    0.000000   clock network delay (ideal)
                      0.150000    0.000000    0.000000 ^ _247_/CLK (sky130_fd_sc_hd__dfrtp_2)
     3    0.012173    0.057028    0.263924    0.263924 ^ _247_/Q (sky130_fd_sc_hd__dfrtp_2)
                                                         rng_rd.mem[3][2] (net)
                      0.057028    0.000000    0.263924 ^ _203_/A0 (sky130_fd_sc_hd__mux2_1)
     1    0.002087    0.025560    0.074607    0.338531 ^ _203_/X (sky130_fd_sc_hd__mux2_1)
                                                         _020_ (net)
                      0.025560    0.000000    0.338531 ^ _247_/D (sky130_fd_sc_hd__dfrtp_2)
                                              0.338531   data arrival time

                      0.150000    0.000000    0.000000   clock clk_i (rise edge)
                                  0.000000    0.000000   clock network delay (ideal)
                                  0.250000    0.250000   clock uncertainty
                                  0.000000    0.250000   clock reconvergence pessimism
                                              0.250000 ^ _247_/CLK (sky130_fd_sc_hd__dfrtp_2)
                                 -0.016213    0.233787   library hold time
                                              0.233787   data required time
---------------------------------------------------------------------------------------------
                                              0.233787   data required time
                                             -0.338531   data arrival time
---------------------------------------------------------------------------------------------
                                              0.104745   slack (MET)


Startpoint: _253_ (rising edge-triggered flip-flop clocked by clk_i)
Endpoint: _253_ (rising edge-triggered flip-flop clocked by clk_i)
Path Group: clk_i
Path Type: min

Fanout         Cap        Slew       Delay        Time   Description
---------------------------------------------------------------------------------------------
                      0.150000    0.000000    0.000000   clock clk_i (rise edge)
                                  0.000000    0.000000   clock network delay (ideal)
                      0.150000    0.000000    0.000000 ^ _253_/CLK (sky130_fd_sc_hd__dfrtp_2)
     3    0.012173    0.057028    0.263924    0.263924 ^ _253_/Q (sky130_fd_sc_hd__dfrtp_2)
                                                         rng_rd.mem[1][2] (net)
                      0.057028    0.000000    0.263924 ^ _209_/A0 (sky130_fd_sc_hd__mux2_1)
     1    0.002087    0.025560    0.074607    0.338531 ^ _209_/X (sky130_fd_sc_hd__mux2_1)
                                                         _026_ (net)
                      0.025560    0.000000    0.338531 ^ _253_/D (sky130_fd_sc_hd__dfrtp_2)
                                              0.338531   data arrival time

                      0.150000    0.000000    0.000000   clock clk_i (rise edge)
                                  0.000000    0.000000   clock network delay (ideal)
                                  0.250000    0.250000   clock uncertainty
                                  0.000000    0.250000   clock reconvergence pessimism
                                              0.250000 ^ _253_/CLK (sky130_fd_sc_hd__dfrtp_2)
                                 -0.016213    0.233787   library hold time
                                              0.233787   data required time
---------------------------------------------------------------------------------------------
                                              0.233787   data required time
                                             -0.338531   data arrival time
---------------------------------------------------------------------------------------------
                                              0.104745   slack (MET)


Startpoint: _233_ (rising edge-triggered flip-flop clocked by clk_i)
Endpoint: _233_ (rising edge-triggered flip-flop clocked by clk_i)
Path Group: clk_i
Path Type: min

Fanout         Cap        Slew       Delay        Time   Description
---------------------------------------------------------------------------------------------
                      0.150000    0.000000    0.000000   clock clk_i (rise edge)
                                  0.000000    0.000000   clock network delay (ideal)
                      0.150000    0.000000    0.000000 ^ _233_/CLK (sky130_fd_sc_hd__dfrtp_2)
     9    0.033235    0.127542    0.317023    0.317023 ^ _233_/Q (sky130_fd_sc_hd__dfrtp_2)
                                                         rng_dp.seed_sel_i[0] (net)
                      0.127542    0.000000    0.317023 ^ _115_/A (sky130_fd_sc_hd__inv_2)
     4    0.008063    0.036474    0.028051    0.345074 v _115_/Y (sky130_fd_sc_hd__inv_2)
                                                         _001_ (net)
                      0.036474    0.000000    0.345074 v _233_/D (sky130_fd_sc_hd__dfrtp_2)
                                              0.345074   data arrival time

                      0.150000    0.000000    0.000000   clock clk_i (rise edge)
                                  0.000000    0.000000   clock network delay (ideal)
                                  0.250000    0.250000   clock uncertainty
                                  0.000000    0.250000   clock reconvergence pessimism
                                              0.250000 ^ _233_/CLK (sky130_fd_sc_hd__dfrtp_2)
                                 -0.019226    0.230774   library hold time
                                              0.230774   data required time
---------------------------------------------------------------------------------------------
                                              0.230774   data required time
                                             -0.345074   data arrival time
---------------------------------------------------------------------------------------------
                                              0.114300   slack (MET)


Startpoint: _233_ (rising edge-triggered flip-flop clocked by clk_i)
Endpoint: _234_ (rising edge-triggered flip-flop clocked by clk_i)
Path Group: clk_i
Path Type: min

Fanout         Cap        Slew       Delay        Time   Description
---------------------------------------------------------------------------------------------
                      0.150000    0.000000    0.000000   clock clk_i (rise edge)
                                  0.000000    0.000000   clock network delay (ideal)
                      0.150000    0.000000    0.000000 ^ _233_/CLK (sky130_fd_sc_hd__dfrtp_2)
     9    0.033235    0.127542    0.317023    0.317023 ^ _233_/Q (sky130_fd_sc_hd__dfrtp_2)
                                                         rng_dp.seed_sel_i[0] (net)
                      0.127542    0.000000    0.317023 ^ _158_/B (sky130_fd_sc_hd__xor2_2)
     1    0.002059    0.020120    0.037835    0.354858 v _158_/X (sky130_fd_sc_hd__xor2_2)
                                                         _002_ (net)
                      0.020120    0.000000    0.354858 v _234_/D (sky130_fd_sc_hd__dfrtp_2)
                                              0.354858   data arrival time

                      0.150000    0.000000    0.000000   clock clk_i (rise edge)
                                  0.000000    0.000000   clock network delay (ideal)
                                  0.250000    0.250000   clock uncertainty
                                  0.000000    0.250000   clock reconvergence pessimism
                                              0.250000 ^ _234_/CLK (sky130_fd_sc_hd__dfrtp_2)
                                 -0.013979    0.236021   library hold time
                                              0.236021   data required time
---------------------------------------------------------------------------------------------
                                              0.236021   data required time
                                             -0.354858   data arrival time
---------------------------------------------------------------------------------------------
                                              0.118837   slack (MET)


Startpoint: _268_ (rising edge-triggered flip-flop clocked by clk_i)
Endpoint: _268_ (rising edge-triggered flip-flop clocked by clk_i)
Path Group: clk_i
Path Type: min

Fanout         Cap        Slew       Delay        Time   Description
---------------------------------------------------------------------------------------------
                      0.150000    0.000000    0.000000   clock clk_i (rise edge)
                                  0.000000    0.000000   clock network delay (ideal)
                      0.150000    0.000000    0.000000 ^ _268_/CLK (sky130_fd_sc_hd__dfrtp_2)
    10    0.041043    0.153838    0.336320    0.336320 ^ _268_/Q (sky130_fd_sc_hd__dfrtp_2)
                                                         rng_dp.inst.next_num_o[1] (net)
                      0.153838    0.000000    0.336320 ^ _224_/A (sky130_fd_sc_hd__xnor2_2)
     1    0.002059    0.018532    0.040752    0.377072 v _224_/Y (sky130_fd_sc_hd__xnor2_2)
                                                         _039_ (net)
                      0.018532    0.000000    0.377072 v _268_/D (sky130_fd_sc_hd__dfrtp_2)
                                              0.377072   data arrival time

                      0.150000    0.000000    0.000000   clock clk_i (rise edge)
                                  0.000000    0.000000   clock network delay (ideal)
                                  0.250000    0.250000   clock uncertainty
                                  0.000000    0.250000   clock reconvergence pessimism
                                              0.250000 ^ _268_/CLK (sky130_fd_sc_hd__dfrtp_2)
                                 -0.013470    0.236530   library hold time
                                              0.236530   data required time
---------------------------------------------------------------------------------------------
                                              0.236530   data required time
                                             -0.377072   data arrival time
---------------------------------------------------------------------------------------------
                                              0.140542   slack (MET)


Startpoint: _267_ (rising edge-triggered flip-flop clocked by clk_i)
Endpoint: _269_ (rising edge-triggered flip-flop clocked by clk_i)
Path Group: clk_i
Path Type: min

Fanout         Cap        Slew       Delay        Time   Description
---------------------------------------------------------------------------------------------
                      0.150000    0.000000    0.000000   clock clk_i (rise edge)
                                  0.000000    0.000000   clock network delay (ideal)
                      0.150000    0.000000    0.000000 ^ _267_/CLK (sky130_fd_sc_hd__dfrtp_2)
     8    0.026583    0.105139    0.300583    0.300583 ^ _267_/Q (sky130_fd_sc_hd__dfrtp_2)
                                                         rng_dp.inst.next_num_o[0] (net)
                      0.105139    0.000000    0.300583 ^ _226_/A1 (sky130_fd_sc_hd__a31o_2)
     1    0.002087    0.018316    0.089556    0.390139 ^ _226_/X (sky130_fd_sc_hd__a31o_2)
                                                         _040_ (net)
                      0.018316    0.000000    0.390139 ^ _269_/D (sky130_fd_sc_hd__dfrtp_2)
                                              0.390139   data arrival time

                      0.150000    0.000000    0.000000   clock clk_i (rise edge)
                                  0.000000    0.000000   clock network delay (ideal)
                                  0.250000    0.250000   clock uncertainty
                                  0.000000    0.250000   clock reconvergence pessimism
                                              0.250000 ^ _269_/CLK (sky130_fd_sc_hd__dfrtp_2)
                                 -0.015691    0.234309   library hold time
                                              0.234309   data required time
---------------------------------------------------------------------------------------------
                                              0.234309   data required time
                                             -0.390139   data arrival time
---------------------------------------------------------------------------------------------
                                              0.155831   slack (MET)


Startpoint: _231_ (rising edge-triggered flip-flop clocked by clk_i)
Endpoint: _256_ (rising edge-triggered flip-flop clocked by clk_i)
Path Group: clk_i
Path Type: min

Fanout         Cap        Slew       Delay        Time   Description
---------------------------------------------------------------------------------------------
                      0.150000    0.000000    0.000000   clock clk_i (rise edge)
                                  0.000000    0.000000   clock network delay (ideal)
                      0.150000    0.000000    0.000000 ^ _231_/CLK (sky130_fd_sc_hd__dfrtp_2)
     6    0.042629    0.159179    0.340240    0.340240 ^ _231_/Q (sky130_fd_sc_hd__dfrtp_2)
                                                         num_i_bar[1] (net)
                      0.159179    0.000000    0.340240 ^ _211_/A1 (sky130_fd_sc_hd__mux2_1)
     1    0.002087    0.025790    0.092889    0.433128 ^ _211_/X (sky130_fd_sc_hd__mux2_1)
                                                         _028_ (net)
                      0.025790    0.000000    0.433128 ^ _256_/D (sky130_fd_sc_hd__dfrtp_2)
                                              0.433128   data arrival time

                      0.150000    0.000000    0.000000   clock clk_i (rise edge)
                                  0.000000    0.000000   clock network delay (ideal)
                                  0.250000    0.250000   clock uncertainty
                                  0.000000    0.250000   clock reconvergence pessimism
                                              0.250000 ^ _256_/CLK (sky130_fd_sc_hd__dfrtp_2)
                                 -0.016230    0.233770   library hold time
                                              0.233770   data required time
---------------------------------------------------------------------------------------------
                                              0.233770   data required time
                                             -0.433128   data arrival time
---------------------------------------------------------------------------------------------
                                              0.199358   slack (MET)


Startpoint: _257_ (rising edge-triggered flip-flop clocked by clk_i)
Endpoint: _257_ (rising edge-triggered flip-flop clocked by clk_i)
Path Group: clk_i
Path Type: min

Fanout         Cap        Slew       Delay        Time   Description
---------------------------------------------------------------------------------------------
                      0.150000    0.000000    0.000000   clock clk_i (rise edge)
                                  0.000000    0.000000   clock network delay (ideal)
                      0.150000    0.000000    0.000000 ^ _257_/CLK (sky130_fd_sc_hd__dfrtp_2)
     5    0.043456    0.161964    0.342283    0.342283 ^ _257_/Q (sky130_fd_sc_hd__dfrtp_2)
                                                         num_to_send_o[2] (net)
                      0.161964    0.000000    0.342283 ^ _212_/A0 (sky130_fd_sc_hd__mux2_1)
     1    0.002087    0.025790    0.091127    0.433410 ^ _212_/X (sky130_fd_sc_hd__mux2_1)
                                                         _029_ (net)
                      0.025790    0.000000    0.433410 ^ _257_/D (sky130_fd_sc_hd__dfrtp_2)
                                              0.433410   data arrival time

                      0.150000    0.000000    0.000000   clock clk_i (rise edge)
                                  0.000000    0.000000   clock network delay (ideal)
                                  0.250000    0.250000   clock uncertainty
                                  0.000000    0.250000   clock reconvergence pessimism
                                              0.250000 ^ _257_/CLK (sky130_fd_sc_hd__dfrtp_2)
                                 -0.016230    0.233770   library hold time
                                              0.233770   data required time
---------------------------------------------------------------------------------------------
                                              0.233770   data required time
                                             -0.433410   data arrival time
---------------------------------------------------------------------------------------------
                                              0.199640   slack (MET)


Startpoint: _267_ (rising edge-triggered flip-flop clocked by clk_i)
Endpoint: _267_ (rising edge-triggered flip-flop clocked by clk_i)
Path Group: clk_i
Path Type: min

Fanout         Cap        Slew       Delay        Time   Description
---------------------------------------------------------------------------------------------
                      0.150000    0.000000    0.000000   clock clk_i (rise edge)
                                  0.000000    0.000000   clock network delay (ideal)
                      0.150000    0.000000    0.000000 ^ _267_/CLK (sky130_fd_sc_hd__dfrtp_2)
     8    0.026583    0.105139    0.300583    0.300583 ^ _267_/Q (sky130_fd_sc_hd__dfrtp_2)
                                                         rng_dp.inst.next_num_o[0] (net)
                      0.105139    0.000000    0.300583 ^ _221_/A (sky130_fd_sc_hd__nand2_2)
     2    0.009503    0.043756    0.044455    0.345039 v _221_/Y (sky130_fd_sc_hd__nand2_2)
                                                         _099_ (net)
                      0.043756    0.000000    0.345039 v _223_/A (sky130_fd_sc_hd__and2_2)
     1    0.002059    0.023348    0.103045    0.448083 v _223_/X (sky130_fd_sc_hd__and2_2)
                                                         _038_ (net)
                      0.023348    0.000000    0.448083 v _267_/D (sky130_fd_sc_hd__dfrtp_2)
                                              0.448083   data arrival time

                      0.150000    0.000000    0.000000   clock clk_i (rise edge)
                                  0.000000    0.000000   clock network delay (ideal)
                                  0.250000    0.250000   clock uncertainty
                                  0.000000    0.250000   clock reconvergence pessimism
                                              0.250000 ^ _267_/CLK (sky130_fd_sc_hd__dfrtp_2)
                                 -0.015015    0.234985   library hold time
                                              0.234985   data required time
---------------------------------------------------------------------------------------------
                                              0.234985   data required time
                                             -0.448083   data arrival time
---------------------------------------------------------------------------------------------
                                              0.213098   slack (MET)


Startpoint: _269_ (rising edge-triggered flip-flop clocked by clk_i)
Endpoint: _232_ (rising edge-triggered flip-flop clocked by clk_i)
Path Group: clk_i
Path Type: min

Fanout         Cap        Slew       Delay        Time   Description
---------------------------------------------------------------------------------------------
                      0.150000    0.000000    0.000000   clock clk_i (rise edge)
                                  0.000000    0.000000   clock network delay (ideal)
                      0.150000    0.000000    0.000000 ^ _269_/CLK (sky130_fd_sc_hd__dfrtp_2)
     7    0.019894    0.082612    0.284052    0.284052 ^ _269_/Q (sky130_fd_sc_hd__dfrtp_2)
                                                         rng_dp.inst.next_num_o[2] (net)
                      0.082612    0.000000    0.284052 ^ _188_/A1 (sky130_fd_sc_hd__a21o_2)
     1    0.002537    0.020857    0.074349    0.358401 ^ _188_/X (sky130_fd_sc_hd__a21o_2)
                                                         _096_ (net)
                      0.020857    0.000000    0.358401 ^ _190_/B1 (sky130_fd_sc_hd__a221o_2)
     1    0.002600    0.019275    0.068844    0.427245 ^ _190_/X (sky130_fd_sc_hd__a221o_2)
                                                         _098_ (net)
                      0.019275    0.000000    0.427245 ^ _191_/B1 (sky130_fd_sc_hd__o21a_2)
     1    0.002087    0.017487    0.049420    0.476665 ^ _191_/X (sky130_fd_sc_hd__o21a_2)
                                                         _008_ (net)
                      0.017487    0.000000    0.476665 ^ _232_/D (sky130_fd_sc_hd__dfrtp_2)
                                              0.476665   data arrival time

                      0.150000    0.000000    0.000000   clock clk_i (rise edge)
                                  0.000000    0.000000   clock network delay (ideal)
                                  0.250000    0.250000   clock uncertainty
                                  0.000000    0.250000   clock reconvergence pessimism
                                              0.250000 ^ _232_/CLK (sky130_fd_sc_hd__dfrtp_2)
                                 -0.015632    0.234368   library hold time
                                              0.234368   data required time
---------------------------------------------------------------------------------------------
                                              0.234368   data required time
                                             -0.476665   data arrival time
---------------------------------------------------------------------------------------------
                                              0.242297   slack (MET)


Startpoint: _231_ (rising edge-triggered flip-flop clocked by clk_i)
Endpoint: _231_ (rising edge-triggered flip-flop clocked by clk_i)
Path Group: clk_i
Path Type: min

Fanout         Cap        Slew       Delay        Time   Description
---------------------------------------------------------------------------------------------
                      0.150000    0.000000    0.000000   clock clk_i (rise edge)
                                  0.000000    0.000000   clock network delay (ideal)
                      0.150000    0.000000    0.000000 ^ _231_/CLK (sky130_fd_sc_hd__dfrtp_2)
     6    0.039265    0.086877    0.334711    0.334711 v _231_/Q (sky130_fd_sc_hd__dfrtp_2)
                                                         num_i_bar[1] (net)
                      0.086877    0.000000    0.334711 v _117_/A (sky130_fd_sc_hd__inv_2)
     9    0.031791    0.115457    0.119259    0.453970 ^ _117_/Y (sky130_fd_sc_hd__inv_2)
                                                         _105_ (net)
                      0.115457    0.000000    0.453970 ^ _184_/A1 (sky130_fd_sc_hd__o21ai_2)
     1    0.002059    0.012252    0.036843    0.490813 v _184_/Y (sky130_fd_sc_hd__o21ai_2)
                                                         _007_ (net)
                      0.012252    0.000000    0.490813 v _231_/D (sky130_fd_sc_hd__dfrtp_2)
                                              0.490813   data arrival time

                      0.150000    0.000000    0.000000   clock clk_i (rise edge)
                                  0.000000    0.000000   clock network delay (ideal)
                                  0.250000    0.250000   clock uncertainty
                                  0.000000    0.250000   clock reconvergence pessimism
                                              0.250000 ^ _231_/CLK (sky130_fd_sc_hd__dfrtp_2)
                                 -0.011455    0.238545   library hold time
                                              0.238545   data required time
---------------------------------------------------------------------------------------------
                                              0.238545   data required time
                                             -0.490813   data arrival time
---------------------------------------------------------------------------------------------
                                              0.252268   slack (MET)


Startpoint: wr_i (input port clocked by clk_i)
Endpoint: _244_ (rising edge-triggered flip-flop clocked by clk_i)
Path Group: clk_i
Path Type: min

Fanout         Cap        Slew       Delay        Time   Description
---------------------------------------------------------------------------------------------
                      0.150000    0.000000    0.000000   clock clk_i (rise edge)
                                  0.000000    0.000000   clock network delay (ideal)
                                625.000000  625.000000 v input external delay
     1    0.002059    0.003783    0.001592  625.001587 v wr_i (in)
                                                         wr_i (net)
                      0.003783    0.000000  625.001587 v _244_/D (sky130_fd_sc_hd__dfrtp_2)
                                            625.001587   data arrival time

                      0.150000    0.000000    0.000000   clock clk_i (rise edge)
                                  0.000000    0.000000   clock network delay (ideal)
                                  0.250000    0.250000   clock uncertainty
                                  0.000000    0.250000   clock reconvergence pessimism
                                              0.250000 ^ _244_/CLK (sky130_fd_sc_hd__dfrtp_2)
                                 -0.008738    0.241262   library hold time
                                              0.241262   data required time
---------------------------------------------------------------------------------------------
                                              0.241262   data required time
                                           -625.001587   data arrival time
---------------------------------------------------------------------------------------------
                                            624.760376   slack (MET)


Startpoint: rst_i (input port clocked by clk_i)
Endpoint: _227_ (removal check against rising-edge clock clk_i)
Path Group: asynchronous
Path Type: min

Fanout         Cap        Slew       Delay        Time   Description
---------------------------------------------------------------------------------------------
                      0.150000    0.000000    0.000000   clock clk_i (rise edge)
                                  0.000000    0.000000   clock network delay (ideal)
                                625.000000  625.000000 ^ input external delay
    44    0.159148    0.538013    0.370392  625.370422 ^ rst_i (in)
                                                         rst_i (net)
                      0.538013    0.000000  625.370422 ^ _227_/RESET_B (sky130_fd_sc_hd__dfrtp_2)
                                            625.370422   data arrival time

                      0.150000    0.000000    0.000000   clock clk_i (rise edge)
                                  0.000000    0.000000   clock network delay (ideal)
                                  0.250000    0.250000   clock uncertainty
                                  0.000000    0.250000   clock reconvergence pessimism
                                              0.250000 ^ _227_/CLK (sky130_fd_sc_hd__dfrtp_2)
                                  0.343071    0.593071   library removal time
                                              0.593071   data required time
---------------------------------------------------------------------------------------------
                                              0.593071   data required time
                                           -625.370422   data arrival time
---------------------------------------------------------------------------------------------
                                            624.777344   slack (MET)


Startpoint: rst_i (input port clocked by clk_i)
Endpoint: _228_ (removal check against rising-edge clock clk_i)
Path Group: asynchronous
Path Type: min

Fanout         Cap        Slew       Delay        Time   Description
---------------------------------------------------------------------------------------------
                      0.150000    0.000000    0.000000   clock clk_i (rise edge)
                                  0.000000    0.000000   clock network delay (ideal)
                                625.000000  625.000000 ^ input external delay
    44    0.159148    0.538013    0.370392  625.370422 ^ rst_i (in)
                                                         rst_i (net)
                      0.538013    0.000000  625.370422 ^ _228_/RESET_B (sky130_fd_sc_hd__dfrtp_2)
                                            625.370422   data arrival time

                      0.150000    0.000000    0.000000   clock clk_i (rise edge)
                                  0.000000    0.000000   clock network delay (ideal)
                                  0.250000    0.250000   clock uncertainty
                                  0.000000    0.250000   clock reconvergence pessimism
                                              0.250000 ^ _228_/CLK (sky130_fd_sc_hd__dfrtp_2)
                                  0.343071    0.593071   library removal time
                                              0.593071   data required time
---------------------------------------------------------------------------------------------
                                              0.593071   data required time
                                           -625.370422   data arrival time
---------------------------------------------------------------------------------------------
                                            624.777344   slack (MET)


Startpoint: rst_i (input port clocked by clk_i)
Endpoint: _229_ (removal check against rising-edge clock clk_i)
Path Group: asynchronous
Path Type: min

Fanout         Cap        Slew       Delay        Time   Description
---------------------------------------------------------------------------------------------
                      0.150000    0.000000    0.000000   clock clk_i (rise edge)
                                  0.000000    0.000000   clock network delay (ideal)
                                625.000000  625.000000 ^ input external delay
    44    0.159148    0.538013    0.370392  625.370422 ^ rst_i (in)
                                                         rst_i (net)
                      0.538013    0.000000  625.370422 ^ _229_/RESET_B (sky130_fd_sc_hd__dfrtp_2)
                                            625.370422   data arrival time

                      0.150000    0.000000    0.000000   clock clk_i (rise edge)
                                  0.000000    0.000000   clock network delay (ideal)
                                  0.250000    0.250000   clock uncertainty
                                  0.000000    0.250000   clock reconvergence pessimism
                                              0.250000 ^ _229_/CLK (sky130_fd_sc_hd__dfrtp_2)
                                  0.343071    0.593071   library removal time
                                              0.593071   data required time
---------------------------------------------------------------------------------------------
                                              0.593071   data required time
                                           -625.370422   data arrival time
---------------------------------------------------------------------------------------------
                                            624.777344   slack (MET)


Startpoint: rst_i (input port clocked by clk_i)
Endpoint: _230_ (removal check against rising-edge clock clk_i)
Path Group: asynchronous
Path Type: min

Fanout         Cap        Slew       Delay        Time   Description
---------------------------------------------------------------------------------------------
                      0.150000    0.000000    0.000000   clock clk_i (rise edge)
                                  0.000000    0.000000   clock network delay (ideal)
                                625.000000  625.000000 ^ input external delay
    44    0.159148    0.538013    0.370392  625.370422 ^ rst_i (in)
                                                         rst_i (net)
                      0.538013    0.000000  625.370422 ^ _230_/RESET_B (sky130_fd_sc_hd__dfrtp_2)
                                            625.370422   data arrival time

                      0.150000    0.000000    0.000000   clock clk_i (rise edge)
                                  0.000000    0.000000   clock network delay (ideal)
                                  0.250000    0.250000   clock uncertainty
                                  0.000000    0.250000   clock reconvergence pessimism
                                              0.250000 ^ _230_/CLK (sky130_fd_sc_hd__dfrtp_2)
                                  0.343071    0.593071   library removal time
                                              0.593071   data required time
---------------------------------------------------------------------------------------------
                                              0.593071   data required time
                                           -625.370422   data arrival time
---------------------------------------------------------------------------------------------
                                            624.777344   slack (MET)


Startpoint: rst_i (input port clocked by clk_i)
Endpoint: _231_ (removal check against rising-edge clock clk_i)
Path Group: asynchronous
Path Type: min

Fanout         Cap        Slew       Delay        Time   Description
---------------------------------------------------------------------------------------------
                      0.150000    0.000000    0.000000   clock clk_i (rise edge)
                                  0.000000    0.000000   clock network delay (ideal)
                                625.000000  625.000000 ^ input external delay
    44    0.159148    0.538013    0.370392  625.370422 ^ rst_i (in)
                                                         rst_i (net)
                      0.538013    0.000000  625.370422 ^ _231_/RESET_B (sky130_fd_sc_hd__dfrtp_2)
                                            625.370422   data arrival time

                      0.150000    0.000000    0.000000   clock clk_i (rise edge)
                                  0.000000    0.000000   clock network delay (ideal)
                                  0.250000    0.250000   clock uncertainty
                                  0.000000    0.250000   clock reconvergence pessimism
                                              0.250000 ^ _231_/CLK (sky130_fd_sc_hd__dfrtp_2)
                                  0.343071    0.593071   library removal time
                                              0.593071   data required time
---------------------------------------------------------------------------------------------
                                              0.593071   data required time
                                           -625.370422   data arrival time
---------------------------------------------------------------------------------------------
                                            624.777344   slack (MET)


Startpoint: rst_i (input port clocked by clk_i)
Endpoint: _232_ (removal check against rising-edge clock clk_i)
Path Group: asynchronous
Path Type: min

Fanout         Cap        Slew       Delay        Time   Description
---------------------------------------------------------------------------------------------
                      0.150000    0.000000    0.000000   clock clk_i (rise edge)
                                  0.000000    0.000000   clock network delay (ideal)
                                625.000000  625.000000 ^ input external delay
    44    0.159148    0.538013    0.370392  625.370422 ^ rst_i (in)
                                                         rst_i (net)
                      0.538013    0.000000  625.370422 ^ _232_/RESET_B (sky130_fd_sc_hd__dfrtp_2)
                                            625.370422   data arrival time

                      0.150000    0.000000    0.000000   clock clk_i (rise edge)
                                  0.000000    0.000000   clock network delay (ideal)
                                  0.250000    0.250000   clock uncertainty
                                  0.000000    0.250000   clock reconvergence pessimism
                                              0.250000 ^ _232_/CLK (sky130_fd_sc_hd__dfrtp_2)
                                  0.343071    0.593071   library removal time
                                              0.593071   data required time
---------------------------------------------------------------------------------------------
                                              0.593071   data required time
                                           -625.370422   data arrival time
---------------------------------------------------------------------------------------------
                                            624.777344   slack (MET)


Startpoint: rst_i (input port clocked by clk_i)
Endpoint: _233_ (removal check against rising-edge clock clk_i)
Path Group: asynchronous
Path Type: min

Fanout         Cap        Slew       Delay        Time   Description
---------------------------------------------------------------------------------------------
                      0.150000    0.000000    0.000000   clock clk_i (rise edge)
                                  0.000000    0.000000   clock network delay (ideal)
                                625.000000  625.000000 ^ input external delay
    44    0.159148    0.538013    0.370392  625.370422 ^ rst_i (in)
                                                         rst_i (net)
                      0.538013    0.000000  625.370422 ^ _233_/RESET_B (sky130_fd_sc_hd__dfrtp_2)
                                            625.370422   data arrival time

                      0.150000    0.000000    0.000000   clock clk_i (rise edge)
                                  0.000000    0.000000   clock network delay (ideal)
                                  0.250000    0.250000   clock uncertainty
                                  0.000000    0.250000   clock reconvergence pessimism
                                              0.250000 ^ _233_/CLK (sky130_fd_sc_hd__dfrtp_2)
                                  0.343071    0.593071   library removal time
                                              0.593071   data required time
---------------------------------------------------------------------------------------------
                                              0.593071   data required time
                                           -625.370422   data arrival time
---------------------------------------------------------------------------------------------
                                            624.777344   slack (MET)


Startpoint: rst_i (input port clocked by clk_i)
Endpoint: _234_ (removal check against rising-edge clock clk_i)
Path Group: asynchronous
Path Type: min

Fanout         Cap        Slew       Delay        Time   Description
---------------------------------------------------------------------------------------------
                      0.150000    0.000000    0.000000   clock clk_i (rise edge)
                                  0.000000    0.000000   clock network delay (ideal)
                                625.000000  625.000000 ^ input external delay
    44    0.159148    0.538013    0.370392  625.370422 ^ rst_i (in)
                                                         rst_i (net)
                      0.538013    0.000000  625.370422 ^ _234_/RESET_B (sky130_fd_sc_hd__dfrtp_2)
                                            625.370422   data arrival time

                      0.150000    0.000000    0.000000   clock clk_i (rise edge)
                                  0.000000    0.000000   clock network delay (ideal)
                                  0.250000    0.250000   clock uncertainty
                                  0.000000    0.250000   clock reconvergence pessimism
                                              0.250000 ^ _234_/CLK (sky130_fd_sc_hd__dfrtp_2)
                                  0.343071    0.593071   library removal time
                                              0.593071   data required time
---------------------------------------------------------------------------------------------
                                              0.593071   data required time
                                           -625.370422   data arrival time
---------------------------------------------------------------------------------------------
                                            624.777344   slack (MET)


Startpoint: rst_i (input port clocked by clk_i)
Endpoint: _235_ (removal check against rising-edge clock clk_i)
Path Group: asynchronous
Path Type: min

Fanout         Cap        Slew       Delay        Time   Description
---------------------------------------------------------------------------------------------
                      0.150000    0.000000    0.000000   clock clk_i (rise edge)
                                  0.000000    0.000000   clock network delay (ideal)
                                625.000000  625.000000 ^ input external delay
    44    0.159148    0.538013    0.370392  625.370422 ^ rst_i (in)
                                                         rst_i (net)
                      0.538013    0.000000  625.370422 ^ _235_/RESET_B (sky130_fd_sc_hd__dfrtp_2)
                                            625.370422   data arrival time

                      0.150000    0.000000    0.000000   clock clk_i (rise edge)
                                  0.000000    0.000000   clock network delay (ideal)
                                  0.250000    0.250000   clock uncertainty
                                  0.000000    0.250000   clock reconvergence pessimism
                                              0.250000 ^ _235_/CLK (sky130_fd_sc_hd__dfrtp_2)
                                  0.343071    0.593071   library removal time
                                              0.593071   data required time
---------------------------------------------------------------------------------------------
                                              0.593071   data required time
                                           -625.370422   data arrival time
---------------------------------------------------------------------------------------------
                                            624.777344   slack (MET)


Startpoint: rst_i (input port clocked by clk_i)
Endpoint: _236_ (removal check against rising-edge clock clk_i)
Path Group: asynchronous
Path Type: min

Fanout         Cap        Slew       Delay        Time   Description
---------------------------------------------------------------------------------------------
                      0.150000    0.000000    0.000000   clock clk_i (rise edge)
                                  0.000000    0.000000   clock network delay (ideal)
                                625.000000  625.000000 ^ input external delay
    44    0.159148    0.538013    0.370392  625.370422 ^ rst_i (in)
                                                         rst_i (net)
                      0.538013    0.000000  625.370422 ^ _236_/RESET_B (sky130_fd_sc_hd__dfrtp_2)
                                            625.370422   data arrival time

                      0.150000    0.000000    0.000000   clock clk_i (rise edge)
                                  0.000000    0.000000   clock network delay (ideal)
                                  0.250000    0.250000   clock uncertainty
                                  0.000000    0.250000   clock reconvergence pessimism
                                              0.250000 ^ _236_/CLK (sky130_fd_sc_hd__dfrtp_2)
                                  0.343071    0.593071   library removal time
                                              0.593071   data required time
---------------------------------------------------------------------------------------------
                                              0.593071   data required time
                                           -625.370422   data arrival time
---------------------------------------------------------------------------------------------
                                            624.777344   slack (MET)


Startpoint: rst_i (input port clocked by clk_i)
Endpoint: _237_ (removal check against rising-edge clock clk_i)
Path Group: asynchronous
Path Type: min

Fanout         Cap        Slew       Delay        Time   Description
---------------------------------------------------------------------------------------------
                      0.150000    0.000000    0.000000   clock clk_i (rise edge)
                                  0.000000    0.000000   clock network delay (ideal)
                                625.000000  625.000000 ^ input external delay
    44    0.159148    0.538013    0.370392  625.370422 ^ rst_i (in)
                                                         rst_i (net)
                      0.538013    0.000000  625.370422 ^ _237_/RESET_B (sky130_fd_sc_hd__dfrtp_2)
                                            625.370422   data arrival time

                      0.150000    0.000000    0.000000   clock clk_i (rise edge)
                                  0.000000    0.000000   clock network delay (ideal)
                                  0.250000    0.250000   clock uncertainty
                                  0.000000    0.250000   clock reconvergence pessimism
                                              0.250000 ^ _237_/CLK (sky130_fd_sc_hd__dfrtp_2)
                                  0.343071    0.593071   library removal time
                                              0.593071   data required time
---------------------------------------------------------------------------------------------
                                              0.593071   data required time
                                           -625.370422   data arrival time
---------------------------------------------------------------------------------------------
                                            624.777344   slack (MET)


Startpoint: rst_i (input port clocked by clk_i)
Endpoint: _238_ (removal check against rising-edge clock clk_i)
Path Group: asynchronous
Path Type: min

Fanout         Cap        Slew       Delay        Time   Description
---------------------------------------------------------------------------------------------
                      0.150000    0.000000    0.000000   clock clk_i (rise edge)
                                  0.000000    0.000000   clock network delay (ideal)
                                625.000000  625.000000 ^ input external delay
    44    0.159148    0.538013    0.370392  625.370422 ^ rst_i (in)
                                                         rst_i (net)
                      0.538013    0.000000  625.370422 ^ _238_/RESET_B (sky130_fd_sc_hd__dfrtp_2)
                                            625.370422   data arrival time

                      0.150000    0.000000    0.000000   clock clk_i (rise edge)
                                  0.000000    0.000000   clock network delay (ideal)
                                  0.250000    0.250000   clock uncertainty
                                  0.000000    0.250000   clock reconvergence pessimism
                                              0.250000 ^ _238_/CLK (sky130_fd_sc_hd__dfrtp_2)
                                  0.343071    0.593071   library removal time
                                              0.593071   data required time
---------------------------------------------------------------------------------------------
                                              0.593071   data required time
                                           -625.370422   data arrival time
---------------------------------------------------------------------------------------------
                                            624.777344   slack (MET)


Startpoint: rst_i (input port clocked by clk_i)
Endpoint: _239_ (removal check against rising-edge clock clk_i)
Path Group: asynchronous
Path Type: min

Fanout         Cap        Slew       Delay        Time   Description
---------------------------------------------------------------------------------------------
                      0.150000    0.000000    0.000000   clock clk_i (rise edge)
                                  0.000000    0.000000   clock network delay (ideal)
                                625.000000  625.000000 ^ input external delay
    44    0.159148    0.538013    0.370392  625.370422 ^ rst_i (in)
                                                         rst_i (net)
                      0.538013    0.000000  625.370422 ^ _239_/RESET_B (sky130_fd_sc_hd__dfrtp_2)
                                            625.370422   data arrival time

                      0.150000    0.000000    0.000000   clock clk_i (rise edge)
                                  0.000000    0.000000   clock network delay (ideal)
                                  0.250000    0.250000   clock uncertainty
                                  0.000000    0.250000   clock reconvergence pessimism
                                              0.250000 ^ _239_/CLK (sky130_fd_sc_hd__dfrtp_2)
                                  0.343071    0.593071   library removal time
                                              0.593071   data required time
---------------------------------------------------------------------------------------------
                                              0.593071   data required time
                                           -625.370422   data arrival time
---------------------------------------------------------------------------------------------
                                            624.777344   slack (MET)


Startpoint: rst_i (input port clocked by clk_i)
Endpoint: _240_ (removal check against rising-edge clock clk_i)
Path Group: asynchronous
Path Type: min

Fanout         Cap        Slew       Delay        Time   Description
---------------------------------------------------------------------------------------------
                      0.150000    0.000000    0.000000   clock clk_i (rise edge)
                                  0.000000    0.000000   clock network delay (ideal)
                                625.000000  625.000000 ^ input external delay
    44    0.159148    0.538013    0.370392  625.370422 ^ rst_i (in)
                                                         rst_i (net)
                      0.538013    0.000000  625.370422 ^ _240_/RESET_B (sky130_fd_sc_hd__dfrtp_2)
                                            625.370422   data arrival time

                      0.150000    0.000000    0.000000   clock clk_i (rise edge)
                                  0.000000    0.000000   clock network delay (ideal)
                                  0.250000    0.250000   clock uncertainty
                                  0.000000    0.250000   clock reconvergence pessimism
                                              0.250000 ^ _240_/CLK (sky130_fd_sc_hd__dfrtp_2)
                                  0.343071    0.593071   library removal time
                                              0.593071   data required time
---------------------------------------------------------------------------------------------
                                              0.593071   data required time
                                           -625.370422   data arrival time
---------------------------------------------------------------------------------------------
                                            624.777344   slack (MET)


Startpoint: rst_i (input port clocked by clk_i)
Endpoint: _241_ (removal check against rising-edge clock clk_i)
Path Group: asynchronous
Path Type: min

Fanout         Cap        Slew       Delay        Time   Description
---------------------------------------------------------------------------------------------
                      0.150000    0.000000    0.000000   clock clk_i (rise edge)
                                  0.000000    0.000000   clock network delay (ideal)
                                625.000000  625.000000 ^ input external delay
    44    0.159148    0.538013    0.370392  625.370422 ^ rst_i (in)
                                                         rst_i (net)
                      0.538013    0.000000  625.370422 ^ _241_/RESET_B (sky130_fd_sc_hd__dfrtp_2)
                                            625.370422   data arrival time

                      0.150000    0.000000    0.000000   clock clk_i (rise edge)
                                  0.000000    0.000000   clock network delay (ideal)
                                  0.250000    0.250000   clock uncertainty
                                  0.000000    0.250000   clock reconvergence pessimism
                                              0.250000 ^ _241_/CLK (sky130_fd_sc_hd__dfrtp_2)
                                  0.343071    0.593071   library removal time
                                              0.593071   data required time
---------------------------------------------------------------------------------------------
                                              0.593071   data required time
                                           -625.370422   data arrival time
---------------------------------------------------------------------------------------------
                                            624.777344   slack (MET)


Startpoint: rst_i (input port clocked by clk_i)
Endpoint: _242_ (removal check against rising-edge clock clk_i)
Path Group: asynchronous
Path Type: min

Fanout         Cap        Slew       Delay        Time   Description
---------------------------------------------------------------------------------------------
                      0.150000    0.000000    0.000000   clock clk_i (rise edge)
                                  0.000000    0.000000   clock network delay (ideal)
                                625.000000  625.000000 ^ input external delay
    44    0.159148    0.538013    0.370392  625.370422 ^ rst_i (in)
                                                         rst_i (net)
                      0.538013    0.000000  625.370422 ^ _242_/RESET_B (sky130_fd_sc_hd__dfrtp_2)
                                            625.370422   data arrival time

                      0.150000    0.000000    0.000000   clock clk_i (rise edge)
                                  0.000000    0.000000   clock network delay (ideal)
                                  0.250000    0.250000   clock uncertainty
                                  0.000000    0.250000   clock reconvergence pessimism
                                              0.250000 ^ _242_/CLK (sky130_fd_sc_hd__dfrtp_2)
                                  0.343071    0.593071   library removal time
                                              0.593071   data required time
---------------------------------------------------------------------------------------------
                                              0.593071   data required time
                                           -625.370422   data arrival time
---------------------------------------------------------------------------------------------
                                            624.777344   slack (MET)


Startpoint: rst_i (input port clocked by clk_i)
Endpoint: _243_ (removal check against rising-edge clock clk_i)
Path Group: asynchronous
Path Type: min

Fanout         Cap        Slew       Delay        Time   Description
---------------------------------------------------------------------------------------------
                      0.150000    0.000000    0.000000   clock clk_i (rise edge)
                                  0.000000    0.000000   clock network delay (ideal)
                                625.000000  625.000000 ^ input external delay
    44    0.159148    0.538013    0.370392  625.370422 ^ rst_i (in)
                                                         rst_i (net)
                      0.538013    0.000000  625.370422 ^ _243_/RESET_B (sky130_fd_sc_hd__dfrtp_2)
                                            625.370422   data arrival time

                      0.150000    0.000000    0.000000   clock clk_i (rise edge)
                                  0.000000    0.000000   clock network delay (ideal)
                                  0.250000    0.250000   clock uncertainty
                                  0.000000    0.250000   clock reconvergence pessimism
                                              0.250000 ^ _243_/CLK (sky130_fd_sc_hd__dfrtp_2)
                                  0.343071    0.593071   library removal time
                                              0.593071   data required time
---------------------------------------------------------------------------------------------
                                              0.593071   data required time
                                           -625.370422   data arrival time
---------------------------------------------------------------------------------------------
                                            624.777344   slack (MET)


Startpoint: rst_i (input port clocked by clk_i)
Endpoint: _244_ (removal check against rising-edge clock clk_i)
Path Group: asynchronous
Path Type: min

Fanout         Cap        Slew       Delay        Time   Description
---------------------------------------------------------------------------------------------
                      0.150000    0.000000    0.000000   clock clk_i (rise edge)
                                  0.000000    0.000000   clock network delay (ideal)
                                625.000000  625.000000 ^ input external delay
    44    0.159148    0.538013    0.370392  625.370422 ^ rst_i (in)
                                                         rst_i (net)
                      0.538013    0.000000  625.370422 ^ _244_/RESET_B (sky130_fd_sc_hd__dfrtp_2)
                                            625.370422   data arrival time

                      0.150000    0.000000    0.000000   clock clk_i (rise edge)
                                  0.000000    0.000000   clock network delay (ideal)
                                  0.250000    0.250000   clock uncertainty
                                  0.000000    0.250000   clock reconvergence pessimism
                                              0.250000 ^ _244_/CLK (sky130_fd_sc_hd__dfrtp_2)
                                  0.343071    0.593071   library removal time
                                              0.593071   data required time
---------------------------------------------------------------------------------------------
                                              0.593071   data required time
                                           -625.370422   data arrival time
---------------------------------------------------------------------------------------------
                                            624.777344   slack (MET)


Startpoint: rst_i (input port clocked by clk_i)
Endpoint: _245_ (removal check against rising-edge clock clk_i)
Path Group: asynchronous
Path Type: min

Fanout         Cap        Slew       Delay        Time   Description
---------------------------------------------------------------------------------------------
                      0.150000    0.000000    0.000000   clock clk_i (rise edge)
                                  0.000000    0.000000   clock network delay (ideal)
                                625.000000  625.000000 ^ input external delay
    44    0.159148    0.538013    0.370392  625.370422 ^ rst_i (in)
                                                         rst_i (net)
                      0.538013    0.000000  625.370422 ^ _245_/RESET_B (sky130_fd_sc_hd__dfrtp_2)
                                            625.370422   data arrival time

                      0.150000    0.000000    0.000000   clock clk_i (rise edge)
                                  0.000000    0.000000   clock network delay (ideal)
                                  0.250000    0.250000   clock uncertainty
                                  0.000000    0.250000   clock reconvergence pessimism
                                              0.250000 ^ _245_/CLK (sky130_fd_sc_hd__dfrtp_2)
                                  0.343071    0.593071   library removal time
                                              0.593071   data required time
---------------------------------------------------------------------------------------------
                                              0.593071   data required time
                                           -625.370422   data arrival time
---------------------------------------------------------------------------------------------
                                            624.777344   slack (MET)


Startpoint: rst_i (input port clocked by clk_i)
Endpoint: _246_ (removal check against rising-edge clock clk_i)
Path Group: asynchronous
Path Type: min

Fanout         Cap        Slew       Delay        Time   Description
---------------------------------------------------------------------------------------------
                      0.150000    0.000000    0.000000   clock clk_i (rise edge)
                                  0.000000    0.000000   clock network delay (ideal)
                                625.000000  625.000000 ^ input external delay
    44    0.159148    0.538013    0.370392  625.370422 ^ rst_i (in)
                                                         rst_i (net)
                      0.538013    0.000000  625.370422 ^ _246_/RESET_B (sky130_fd_sc_hd__dfrtp_2)
                                            625.370422   data arrival time

                      0.150000    0.000000    0.000000   clock clk_i (rise edge)
                                  0.000000    0.000000   clock network delay (ideal)
                                  0.250000    0.250000   clock uncertainty
                                  0.000000    0.250000   clock reconvergence pessimism
                                              0.250000 ^ _246_/CLK (sky130_fd_sc_hd__dfrtp_2)
                                  0.343071    0.593071   library removal time
                                              0.593071   data required time
---------------------------------------------------------------------------------------------
                                              0.593071   data required time
                                           -625.370422   data arrival time
---------------------------------------------------------------------------------------------
                                            624.777344   slack (MET)


Startpoint: rst_i (input port clocked by clk_i)
Endpoint: _247_ (removal check against rising-edge clock clk_i)
Path Group: asynchronous
Path Type: min

Fanout         Cap        Slew       Delay        Time   Description
---------------------------------------------------------------------------------------------
                      0.150000    0.000000    0.000000   clock clk_i (rise edge)
                                  0.000000    0.000000   clock network delay (ideal)
                                625.000000  625.000000 ^ input external delay
    44    0.159148    0.538013    0.370392  625.370422 ^ rst_i (in)
                                                         rst_i (net)
                      0.538013    0.000000  625.370422 ^ _247_/RESET_B (sky130_fd_sc_hd__dfrtp_2)
                                            625.370422   data arrival time

                      0.150000    0.000000    0.000000   clock clk_i (rise edge)
                                  0.000000    0.000000   clock network delay (ideal)
                                  0.250000    0.250000   clock uncertainty
                                  0.000000    0.250000   clock reconvergence pessimism
                                              0.250000 ^ _247_/CLK (sky130_fd_sc_hd__dfrtp_2)
                                  0.343071    0.593071   library removal time
                                              0.593071   data required time
---------------------------------------------------------------------------------------------
                                              0.593071   data required time
                                           -625.370422   data arrival time
---------------------------------------------------------------------------------------------
                                            624.777344   slack (MET)


Startpoint: rst_i (input port clocked by clk_i)
Endpoint: _248_ (removal check against rising-edge clock clk_i)
Path Group: asynchronous
Path Type: min

Fanout         Cap        Slew       Delay        Time   Description
---------------------------------------------------------------------------------------------
                      0.150000    0.000000    0.000000   clock clk_i (rise edge)
                                  0.000000    0.000000   clock network delay (ideal)
                                625.000000  625.000000 ^ input external delay
    44    0.159148    0.538013    0.370392  625.370422 ^ rst_i (in)
                                                         rst_i (net)
                      0.538013    0.000000  625.370422 ^ _248_/RESET_B (sky130_fd_sc_hd__dfrtp_2)
                                            625.370422   data arrival time

                      0.150000    0.000000    0.000000   clock clk_i (rise edge)
                                  0.000000    0.000000   clock network delay (ideal)
                                  0.250000    0.250000   clock uncertainty
                                  0.000000    0.250000   clock reconvergence pessimism
                                              0.250000 ^ _248_/CLK (sky130_fd_sc_hd__dfrtp_2)
                                  0.343071    0.593071   library removal time
                                              0.593071   data required time
---------------------------------------------------------------------------------------------
                                              0.593071   data required time
                                           -625.370422   data arrival time
---------------------------------------------------------------------------------------------
                                            624.777344   slack (MET)


Startpoint: rst_i (input port clocked by clk_i)
Endpoint: _249_ (removal check against rising-edge clock clk_i)
Path Group: asynchronous
Path Type: min

Fanout         Cap        Slew       Delay        Time   Description
---------------------------------------------------------------------------------------------
                      0.150000    0.000000    0.000000   clock clk_i (rise edge)
                                  0.000000    0.000000   clock network delay (ideal)
                                625.000000  625.000000 ^ input external delay
    44    0.159148    0.538013    0.370392  625.370422 ^ rst_i (in)
                                                         rst_i (net)
                      0.538013    0.000000  625.370422 ^ _249_/RESET_B (sky130_fd_sc_hd__dfrtp_2)
                                            625.370422   data arrival time

                      0.150000    0.000000    0.000000   clock clk_i (rise edge)
                                  0.000000    0.000000   clock network delay (ideal)
                                  0.250000    0.250000   clock uncertainty
                                  0.000000    0.250000   clock reconvergence pessimism
                                              0.250000 ^ _249_/CLK (sky130_fd_sc_hd__dfrtp_2)
                                  0.343071    0.593071   library removal time
                                              0.593071   data required time
---------------------------------------------------------------------------------------------
                                              0.593071   data required time
                                           -625.370422   data arrival time
---------------------------------------------------------------------------------------------
                                            624.777344   slack (MET)


Startpoint: rst_i (input port clocked by clk_i)
Endpoint: _250_ (removal check against rising-edge clock clk_i)
Path Group: asynchronous
Path Type: min

Fanout         Cap        Slew       Delay        Time   Description
---------------------------------------------------------------------------------------------
                      0.150000    0.000000    0.000000   clock clk_i (rise edge)
                                  0.000000    0.000000   clock network delay (ideal)
                                625.000000  625.000000 ^ input external delay
    44    0.159148    0.538013    0.370392  625.370422 ^ rst_i (in)
                                                         rst_i (net)
                      0.538013    0.000000  625.370422 ^ _250_/RESET_B (sky130_fd_sc_hd__dfrtp_2)
                                            625.370422   data arrival time

                      0.150000    0.000000    0.000000   clock clk_i (rise edge)
                                  0.000000    0.000000   clock network delay (ideal)
                                  0.250000    0.250000   clock uncertainty
                                  0.000000    0.250000   clock reconvergence pessimism
                                              0.250000 ^ _250_/CLK (sky130_fd_sc_hd__dfrtp_2)
                                  0.343071    0.593071   library removal time
                                              0.593071   data required time
---------------------------------------------------------------------------------------------
                                              0.593071   data required time
                                           -625.370422   data arrival time
---------------------------------------------------------------------------------------------
                                            624.777344   slack (MET)


Startpoint: rst_i (input port clocked by clk_i)
Endpoint: _251_ (removal check against rising-edge clock clk_i)
Path Group: asynchronous
Path Type: min

Fanout         Cap        Slew       Delay        Time   Description
---------------------------------------------------------------------------------------------
                      0.150000    0.000000    0.000000   clock clk_i (rise edge)
                                  0.000000    0.000000   clock network delay (ideal)
                                625.000000  625.000000 ^ input external delay
    44    0.159148    0.538013    0.370392  625.370422 ^ rst_i (in)
                                                         rst_i (net)
                      0.538013    0.000000  625.370422 ^ _251_/RESET_B (sky130_fd_sc_hd__dfrtp_2)
                                            625.370422   data arrival time

                      0.150000    0.000000    0.000000   clock clk_i (rise edge)
                                  0.000000    0.000000   clock network delay (ideal)
                                  0.250000    0.250000   clock uncertainty
                                  0.000000    0.250000   clock reconvergence pessimism
                                              0.250000 ^ _251_/CLK (sky130_fd_sc_hd__dfrtp_2)
                                  0.343071    0.593071   library removal time
                                              0.593071   data required time
---------------------------------------------------------------------------------------------
                                              0.593071   data required time
                                           -625.370422   data arrival time
---------------------------------------------------------------------------------------------
                                            624.777344   slack (MET)


Startpoint: rst_i (input port clocked by clk_i)
Endpoint: _252_ (removal check against rising-edge clock clk_i)
Path Group: asynchronous
Path Type: min

Fanout         Cap        Slew       Delay        Time   Description
---------------------------------------------------------------------------------------------
                      0.150000    0.000000    0.000000   clock clk_i (rise edge)
                                  0.000000    0.000000   clock network delay (ideal)
                                625.000000  625.000000 ^ input external delay
    44    0.159148    0.538013    0.370392  625.370422 ^ rst_i (in)
                                                         rst_i (net)
                      0.538013    0.000000  625.370422 ^ _252_/RESET_B (sky130_fd_sc_hd__dfrtp_2)
                                            625.370422   data arrival time

                      0.150000    0.000000    0.000000   clock clk_i (rise edge)
                                  0.000000    0.000000   clock network delay (ideal)
                                  0.250000    0.250000   clock uncertainty
                                  0.000000    0.250000   clock reconvergence pessimism
                                              0.250000 ^ _252_/CLK (sky130_fd_sc_hd__dfrtp_2)
                                  0.343071    0.593071   library removal time
                                              0.593071   data required time
---------------------------------------------------------------------------------------------
                                              0.593071   data required time
                                           -625.370422   data arrival time
---------------------------------------------------------------------------------------------
                                            624.777344   slack (MET)


Startpoint: rst_i (input port clocked by clk_i)
Endpoint: _253_ (removal check against rising-edge clock clk_i)
Path Group: asynchronous
Path Type: min

Fanout         Cap        Slew       Delay        Time   Description
---------------------------------------------------------------------------------------------
                      0.150000    0.000000    0.000000   clock clk_i (rise edge)
                                  0.000000    0.000000   clock network delay (ideal)
                                625.000000  625.000000 ^ input external delay
    44    0.159148    0.538013    0.370392  625.370422 ^ rst_i (in)
                                                         rst_i (net)
                      0.538013    0.000000  625.370422 ^ _253_/RESET_B (sky130_fd_sc_hd__dfrtp_2)
                                            625.370422   data arrival time

                      0.150000    0.000000    0.000000   clock clk_i (rise edge)
                                  0.000000    0.000000   clock network delay (ideal)
                                  0.250000    0.250000   clock uncertainty
                                  0.000000    0.250000   clock reconvergence pessimism
                                              0.250000 ^ _253_/CLK (sky130_fd_sc_hd__dfrtp_2)
                                  0.343071    0.593071   library removal time
                                              0.593071   data required time
---------------------------------------------------------------------------------------------
                                              0.593071   data required time
                                           -625.370422   data arrival time
---------------------------------------------------------------------------------------------
                                            624.777344   slack (MET)


Startpoint: rst_i (input port clocked by clk_i)
Endpoint: _254_ (removal check against rising-edge clock clk_i)
Path Group: asynchronous
Path Type: min

Fanout         Cap        Slew       Delay        Time   Description
---------------------------------------------------------------------------------------------
                      0.150000    0.000000    0.000000   clock clk_i (rise edge)
                                  0.000000    0.000000   clock network delay (ideal)
                                625.000000  625.000000 ^ input external delay
    44    0.159148    0.538013    0.370392  625.370422 ^ rst_i (in)
                                                         rst_i (net)
                      0.538013    0.000000  625.370422 ^ _254_/RESET_B (sky130_fd_sc_hd__dfrtp_2)
                                            625.370422   data arrival time

                      0.150000    0.000000    0.000000   clock clk_i (rise edge)
                                  0.000000    0.000000   clock network delay (ideal)
                                  0.250000    0.250000   clock uncertainty
                                  0.000000    0.250000   clock reconvergence pessimism
                                              0.250000 ^ _254_/CLK (sky130_fd_sc_hd__dfrtp_2)
                                  0.343071    0.593071   library removal time
                                              0.593071   data required time
---------------------------------------------------------------------------------------------
                                              0.593071   data required time
                                           -625.370422   data arrival time
---------------------------------------------------------------------------------------------
                                            624.777344   slack (MET)


Startpoint: rst_i (input port clocked by clk_i)
Endpoint: _255_ (removal check against rising-edge clock clk_i)
Path Group: asynchronous
Path Type: min

Fanout         Cap        Slew       Delay        Time   Description
---------------------------------------------------------------------------------------------
                      0.150000    0.000000    0.000000   clock clk_i (rise edge)
                                  0.000000    0.000000   clock network delay (ideal)
                                625.000000  625.000000 ^ input external delay
    44    0.159148    0.538013    0.370392  625.370422 ^ rst_i (in)
                                                         rst_i (net)
                      0.538013    0.000000  625.370422 ^ _255_/RESET_B (sky130_fd_sc_hd__dfrtp_2)
                                            625.370422   data arrival time

                      0.150000    0.000000    0.000000   clock clk_i (rise edge)
                                  0.000000    0.000000   clock network delay (ideal)
                                  0.250000    0.250000   clock uncertainty
                                  0.000000    0.250000   clock reconvergence pessimism
                                              0.250000 ^ _255_/CLK (sky130_fd_sc_hd__dfrtp_2)
                                  0.343071    0.593071   library removal time
                                              0.593071   data required time
---------------------------------------------------------------------------------------------
                                              0.593071   data required time
                                           -625.370422   data arrival time
---------------------------------------------------------------------------------------------
                                            624.777344   slack (MET)


Startpoint: rst_i (input port clocked by clk_i)
Endpoint: _256_ (removal check against rising-edge clock clk_i)
Path Group: asynchronous
Path Type: min

Fanout         Cap        Slew       Delay        Time   Description
---------------------------------------------------------------------------------------------
                      0.150000    0.000000    0.000000   clock clk_i (rise edge)
                                  0.000000    0.000000   clock network delay (ideal)
                                625.000000  625.000000 ^ input external delay
    44    0.159148    0.538013    0.370392  625.370422 ^ rst_i (in)
                                                         rst_i (net)
                      0.538013    0.000000  625.370422 ^ _256_/RESET_B (sky130_fd_sc_hd__dfrtp_2)
                                            625.370422   data arrival time

                      0.150000    0.000000    0.000000   clock clk_i (rise edge)
                                  0.000000    0.000000   clock network delay (ideal)
                                  0.250000    0.250000   clock uncertainty
                                  0.000000    0.250000   clock reconvergence pessimism
                                              0.250000 ^ _256_/CLK (sky130_fd_sc_hd__dfrtp_2)
                                  0.343071    0.593071   library removal time
                                              0.593071   data required time
---------------------------------------------------------------------------------------------
                                              0.593071   data required time
                                           -625.370422   data arrival time
---------------------------------------------------------------------------------------------
                                            624.777344   slack (MET)


Startpoint: rst_i (input port clocked by clk_i)
Endpoint: _257_ (removal check against rising-edge clock clk_i)
Path Group: asynchronous
Path Type: min

Fanout         Cap        Slew       Delay        Time   Description
---------------------------------------------------------------------------------------------
                      0.150000    0.000000    0.000000   clock clk_i (rise edge)
                                  0.000000    0.000000   clock network delay (ideal)
                                625.000000  625.000000 ^ input external delay
    44    0.159148    0.538013    0.370392  625.370422 ^ rst_i (in)
                                                         rst_i (net)
                      0.538013    0.000000  625.370422 ^ _257_/RESET_B (sky130_fd_sc_hd__dfrtp_2)
                                            625.370422   data arrival time

                      0.150000    0.000000    0.000000   clock clk_i (rise edge)
                                  0.000000    0.000000   clock network delay (ideal)
                                  0.250000    0.250000   clock uncertainty
                                  0.000000    0.250000   clock reconvergence pessimism
                                              0.250000 ^ _257_/CLK (sky130_fd_sc_hd__dfrtp_2)
                                  0.343071    0.593071   library removal time
                                              0.593071   data required time
---------------------------------------------------------------------------------------------
                                              0.593071   data required time
                                           -625.370422   data arrival time
---------------------------------------------------------------------------------------------
                                            624.777344   slack (MET)


Startpoint: rst_i (input port clocked by clk_i)
Endpoint: _258_ (removal check against rising-edge clock clk_i)
Path Group: asynchronous
Path Type: min

Fanout         Cap        Slew       Delay        Time   Description
---------------------------------------------------------------------------------------------
                      0.150000    0.000000    0.000000   clock clk_i (rise edge)
                                  0.000000    0.000000   clock network delay (ideal)
                                625.000000  625.000000 ^ input external delay
    44    0.159148    0.538013    0.370392  625.370422 ^ rst_i (in)
                                                         rst_i (net)
                      0.538013    0.000000  625.370422 ^ _258_/RESET_B (sky130_fd_sc_hd__dfrtp_2)
                                            625.370422   data arrival time

                      0.150000    0.000000    0.000000   clock clk_i (rise edge)
                                  0.000000    0.000000   clock network delay (ideal)
                                  0.250000    0.250000   clock uncertainty
                                  0.000000    0.250000   clock reconvergence pessimism
                                              0.250000 ^ _258_/CLK (sky130_fd_sc_hd__dfrtp_2)
                                  0.343071    0.593071   library removal time
                                              0.593071   data required time
---------------------------------------------------------------------------------------------
                                              0.593071   data required time
                                           -625.370422   data arrival time
---------------------------------------------------------------------------------------------
                                            624.777344   slack (MET)


Startpoint: rst_i (input port clocked by clk_i)
Endpoint: _259_ (removal check against rising-edge clock clk_i)
Path Group: asynchronous
Path Type: min

Fanout         Cap        Slew       Delay        Time   Description
---------------------------------------------------------------------------------------------
                      0.150000    0.000000    0.000000   clock clk_i (rise edge)
                                  0.000000    0.000000   clock network delay (ideal)
                                625.000000  625.000000 ^ input external delay
    44    0.159148    0.538013    0.370392  625.370422 ^ rst_i (in)
                                                         rst_i (net)
                      0.538013    0.000000  625.370422 ^ _259_/RESET_B (sky130_fd_sc_hd__dfrtp_2)
                                            625.370422   data arrival time

                      0.150000    0.000000    0.000000   clock clk_i (rise edge)
                                  0.000000    0.000000   clock network delay (ideal)
                                  0.250000    0.250000   clock uncertainty
                                  0.000000    0.250000   clock reconvergence pessimism
                                              0.250000 ^ _259_/CLK (sky130_fd_sc_hd__dfrtp_2)
                                  0.343071    0.593071   library removal time
                                              0.593071   data required time
---------------------------------------------------------------------------------------------
                                              0.593071   data required time
                                           -625.370422   data arrival time
---------------------------------------------------------------------------------------------
                                            624.777344   slack (MET)


Startpoint: rst_i (input port clocked by clk_i)
Endpoint: _260_ (removal check against rising-edge clock clk_i)
Path Group: asynchronous
Path Type: min

Fanout         Cap        Slew       Delay        Time   Description
---------------------------------------------------------------------------------------------
                      0.150000    0.000000    0.000000   clock clk_i (rise edge)
                                  0.000000    0.000000   clock network delay (ideal)
                                625.000000  625.000000 ^ input external delay
    44    0.159148    0.538013    0.370392  625.370422 ^ rst_i (in)
                                                         rst_i (net)
                      0.538013    0.000000  625.370422 ^ _260_/RESET_B (sky130_fd_sc_hd__dfrtp_2)
                                            625.370422   data arrival time

                      0.150000    0.000000    0.000000   clock clk_i (rise edge)
                                  0.000000    0.000000   clock network delay (ideal)
                                  0.250000    0.250000   clock uncertainty
                                  0.000000    0.250000   clock reconvergence pessimism
                                              0.250000 ^ _260_/CLK (sky130_fd_sc_hd__dfrtp_2)
                                  0.343071    0.593071   library removal time
                                              0.593071   data required time
---------------------------------------------------------------------------------------------
                                              0.593071   data required time
                                           -625.370422   data arrival time
---------------------------------------------------------------------------------------------
                                            624.777344   slack (MET)


Startpoint: rst_i (input port clocked by clk_i)
Endpoint: _261_ (removal check against rising-edge clock clk_i)
Path Group: asynchronous
Path Type: min

Fanout         Cap        Slew       Delay        Time   Description
---------------------------------------------------------------------------------------------
                      0.150000    0.000000    0.000000   clock clk_i (rise edge)
                                  0.000000    0.000000   clock network delay (ideal)
                                625.000000  625.000000 ^ input external delay
    44    0.159148    0.538013    0.370392  625.370422 ^ rst_i (in)
                                                         rst_i (net)
                      0.538013    0.000000  625.370422 ^ _261_/RESET_B (sky130_fd_sc_hd__dfrtp_2)
                                            625.370422   data arrival time

                      0.150000    0.000000    0.000000   clock clk_i (rise edge)
                                  0.000000    0.000000   clock network delay (ideal)
                                  0.250000    0.250000   clock uncertainty
                                  0.000000    0.250000   clock reconvergence pessimism
                                              0.250000 ^ _261_/CLK (sky130_fd_sc_hd__dfrtp_2)
                                  0.343071    0.593071   library removal time
                                              0.593071   data required time
---------------------------------------------------------------------------------------------
                                              0.593071   data required time
                                           -625.370422   data arrival time
---------------------------------------------------------------------------------------------
                                            624.777344   slack (MET)


Startpoint: rst_i (input port clocked by clk_i)
Endpoint: _262_ (removal check against rising-edge clock clk_i)
Path Group: asynchronous
Path Type: min

Fanout         Cap        Slew       Delay        Time   Description
---------------------------------------------------------------------------------------------
                      0.150000    0.000000    0.000000   clock clk_i (rise edge)
                                  0.000000    0.000000   clock network delay (ideal)
                                625.000000  625.000000 ^ input external delay
    44    0.159148    0.538013    0.370392  625.370422 ^ rst_i (in)
                                                         rst_i (net)
                      0.538013    0.000000  625.370422 ^ _262_/RESET_B (sky130_fd_sc_hd__dfrtp_2)
                                            625.370422   data arrival time

                      0.150000    0.000000    0.000000   clock clk_i (rise edge)
                                  0.000000    0.000000   clock network delay (ideal)
                                  0.250000    0.250000   clock uncertainty
                                  0.000000    0.250000   clock reconvergence pessimism
                                              0.250000 ^ _262_/CLK (sky130_fd_sc_hd__dfrtp_2)
                                  0.343071    0.593071   library removal time
                                              0.593071   data required time
---------------------------------------------------------------------------------------------
                                              0.593071   data required time
                                           -625.370422   data arrival time
---------------------------------------------------------------------------------------------
                                            624.777344   slack (MET)


Startpoint: rst_i (input port clocked by clk_i)
Endpoint: _263_ (removal check against rising-edge clock clk_i)
Path Group: asynchronous
Path Type: min

Fanout         Cap        Slew       Delay        Time   Description
---------------------------------------------------------------------------------------------
                      0.150000    0.000000    0.000000   clock clk_i (rise edge)
                                  0.000000    0.000000   clock network delay (ideal)
                                625.000000  625.000000 ^ input external delay
    44    0.159148    0.538013    0.370392  625.370422 ^ rst_i (in)
                                                         rst_i (net)
                      0.538013    0.000000  625.370422 ^ _263_/RESET_B (sky130_fd_sc_hd__dfrtp_2)
                                            625.370422   data arrival time

                      0.150000    0.000000    0.000000   clock clk_i (rise edge)
                                  0.000000    0.000000   clock network delay (ideal)
                                  0.250000    0.250000   clock uncertainty
                                  0.000000    0.250000   clock reconvergence pessimism
                                              0.250000 ^ _263_/CLK (sky130_fd_sc_hd__dfrtp_2)
                                  0.343071    0.593071   library removal time
                                              0.593071   data required time
---------------------------------------------------------------------------------------------
                                              0.593071   data required time
                                           -625.370422   data arrival time
---------------------------------------------------------------------------------------------
                                            624.777344   slack (MET)


Startpoint: rst_i (input port clocked by clk_i)
Endpoint: _264_ (removal check against rising-edge clock clk_i)
Path Group: asynchronous
Path Type: min

Fanout         Cap        Slew       Delay        Time   Description
---------------------------------------------------------------------------------------------
                      0.150000    0.000000    0.000000   clock clk_i (rise edge)
                                  0.000000    0.000000   clock network delay (ideal)
                                625.000000  625.000000 ^ input external delay
    44    0.159148    0.538013    0.370392  625.370422 ^ rst_i (in)
                                                         rst_i (net)
                      0.538013    0.000000  625.370422 ^ _264_/RESET_B (sky130_fd_sc_hd__dfrtp_2)
                                            625.370422   data arrival time

                      0.150000    0.000000    0.000000   clock clk_i (rise edge)
                                  0.000000    0.000000   clock network delay (ideal)
                                  0.250000    0.250000   clock uncertainty
                                  0.000000    0.250000   clock reconvergence pessimism
                                              0.250000 ^ _264_/CLK (sky130_fd_sc_hd__dfrtp_2)
                                  0.343071    0.593071   library removal time
                                              0.593071   data required time
---------------------------------------------------------------------------------------------
                                              0.593071   data required time
                                           -625.370422   data arrival time
---------------------------------------------------------------------------------------------
                                            624.777344   slack (MET)


Startpoint: rst_i (input port clocked by clk_i)
Endpoint: _265_ (removal check against rising-edge clock clk_i)
Path Group: asynchronous
Path Type: min

Fanout         Cap        Slew       Delay        Time   Description
---------------------------------------------------------------------------------------------
                      0.150000    0.000000    0.000000   clock clk_i (rise edge)
                                  0.000000    0.000000   clock network delay (ideal)
                                625.000000  625.000000 ^ input external delay
    44    0.159148    0.538013    0.370392  625.370422 ^ rst_i (in)
                                                         rst_i (net)
                      0.538013    0.000000  625.370422 ^ _265_/RESET_B (sky130_fd_sc_hd__dfrtp_2)
                                            625.370422   data arrival time

                      0.150000    0.000000    0.000000   clock clk_i (rise edge)
                                  0.000000    0.000000   clock network delay (ideal)
                                  0.250000    0.250000   clock uncertainty
                                  0.000000    0.250000   clock reconvergence pessimism
                                              0.250000 ^ _265_/CLK (sky130_fd_sc_hd__dfrtp_2)
                                  0.343071    0.593071   library removal time
                                              0.593071   data required time
---------------------------------------------------------------------------------------------
                                              0.593071   data required time
                                           -625.370422   data arrival time
---------------------------------------------------------------------------------------------
                                            624.777344   slack (MET)


Startpoint: rst_i (input port clocked by clk_i)
Endpoint: _266_ (removal check against rising-edge clock clk_i)
Path Group: asynchronous
Path Type: min

Fanout         Cap        Slew       Delay        Time   Description
---------------------------------------------------------------------------------------------
                      0.150000    0.000000    0.000000   clock clk_i (rise edge)
                                  0.000000    0.000000   clock network delay (ideal)
                                625.000000  625.000000 ^ input external delay
    44    0.159148    0.538013    0.370392  625.370422 ^ rst_i (in)
                                                         rst_i (net)
                      0.538013    0.000000  625.370422 ^ _266_/RESET_B (sky130_fd_sc_hd__dfrtp_2)
                                            625.370422   data arrival time

                      0.150000    0.000000    0.000000   clock clk_i (rise edge)
                                  0.000000    0.000000   clock network delay (ideal)
                                  0.250000    0.250000   clock uncertainty
                                  0.000000    0.250000   clock reconvergence pessimism
                                              0.250000 ^ _266_/CLK (sky130_fd_sc_hd__dfrtp_2)
                                  0.343071    0.593071   library removal time
                                              0.593071   data required time
---------------------------------------------------------------------------------------------
                                              0.593071   data required time
                                           -625.370422   data arrival time
---------------------------------------------------------------------------------------------
                                            624.777344   slack (MET)


Startpoint: rst_i (input port clocked by clk_i)
Endpoint: _267_ (removal check against rising-edge clock clk_i)
Path Group: asynchronous
Path Type: min

Fanout         Cap        Slew       Delay        Time   Description
---------------------------------------------------------------------------------------------
                      0.150000    0.000000    0.000000   clock clk_i (rise edge)
                                  0.000000    0.000000   clock network delay (ideal)
                                625.000000  625.000000 ^ input external delay
    44    0.159148    0.538013    0.370392  625.370422 ^ rst_i (in)
                                                         rst_i (net)
                      0.538013    0.000000  625.370422 ^ _267_/RESET_B (sky130_fd_sc_hd__dfrtp_2)
                                            625.370422   data arrival time

                      0.150000    0.000000    0.000000   clock clk_i (rise edge)
                                  0.000000    0.000000   clock network delay (ideal)
                                  0.250000    0.250000   clock uncertainty
                                  0.000000    0.250000   clock reconvergence pessimism
                                              0.250000 ^ _267_/CLK (sky130_fd_sc_hd__dfrtp_2)
                                  0.343071    0.593071   library removal time
                                              0.593071   data required time
---------------------------------------------------------------------------------------------
                                              0.593071   data required time
                                           -625.370422   data arrival time
---------------------------------------------------------------------------------------------
                                            624.777344   slack (MET)


Startpoint: rst_i (input port clocked by clk_i)
Endpoint: _268_ (removal check against rising-edge clock clk_i)
Path Group: asynchronous
Path Type: min

Fanout         Cap        Slew       Delay        Time   Description
---------------------------------------------------------------------------------------------
                      0.150000    0.000000    0.000000   clock clk_i (rise edge)
                                  0.000000    0.000000   clock network delay (ideal)
                                625.000000  625.000000 ^ input external delay
    44    0.159148    0.538013    0.370392  625.370422 ^ rst_i (in)
                                                         rst_i (net)
                      0.538013    0.000000  625.370422 ^ _268_/RESET_B (sky130_fd_sc_hd__dfrtp_2)
                                            625.370422   data arrival time

                      0.150000    0.000000    0.000000   clock clk_i (rise edge)
                                  0.000000    0.000000   clock network delay (ideal)
                                  0.250000    0.250000   clock uncertainty
                                  0.000000    0.250000   clock reconvergence pessimism
                                              0.250000 ^ _268_/CLK (sky130_fd_sc_hd__dfrtp_2)
                                  0.343071    0.593071   library removal time
                                              0.593071   data required time
---------------------------------------------------------------------------------------------
                                              0.593071   data required time
                                           -625.370422   data arrival time
---------------------------------------------------------------------------------------------
                                            624.777344   slack (MET)


Startpoint: rst_i (input port clocked by clk_i)
Endpoint: _269_ (removal check against rising-edge clock clk_i)
Path Group: asynchronous
Path Type: min

Fanout         Cap        Slew       Delay        Time   Description
---------------------------------------------------------------------------------------------
                      0.150000    0.000000    0.000000   clock clk_i (rise edge)
                                  0.000000    0.000000   clock network delay (ideal)
                                625.000000  625.000000 ^ input external delay
    44    0.159148    0.538013    0.370392  625.370422 ^ rst_i (in)
                                                         rst_i (net)
                      0.538013    0.000000  625.370422 ^ _269_/RESET_B (sky130_fd_sc_hd__dfrtp_2)
                                            625.370422   data arrival time

                      0.150000    0.000000    0.000000   clock clk_i (rise edge)
                                  0.000000    0.000000   clock network delay (ideal)
                                  0.250000    0.250000   clock uncertainty
                                  0.000000    0.250000   clock reconvergence pessimism
                                              0.250000 ^ _269_/CLK (sky130_fd_sc_hd__dfrtp_2)
                                  0.343071    0.593071   library removal time
                                              0.593071   data required time
---------------------------------------------------------------------------------------------
                                              0.593071   data required time
                                           -625.370422   data arrival time
---------------------------------------------------------------------------------------------
                                            624.777344   slack (MET)


Startpoint: rst_i (input port clocked by clk_i)
Endpoint: _270_ (removal check against rising-edge clock clk_i)
Path Group: asynchronous
Path Type: min

Fanout         Cap        Slew       Delay        Time   Description
---------------------------------------------------------------------------------------------
                      0.150000    0.000000    0.000000   clock clk_i (rise edge)
                                  0.000000    0.000000   clock network delay (ideal)
                                625.000000  625.000000 ^ input external delay
    44    0.159148    0.538013    0.370392  625.370422 ^ rst_i (in)
                                                         rst_i (net)
                      0.538013    0.000000  625.370422 ^ _270_/RESET_B (sky130_fd_sc_hd__dfrtp_2)
                                            625.370422   data arrival time

                      0.150000    0.000000    0.000000   clock clk_i (rise edge)
                                  0.000000    0.000000   clock network delay (ideal)
                                  0.250000    0.250000   clock uncertainty
                                  0.000000    0.250000   clock reconvergence pessimism
                                              0.250000 ^ _270_/CLK (sky130_fd_sc_hd__dfrtp_2)
                                  0.343071    0.593071   library removal time
                                              0.593071   data required time
---------------------------------------------------------------------------------------------
                                              0.593071   data required time
                                           -625.370422   data arrival time
---------------------------------------------------------------------------------------------
                                            624.777344   slack (MET)


Startpoint: _257_ (rising edge-triggered flip-flop clocked by clk_i)
Endpoint: num_to_send_o[2] (output port clocked by clk_i)
Path Group: clk_i
Path Type: min

Fanout         Cap        Slew       Delay        Time   Description
---------------------------------------------------------------------------------------------
                      0.150000    0.000000    0.000000   clock clk_i (rise edge)
                                  0.000000    0.000000   clock network delay (ideal)
                      0.150000    0.000000    0.000000 ^ _257_/CLK (sky130_fd_sc_hd__dfrtp_2)
     5    0.042741    0.091985    0.340370    0.340370 v _257_/Q (sky130_fd_sc_hd__dfrtp_2)
                                                         num_to_send_o[2] (net)
                      0.091985    0.000000    0.340370 v num_to_send_o[2] (out)
                                              0.340370   data arrival time

                      0.150000    0.000000    0.000000   clock clk_i (rise edge)
                                  0.000000    0.000000   clock network delay (ideal)
                                  0.250000    0.250000   clock uncertainty
                                  0.000000    0.250000   clock reconvergence pessimism
                               -625.000000 -624.750000   output external delay
                                           -624.750000   data required time
---------------------------------------------------------------------------------------------
                                           -624.750000   data required time
                                             -0.340370   data arrival time
---------------------------------------------------------------------------------------------
                                            625.090393   slack (MET)


Startpoint: _255_ (rising edge-triggered flip-flop clocked by clk_i)
Endpoint: num_to_send_o[0] (output port clocked by clk_i)
Path Group: clk_i
Path Type: min

Fanout         Cap        Slew       Delay        Time   Description
---------------------------------------------------------------------------------------------
                      0.150000    0.000000    0.000000   clock clk_i (rise edge)
                                  0.000000    0.000000   clock network delay (ideal)
                      0.150000    0.000000    0.000000 ^ _255_/CLK (sky130_fd_sc_hd__dfrtp_2)
     5    0.043330    0.092851    0.341329    0.341329 v _255_/Q (sky130_fd_sc_hd__dfrtp_2)
                                                         num_to_send_o[0] (net)
                      0.092851    0.000000    0.341329 v num_to_send_o[0] (out)
                                              0.341329   data arrival time

                      0.150000    0.000000    0.000000   clock clk_i (rise edge)
                                  0.000000    0.000000   clock network delay (ideal)
                                  0.250000    0.250000   clock uncertainty
                                  0.000000    0.250000   clock reconvergence pessimism
                               -625.000000 -624.750000   output external delay
                                           -624.750000   data required time
---------------------------------------------------------------------------------------------
                                           -624.750000   data required time
                                             -0.341329   data arrival time
---------------------------------------------------------------------------------------------
                                            625.091370   slack (MET)


Startpoint: _256_ (rising edge-triggered flip-flop clocked by clk_i)
Endpoint: num_to_send_o[1] (output port clocked by clk_i)
Path Group: clk_i
Path Type: min

Fanout         Cap        Slew       Delay        Time   Description
---------------------------------------------------------------------------------------------
                      0.150000    0.000000    0.000000   clock clk_i (rise edge)
                                  0.000000    0.000000   clock network delay (ideal)
                      0.150000    0.000000    0.000000 ^ _256_/CLK (sky130_fd_sc_hd__dfrtp_2)
     5    0.043352    0.092883    0.341365    0.341365 v _256_/Q (sky130_fd_sc_hd__dfrtp_2)
                                                         num_to_send_o[1] (net)
                      0.092883    0.000000    0.341365 v num_to_send_o[1] (out)
                                              0.341365   data arrival time

                      0.150000    0.000000    0.000000   clock clk_i (rise edge)
                                  0.000000    0.000000   clock network delay (ideal)
                                  0.250000    0.250000   clock uncertainty
                                  0.000000    0.250000   clock reconvergence pessimism
                               -625.000000 -624.750000   output external delay
                                           -624.750000   data required time
---------------------------------------------------------------------------------------------
                                           -624.750000   data required time
                                             -0.341365   data arrival time
---------------------------------------------------------------------------------------------
                                            625.091370   slack (MET)



