
===========================================================================
report_checks -path_delay max (Setup)
============================================================================
======================= nom_tt_025C_1v80 Corner ===================================

Startpoint: _187_ (rising edge-triggered flip-flop clocked by clk_i)
Endpoint: num_to_send_o[2] (output port clocked by clk_i)
Path Group: clk_i
Path Type: max

Fanout         Cap        Slew       Delay        Time   Description
---------------------------------------------------------------------------------------------
                                  0.000000    0.000000   clock clk_i (rise edge)
                                  0.000000    0.000000   clock source latency
     1    0.012344    0.061759    0.041726    0.041726 ^ clk_i (in)
                                                         clk_i (net)
                      0.061762    0.000000    0.041726 ^ clkbuf_0_clk_i/A (sky130_fd_sc_hd__clkbuf_16)
     4    0.038686    0.058560    0.146771    0.188497 ^ clkbuf_0_clk_i/X (sky130_fd_sc_hd__clkbuf_16)
                                                         clknet_0_clk_i (net)
                      0.058590    0.001153    0.189650 ^ clkbuf_2_0__f_clk_i/A (sky130_fd_sc_hd__clkbuf_16)
    11    0.029227    0.050329    0.138638    0.328288 ^ clkbuf_2_0__f_clk_i/X (sky130_fd_sc_hd__clkbuf_16)
                                                         clknet_2_0__leaf_clk_i (net)
                      0.050336    0.001100    0.329388 ^ _187_/CLK (sky130_fd_sc_hd__dfrtp_1)
     5    0.014803    0.139687    0.394116    0.723504 ^ _187_/Q (sky130_fd_sc_hd__dfrtp_1)
                                                         net6 (net)
                      0.139687    0.000460    0.723964 ^ output6/A (sky130_fd_sc_hd__buf_2)
     1    0.035684    0.177301    0.235681    0.959645 ^ output6/X (sky130_fd_sc_hd__buf_2)
                                                         num_to_send_o[2] (net)
                      0.177305    0.001097    0.960742 ^ num_to_send_o[2] (out)
                                              0.960742   data arrival time

                               3125.000000 3125.000000   clock clk_i (rise edge)
                                  0.000000 3125.000000   clock network delay (propagated)
                                 -0.250000 3124.750000   clock uncertainty
                                  0.000000 3124.750000   clock reconvergence pessimism
                               -625.000000 2499.750000   output external delay
                                           2499.750000   data required time
---------------------------------------------------------------------------------------------
                                           2499.750000   data required time
                                             -0.960742   data arrival time
---------------------------------------------------------------------------------------------
                                           2498.789307   slack (MET)


Startpoint: _186_ (rising edge-triggered flip-flop clocked by clk_i)
Endpoint: num_to_send_o[1] (output port clocked by clk_i)
Path Group: clk_i
Path Type: max

Fanout         Cap        Slew       Delay        Time   Description
---------------------------------------------------------------------------------------------
                                  0.000000    0.000000   clock clk_i (rise edge)
                                  0.000000    0.000000   clock source latency
     1    0.012344    0.061759    0.041726    0.041726 ^ clk_i (in)
                                                         clk_i (net)
                      0.061762    0.000000    0.041726 ^ clkbuf_0_clk_i/A (sky130_fd_sc_hd__clkbuf_16)
     4    0.038686    0.058560    0.146771    0.188497 ^ clkbuf_0_clk_i/X (sky130_fd_sc_hd__clkbuf_16)
                                                         clknet_0_clk_i (net)
                      0.058590    0.001153    0.189650 ^ clkbuf_2_0__f_clk_i/A (sky130_fd_sc_hd__clkbuf_16)
    11    0.029227    0.050329    0.138638    0.328288 ^ clkbuf_2_0__f_clk_i/X (sky130_fd_sc_hd__clkbuf_16)
                                                         clknet_2_0__leaf_clk_i (net)
                      0.050334    0.000977    0.329265 ^ _186_/CLK (sky130_fd_sc_hd__dfrtp_1)
     5    0.014055    0.133522    0.389636    0.718901 ^ _186_/Q (sky130_fd_sc_hd__dfrtp_1)
                                                         net5 (net)
                      0.133522    0.000358    0.719259 ^ output5/A (sky130_fd_sc_hd__buf_2)
     1    0.034670    0.172537    0.230766    0.950025 ^ output5/X (sky130_fd_sc_hd__buf_2)
                                                         num_to_send_o[1] (net)
                      0.172539    0.000931    0.950957 ^ num_to_send_o[1] (out)
                                              0.950957   data arrival time

                               3125.000000 3125.000000   clock clk_i (rise edge)
                                  0.000000 3125.000000   clock network delay (propagated)
                                 -0.250000 3124.750000   clock uncertainty
                                  0.000000 3124.750000   clock reconvergence pessimism
                               -625.000000 2499.750000   output external delay
                                           2499.750000   data required time
---------------------------------------------------------------------------------------------
                                           2499.750000   data required time
                                             -0.950957   data arrival time
---------------------------------------------------------------------------------------------
                                           2498.799072   slack (MET)


Startpoint: _185_ (rising edge-triggered flip-flop clocked by clk_i)
Endpoint: num_to_send_o[0] (output port clocked by clk_i)
Path Group: clk_i
Path Type: max

Fanout         Cap        Slew       Delay        Time   Description
---------------------------------------------------------------------------------------------
                                  0.000000    0.000000   clock clk_i (rise edge)
                                  0.000000    0.000000   clock source latency
     1    0.012344    0.061759    0.041726    0.041726 ^ clk_i (in)
                                                         clk_i (net)
                      0.061762    0.000000    0.041726 ^ clkbuf_0_clk_i/A (sky130_fd_sc_hd__clkbuf_16)
     4    0.038686    0.058560    0.146771    0.188497 ^ clkbuf_0_clk_i/X (sky130_fd_sc_hd__clkbuf_16)
                                                         clknet_0_clk_i (net)
                      0.058590    0.001153    0.189650 ^ clkbuf_2_0__f_clk_i/A (sky130_fd_sc_hd__clkbuf_16)
    11    0.029227    0.050329    0.138638    0.328288 ^ clkbuf_2_0__f_clk_i/X (sky130_fd_sc_hd__clkbuf_16)
                                                         clknet_2_0__leaf_clk_i (net)
                      0.050334    0.000951    0.329238 ^ _185_/CLK (sky130_fd_sc_hd__dfrtp_1)
     4    0.013157    0.126141    0.384205    0.713443 ^ _185_/Q (sky130_fd_sc_hd__dfrtp_1)
                                                         net4 (net)
                      0.126141    0.000218    0.713661 ^ output4/A (sky130_fd_sc_hd__buf_2)
     1    0.035403    0.175965    0.231157    0.944818 ^ output4/X (sky130_fd_sc_hd__buf_2)
                                                         num_to_send_o[0] (net)
                      0.175968    0.000993    0.945811 ^ num_to_send_o[0] (out)
                                              0.945811   data arrival time

                               3125.000000 3125.000000   clock clk_i (rise edge)
                                  0.000000 3125.000000   clock network delay (propagated)
                                 -0.250000 3124.750000   clock uncertainty
                                  0.000000 3124.750000   clock reconvergence pessimism
                               -625.000000 2499.750000   output external delay
                                           2499.750000   data required time
---------------------------------------------------------------------------------------------
                                           2499.750000   data required time
                                             -0.945811   data arrival time
---------------------------------------------------------------------------------------------
                                           2498.803955   slack (MET)


Startpoint: wr_i (input port clocked by clk_i)
Endpoint: _162_ (rising edge-triggered flip-flop clocked by clk_i)
Path Group: clk_i
Path Type: max

Fanout         Cap        Slew       Delay        Time   Description
---------------------------------------------------------------------------------------------
                                  0.000000    0.000000   clock clk_i (rise edge)
                                  0.000000    0.000000   clock network delay (propagated)
                                625.000000  625.000000 ^ input external delay
     1    0.003761    0.023901    0.013699  625.013672 ^ wr_i (in)
                                                         wr_i (net)
                      0.023909    0.000000  625.013672 ^ input3/A (sky130_fd_sc_hd__buf_1)
     4    0.016286    0.196080    0.179625  625.193298 ^ input3/X (sky130_fd_sc_hd__buf_1)
                                                         net3 (net)
                      0.196081    0.000398  625.193726 ^ _128_/S (sky130_fd_sc_hd__mux2_1)
     1    0.003410    0.058914    0.346063  625.539795 v _128_/X (sky130_fd_sc_hd__mux2_1)
                                                         _002_ (net)
                      0.058914    0.000114  625.539917 v _162_/D (sky130_fd_sc_hd__dfrtp_1)
                                            625.539917   data arrival time

                               3125.000000 3125.000000   clock clk_i (rise edge)
                                  0.000000 3125.000000   clock source latency
     1    0.012344    0.061759    0.041837 3125.041748 ^ clk_i (in)
                                                         clk_i (net)
                      0.061762    0.000000 3125.041748 ^ clkbuf_0_clk_i/A (sky130_fd_sc_hd__clkbuf_16)
     4    0.038686    0.058560    0.146656 3125.188477 ^ clkbuf_0_clk_i/X (sky130_fd_sc_hd__clkbuf_16)
                                                         clknet_0_clk_i (net)
                      0.058587    0.001137 3125.189697 ^ clkbuf_2_2__f_clk_i/A (sky130_fd_sc_hd__clkbuf_16)
    11    0.030423    0.051370    0.139607 3125.329346 ^ clkbuf_2_2__f_clk_i/X (sky130_fd_sc_hd__clkbuf_16)
                                                         clknet_2_2__leaf_clk_i (net)
                      0.051375    0.000909 3125.330078 ^ _162_/CLK (sky130_fd_sc_hd__dfrtp_1)
                                 -0.250000 3125.080078   clock uncertainty
                                  0.000000 3125.080078   clock reconvergence pessimism
                                 -0.118883 3124.961182   library setup time
                                           3124.961182   data required time
---------------------------------------------------------------------------------------------
                                           3124.961182   data required time
                                           -625.539917   data arrival time
---------------------------------------------------------------------------------------------
                                           2499.421143   slack (MET)


Startpoint: wr_i (input port clocked by clk_i)
Endpoint: _163_ (rising edge-triggered flip-flop clocked by clk_i)
Path Group: clk_i
Path Type: max

Fanout         Cap        Slew       Delay        Time   Description
---------------------------------------------------------------------------------------------
                                  0.000000    0.000000   clock clk_i (rise edge)
                                  0.000000    0.000000   clock network delay (propagated)
                                625.000000  625.000000 ^ input external delay
     1    0.003761    0.023901    0.013699  625.013672 ^ wr_i (in)
                                                         wr_i (net)
                      0.023909    0.000000  625.013672 ^ input3/A (sky130_fd_sc_hd__buf_1)
     4    0.016286    0.196080    0.179625  625.193298 ^ input3/X (sky130_fd_sc_hd__buf_1)
                                                         net3 (net)
                      0.196081    0.000341  625.193665 ^ _129_/S (sky130_fd_sc_hd__mux2_1)
     1    0.003327    0.058342    0.345267  625.538940 v _129_/X (sky130_fd_sc_hd__mux2_1)
                                                         _003_ (net)
                      0.058342    0.000114  625.539062 v _163_/D (sky130_fd_sc_hd__dfrtp_1)
                                            625.539062   data arrival time

                               3125.000000 3125.000000   clock clk_i (rise edge)
                                  0.000000 3125.000000   clock source latency
     1    0.012344    0.061759    0.041837 3125.041748 ^ clk_i (in)
                                                         clk_i (net)
                      0.061762    0.000000 3125.041748 ^ clkbuf_0_clk_i/A (sky130_fd_sc_hd__clkbuf_16)
     4    0.038686    0.058560    0.146656 3125.188477 ^ clkbuf_0_clk_i/X (sky130_fd_sc_hd__clkbuf_16)
                                                         clknet_0_clk_i (net)
                      0.058587    0.001137 3125.189697 ^ clkbuf_2_2__f_clk_i/A (sky130_fd_sc_hd__clkbuf_16)
    11    0.030423    0.051370    0.139607 3125.329346 ^ clkbuf_2_2__f_clk_i/X (sky130_fd_sc_hd__clkbuf_16)
                                                         clknet_2_2__leaf_clk_i (net)
                      0.051375    0.000909 3125.330078 ^ _163_/CLK (sky130_fd_sc_hd__dfrtp_1)
                                 -0.250000 3125.080078   clock uncertainty
                                  0.000000 3125.080078   clock reconvergence pessimism
                                 -0.118634 3124.961426   library setup time
                                           3124.961426   data required time
---------------------------------------------------------------------------------------------
                                           3124.961426   data required time
                                           -625.539062   data arrival time
---------------------------------------------------------------------------------------------
                                           2499.422363   slack (MET)


Startpoint: wr_i (input port clocked by clk_i)
Endpoint: _164_ (rising edge-triggered flip-flop clocked by clk_i)
Path Group: clk_i
Path Type: max

Fanout         Cap        Slew       Delay        Time   Description
---------------------------------------------------------------------------------------------
                                  0.000000    0.000000   clock clk_i (rise edge)
                                  0.000000    0.000000   clock network delay (propagated)
                                625.000000  625.000000 ^ input external delay
     1    0.003761    0.023901    0.013699  625.013672 ^ wr_i (in)
                                                         wr_i (net)
                      0.023909    0.000000  625.013672 ^ input3/A (sky130_fd_sc_hd__buf_1)
     4    0.016286    0.196080    0.179625  625.193298 ^ input3/X (sky130_fd_sc_hd__buf_1)
                                                         net3 (net)
                      0.196081    0.000398  625.193726 ^ _130_/S (sky130_fd_sc_hd__mux2_1)
     1    0.002569    0.053727    0.338161  625.531860 v _130_/X (sky130_fd_sc_hd__mux2_1)
                                                         _004_ (net)
                      0.053727    0.000057  625.531921 v _164_/D (sky130_fd_sc_hd__dfrtp_2)
                                            625.531921   data arrival time

                               3125.000000 3125.000000   clock clk_i (rise edge)
                                  0.000000 3125.000000   clock source latency
     1    0.012344    0.061759    0.041837 3125.041748 ^ clk_i (in)
                                                         clk_i (net)
                      0.061762    0.000000 3125.041748 ^ clkbuf_0_clk_i/A (sky130_fd_sc_hd__clkbuf_16)
     4    0.038686    0.058560    0.146656 3125.188477 ^ clkbuf_0_clk_i/X (sky130_fd_sc_hd__clkbuf_16)
                                                         clknet_0_clk_i (net)
                      0.058587    0.001137 3125.189697 ^ clkbuf_2_2__f_clk_i/A (sky130_fd_sc_hd__clkbuf_16)
    11    0.030423    0.051370    0.139607 3125.329346 ^ clkbuf_2_2__f_clk_i/X (sky130_fd_sc_hd__clkbuf_16)
                                                         clknet_2_2__leaf_clk_i (net)
                      0.051376    0.000909 3125.330078 ^ _164_/CLK (sky130_fd_sc_hd__dfrtp_2)
                                 -0.250000 3125.080078   clock uncertainty
                                  0.000000 3125.080078   clock reconvergence pessimism
                                 -0.117847 3124.962158   library setup time
                                           3124.962158   data required time
---------------------------------------------------------------------------------------------
                                           3124.962158   data required time
                                           -625.531921   data arrival time
---------------------------------------------------------------------------------------------
                                           2499.430176   slack (MET)


Startpoint: req_num_i (input port clocked by clk_i)
Endpoint: _189_ (rising edge-triggered flip-flop clocked by clk_i)
Path Group: clk_i
Path Type: max

Fanout         Cap        Slew       Delay        Time   Description
---------------------------------------------------------------------------------------------
                                  0.000000    0.000000   clock clk_i (rise edge)
                                  0.000000    0.000000   clock network delay (propagated)
                                625.000000  625.000000 v input external delay
     1    0.003262    0.009706    0.005230  625.005249 v req_num_i (in)
                                                         req_num_i (net)
                      0.009706    0.000000  625.005249 v input1/A (sky130_fd_sc_hd__buf_1)
     3    0.007030    0.048849    0.092427  625.097656 v input1/X (sky130_fd_sc_hd__buf_1)
                                                         net1 (net)
                      0.048849    0.000114  625.097778 v _153_/C (sky130_fd_sc_hd__or3_1)
     1    0.001948    0.059200    0.292346  625.390137 v _153_/X (sky130_fd_sc_hd__or3_1)
                                                         _047_ (net)
                      0.059200    0.000057  625.390198 v _154_/B (sky130_fd_sc_hd__and2_1)
     1    0.002247    0.032777    0.153079  625.543274 v _154_/X (sky130_fd_sc_hd__and2_1)
                                                         _026_ (net)
                      0.032777    0.000057  625.543335 v _189_/D (sky130_fd_sc_hd__dfrtp_1)
                                            625.543335   data arrival time

                               3125.000000 3125.000000   clock clk_i (rise edge)
                                  0.000000 3125.000000   clock source latency
     1    0.012344    0.061759    0.041837 3125.041748 ^ clk_i (in)
                                                         clk_i (net)
                      0.061762    0.000000 3125.041748 ^ clkbuf_0_clk_i/A (sky130_fd_sc_hd__clkbuf_16)
     4    0.038686    0.058560    0.146656 3125.188477 ^ clkbuf_0_clk_i/X (sky130_fd_sc_hd__clkbuf_16)
                                                         clknet_0_clk_i (net)
                      0.058587    0.001137 3125.189697 ^ clkbuf_2_2__f_clk_i/A (sky130_fd_sc_hd__clkbuf_16)
    11    0.030423    0.051370    0.139607 3125.329346 ^ clkbuf_2_2__f_clk_i/X (sky130_fd_sc_hd__clkbuf_16)
                                                         clknet_2_2__leaf_clk_i (net)
                      0.051373    0.000682 3125.329834 ^ _189_/CLK (sky130_fd_sc_hd__dfrtp_1)
                                 -0.250000 3125.079834   clock uncertainty
                                  0.000000 3125.079834   clock reconvergence pessimism
                                 -0.107484 3124.972168   library setup time
                                           3124.972168   data required time
---------------------------------------------------------------------------------------------
                                           3124.972168   data required time
                                           -625.543335   data arrival time
---------------------------------------------------------------------------------------------
                                           2499.428955   slack (MET)


Startpoint: req_num_i (input port clocked by clk_i)
Endpoint: _191_ (rising edge-triggered flip-flop clocked by clk_i)
Path Group: clk_i
Path Type: max

Fanout         Cap        Slew       Delay        Time   Description
---------------------------------------------------------------------------------------------
                                  0.000000    0.000000   clock clk_i (rise edge)
                                  0.000000    0.000000   clock network delay (propagated)
                                625.000000  625.000000 v input external delay
     1    0.003262    0.009706    0.005230  625.005249 v req_num_i (in)
                                                         req_num_i (net)
                      0.009706    0.000000  625.005249 v input1/A (sky130_fd_sc_hd__buf_1)
     3    0.007030    0.048849    0.092427  625.097656 v input1/X (sky130_fd_sc_hd__buf_1)
                                                         net1 (net)
                      0.048849    0.000114  625.097778 v _155_/A2 (sky130_fd_sc_hd__o211a_1)
     2    0.007778    0.061576    0.227260  625.325012 v _155_/X (sky130_fd_sc_hd__o211a_1)
                                                         _048_ (net)
                      0.061577    0.000227  625.325256 v _158_/B (sky130_fd_sc_hd__xor2_1)
     1    0.002902    0.046787    0.142279  625.467529 v _158_/X (sky130_fd_sc_hd__xor2_1)
                                                         _028_ (net)
                      0.046787    0.000057  625.467590 v _191_/D (sky130_fd_sc_hd__dfrtp_1)
                                            625.467590   data arrival time

                               3125.000000 3125.000000   clock clk_i (rise edge)
                                  0.000000 3125.000000   clock source latency
     1    0.012344    0.061759    0.041837 3125.041748 ^ clk_i (in)
                                                         clk_i (net)
                      0.061762    0.000000 3125.041748 ^ clkbuf_0_clk_i/A (sky130_fd_sc_hd__clkbuf_16)
     4    0.038686    0.058560    0.146656 3125.188477 ^ clkbuf_0_clk_i/X (sky130_fd_sc_hd__clkbuf_16)
                                                         clknet_0_clk_i (net)
                      0.058587    0.001137 3125.189697 ^ clkbuf_2_2__f_clk_i/A (sky130_fd_sc_hd__clkbuf_16)
    11    0.030423    0.051370    0.139607 3125.329346 ^ clkbuf_2_2__f_clk_i/X (sky130_fd_sc_hd__clkbuf_16)
                                                         clknet_2_2__leaf_clk_i (net)
                      0.051375    0.000909 3125.330078 ^ _191_/CLK (sky130_fd_sc_hd__dfrtp_1)
                                 -0.250000 3125.080078   clock uncertainty
                                  0.000000 3125.080078   clock reconvergence pessimism
                                 -0.113594 3124.966309   library setup time
                                           3124.966309   data required time
---------------------------------------------------------------------------------------------
                                           3124.966309   data required time
                                           -625.467590   data arrival time
---------------------------------------------------------------------------------------------
                                           2499.498779   slack (MET)


Startpoint: req_num_i (input port clocked by clk_i)
Endpoint: _190_ (rising edge-triggered flip-flop clocked by clk_i)
Path Group: clk_i
Path Type: max

Fanout         Cap        Slew       Delay        Time   Description
---------------------------------------------------------------------------------------------
                                  0.000000    0.000000   clock clk_i (rise edge)
                                  0.000000    0.000000   clock network delay (propagated)
                                625.000000  625.000000 v input external delay
     1    0.003262    0.009706    0.005230  625.005249 v req_num_i (in)
                                                         req_num_i (net)
                      0.009706    0.000000  625.005249 v input1/A (sky130_fd_sc_hd__buf_1)
     3    0.007030    0.048849    0.092427  625.097656 v input1/X (sky130_fd_sc_hd__buf_1)
                                                         net1 (net)
                      0.048849    0.000114  625.097778 v _152_/A2 (sky130_fd_sc_hd__o21ai_1)
     2    0.004647    0.128697    0.136424  625.234192 ^ _152_/Y (sky130_fd_sc_hd__o21ai_1)
                                                         _046_ (net)
                      0.128697    0.000114  625.234314 ^ _156_/B (sky130_fd_sc_hd__and2b_1)
     1    0.003026    0.043531    0.136311  625.370605 ^ _156_/X (sky130_fd_sc_hd__and2b_1)
                                                         _049_ (net)
                      0.043531    0.000057  625.370667 ^ _157_/B (sky130_fd_sc_hd__nor2_1)
     1    0.002418    0.030251    0.033879  625.404541 v _157_/Y (sky130_fd_sc_hd__nor2_1)
                                                         _027_ (net)
                      0.030251    0.000057  625.404602 v _190_/D (sky130_fd_sc_hd__dfrtp_1)
                                            625.404602   data arrival time

                               3125.000000 3125.000000   clock clk_i (rise edge)
                                  0.000000 3125.000000   clock source latency
     1    0.012344    0.061759    0.041837 3125.041748 ^ clk_i (in)
                                                         clk_i (net)
                      0.061762    0.000000 3125.041748 ^ clkbuf_0_clk_i/A (sky130_fd_sc_hd__clkbuf_16)
     4    0.038686    0.058560    0.146656 3125.188477 ^ clkbuf_0_clk_i/X (sky130_fd_sc_hd__clkbuf_16)
                                                         clknet_0_clk_i (net)
                      0.058587    0.001137 3125.189697 ^ clkbuf_2_2__f_clk_i/A (sky130_fd_sc_hd__clkbuf_16)
    11    0.030423    0.051370    0.139607 3125.329346 ^ clkbuf_2_2__f_clk_i/X (sky130_fd_sc_hd__clkbuf_16)
                                                         clknet_2_2__leaf_clk_i (net)
                      0.051375    0.000909 3125.330078 ^ _190_/CLK (sky130_fd_sc_hd__dfrtp_1)
                                 -0.250000 3125.080078   clock uncertainty
                                  0.000000 3125.080078   clock reconvergence pessimism
                                 -0.106382 3124.973633   library setup time
                                           3124.973633   data required time
---------------------------------------------------------------------------------------------
                                           3124.973633   data required time
                                           -625.404602   data arrival time
---------------------------------------------------------------------------------------------
                                           2499.568848   slack (MET)


Startpoint: rst_i (input port clocked by clk_i)
Endpoint: _164_ (recovery check against rising-edge clock clk_i)
Path Group: asynchronous
Path Type: max

Fanout         Cap        Slew       Delay        Time   Description
---------------------------------------------------------------------------------------------
                                  0.000000    0.000000   clock clk_i (rise edge)
                                  0.000000    0.000000   clock network delay (propagated)
                                625.000000  625.000000 ^ input external delay
     1    0.002498    0.018443    0.009265  625.009277 ^ rst_i (in)
                                                         rst_i (net)
                      0.018444    0.000000  625.009277 ^ input2/A (sky130_fd_sc_hd__buf_1)
     2    0.008866    0.111796    0.119485  625.128723 ^ input2/X (sky130_fd_sc_hd__buf_1)
                                                         net2 (net)
                      0.111798    0.000398  625.129150 ^ fanout16/A (sky130_fd_sc_hd__buf_2)
     8    0.037793    0.186675    0.233797  625.362976 ^ fanout16/X (sky130_fd_sc_hd__buf_2)
                                                         net16 (net)
                      0.186754    0.001648  625.364624 ^ fanout15/A (sky130_fd_sc_hd__clkbuf_4)
    10    0.043605    0.139027    0.254545  625.619141 ^ fanout15/X (sky130_fd_sc_hd__clkbuf_4)
                                                         net15 (net)
                      0.139030    0.000853  625.619995 ^ _164_/RESET_B (sky130_fd_sc_hd__dfrtp_2)
                                            625.619995   data arrival time

                               3125.000000 3125.000000   clock clk_i (rise edge)
                                  0.000000 3125.000000   clock source latency
     1    0.012344    0.061759    0.041837 3125.041748 ^ clk_i (in)
                                                         clk_i (net)
                      0.061762    0.000000 3125.041748 ^ clkbuf_0_clk_i/A (sky130_fd_sc_hd__clkbuf_16)
     4    0.038686    0.058560    0.146656 3125.188477 ^ clkbuf_0_clk_i/X (sky130_fd_sc_hd__clkbuf_16)
                                                         clknet_0_clk_i (net)
                      0.058587    0.001137 3125.189697 ^ clkbuf_2_2__f_clk_i/A (sky130_fd_sc_hd__clkbuf_16)
    11    0.030423    0.051370    0.139607 3125.329346 ^ clkbuf_2_2__f_clk_i/X (sky130_fd_sc_hd__clkbuf_16)
                                                         clknet_2_2__leaf_clk_i (net)
                      0.051376    0.000909 3125.330078 ^ _164_/CLK (sky130_fd_sc_hd__dfrtp_2)
                                 -0.250000 3125.080078   clock uncertainty
                                  0.000000 3125.080078   clock reconvergence pessimism
                                  0.193113 3125.273193   library recovery time
                                           3125.273193   data required time
---------------------------------------------------------------------------------------------
                                           3125.273193   data required time
                                           -625.619995   data arrival time
---------------------------------------------------------------------------------------------
                                           2499.653076   slack (MET)


Startpoint: rst_i (input port clocked by clk_i)
Endpoint: _165_ (recovery check against rising-edge clock clk_i)
Path Group: asynchronous
Path Type: max

Fanout         Cap        Slew       Delay        Time   Description
---------------------------------------------------------------------------------------------
                                  0.000000    0.000000   clock clk_i (rise edge)
                                  0.000000    0.000000   clock network delay (propagated)
                                625.000000  625.000000 ^ input external delay
     1    0.002498    0.018443    0.009265  625.009277 ^ rst_i (in)
                                                         rst_i (net)
                      0.018444    0.000000  625.009277 ^ input2/A (sky130_fd_sc_hd__buf_1)
     2    0.008866    0.111796    0.119485  625.128723 ^ input2/X (sky130_fd_sc_hd__buf_1)
                                                         net2 (net)
                      0.111798    0.000398  625.129150 ^ fanout16/A (sky130_fd_sc_hd__buf_2)
     8    0.037793    0.186675    0.233797  625.362976 ^ fanout16/X (sky130_fd_sc_hd__buf_2)
                                                         net16 (net)
                      0.186754    0.001648  625.364624 ^ fanout15/A (sky130_fd_sc_hd__clkbuf_4)
    10    0.043605    0.139027    0.254545  625.619141 ^ fanout15/X (sky130_fd_sc_hd__clkbuf_4)
                                                         net15 (net)
                      0.139031    0.000966  625.620117 ^ _165_/RESET_B (sky130_fd_sc_hd__dfrtp_1)
                                            625.620117   data arrival time

                               3125.000000 3125.000000   clock clk_i (rise edge)
                                  0.000000 3125.000000   clock source latency
     1    0.012344    0.061759    0.041837 3125.041748 ^ clk_i (in)
                                                         clk_i (net)
                      0.061762    0.000000 3125.041748 ^ clkbuf_0_clk_i/A (sky130_fd_sc_hd__clkbuf_16)
     4    0.038686    0.058560    0.146656 3125.188477 ^ clkbuf_0_clk_i/X (sky130_fd_sc_hd__clkbuf_16)
                                                         clknet_0_clk_i (net)
                      0.058582    0.001137 3125.189697 ^ clkbuf_2_3__f_clk_i/A (sky130_fd_sc_hd__clkbuf_16)
     7    0.026869    0.047994    0.136652 3125.326172 ^ clkbuf_2_3__f_clk_i/X (sky130_fd_sc_hd__clkbuf_16)
                                                         clknet_2_3__leaf_clk_i (net)
                      0.048008    0.000682 3125.326904 ^ _165_/CLK (sky130_fd_sc_hd__dfrtp_1)
                                 -0.250000 3125.076904   clock uncertainty
                                  0.000000 3125.076904   clock reconvergence pessimism
                                  0.206922 3125.283691   library recovery time
                                           3125.283691   data required time
---------------------------------------------------------------------------------------------
                                           3125.283691   data required time
                                           -625.620117   data arrival time
---------------------------------------------------------------------------------------------
                                           2499.663818   slack (MET)


Startpoint: rst_i (input port clocked by clk_i)
Endpoint: _188_ (recovery check against rising-edge clock clk_i)
Path Group: asynchronous
Path Type: max

Fanout         Cap        Slew       Delay        Time   Description
---------------------------------------------------------------------------------------------
                                  0.000000    0.000000   clock clk_i (rise edge)
                                  0.000000    0.000000   clock network delay (propagated)
                                625.000000  625.000000 ^ input external delay
     1    0.002498    0.018443    0.009265  625.009277 ^ rst_i (in)
                                                         rst_i (net)
                      0.018444    0.000000  625.009277 ^ input2/A (sky130_fd_sc_hd__buf_1)
     2    0.008866    0.111796    0.119485  625.128723 ^ input2/X (sky130_fd_sc_hd__buf_1)
                                                         net2 (net)
                      0.111798    0.000398  625.129150 ^ fanout16/A (sky130_fd_sc_hd__buf_2)
     8    0.037793    0.186675    0.233797  625.362976 ^ fanout16/X (sky130_fd_sc_hd__buf_2)
                                                         net16 (net)
                      0.186754    0.001648  625.364624 ^ fanout15/A (sky130_fd_sc_hd__clkbuf_4)
    10    0.043605    0.139027    0.254545  625.619141 ^ fanout15/X (sky130_fd_sc_hd__clkbuf_4)
                                                         net15 (net)
                      0.139029    0.000796  625.619934 ^ _188_/RESET_B (sky130_fd_sc_hd__dfrtp_1)
                                            625.619934   data arrival time

                               3125.000000 3125.000000   clock clk_i (rise edge)
                                  0.000000 3125.000000   clock source latency
     1    0.012344    0.061759    0.041837 3125.041748 ^ clk_i (in)
                                                         clk_i (net)
                      0.061762    0.000000 3125.041748 ^ clkbuf_0_clk_i/A (sky130_fd_sc_hd__clkbuf_16)
     4    0.038686    0.058560    0.146656 3125.188477 ^ clkbuf_0_clk_i/X (sky130_fd_sc_hd__clkbuf_16)
                                                         clknet_0_clk_i (net)
                      0.058582    0.001137 3125.189697 ^ clkbuf_2_3__f_clk_i/A (sky130_fd_sc_hd__clkbuf_16)
     7    0.026869    0.047994    0.136652 3125.326172 ^ clkbuf_2_3__f_clk_i/X (sky130_fd_sc_hd__clkbuf_16)
                                                         clknet_2_3__leaf_clk_i (net)
                      0.047998    0.000455 3125.326660 ^ _188_/CLK (sky130_fd_sc_hd__dfrtp_1)
                                 -0.250000 3125.076660   clock uncertainty
                                  0.000000 3125.076660   clock reconvergence pessimism
                                  0.206919 3125.283447   library recovery time
                                           3125.283447   data required time
---------------------------------------------------------------------------------------------
                                           3125.283447   data required time
                                           -625.619934   data arrival time
---------------------------------------------------------------------------------------------
                                           2499.663574   slack (MET)


Startpoint: rst_i (input port clocked by clk_i)
Endpoint: _162_ (recovery check against rising-edge clock clk_i)
Path Group: asynchronous
Path Type: max

Fanout         Cap        Slew       Delay        Time   Description
---------------------------------------------------------------------------------------------
                                  0.000000    0.000000   clock clk_i (rise edge)
                                  0.000000    0.000000   clock network delay (propagated)
                                625.000000  625.000000 ^ input external delay
     1    0.002498    0.018443    0.009265  625.009277 ^ rst_i (in)
                                                         rst_i (net)
                      0.018444    0.000000  625.009277 ^ input2/A (sky130_fd_sc_hd__buf_1)
     2    0.008866    0.111796    0.119485  625.128723 ^ input2/X (sky130_fd_sc_hd__buf_1)
                                                         net2 (net)
                      0.111798    0.000398  625.129150 ^ fanout16/A (sky130_fd_sc_hd__buf_2)
     8    0.037793    0.186675    0.233797  625.362976 ^ fanout16/X (sky130_fd_sc_hd__buf_2)
                                                         net16 (net)
                      0.186754    0.001648  625.364624 ^ fanout15/A (sky130_fd_sc_hd__clkbuf_4)
    10    0.043605    0.139027    0.254545  625.619141 ^ fanout15/X (sky130_fd_sc_hd__clkbuf_4)
                                                         net15 (net)
                      0.139033    0.001080  625.620239 ^ _162_/RESET_B (sky130_fd_sc_hd__dfrtp_1)
                                            625.620239   data arrival time

                               3125.000000 3125.000000   clock clk_i (rise edge)
                                  0.000000 3125.000000   clock source latency
     1    0.012344    0.061759    0.041837 3125.041748 ^ clk_i (in)
                                                         clk_i (net)
                      0.061762    0.000000 3125.041748 ^ clkbuf_0_clk_i/A (sky130_fd_sc_hd__clkbuf_16)
     4    0.038686    0.058560    0.146656 3125.188477 ^ clkbuf_0_clk_i/X (sky130_fd_sc_hd__clkbuf_16)
                                                         clknet_0_clk_i (net)
                      0.058587    0.001137 3125.189697 ^ clkbuf_2_2__f_clk_i/A (sky130_fd_sc_hd__clkbuf_16)
    11    0.030423    0.051370    0.139607 3125.329346 ^ clkbuf_2_2__f_clk_i/X (sky130_fd_sc_hd__clkbuf_16)
                                                         clknet_2_2__leaf_clk_i (net)
                      0.051375    0.000909 3125.330078 ^ _162_/CLK (sky130_fd_sc_hd__dfrtp_1)
                                 -0.250000 3125.080078   clock uncertainty
                                  0.000000 3125.080078   clock reconvergence pessimism
                                  0.207967 3125.288086   library recovery time
                                           3125.288086   data required time
---------------------------------------------------------------------------------------------
                                           3125.288086   data required time
                                           -625.620239   data arrival time
---------------------------------------------------------------------------------------------
                                           2499.667725   slack (MET)


Startpoint: rst_i (input port clocked by clk_i)
Endpoint: _163_ (recovery check against rising-edge clock clk_i)
Path Group: asynchronous
Path Type: max

Fanout         Cap        Slew       Delay        Time   Description
---------------------------------------------------------------------------------------------
                                  0.000000    0.000000   clock clk_i (rise edge)
                                  0.000000    0.000000   clock network delay (propagated)
                                625.000000  625.000000 ^ input external delay
     1    0.002498    0.018443    0.009265  625.009277 ^ rst_i (in)
                                                         rst_i (net)
                      0.018444    0.000000  625.009277 ^ input2/A (sky130_fd_sc_hd__buf_1)
     2    0.008866    0.111796    0.119485  625.128723 ^ input2/X (sky130_fd_sc_hd__buf_1)
                                                         net2 (net)
                      0.111798    0.000398  625.129150 ^ fanout16/A (sky130_fd_sc_hd__buf_2)
     8    0.037793    0.186675    0.233797  625.362976 ^ fanout16/X (sky130_fd_sc_hd__buf_2)
                                                         net16 (net)
                      0.186754    0.001648  625.364624 ^ fanout15/A (sky130_fd_sc_hd__clkbuf_4)
    10    0.043605    0.139027    0.254545  625.619141 ^ fanout15/X (sky130_fd_sc_hd__clkbuf_4)
                                                         net15 (net)
                      0.139033    0.001080  625.620239 ^ _163_/RESET_B (sky130_fd_sc_hd__dfrtp_1)
                                            625.620239   data arrival time

                               3125.000000 3125.000000   clock clk_i (rise edge)
                                  0.000000 3125.000000   clock source latency
     1    0.012344    0.061759    0.041837 3125.041748 ^ clk_i (in)
                                                         clk_i (net)
                      0.061762    0.000000 3125.041748 ^ clkbuf_0_clk_i/A (sky130_fd_sc_hd__clkbuf_16)
     4    0.038686    0.058560    0.146656 3125.188477 ^ clkbuf_0_clk_i/X (sky130_fd_sc_hd__clkbuf_16)
                                                         clknet_0_clk_i (net)
                      0.058587    0.001137 3125.189697 ^ clkbuf_2_2__f_clk_i/A (sky130_fd_sc_hd__clkbuf_16)
    11    0.030423    0.051370    0.139607 3125.329346 ^ clkbuf_2_2__f_clk_i/X (sky130_fd_sc_hd__clkbuf_16)
                                                         clknet_2_2__leaf_clk_i (net)
                      0.051375    0.000909 3125.330078 ^ _163_/CLK (sky130_fd_sc_hd__dfrtp_1)
                                 -0.250000 3125.080078   clock uncertainty
                                  0.000000 3125.080078   clock reconvergence pessimism
                                  0.207967 3125.288086   library recovery time
                                           3125.288086   data required time
---------------------------------------------------------------------------------------------
                                           3125.288086   data required time
                                           -625.620239   data arrival time
---------------------------------------------------------------------------------------------
                                           2499.667725   slack (MET)


Startpoint: rst_i (input port clocked by clk_i)
Endpoint: _168_ (recovery check against rising-edge clock clk_i)
Path Group: asynchronous
Path Type: max

Fanout         Cap        Slew       Delay        Time   Description
---------------------------------------------------------------------------------------------
                                  0.000000    0.000000   clock clk_i (rise edge)
                                  0.000000    0.000000   clock network delay (propagated)
                                625.000000  625.000000 ^ input external delay
     1    0.002498    0.018443    0.009265  625.009277 ^ rst_i (in)
                                                         rst_i (net)
                      0.018444    0.000000  625.009277 ^ input2/A (sky130_fd_sc_hd__buf_1)
     2    0.008866    0.111796    0.119485  625.128723 ^ input2/X (sky130_fd_sc_hd__buf_1)
                                                         net2 (net)
                      0.111798    0.000398  625.129150 ^ fanout16/A (sky130_fd_sc_hd__buf_2)
     8    0.037793    0.186675    0.233797  625.362976 ^ fanout16/X (sky130_fd_sc_hd__buf_2)
                                                         net16 (net)
                      0.186754    0.001648  625.364624 ^ fanout15/A (sky130_fd_sc_hd__clkbuf_4)
    10    0.043605    0.139027    0.254545  625.619141 ^ fanout15/X (sky130_fd_sc_hd__clkbuf_4)
                                                         net15 (net)
                      0.139032    0.001023  625.620178 ^ _168_/RESET_B (sky130_fd_sc_hd__dfrtp_1)
                                            625.620178   data arrival time

                               3125.000000 3125.000000   clock clk_i (rise edge)
                                  0.000000 3125.000000   clock source latency
     1    0.012344    0.061759    0.041837 3125.041748 ^ clk_i (in)
                                                         clk_i (net)
                      0.061762    0.000000 3125.041748 ^ clkbuf_0_clk_i/A (sky130_fd_sc_hd__clkbuf_16)
     4    0.038686    0.058560    0.146656 3125.188477 ^ clkbuf_0_clk_i/X (sky130_fd_sc_hd__clkbuf_16)
                                                         clknet_0_clk_i (net)
                      0.058587    0.001137 3125.189697 ^ clkbuf_2_2__f_clk_i/A (sky130_fd_sc_hd__clkbuf_16)
    11    0.030423    0.051370    0.139607 3125.329346 ^ clkbuf_2_2__f_clk_i/X (sky130_fd_sc_hd__clkbuf_16)
                                                         clknet_2_2__leaf_clk_i (net)
                      0.051372    0.000455 3125.329590 ^ _168_/CLK (sky130_fd_sc_hd__dfrtp_1)
                                 -0.250000 3125.079590   clock uncertainty
                                  0.000000 3125.079590   clock reconvergence pessimism
                                  0.207966 3125.287598   library recovery time
                                           3125.287598   data required time
---------------------------------------------------------------------------------------------
                                           3125.287598   data required time
                                           -625.620178   data arrival time
---------------------------------------------------------------------------------------------
                                           2499.667480   slack (MET)


Startpoint: rst_i (input port clocked by clk_i)
Endpoint: _171_ (recovery check against rising-edge clock clk_i)
Path Group: asynchronous
Path Type: max

Fanout         Cap        Slew       Delay        Time   Description
---------------------------------------------------------------------------------------------
                                  0.000000    0.000000   clock clk_i (rise edge)
                                  0.000000    0.000000   clock network delay (propagated)
                                625.000000  625.000000 ^ input external delay
     1    0.002498    0.018443    0.009265  625.009277 ^ rst_i (in)
                                                         rst_i (net)
                      0.018444    0.000000  625.009277 ^ input2/A (sky130_fd_sc_hd__buf_1)
     2    0.008866    0.111796    0.119485  625.128723 ^ input2/X (sky130_fd_sc_hd__buf_1)
                                                         net2 (net)
                      0.111798    0.000398  625.129150 ^ fanout16/A (sky130_fd_sc_hd__buf_2)
     8    0.037793    0.186675    0.233797  625.362976 ^ fanout16/X (sky130_fd_sc_hd__buf_2)
                                                         net16 (net)
                      0.186754    0.001648  625.364624 ^ fanout15/A (sky130_fd_sc_hd__clkbuf_4)
    10    0.043605    0.139027    0.254545  625.619141 ^ fanout15/X (sky130_fd_sc_hd__clkbuf_4)
                                                         net15 (net)
                      0.139028    0.000625  625.619751 ^ _171_/RESET_B (sky130_fd_sc_hd__dfrtp_1)
                                            625.619751   data arrival time

                               3125.000000 3125.000000   clock clk_i (rise edge)
                                  0.000000 3125.000000   clock source latency
     1    0.012344    0.061759    0.041837 3125.041748 ^ clk_i (in)
                                                         clk_i (net)
                      0.061762    0.000000 3125.041748 ^ clkbuf_0_clk_i/A (sky130_fd_sc_hd__clkbuf_16)
     4    0.038686    0.058560    0.146656 3125.188477 ^ clkbuf_0_clk_i/X (sky130_fd_sc_hd__clkbuf_16)
                                                         clknet_0_clk_i (net)
                      0.058587    0.001137 3125.189697 ^ clkbuf_2_2__f_clk_i/A (sky130_fd_sc_hd__clkbuf_16)
    11    0.030423    0.051370    0.139607 3125.329346 ^ clkbuf_2_2__f_clk_i/X (sky130_fd_sc_hd__clkbuf_16)
                                                         clknet_2_2__leaf_clk_i (net)
                      0.051372    0.000455 3125.329590 ^ _171_/CLK (sky130_fd_sc_hd__dfrtp_1)
                                 -0.250000 3125.079590   clock uncertainty
                                  0.000000 3125.079590   clock reconvergence pessimism
                                  0.207967 3125.287598   library recovery time
                                           3125.287598   data required time
---------------------------------------------------------------------------------------------
                                           3125.287598   data required time
                                           -625.619751   data arrival time
---------------------------------------------------------------------------------------------
                                           2499.667725   slack (MET)


Startpoint: rst_i (input port clocked by clk_i)
Endpoint: _181_ (recovery check against rising-edge clock clk_i)
Path Group: asynchronous
Path Type: max

Fanout         Cap        Slew       Delay        Time   Description
---------------------------------------------------------------------------------------------
                                  0.000000    0.000000   clock clk_i (rise edge)
                                  0.000000    0.000000   clock network delay (propagated)
                                625.000000  625.000000 ^ input external delay
     1    0.002498    0.018443    0.009265  625.009277 ^ rst_i (in)
                                                         rst_i (net)
                      0.018444    0.000000  625.009277 ^ input2/A (sky130_fd_sc_hd__buf_1)
     2    0.008866    0.111796    0.119485  625.128723 ^ input2/X (sky130_fd_sc_hd__buf_1)
                                                         net2 (net)
                      0.111798    0.000398  625.129150 ^ fanout16/A (sky130_fd_sc_hd__buf_2)
     8    0.037793    0.186675    0.233797  625.362976 ^ fanout16/X (sky130_fd_sc_hd__buf_2)
                                                         net16 (net)
                      0.186754    0.001648  625.364624 ^ fanout15/A (sky130_fd_sc_hd__clkbuf_4)
    10    0.043605    0.139027    0.254545  625.619141 ^ fanout15/X (sky130_fd_sc_hd__clkbuf_4)
                                                         net15 (net)
                      0.139030    0.000853  625.619995 ^ _181_/RESET_B (sky130_fd_sc_hd__dfrtp_1)
                                            625.619995   data arrival time

                               3125.000000 3125.000000   clock clk_i (rise edge)
                                  0.000000 3125.000000   clock source latency
     1    0.012344    0.061759    0.041837 3125.041748 ^ clk_i (in)
                                                         clk_i (net)
                      0.061762    0.000000 3125.041748 ^ clkbuf_0_clk_i/A (sky130_fd_sc_hd__clkbuf_16)
     4    0.038686    0.058560    0.146656 3125.188477 ^ clkbuf_0_clk_i/X (sky130_fd_sc_hd__clkbuf_16)
                                                         clknet_0_clk_i (net)
                      0.058587    0.001137 3125.189697 ^ clkbuf_2_2__f_clk_i/A (sky130_fd_sc_hd__clkbuf_16)
    11    0.030423    0.051370    0.139607 3125.329346 ^ clkbuf_2_2__f_clk_i/X (sky130_fd_sc_hd__clkbuf_16)
                                                         clknet_2_2__leaf_clk_i (net)
                      0.051376    0.000909 3125.330078 ^ _181_/CLK (sky130_fd_sc_hd__dfrtp_1)
                                 -0.250000 3125.080078   clock uncertainty
                                  0.000000 3125.080078   clock reconvergence pessimism
                                  0.207968 3125.288086   library recovery time
                                           3125.288086   data required time
---------------------------------------------------------------------------------------------
                                           3125.288086   data required time
                                           -625.619995   data arrival time
---------------------------------------------------------------------------------------------
                                           2499.667969   slack (MET)


Startpoint: rst_i (input port clocked by clk_i)
Endpoint: _192_ (recovery check against rising-edge clock clk_i)
Path Group: asynchronous
Path Type: max

Fanout         Cap        Slew       Delay        Time   Description
---------------------------------------------------------------------------------------------
                                  0.000000    0.000000   clock clk_i (rise edge)
                                  0.000000    0.000000   clock network delay (propagated)
                                625.000000  625.000000 ^ input external delay
     1    0.002498    0.018443    0.009265  625.009277 ^ rst_i (in)
                                                         rst_i (net)
                      0.018444    0.000000  625.009277 ^ input2/A (sky130_fd_sc_hd__buf_1)
     2    0.008866    0.111796    0.119485  625.128723 ^ input2/X (sky130_fd_sc_hd__buf_1)
                                                         net2 (net)
                      0.111798    0.000398  625.129150 ^ fanout16/A (sky130_fd_sc_hd__buf_2)
     8    0.037793    0.186675    0.233797  625.362976 ^ fanout16/X (sky130_fd_sc_hd__buf_2)
                                                         net16 (net)
                      0.186754    0.001648  625.364624 ^ fanout15/A (sky130_fd_sc_hd__clkbuf_4)
    10    0.043605    0.139027    0.254545  625.619141 ^ fanout15/X (sky130_fd_sc_hd__clkbuf_4)
                                                         net15 (net)
                      0.139034    0.001080  625.620239 ^ _192_/RESET_B (sky130_fd_sc_hd__dfrtp_1)
                                            625.620239   data arrival time

                               3125.000000 3125.000000   clock clk_i (rise edge)
                                  0.000000 3125.000000   clock source latency
     1    0.012344    0.061759    0.041837 3125.041748 ^ clk_i (in)
                                                         clk_i (net)
                      0.061762    0.000000 3125.041748 ^ clkbuf_0_clk_i/A (sky130_fd_sc_hd__clkbuf_16)
     4    0.038686    0.058560    0.146656 3125.188477 ^ clkbuf_0_clk_i/X (sky130_fd_sc_hd__clkbuf_16)
                                                         clknet_0_clk_i (net)
                      0.058587    0.001137 3125.189697 ^ clkbuf_2_2__f_clk_i/A (sky130_fd_sc_hd__clkbuf_16)
    11    0.030423    0.051370    0.139607 3125.329346 ^ clkbuf_2_2__f_clk_i/X (sky130_fd_sc_hd__clkbuf_16)
                                                         clknet_2_2__leaf_clk_i (net)
                      0.051375    0.000909 3125.330078 ^ _192_/CLK (sky130_fd_sc_hd__dfrtp_1)
                                 -0.250000 3125.080078   clock uncertainty
                                  0.000000 3125.080078   clock reconvergence pessimism
                                  0.207966 3125.288086   library recovery time
                                           3125.288086   data required time
---------------------------------------------------------------------------------------------
                                           3125.288086   data required time
                                           -625.620239   data arrival time
---------------------------------------------------------------------------------------------
                                           2499.667725   slack (MET)


Startpoint: rst_i (input port clocked by clk_i)
Endpoint: _193_ (recovery check against rising-edge clock clk_i)
Path Group: asynchronous
Path Type: max

Fanout         Cap        Slew       Delay        Time   Description
---------------------------------------------------------------------------------------------
                                  0.000000    0.000000   clock clk_i (rise edge)
                                  0.000000    0.000000   clock network delay (propagated)
                                625.000000  625.000000 ^ input external delay
     1    0.002498    0.018443    0.009265  625.009277 ^ rst_i (in)
                                                         rst_i (net)
                      0.018444    0.000000  625.009277 ^ input2/A (sky130_fd_sc_hd__buf_1)
     2    0.008866    0.111796    0.119485  625.128723 ^ input2/X (sky130_fd_sc_hd__buf_1)
                                                         net2 (net)
                      0.111798    0.000398  625.129150 ^ fanout16/A (sky130_fd_sc_hd__buf_2)
     8    0.037793    0.186675    0.233797  625.362976 ^ fanout16/X (sky130_fd_sc_hd__buf_2)
                                                         net16 (net)
                      0.186754    0.001648  625.364624 ^ fanout15/A (sky130_fd_sc_hd__clkbuf_4)
    10    0.043605    0.139027    0.254545  625.619141 ^ fanout15/X (sky130_fd_sc_hd__clkbuf_4)
                                                         net15 (net)
                      0.139032    0.000966  625.620117 ^ _193_/RESET_B (sky130_fd_sc_hd__dfrtp_1)
                                            625.620117   data arrival time

                               3125.000000 3125.000000   clock clk_i (rise edge)
                                  0.000000 3125.000000   clock source latency
     1    0.012344    0.061759    0.041837 3125.041748 ^ clk_i (in)
                                                         clk_i (net)
                      0.061762    0.000000 3125.041748 ^ clkbuf_0_clk_i/A (sky130_fd_sc_hd__clkbuf_16)
     4    0.038686    0.058560    0.146656 3125.188477 ^ clkbuf_0_clk_i/X (sky130_fd_sc_hd__clkbuf_16)
                                                         clknet_0_clk_i (net)
                      0.058587    0.001137 3125.189697 ^ clkbuf_2_2__f_clk_i/A (sky130_fd_sc_hd__clkbuf_16)
    11    0.030423    0.051370    0.139607 3125.329346 ^ clkbuf_2_2__f_clk_i/X (sky130_fd_sc_hd__clkbuf_16)
                                                         clknet_2_2__leaf_clk_i (net)
                      0.051372    0.000455 3125.329590 ^ _193_/CLK (sky130_fd_sc_hd__dfrtp_1)
                                 -0.250000 3125.079590   clock uncertainty
                                  0.000000 3125.079590   clock reconvergence pessimism
                                  0.207966 3125.287598   library recovery time
                                           3125.287598   data required time
---------------------------------------------------------------------------------------------
                                           3125.287598   data required time
                                           -625.620117   data arrival time
---------------------------------------------------------------------------------------------
                                           2499.667480   slack (MET)


Startpoint: rst_i (input port clocked by clk_i)
Endpoint: _172_ (recovery check against rising-edge clock clk_i)
Path Group: asynchronous
Path Type: max

Fanout         Cap        Slew       Delay        Time   Description
---------------------------------------------------------------------------------------------
                                  0.000000    0.000000   clock clk_i (rise edge)
                                  0.000000    0.000000   clock network delay (propagated)
                                625.000000  625.000000 ^ input external delay
     1    0.002498    0.018443    0.009265  625.009277 ^ rst_i (in)
                                                         rst_i (net)
                      0.018444    0.000000  625.009277 ^ input2/A (sky130_fd_sc_hd__buf_1)
     2    0.008866    0.111796    0.119485  625.128723 ^ input2/X (sky130_fd_sc_hd__buf_1)
                                                         net2 (net)
                      0.111797    0.000284  625.129028 ^ fanout14/A (sky130_fd_sc_hd__clkbuf_4)
     9    0.043208    0.137523    0.228113  625.357178 ^ fanout14/X (sky130_fd_sc_hd__clkbuf_4)
                                                         net14 (net)
                      0.137523    0.000625  625.357788 ^ fanout13/A (sky130_fd_sc_hd__clkbuf_4)
    10    0.044310    0.140718    0.239424  625.597229 ^ fanout13/X (sky130_fd_sc_hd__clkbuf_4)
                                                         net13 (net)
                      0.140724    0.001080  625.598267 ^ _172_/RESET_B (sky130_fd_sc_hd__dfrtp_1)
                                            625.598267   data arrival time

                               3125.000000 3125.000000   clock clk_i (rise edge)
                                  0.000000 3125.000000   clock source latency
     1    0.012344    0.061759    0.041837 3125.041748 ^ clk_i (in)
                                                         clk_i (net)
                      0.061762    0.000000 3125.041748 ^ clkbuf_0_clk_i/A (sky130_fd_sc_hd__clkbuf_16)
     4    0.038686    0.058560    0.146656 3125.188477 ^ clkbuf_0_clk_i/X (sky130_fd_sc_hd__clkbuf_16)
                                                         clknet_0_clk_i (net)
                      0.058581    0.000909 3125.189453 ^ clkbuf_2_1__f_clk_i/A (sky130_fd_sc_hd__clkbuf_16)
     9    0.028125    0.049413    0.138016 3125.327393 ^ clkbuf_2_1__f_clk_i/X (sky130_fd_sc_hd__clkbuf_16)
                                                         clknet_2_1__leaf_clk_i (net)
                      0.049416    0.000682 3125.328125 ^ _172_/CLK (sky130_fd_sc_hd__dfrtp_1)
                                 -0.250000 3125.077881   clock uncertainty
                                  0.000000 3125.077881   clock reconvergence pessimism
                                  0.206921 3125.284912   library recovery time
                                           3125.284912   data required time
---------------------------------------------------------------------------------------------
                                           3125.284912   data required time
                                           -625.598267   data arrival time
---------------------------------------------------------------------------------------------
                                           2499.686768   slack (MET)


Startpoint: rst_i (input port clocked by clk_i)
Endpoint: _175_ (recovery check against rising-edge clock clk_i)
Path Group: asynchronous
Path Type: max

Fanout         Cap        Slew       Delay        Time   Description
---------------------------------------------------------------------------------------------
                                  0.000000    0.000000   clock clk_i (rise edge)
                                  0.000000    0.000000   clock network delay (propagated)
                                625.000000  625.000000 ^ input external delay
     1    0.002498    0.018443    0.009265  625.009277 ^ rst_i (in)
                                                         rst_i (net)
                      0.018444    0.000000  625.009277 ^ input2/A (sky130_fd_sc_hd__buf_1)
     2    0.008866    0.111796    0.119485  625.128723 ^ input2/X (sky130_fd_sc_hd__buf_1)
                                                         net2 (net)
                      0.111797    0.000284  625.129028 ^ fanout14/A (sky130_fd_sc_hd__clkbuf_4)
     9    0.043208    0.137523    0.228113  625.357178 ^ fanout14/X (sky130_fd_sc_hd__clkbuf_4)
                                                         net14 (net)
                      0.137523    0.000625  625.357788 ^ fanout13/A (sky130_fd_sc_hd__clkbuf_4)
    10    0.044310    0.140718    0.239424  625.597229 ^ fanout13/X (sky130_fd_sc_hd__clkbuf_4)
                                                         net13 (net)
                      0.140722    0.000966  625.598145 ^ _175_/RESET_B (sky130_fd_sc_hd__dfrtp_1)
                                            625.598145   data arrival time

                               3125.000000 3125.000000   clock clk_i (rise edge)
                                  0.000000 3125.000000   clock source latency
     1    0.012344    0.061759    0.041837 3125.041748 ^ clk_i (in)
                                                         clk_i (net)
                      0.061762    0.000000 3125.041748 ^ clkbuf_0_clk_i/A (sky130_fd_sc_hd__clkbuf_16)
     4    0.038686    0.058560    0.146656 3125.188477 ^ clkbuf_0_clk_i/X (sky130_fd_sc_hd__clkbuf_16)
                                                         clknet_0_clk_i (net)
                      0.058590    0.001137 3125.189697 ^ clkbuf_2_0__f_clk_i/A (sky130_fd_sc_hd__clkbuf_16)
    11    0.029227    0.050329    0.138698 3125.328369 ^ clkbuf_2_0__f_clk_i/X (sky130_fd_sc_hd__clkbuf_16)
                                                         clknet_2_0__leaf_clk_i (net)
                      0.050330    0.000455 3125.328857 ^ _175_/CLK (sky130_fd_sc_hd__dfrtp_1)
                                 -0.250000 3125.078613   clock uncertainty
                                  0.000000 3125.078613   clock reconvergence pessimism
                                  0.207205 3125.285889   library recovery time
                                           3125.285889   data required time
---------------------------------------------------------------------------------------------
                                           3125.285889   data required time
                                           -625.598145   data arrival time
---------------------------------------------------------------------------------------------
                                           2499.687500   slack (MET)


Startpoint: rst_i (input port clocked by clk_i)
Endpoint: _178_ (recovery check against rising-edge clock clk_i)
Path Group: asynchronous
Path Type: max

Fanout         Cap        Slew       Delay        Time   Description
---------------------------------------------------------------------------------------------
                                  0.000000    0.000000   clock clk_i (rise edge)
                                  0.000000    0.000000   clock network delay (propagated)
                                625.000000  625.000000 ^ input external delay
     1    0.002498    0.018443    0.009265  625.009277 ^ rst_i (in)
                                                         rst_i (net)
                      0.018444    0.000000  625.009277 ^ input2/A (sky130_fd_sc_hd__buf_1)
     2    0.008866    0.111796    0.119485  625.128723 ^ input2/X (sky130_fd_sc_hd__buf_1)
                                                         net2 (net)
                      0.111797    0.000284  625.129028 ^ fanout14/A (sky130_fd_sc_hd__clkbuf_4)
     9    0.043208    0.137523    0.228113  625.357178 ^ fanout14/X (sky130_fd_sc_hd__clkbuf_4)
                                                         net14 (net)
                      0.137523    0.000625  625.357788 ^ fanout13/A (sky130_fd_sc_hd__clkbuf_4)
    10    0.044310    0.140718    0.239424  625.597229 ^ fanout13/X (sky130_fd_sc_hd__clkbuf_4)
                                                         net13 (net)
                      0.140725    0.001137  625.598328 ^ _178_/RESET_B (sky130_fd_sc_hd__dfrtp_1)
                                            625.598328   data arrival time

                               3125.000000 3125.000000   clock clk_i (rise edge)
                                  0.000000 3125.000000   clock source latency
     1    0.012344    0.061759    0.041837 3125.041748 ^ clk_i (in)
                                                         clk_i (net)
                      0.061762    0.000000 3125.041748 ^ clkbuf_0_clk_i/A (sky130_fd_sc_hd__clkbuf_16)
     4    0.038686    0.058560    0.146656 3125.188477 ^ clkbuf_0_clk_i/X (sky130_fd_sc_hd__clkbuf_16)
                                                         clknet_0_clk_i (net)
                      0.058590    0.001137 3125.189697 ^ clkbuf_2_0__f_clk_i/A (sky130_fd_sc_hd__clkbuf_16)
    11    0.029227    0.050329    0.138698 3125.328369 ^ clkbuf_2_0__f_clk_i/X (sky130_fd_sc_hd__clkbuf_16)
                                                         clknet_2_0__leaf_clk_i (net)
                      0.050334    0.000909 3125.329346 ^ _178_/CLK (sky130_fd_sc_hd__dfrtp_1)
                                 -0.250000 3125.079102   clock uncertainty
                                  0.000000 3125.079102   clock reconvergence pessimism
                                  0.207206 3125.286377   library recovery time
                                           3125.286377   data required time
---------------------------------------------------------------------------------------------
                                           3125.286377   data required time
                                           -625.598328   data arrival time
---------------------------------------------------------------------------------------------
                                           2499.687988   slack (MET)


Startpoint: rst_i (input port clocked by clk_i)
Endpoint: _179_ (recovery check against rising-edge clock clk_i)
Path Group: asynchronous
Path Type: max

Fanout         Cap        Slew       Delay        Time   Description
---------------------------------------------------------------------------------------------
                                  0.000000    0.000000   clock clk_i (rise edge)
                                  0.000000    0.000000   clock network delay (propagated)
                                625.000000  625.000000 ^ input external delay
     1    0.002498    0.018443    0.009265  625.009277 ^ rst_i (in)
                                                         rst_i (net)
                      0.018444    0.000000  625.009277 ^ input2/A (sky130_fd_sc_hd__buf_1)
     2    0.008866    0.111796    0.119485  625.128723 ^ input2/X (sky130_fd_sc_hd__buf_1)
                                                         net2 (net)
                      0.111797    0.000284  625.129028 ^ fanout14/A (sky130_fd_sc_hd__clkbuf_4)
     9    0.043208    0.137523    0.228113  625.357178 ^ fanout14/X (sky130_fd_sc_hd__clkbuf_4)
                                                         net14 (net)
                      0.137523    0.000625  625.357788 ^ fanout13/A (sky130_fd_sc_hd__clkbuf_4)
    10    0.044310    0.140718    0.239424  625.597229 ^ fanout13/X (sky130_fd_sc_hd__clkbuf_4)
                                                         net13 (net)
                      0.140719    0.000739  625.597961 ^ _179_/RESET_B (sky130_fd_sc_hd__dfrtp_1)
                                            625.597961   data arrival time

                               3125.000000 3125.000000   clock clk_i (rise edge)
                                  0.000000 3125.000000   clock source latency
     1    0.012344    0.061759    0.041837 3125.041748 ^ clk_i (in)
                                                         clk_i (net)
                      0.061762    0.000000 3125.041748 ^ clkbuf_0_clk_i/A (sky130_fd_sc_hd__clkbuf_16)
     4    0.038686    0.058560    0.146656 3125.188477 ^ clkbuf_0_clk_i/X (sky130_fd_sc_hd__clkbuf_16)
                                                         clknet_0_clk_i (net)
                      0.058590    0.001137 3125.189697 ^ clkbuf_2_0__f_clk_i/A (sky130_fd_sc_hd__clkbuf_16)
    11    0.029227    0.050329    0.138698 3125.328369 ^ clkbuf_2_0__f_clk_i/X (sky130_fd_sc_hd__clkbuf_16)
                                                         clknet_2_0__leaf_clk_i (net)
                      0.050337    0.001137 3125.329590 ^ _179_/CLK (sky130_fd_sc_hd__dfrtp_1)
                                 -0.250000 3125.079346   clock uncertainty
                                  0.000000 3125.079346   clock reconvergence pessimism
                                  0.207208 3125.286621   library recovery time
                                           3125.286621   data required time
---------------------------------------------------------------------------------------------
                                           3125.286621   data required time
                                           -625.597961   data arrival time
---------------------------------------------------------------------------------------------
                                           2499.688477   slack (MET)


Startpoint: rst_i (input port clocked by clk_i)
Endpoint: _180_ (recovery check against rising-edge clock clk_i)
Path Group: asynchronous
Path Type: max

Fanout         Cap        Slew       Delay        Time   Description
---------------------------------------------------------------------------------------------
                                  0.000000    0.000000   clock clk_i (rise edge)
                                  0.000000    0.000000   clock network delay (propagated)
                                625.000000  625.000000 ^ input external delay
     1    0.002498    0.018443    0.009265  625.009277 ^ rst_i (in)
                                                         rst_i (net)
                      0.018444    0.000000  625.009277 ^ input2/A (sky130_fd_sc_hd__buf_1)
     2    0.008866    0.111796    0.119485  625.128723 ^ input2/X (sky130_fd_sc_hd__buf_1)
                                                         net2 (net)
                      0.111797    0.000284  625.129028 ^ fanout14/A (sky130_fd_sc_hd__clkbuf_4)
     9    0.043208    0.137523    0.228113  625.357178 ^ fanout14/X (sky130_fd_sc_hd__clkbuf_4)
                                                         net14 (net)
                      0.137523    0.000625  625.357788 ^ fanout13/A (sky130_fd_sc_hd__clkbuf_4)
    10    0.044310    0.140718    0.239424  625.597229 ^ fanout13/X (sky130_fd_sc_hd__clkbuf_4)
                                                         net13 (net)
                      0.140719    0.000739  625.597961 ^ _180_/RESET_B (sky130_fd_sc_hd__dfrtp_1)
                                            625.597961   data arrival time

                               3125.000000 3125.000000   clock clk_i (rise edge)
                                  0.000000 3125.000000   clock source latency
     1    0.012344    0.061759    0.041837 3125.041748 ^ clk_i (in)
                                                         clk_i (net)
                      0.061762    0.000000 3125.041748 ^ clkbuf_0_clk_i/A (sky130_fd_sc_hd__clkbuf_16)
     4    0.038686    0.058560    0.146656 3125.188477 ^ clkbuf_0_clk_i/X (sky130_fd_sc_hd__clkbuf_16)
                                                         clknet_0_clk_i (net)
                      0.058590    0.001137 3125.189697 ^ clkbuf_2_0__f_clk_i/A (sky130_fd_sc_hd__clkbuf_16)
    11    0.029227    0.050329    0.138698 3125.328369 ^ clkbuf_2_0__f_clk_i/X (sky130_fd_sc_hd__clkbuf_16)
                                                         clknet_2_0__leaf_clk_i (net)
                      0.050337    0.001137 3125.329590 ^ _180_/CLK (sky130_fd_sc_hd__dfrtp_1)
                                 -0.250000 3125.079346   clock uncertainty
                                  0.000000 3125.079346   clock reconvergence pessimism
                                  0.207208 3125.286621   library recovery time
                                           3125.286621   data required time
---------------------------------------------------------------------------------------------
                                           3125.286621   data required time
                                           -625.597961   data arrival time
---------------------------------------------------------------------------------------------
                                           2499.688477   slack (MET)


Startpoint: rst_i (input port clocked by clk_i)
Endpoint: _182_ (recovery check against rising-edge clock clk_i)
Path Group: asynchronous
Path Type: max

Fanout         Cap        Slew       Delay        Time   Description
---------------------------------------------------------------------------------------------
                                  0.000000    0.000000   clock clk_i (rise edge)
                                  0.000000    0.000000   clock network delay (propagated)
                                625.000000  625.000000 ^ input external delay
     1    0.002498    0.018443    0.009265  625.009277 ^ rst_i (in)
                                                         rst_i (net)
                      0.018444    0.000000  625.009277 ^ input2/A (sky130_fd_sc_hd__buf_1)
     2    0.008866    0.111796    0.119485  625.128723 ^ input2/X (sky130_fd_sc_hd__buf_1)
                                                         net2 (net)
                      0.111797    0.000284  625.129028 ^ fanout14/A (sky130_fd_sc_hd__clkbuf_4)
     9    0.043208    0.137523    0.228113  625.357178 ^ fanout14/X (sky130_fd_sc_hd__clkbuf_4)
                                                         net14 (net)
                      0.137523    0.000625  625.357788 ^ fanout13/A (sky130_fd_sc_hd__clkbuf_4)
    10    0.044310    0.140718    0.239424  625.597229 ^ fanout13/X (sky130_fd_sc_hd__clkbuf_4)
                                                         net13 (net)
                      0.140725    0.001137  625.598328 ^ _182_/RESET_B (sky130_fd_sc_hd__dfrtp_1)
                                            625.598328   data arrival time

                               3125.000000 3125.000000   clock clk_i (rise edge)
                                  0.000000 3125.000000   clock source latency
     1    0.012344    0.061759    0.041837 3125.041748 ^ clk_i (in)
                                                         clk_i (net)
                      0.061762    0.000000 3125.041748 ^ clkbuf_0_clk_i/A (sky130_fd_sc_hd__clkbuf_16)
     4    0.038686    0.058560    0.146656 3125.188477 ^ clkbuf_0_clk_i/X (sky130_fd_sc_hd__clkbuf_16)
                                                         clknet_0_clk_i (net)
                      0.058590    0.001137 3125.189697 ^ clkbuf_2_0__f_clk_i/A (sky130_fd_sc_hd__clkbuf_16)
    11    0.029227    0.050329    0.138698 3125.328369 ^ clkbuf_2_0__f_clk_i/X (sky130_fd_sc_hd__clkbuf_16)
                                                         clknet_2_0__leaf_clk_i (net)
                      0.050334    0.000909 3125.329346 ^ _182_/CLK (sky130_fd_sc_hd__dfrtp_1)
                                 -0.250000 3125.079102   clock uncertainty
                                  0.000000 3125.079102   clock reconvergence pessimism
                                  0.207206 3125.286377   library recovery time
                                           3125.286377   data required time
---------------------------------------------------------------------------------------------
                                           3125.286377   data required time
                                           -625.598328   data arrival time
---------------------------------------------------------------------------------------------
                                           2499.687988   slack (MET)


Startpoint: rst_i (input port clocked by clk_i)
Endpoint: _183_ (recovery check against rising-edge clock clk_i)
Path Group: asynchronous
Path Type: max

Fanout         Cap        Slew       Delay        Time   Description
---------------------------------------------------------------------------------------------
                                  0.000000    0.000000   clock clk_i (rise edge)
                                  0.000000    0.000000   clock network delay (propagated)
                                625.000000  625.000000 ^ input external delay
     1    0.002498    0.018443    0.009265  625.009277 ^ rst_i (in)
                                                         rst_i (net)
                      0.018444    0.000000  625.009277 ^ input2/A (sky130_fd_sc_hd__buf_1)
     2    0.008866    0.111796    0.119485  625.128723 ^ input2/X (sky130_fd_sc_hd__buf_1)
                                                         net2 (net)
                      0.111797    0.000284  625.129028 ^ fanout14/A (sky130_fd_sc_hd__clkbuf_4)
     9    0.043208    0.137523    0.228113  625.357178 ^ fanout14/X (sky130_fd_sc_hd__clkbuf_4)
                                                         net14 (net)
                      0.137523    0.000625  625.357788 ^ fanout13/A (sky130_fd_sc_hd__clkbuf_4)
    10    0.044310    0.140718    0.239424  625.597229 ^ fanout13/X (sky130_fd_sc_hd__clkbuf_4)
                                                         net13 (net)
                      0.140722    0.000966  625.598145 ^ _183_/RESET_B (sky130_fd_sc_hd__dfrtp_1)
                                            625.598145   data arrival time

                               3125.000000 3125.000000   clock clk_i (rise edge)
                                  0.000000 3125.000000   clock source latency
     1    0.012344    0.061759    0.041837 3125.041748 ^ clk_i (in)
                                                         clk_i (net)
                      0.061762    0.000000 3125.041748 ^ clkbuf_0_clk_i/A (sky130_fd_sc_hd__clkbuf_16)
     4    0.038686    0.058560    0.146656 3125.188477 ^ clkbuf_0_clk_i/X (sky130_fd_sc_hd__clkbuf_16)
                                                         clknet_0_clk_i (net)
                      0.058590    0.001137 3125.189697 ^ clkbuf_2_0__f_clk_i/A (sky130_fd_sc_hd__clkbuf_16)
    11    0.029227    0.050329    0.138698 3125.328369 ^ clkbuf_2_0__f_clk_i/X (sky130_fd_sc_hd__clkbuf_16)
                                                         clknet_2_0__leaf_clk_i (net)
                      0.050336    0.001137 3125.329590 ^ _183_/CLK (sky130_fd_sc_hd__dfrtp_1)
                                 -0.250000 3125.079346   clock uncertainty
                                  0.000000 3125.079346   clock reconvergence pessimism
                                  0.207207 3125.286621   library recovery time
                                           3125.286621   data required time
---------------------------------------------------------------------------------------------
                                           3125.286621   data required time
                                           -625.598145   data arrival time
---------------------------------------------------------------------------------------------
                                           2499.688232   slack (MET)


Startpoint: rst_i (input port clocked by clk_i)
Endpoint: _184_ (recovery check against rising-edge clock clk_i)
Path Group: asynchronous
Path Type: max

Fanout         Cap        Slew       Delay        Time   Description
---------------------------------------------------------------------------------------------
                                  0.000000    0.000000   clock clk_i (rise edge)
                                  0.000000    0.000000   clock network delay (propagated)
                                625.000000  625.000000 ^ input external delay
     1    0.002498    0.018443    0.009265  625.009277 ^ rst_i (in)
                                                         rst_i (net)
                      0.018444    0.000000  625.009277 ^ input2/A (sky130_fd_sc_hd__buf_1)
     2    0.008866    0.111796    0.119485  625.128723 ^ input2/X (sky130_fd_sc_hd__buf_1)
                                                         net2 (net)
                      0.111797    0.000284  625.129028 ^ fanout14/A (sky130_fd_sc_hd__clkbuf_4)
     9    0.043208    0.137523    0.228113  625.357178 ^ fanout14/X (sky130_fd_sc_hd__clkbuf_4)
                                                         net14 (net)
                      0.137523    0.000625  625.357788 ^ fanout13/A (sky130_fd_sc_hd__clkbuf_4)
    10    0.044310    0.140718    0.239424  625.597229 ^ fanout13/X (sky130_fd_sc_hd__clkbuf_4)
                                                         net13 (net)
                      0.140721    0.000909  625.598083 ^ _184_/RESET_B (sky130_fd_sc_hd__dfrtp_1)
                                            625.598083   data arrival time

                               3125.000000 3125.000000   clock clk_i (rise edge)
                                  0.000000 3125.000000   clock source latency
     1    0.012344    0.061759    0.041837 3125.041748 ^ clk_i (in)
                                                         clk_i (net)
                      0.061762    0.000000 3125.041748 ^ clkbuf_0_clk_i/A (sky130_fd_sc_hd__clkbuf_16)
     4    0.038686    0.058560    0.146656 3125.188477 ^ clkbuf_0_clk_i/X (sky130_fd_sc_hd__clkbuf_16)
                                                         clknet_0_clk_i (net)
                      0.058590    0.001137 3125.189697 ^ clkbuf_2_0__f_clk_i/A (sky130_fd_sc_hd__clkbuf_16)
    11    0.029227    0.050329    0.138698 3125.328369 ^ clkbuf_2_0__f_clk_i/X (sky130_fd_sc_hd__clkbuf_16)
                                                         clknet_2_0__leaf_clk_i (net)
                      0.050336    0.001137 3125.329590 ^ _184_/CLK (sky130_fd_sc_hd__dfrtp_1)
                                 -0.250000 3125.079346   clock uncertainty
                                  0.000000 3125.079346   clock reconvergence pessimism
                                  0.207207 3125.286621   library recovery time
                                           3125.286621   data required time
---------------------------------------------------------------------------------------------
                                           3125.286621   data required time
                                           -625.598083   data arrival time
---------------------------------------------------------------------------------------------
                                           2499.688477   slack (MET)


Startpoint: rst_i (input port clocked by clk_i)
Endpoint: _186_ (recovery check against rising-edge clock clk_i)
Path Group: asynchronous
Path Type: max

Fanout         Cap        Slew       Delay        Time   Description
---------------------------------------------------------------------------------------------
                                  0.000000    0.000000   clock clk_i (rise edge)
                                  0.000000    0.000000   clock network delay (propagated)
                                625.000000  625.000000 ^ input external delay
     1    0.002498    0.018443    0.009265  625.009277 ^ rst_i (in)
                                                         rst_i (net)
                      0.018444    0.000000  625.009277 ^ input2/A (sky130_fd_sc_hd__buf_1)
     2    0.008866    0.111796    0.119485  625.128723 ^ input2/X (sky130_fd_sc_hd__buf_1)
                                                         net2 (net)
                      0.111797    0.000284  625.129028 ^ fanout14/A (sky130_fd_sc_hd__clkbuf_4)
     9    0.043208    0.137523    0.228113  625.357178 ^ fanout14/X (sky130_fd_sc_hd__clkbuf_4)
                                                         net14 (net)
                      0.137523    0.000625  625.357788 ^ fanout13/A (sky130_fd_sc_hd__clkbuf_4)
    10    0.044310    0.140718    0.239424  625.597229 ^ fanout13/X (sky130_fd_sc_hd__clkbuf_4)
                                                         net13 (net)
                      0.140722    0.000966  625.598145 ^ _186_/RESET_B (sky130_fd_sc_hd__dfrtp_1)
                                            625.598145   data arrival time

                               3125.000000 3125.000000   clock clk_i (rise edge)
                                  0.000000 3125.000000   clock source latency
     1    0.012344    0.061759    0.041837 3125.041748 ^ clk_i (in)
                                                         clk_i (net)
                      0.061762    0.000000 3125.041748 ^ clkbuf_0_clk_i/A (sky130_fd_sc_hd__clkbuf_16)
     4    0.038686    0.058560    0.146656 3125.188477 ^ clkbuf_0_clk_i/X (sky130_fd_sc_hd__clkbuf_16)
                                                         clknet_0_clk_i (net)
                      0.058590    0.001137 3125.189697 ^ clkbuf_2_0__f_clk_i/A (sky130_fd_sc_hd__clkbuf_16)
    11    0.029227    0.050329    0.138698 3125.328369 ^ clkbuf_2_0__f_clk_i/X (sky130_fd_sc_hd__clkbuf_16)
                                                         clknet_2_0__leaf_clk_i (net)
                      0.050334    0.000909 3125.329346 ^ _186_/CLK (sky130_fd_sc_hd__dfrtp_1)
                                 -0.250000 3125.079102   clock uncertainty
                                  0.000000 3125.079102   clock reconvergence pessimism
                                  0.207207 3125.286377   library recovery time
                                           3125.286377   data required time
---------------------------------------------------------------------------------------------
                                           3125.286377   data required time
                                           -625.598145   data arrival time
---------------------------------------------------------------------------------------------
                                           2499.687988   slack (MET)


Startpoint: rst_i (input port clocked by clk_i)
Endpoint: _187_ (recovery check against rising-edge clock clk_i)
Path Group: asynchronous
Path Type: max

Fanout         Cap        Slew       Delay        Time   Description
---------------------------------------------------------------------------------------------
                                  0.000000    0.000000   clock clk_i (rise edge)
                                  0.000000    0.000000   clock network delay (propagated)
                                625.000000  625.000000 ^ input external delay
     1    0.002498    0.018443    0.009265  625.009277 ^ rst_i (in)
                                                         rst_i (net)
                      0.018444    0.000000  625.009277 ^ input2/A (sky130_fd_sc_hd__buf_1)
     2    0.008866    0.111796    0.119485  625.128723 ^ input2/X (sky130_fd_sc_hd__buf_1)
                                                         net2 (net)
                      0.111797    0.000284  625.129028 ^ fanout14/A (sky130_fd_sc_hd__clkbuf_4)
     9    0.043208    0.137523    0.228113  625.357178 ^ fanout14/X (sky130_fd_sc_hd__clkbuf_4)
                                                         net14 (net)
                      0.137523    0.000625  625.357788 ^ fanout13/A (sky130_fd_sc_hd__clkbuf_4)
    10    0.044310    0.140718    0.239424  625.597229 ^ fanout13/X (sky130_fd_sc_hd__clkbuf_4)
                                                         net13 (net)
                      0.140721    0.000909  625.598083 ^ _187_/RESET_B (sky130_fd_sc_hd__dfrtp_1)
                                            625.598083   data arrival time

                               3125.000000 3125.000000   clock clk_i (rise edge)
                                  0.000000 3125.000000   clock source latency
     1    0.012344    0.061759    0.041837 3125.041748 ^ clk_i (in)
                                                         clk_i (net)
                      0.061762    0.000000 3125.041748 ^ clkbuf_0_clk_i/A (sky130_fd_sc_hd__clkbuf_16)
     4    0.038686    0.058560    0.146656 3125.188477 ^ clkbuf_0_clk_i/X (sky130_fd_sc_hd__clkbuf_16)
                                                         clknet_0_clk_i (net)
                      0.058590    0.001137 3125.189697 ^ clkbuf_2_0__f_clk_i/A (sky130_fd_sc_hd__clkbuf_16)
    11    0.029227    0.050329    0.138698 3125.328369 ^ clkbuf_2_0__f_clk_i/X (sky130_fd_sc_hd__clkbuf_16)
                                                         clknet_2_0__leaf_clk_i (net)
                      0.050336    0.001137 3125.329590 ^ _187_/CLK (sky130_fd_sc_hd__dfrtp_1)
                                 -0.250000 3125.079346   clock uncertainty
                                  0.000000 3125.079346   clock reconvergence pessimism
                                  0.207207 3125.286621   library recovery time
                                           3125.286621   data required time
---------------------------------------------------------------------------------------------
                                           3125.286621   data required time
                                           -625.598083   data arrival time
---------------------------------------------------------------------------------------------
                                           2499.688477   slack (MET)


Startpoint: wr_i (input port clocked by clk_i)
Endpoint: _171_ (rising edge-triggered flip-flop clocked by clk_i)
Path Group: clk_i
Path Type: max

Fanout         Cap        Slew       Delay        Time   Description
---------------------------------------------------------------------------------------------
                                  0.000000    0.000000   clock clk_i (rise edge)
                                  0.000000    0.000000   clock network delay (propagated)
                                625.000000  625.000000 ^ input external delay
     1    0.003761    0.023901    0.013699  625.013672 ^ wr_i (in)
                                                         wr_i (net)
                      0.023909    0.000000  625.013672 ^ input3/A (sky130_fd_sc_hd__buf_1)
     4    0.016286    0.196080    0.179625  625.193298 ^ input3/X (sky130_fd_sc_hd__buf_1)
                                                         net3 (net)
                      0.196081    0.000341  625.193665 ^ _171_/D (sky130_fd_sc_hd__dfrtp_1)
                                            625.193665   data arrival time

                               3125.000000 3125.000000   clock clk_i (rise edge)
                                  0.000000 3125.000000   clock source latency
     1    0.012344    0.061759    0.041837 3125.041748 ^ clk_i (in)
                                                         clk_i (net)
                      0.061762    0.000000 3125.041748 ^ clkbuf_0_clk_i/A (sky130_fd_sc_hd__clkbuf_16)
     4    0.038686    0.058560    0.146656 3125.188477 ^ clkbuf_0_clk_i/X (sky130_fd_sc_hd__clkbuf_16)
                                                         clknet_0_clk_i (net)
                      0.058587    0.001137 3125.189697 ^ clkbuf_2_2__f_clk_i/A (sky130_fd_sc_hd__clkbuf_16)
    11    0.030423    0.051370    0.139607 3125.329346 ^ clkbuf_2_2__f_clk_i/X (sky130_fd_sc_hd__clkbuf_16)
                                                         clknet_2_2__leaf_clk_i (net)
                      0.051372    0.000455 3125.329590 ^ _171_/CLK (sky130_fd_sc_hd__dfrtp_1)
                                 -0.250000 3125.079590   clock uncertainty
                                  0.000000 3125.079590   clock reconvergence pessimism
                                 -0.093710 3124.985840   library setup time
                                           3124.985840   data required time
---------------------------------------------------------------------------------------------
                                           3124.985840   data required time
                                           -625.193665   data arrival time
---------------------------------------------------------------------------------------------
                                           2499.792236   slack (MET)


Startpoint: rst_i (input port clocked by clk_i)
Endpoint: _166_ (recovery check against rising-edge clock clk_i)
Path Group: asynchronous
Path Type: max

Fanout         Cap        Slew       Delay        Time   Description
---------------------------------------------------------------------------------------------
                                  0.000000    0.000000   clock clk_i (rise edge)
                                  0.000000    0.000000   clock network delay (propagated)
                                625.000000  625.000000 ^ input external delay
     1    0.002498    0.018443    0.009265  625.009277 ^ rst_i (in)
                                                         rst_i (net)
                      0.018444    0.000000  625.009277 ^ input2/A (sky130_fd_sc_hd__buf_1)
     2    0.008866    0.111796    0.119485  625.128723 ^ input2/X (sky130_fd_sc_hd__buf_1)
                                                         net2 (net)
                      0.111798    0.000398  625.129150 ^ fanout16/A (sky130_fd_sc_hd__buf_2)
     8    0.037793    0.186675    0.233797  625.362976 ^ fanout16/X (sky130_fd_sc_hd__buf_2)
                                                         net16 (net)
                      0.186753    0.001535  625.364502 ^ _166_/RESET_B (sky130_fd_sc_hd__dfrtp_1)
                                            625.364502   data arrival time

                               3125.000000 3125.000000   clock clk_i (rise edge)
                                  0.000000 3125.000000   clock source latency
     1    0.012344    0.061759    0.041837 3125.041748 ^ clk_i (in)
                                                         clk_i (net)
                      0.061762    0.000000 3125.041748 ^ clkbuf_0_clk_i/A (sky130_fd_sc_hd__clkbuf_16)
     4    0.038686    0.058560    0.146656 3125.188477 ^ clkbuf_0_clk_i/X (sky130_fd_sc_hd__clkbuf_16)
                                                         clknet_0_clk_i (net)
                      0.058582    0.001137 3125.189697 ^ clkbuf_2_3__f_clk_i/A (sky130_fd_sc_hd__clkbuf_16)
     7    0.026869    0.047994    0.136652 3125.326172 ^ clkbuf_2_3__f_clk_i/X (sky130_fd_sc_hd__clkbuf_16)
                                                         clknet_2_3__leaf_clk_i (net)
                      0.047998    0.000455 3125.326660 ^ _166_/CLK (sky130_fd_sc_hd__dfrtp_1)
                                 -0.250000 3125.076660   clock uncertainty
                                  0.000000 3125.076660   clock reconvergence pessimism
                                  0.194570 3125.271240   library recovery time
                                           3125.271240   data required time
---------------------------------------------------------------------------------------------
                                           3125.271240   data required time
                                           -625.364502   data arrival time
---------------------------------------------------------------------------------------------
                                           2499.906738   slack (MET)


Startpoint: rst_i (input port clocked by clk_i)
Endpoint: _167_ (recovery check against rising-edge clock clk_i)
Path Group: asynchronous
Path Type: max

Fanout         Cap        Slew       Delay        Time   Description
---------------------------------------------------------------------------------------------
                                  0.000000    0.000000   clock clk_i (rise edge)
                                  0.000000    0.000000   clock network delay (propagated)
                                625.000000  625.000000 ^ input external delay
     1    0.002498    0.018443    0.009265  625.009277 ^ rst_i (in)
                                                         rst_i (net)
                      0.018444    0.000000  625.009277 ^ input2/A (sky130_fd_sc_hd__buf_1)
     2    0.008866    0.111796    0.119485  625.128723 ^ input2/X (sky130_fd_sc_hd__buf_1)
                                                         net2 (net)
                      0.111798    0.000398  625.129150 ^ fanout16/A (sky130_fd_sc_hd__buf_2)
     8    0.037793    0.186675    0.233797  625.362976 ^ fanout16/X (sky130_fd_sc_hd__buf_2)
                                                         net16 (net)
                      0.186675    0.000512  625.363464 ^ _167_/RESET_B (sky130_fd_sc_hd__dfrtp_1)
                                            625.363464   data arrival time

                               3125.000000 3125.000000   clock clk_i (rise edge)
                                  0.000000 3125.000000   clock source latency
     1    0.012344    0.061759    0.041837 3125.041748 ^ clk_i (in)
                                                         clk_i (net)
                      0.061762    0.000000 3125.041748 ^ clkbuf_0_clk_i/A (sky130_fd_sc_hd__clkbuf_16)
     4    0.038686    0.058560    0.146656 3125.188477 ^ clkbuf_0_clk_i/X (sky130_fd_sc_hd__clkbuf_16)
                                                         clknet_0_clk_i (net)
                      0.058582    0.001137 3125.189697 ^ clkbuf_2_3__f_clk_i/A (sky130_fd_sc_hd__clkbuf_16)
     7    0.026869    0.047994    0.136652 3125.326172 ^ clkbuf_2_3__f_clk_i/X (sky130_fd_sc_hd__clkbuf_16)
                                                         clknet_2_3__leaf_clk_i (net)
                      0.048014    0.000909 3125.327148 ^ _167_/CLK (sky130_fd_sc_hd__dfrtp_1)
                                 -0.250000 3125.077148   clock uncertainty
                                  0.000000 3125.077148   clock reconvergence pessimism
                                  0.194595 3125.271729   library recovery time
                                           3125.271729   data required time
---------------------------------------------------------------------------------------------
                                           3125.271729   data required time
                                           -625.363464   data arrival time
---------------------------------------------------------------------------------------------
                                           2499.908203   slack (MET)


Startpoint: rst_i (input port clocked by clk_i)
Endpoint: _194_ (recovery check against rising-edge clock clk_i)
Path Group: asynchronous
Path Type: max

Fanout         Cap        Slew       Delay        Time   Description
---------------------------------------------------------------------------------------------
                                  0.000000    0.000000   clock clk_i (rise edge)
                                  0.000000    0.000000   clock network delay (propagated)
                                625.000000  625.000000 ^ input external delay
     1    0.002498    0.018443    0.009265  625.009277 ^ rst_i (in)
                                                         rst_i (net)
                      0.018444    0.000000  625.009277 ^ input2/A (sky130_fd_sc_hd__buf_1)
     2    0.008866    0.111796    0.119485  625.128723 ^ input2/X (sky130_fd_sc_hd__buf_1)
                                                         net2 (net)
                      0.111798    0.000398  625.129150 ^ fanout16/A (sky130_fd_sc_hd__buf_2)
     8    0.037793    0.186675    0.233797  625.362976 ^ fanout16/X (sky130_fd_sc_hd__buf_2)
                                                         net16 (net)
                      0.186741    0.000909  625.363831 ^ _194_/RESET_B (sky130_fd_sc_hd__dfrtp_1)
                                            625.363831   data arrival time

                               3125.000000 3125.000000   clock clk_i (rise edge)
                                  0.000000 3125.000000   clock source latency
     1    0.012344    0.061759    0.041837 3125.041748 ^ clk_i (in)
                                                         clk_i (net)
                      0.061762    0.000000 3125.041748 ^ clkbuf_0_clk_i/A (sky130_fd_sc_hd__clkbuf_16)
     4    0.038686    0.058560    0.146656 3125.188477 ^ clkbuf_0_clk_i/X (sky130_fd_sc_hd__clkbuf_16)
                                                         clknet_0_clk_i (net)
                      0.058582    0.001137 3125.189697 ^ clkbuf_2_3__f_clk_i/A (sky130_fd_sc_hd__clkbuf_16)
     7    0.026869    0.047994    0.136652 3125.326172 ^ clkbuf_2_3__f_clk_i/X (sky130_fd_sc_hd__clkbuf_16)
                                                         clknet_2_3__leaf_clk_i (net)
                      0.048014    0.000909 3125.327148 ^ _194_/CLK (sky130_fd_sc_hd__dfrtp_1)
                                 -0.250000 3125.077148   clock uncertainty
                                  0.000000 3125.077148   clock reconvergence pessimism
                                  0.194578 3125.271729   library recovery time
                                           3125.271729   data required time
---------------------------------------------------------------------------------------------
                                           3125.271729   data required time
                                           -625.363831   data arrival time
---------------------------------------------------------------------------------------------
                                           2499.907959   slack (MET)


Startpoint: rst_i (input port clocked by clk_i)
Endpoint: _196_ (recovery check against rising-edge clock clk_i)
Path Group: asynchronous
Path Type: max

Fanout         Cap        Slew       Delay        Time   Description
---------------------------------------------------------------------------------------------
                                  0.000000    0.000000   clock clk_i (rise edge)
                                  0.000000    0.000000   clock network delay (propagated)
                                625.000000  625.000000 ^ input external delay
     1    0.002498    0.018443    0.009265  625.009277 ^ rst_i (in)
                                                         rst_i (net)
                      0.018444    0.000000  625.009277 ^ input2/A (sky130_fd_sc_hd__buf_1)
     2    0.008866    0.111796    0.119485  625.128723 ^ input2/X (sky130_fd_sc_hd__buf_1)
                                                         net2 (net)
                      0.111798    0.000398  625.129150 ^ fanout16/A (sky130_fd_sc_hd__buf_2)
     8    0.037793    0.186675    0.233797  625.362976 ^ fanout16/X (sky130_fd_sc_hd__buf_2)
                                                         net16 (net)
                      0.186750    0.001421  625.364380 ^ _196_/RESET_B (sky130_fd_sc_hd__dfrtp_1)
                                            625.364380   data arrival time

                               3125.000000 3125.000000   clock clk_i (rise edge)
                                  0.000000 3125.000000   clock source latency
     1    0.012344    0.061759    0.041837 3125.041748 ^ clk_i (in)
                                                         clk_i (net)
                      0.061762    0.000000 3125.041748 ^ clkbuf_0_clk_i/A (sky130_fd_sc_hd__clkbuf_16)
     4    0.038686    0.058560    0.146656 3125.188477 ^ clkbuf_0_clk_i/X (sky130_fd_sc_hd__clkbuf_16)
                                                         clknet_0_clk_i (net)
                      0.058582    0.001137 3125.189697 ^ clkbuf_2_3__f_clk_i/A (sky130_fd_sc_hd__clkbuf_16)
     7    0.026869    0.047994    0.136652 3125.326172 ^ clkbuf_2_3__f_clk_i/X (sky130_fd_sc_hd__clkbuf_16)
                                                         clknet_2_3__leaf_clk_i (net)
                      0.048002    0.000455 3125.326660 ^ _196_/CLK (sky130_fd_sc_hd__dfrtp_1)
                                 -0.250000 3125.076660   clock uncertainty
                                  0.000000 3125.076660   clock reconvergence pessimism
                                  0.194572 3125.271240   library recovery time
                                           3125.271240   data required time
---------------------------------------------------------------------------------------------
                                           3125.271240   data required time
                                           -625.364380   data arrival time
---------------------------------------------------------------------------------------------
                                           2499.906738   slack (MET)


Startpoint: rst_i (input port clocked by clk_i)
Endpoint: _189_ (recovery check against rising-edge clock clk_i)
Path Group: asynchronous
Path Type: max

Fanout         Cap        Slew       Delay        Time   Description
---------------------------------------------------------------------------------------------
                                  0.000000    0.000000   clock clk_i (rise edge)
                                  0.000000    0.000000   clock network delay (propagated)
                                625.000000  625.000000 ^ input external delay
     1    0.002498    0.018443    0.009265  625.009277 ^ rst_i (in)
                                                         rst_i (net)
                      0.018444    0.000000  625.009277 ^ input2/A (sky130_fd_sc_hd__buf_1)
     2    0.008866    0.111796    0.119485  625.128723 ^ input2/X (sky130_fd_sc_hd__buf_1)
                                                         net2 (net)
                      0.111798    0.000398  625.129150 ^ fanout16/A (sky130_fd_sc_hd__buf_2)
     8    0.037793    0.186675    0.233797  625.362976 ^ fanout16/X (sky130_fd_sc_hd__buf_2)
                                                         net16 (net)
                      0.186760    0.001819  625.364746 ^ _189_/RESET_B (sky130_fd_sc_hd__dfrtp_1)
                                            625.364746   data arrival time

                               3125.000000 3125.000000   clock clk_i (rise edge)
                                  0.000000 3125.000000   clock source latency
     1    0.012344    0.061759    0.041837 3125.041748 ^ clk_i (in)
                                                         clk_i (net)
                      0.061762    0.000000 3125.041748 ^ clkbuf_0_clk_i/A (sky130_fd_sc_hd__clkbuf_16)
     4    0.038686    0.058560    0.146656 3125.188477 ^ clkbuf_0_clk_i/X (sky130_fd_sc_hd__clkbuf_16)
                                                         clknet_0_clk_i (net)
                      0.058587    0.001137 3125.189697 ^ clkbuf_2_2__f_clk_i/A (sky130_fd_sc_hd__clkbuf_16)
    11    0.030423    0.051370    0.139607 3125.329346 ^ clkbuf_2_2__f_clk_i/X (sky130_fd_sc_hd__clkbuf_16)
                                                         clknet_2_2__leaf_clk_i (net)
                      0.051373    0.000682 3125.329834 ^ _189_/CLK (sky130_fd_sc_hd__dfrtp_1)
                                 -0.250000 3125.079834   clock uncertainty
                                  0.000000 3125.079834   clock reconvergence pessimism
                                  0.195622 3125.275391   library recovery time
                                           3125.275391   data required time
---------------------------------------------------------------------------------------------
                                           3125.275391   data required time
                                           -625.364746   data arrival time
---------------------------------------------------------------------------------------------
                                           2499.910645   slack (MET)


Startpoint: rst_i (input port clocked by clk_i)
Endpoint: _190_ (recovery check against rising-edge clock clk_i)
Path Group: asynchronous
Path Type: max

Fanout         Cap        Slew       Delay        Time   Description
---------------------------------------------------------------------------------------------
                                  0.000000    0.000000   clock clk_i (rise edge)
                                  0.000000    0.000000   clock network delay (propagated)
                                625.000000  625.000000 ^ input external delay
     1    0.002498    0.018443    0.009265  625.009277 ^ rst_i (in)
                                                         rst_i (net)
                      0.018444    0.000000  625.009277 ^ input2/A (sky130_fd_sc_hd__buf_1)
     2    0.008866    0.111796    0.119485  625.128723 ^ input2/X (sky130_fd_sc_hd__buf_1)
                                                         net2 (net)
                      0.111798    0.000398  625.129150 ^ fanout16/A (sky130_fd_sc_hd__buf_2)
     8    0.037793    0.186675    0.233797  625.362976 ^ fanout16/X (sky130_fd_sc_hd__buf_2)
                                                         net16 (net)
                      0.186762    0.001876  625.364807 ^ _190_/RESET_B (sky130_fd_sc_hd__dfrtp_1)
                                            625.364807   data arrival time

                               3125.000000 3125.000000   clock clk_i (rise edge)
                                  0.000000 3125.000000   clock source latency
     1    0.012344    0.061759    0.041837 3125.041748 ^ clk_i (in)
                                                         clk_i (net)
                      0.061762    0.000000 3125.041748 ^ clkbuf_0_clk_i/A (sky130_fd_sc_hd__clkbuf_16)
     4    0.038686    0.058560    0.146656 3125.188477 ^ clkbuf_0_clk_i/X (sky130_fd_sc_hd__clkbuf_16)
                                                         clknet_0_clk_i (net)
                      0.058587    0.001137 3125.189697 ^ clkbuf_2_2__f_clk_i/A (sky130_fd_sc_hd__clkbuf_16)
    11    0.030423    0.051370    0.139607 3125.329346 ^ clkbuf_2_2__f_clk_i/X (sky130_fd_sc_hd__clkbuf_16)
                                                         clknet_2_2__leaf_clk_i (net)
                      0.051375    0.000909 3125.330078 ^ _190_/CLK (sky130_fd_sc_hd__dfrtp_1)
                                 -0.250000 3125.080078   clock uncertainty
                                  0.000000 3125.080078   clock reconvergence pessimism
                                  0.195622 3125.275635   library recovery time
                                           3125.275635   data required time
---------------------------------------------------------------------------------------------
                                           3125.275635   data required time
                                           -625.364807   data arrival time
---------------------------------------------------------------------------------------------
                                           2499.910889   slack (MET)


Startpoint: rst_i (input port clocked by clk_i)
Endpoint: _191_ (recovery check against rising-edge clock clk_i)
Path Group: asynchronous
Path Type: max

Fanout         Cap        Slew       Delay        Time   Description
---------------------------------------------------------------------------------------------
                                  0.000000    0.000000   clock clk_i (rise edge)
                                  0.000000    0.000000   clock network delay (propagated)
                                625.000000  625.000000 ^ input external delay
     1    0.002498    0.018443    0.009265  625.009277 ^ rst_i (in)
                                                         rst_i (net)
                      0.018444    0.000000  625.009277 ^ input2/A (sky130_fd_sc_hd__buf_1)
     2    0.008866    0.111796    0.119485  625.128723 ^ input2/X (sky130_fd_sc_hd__buf_1)
                                                         net2 (net)
                      0.111798    0.000398  625.129150 ^ fanout16/A (sky130_fd_sc_hd__buf_2)
     8    0.037793    0.186675    0.233797  625.362976 ^ fanout16/X (sky130_fd_sc_hd__buf_2)
                                                         net16 (net)
                      0.186763    0.001933  625.364868 ^ _191_/RESET_B (sky130_fd_sc_hd__dfrtp_1)
                                            625.364868   data arrival time

                               3125.000000 3125.000000   clock clk_i (rise edge)
                                  0.000000 3125.000000   clock source latency
     1    0.012344    0.061759    0.041837 3125.041748 ^ clk_i (in)
                                                         clk_i (net)
                      0.061762    0.000000 3125.041748 ^ clkbuf_0_clk_i/A (sky130_fd_sc_hd__clkbuf_16)
     4    0.038686    0.058560    0.146656 3125.188477 ^ clkbuf_0_clk_i/X (sky130_fd_sc_hd__clkbuf_16)
                                                         clknet_0_clk_i (net)
                      0.058587    0.001137 3125.189697 ^ clkbuf_2_2__f_clk_i/A (sky130_fd_sc_hd__clkbuf_16)
    11    0.030423    0.051370    0.139607 3125.329346 ^ clkbuf_2_2__f_clk_i/X (sky130_fd_sc_hd__clkbuf_16)
                                                         clknet_2_2__leaf_clk_i (net)
                      0.051375    0.000909 3125.330078 ^ _191_/CLK (sky130_fd_sc_hd__dfrtp_1)
                                 -0.250000 3125.080078   clock uncertainty
                                  0.000000 3125.080078   clock reconvergence pessimism
                                  0.195622 3125.275635   library recovery time
                                           3125.275635   data required time
---------------------------------------------------------------------------------------------
                                           3125.275635   data required time
                                           -625.364868   data arrival time
---------------------------------------------------------------------------------------------
                                           2499.910645   slack (MET)


Startpoint: rst_i (input port clocked by clk_i)
Endpoint: _169_ (recovery check against rising-edge clock clk_i)
Path Group: asynchronous
Path Type: max

Fanout         Cap        Slew       Delay        Time   Description
---------------------------------------------------------------------------------------------
                                  0.000000    0.000000   clock clk_i (rise edge)
                                  0.000000    0.000000   clock network delay (propagated)
                                625.000000  625.000000 ^ input external delay
     1    0.002498    0.018443    0.009265  625.009277 ^ rst_i (in)
                                                         rst_i (net)
                      0.018444    0.000000  625.009277 ^ input2/A (sky130_fd_sc_hd__buf_1)
     2    0.008866    0.111796    0.119485  625.128723 ^ input2/X (sky130_fd_sc_hd__buf_1)
                                                         net2 (net)
                      0.111797    0.000284  625.129028 ^ fanout14/A (sky130_fd_sc_hd__clkbuf_4)
     9    0.043208    0.137523    0.228113  625.357178 ^ fanout14/X (sky130_fd_sc_hd__clkbuf_4)
                                                         net14 (net)
                      0.137526    0.000909  625.358032 ^ _169_/RESET_B (sky130_fd_sc_hd__dfrtp_1)
                                            625.358032   data arrival time

                               3125.000000 3125.000000   clock clk_i (rise edge)
                                  0.000000 3125.000000   clock source latency
     1    0.012344    0.061759    0.041837 3125.041748 ^ clk_i (in)
                                                         clk_i (net)
                      0.061762    0.000000 3125.041748 ^ clkbuf_0_clk_i/A (sky130_fd_sc_hd__clkbuf_16)
     4    0.038686    0.058560    0.146656 3125.188477 ^ clkbuf_0_clk_i/X (sky130_fd_sc_hd__clkbuf_16)
                                                         clknet_0_clk_i (net)
                      0.058581    0.000909 3125.189453 ^ clkbuf_2_1__f_clk_i/A (sky130_fd_sc_hd__clkbuf_16)
     9    0.028125    0.049413    0.138016 3125.327393 ^ clkbuf_2_1__f_clk_i/X (sky130_fd_sc_hd__clkbuf_16)
                                                         clknet_2_1__leaf_clk_i (net)
                      0.049416    0.000682 3125.328125 ^ _169_/CLK (sky130_fd_sc_hd__dfrtp_1)
                                 -0.250000 3125.077881   clock uncertainty
                                  0.000000 3125.077881   clock reconvergence pessimism
                                  0.207748 3125.285889   library recovery time
                                           3125.285889   data required time
---------------------------------------------------------------------------------------------
                                           3125.285889   data required time
                                           -625.358032   data arrival time
---------------------------------------------------------------------------------------------
                                           2499.927734   slack (MET)


Startpoint: rst_i (input port clocked by clk_i)
Endpoint: _170_ (recovery check against rising-edge clock clk_i)
Path Group: asynchronous
Path Type: max

Fanout         Cap        Slew       Delay        Time   Description
---------------------------------------------------------------------------------------------
                                  0.000000    0.000000   clock clk_i (rise edge)
                                  0.000000    0.000000   clock network delay (propagated)
                                625.000000  625.000000 ^ input external delay
     1    0.002498    0.018443    0.009265  625.009277 ^ rst_i (in)
                                                         rst_i (net)
                      0.018444    0.000000  625.009277 ^ input2/A (sky130_fd_sc_hd__buf_1)
     2    0.008866    0.111796    0.119485  625.128723 ^ input2/X (sky130_fd_sc_hd__buf_1)
                                                         net2 (net)
                      0.111797    0.000284  625.129028 ^ fanout14/A (sky130_fd_sc_hd__clkbuf_4)
     9    0.043208    0.137523    0.228113  625.357178 ^ fanout14/X (sky130_fd_sc_hd__clkbuf_4)
                                                         net14 (net)
                      0.137526    0.000909  625.358032 ^ _170_/RESET_B (sky130_fd_sc_hd__dfrtp_1)
                                            625.358032   data arrival time

                               3125.000000 3125.000000   clock clk_i (rise edge)
                                  0.000000 3125.000000   clock source latency
     1    0.012344    0.061759    0.041837 3125.041748 ^ clk_i (in)
                                                         clk_i (net)
                      0.061762    0.000000 3125.041748 ^ clkbuf_0_clk_i/A (sky130_fd_sc_hd__clkbuf_16)
     4    0.038686    0.058560    0.146656 3125.188477 ^ clkbuf_0_clk_i/X (sky130_fd_sc_hd__clkbuf_16)
                                                         clknet_0_clk_i (net)
                      0.058581    0.000909 3125.189453 ^ clkbuf_2_1__f_clk_i/A (sky130_fd_sc_hd__clkbuf_16)
     9    0.028125    0.049413    0.138016 3125.327393 ^ clkbuf_2_1__f_clk_i/X (sky130_fd_sc_hd__clkbuf_16)
                                                         clknet_2_1__leaf_clk_i (net)
                      0.049416    0.000682 3125.328125 ^ _170_/CLK (sky130_fd_sc_hd__dfrtp_1)
                                 -0.250000 3125.077881   clock uncertainty
                                  0.000000 3125.077881   clock reconvergence pessimism
                                  0.207748 3125.285889   library recovery time
                                           3125.285889   data required time
---------------------------------------------------------------------------------------------
                                           3125.285889   data required time
                                           -625.358032   data arrival time
---------------------------------------------------------------------------------------------
                                           2499.927734   slack (MET)


Startpoint: rst_i (input port clocked by clk_i)
Endpoint: _173_ (recovery check against rising-edge clock clk_i)
Path Group: asynchronous
Path Type: max

Fanout         Cap        Slew       Delay        Time   Description
---------------------------------------------------------------------------------------------
                                  0.000000    0.000000   clock clk_i (rise edge)
                                  0.000000    0.000000   clock network delay (propagated)
                                625.000000  625.000000 ^ input external delay
     1    0.002498    0.018443    0.009265  625.009277 ^ rst_i (in)
                                                         rst_i (net)
                      0.018444    0.000000  625.009277 ^ input2/A (sky130_fd_sc_hd__buf_1)
     2    0.008866    0.111796    0.119485  625.128723 ^ input2/X (sky130_fd_sc_hd__buf_1)
                                                         net2 (net)
                      0.111797    0.000284  625.129028 ^ fanout14/A (sky130_fd_sc_hd__clkbuf_4)
     9    0.043208    0.137523    0.228113  625.357178 ^ fanout14/X (sky130_fd_sc_hd__clkbuf_4)
                                                         net14 (net)
                      0.137525    0.000796  625.357971 ^ _173_/RESET_B (sky130_fd_sc_hd__dfrtp_1)
                                            625.357971   data arrival time

                               3125.000000 3125.000000   clock clk_i (rise edge)
                                  0.000000 3125.000000   clock source latency
     1    0.012344    0.061759    0.041837 3125.041748 ^ clk_i (in)
                                                         clk_i (net)
                      0.061762    0.000000 3125.041748 ^ clkbuf_0_clk_i/A (sky130_fd_sc_hd__clkbuf_16)
     4    0.038686    0.058560    0.146656 3125.188477 ^ clkbuf_0_clk_i/X (sky130_fd_sc_hd__clkbuf_16)
                                                         clknet_0_clk_i (net)
                      0.058581    0.000909 3125.189453 ^ clkbuf_2_1__f_clk_i/A (sky130_fd_sc_hd__clkbuf_16)
     9    0.028125    0.049413    0.138016 3125.327393 ^ clkbuf_2_1__f_clk_i/X (sky130_fd_sc_hd__clkbuf_16)
                                                         clknet_2_1__leaf_clk_i (net)
                      0.049415    0.000682 3125.328125 ^ _173_/CLK (sky130_fd_sc_hd__dfrtp_1)
                                 -0.250000 3125.077881   clock uncertainty
                                  0.000000 3125.077881   clock reconvergence pessimism
                                  0.207748 3125.285889   library recovery time
                                           3125.285889   data required time
---------------------------------------------------------------------------------------------
                                           3125.285889   data required time
                                           -625.357971   data arrival time
---------------------------------------------------------------------------------------------
                                           2499.927979   slack (MET)


Startpoint: rst_i (input port clocked by clk_i)
Endpoint: _174_ (recovery check against rising-edge clock clk_i)
Path Group: asynchronous
Path Type: max

Fanout         Cap        Slew       Delay        Time   Description
---------------------------------------------------------------------------------------------
                                  0.000000    0.000000   clock clk_i (rise edge)
                                  0.000000    0.000000   clock network delay (propagated)
                                625.000000  625.000000 ^ input external delay
     1    0.002498    0.018443    0.009265  625.009277 ^ rst_i (in)
                                                         rst_i (net)
                      0.018444    0.000000  625.009277 ^ input2/A (sky130_fd_sc_hd__buf_1)
     2    0.008866    0.111796    0.119485  625.128723 ^ input2/X (sky130_fd_sc_hd__buf_1)
                                                         net2 (net)
                      0.111797    0.000284  625.129028 ^ fanout14/A (sky130_fd_sc_hd__clkbuf_4)
     9    0.043208    0.137523    0.228113  625.357178 ^ fanout14/X (sky130_fd_sc_hd__clkbuf_4)
                                                         net14 (net)
                      0.137524    0.000682  625.357849 ^ _174_/RESET_B (sky130_fd_sc_hd__dfrtp_1)
                                            625.357849   data arrival time

                               3125.000000 3125.000000   clock clk_i (rise edge)
                                  0.000000 3125.000000   clock source latency
     1    0.012344    0.061759    0.041837 3125.041748 ^ clk_i (in)
                                                         clk_i (net)
                      0.061762    0.000000 3125.041748 ^ clkbuf_0_clk_i/A (sky130_fd_sc_hd__clkbuf_16)
     4    0.038686    0.058560    0.146656 3125.188477 ^ clkbuf_0_clk_i/X (sky130_fd_sc_hd__clkbuf_16)
                                                         clknet_0_clk_i (net)
                      0.058581    0.000909 3125.189453 ^ clkbuf_2_1__f_clk_i/A (sky130_fd_sc_hd__clkbuf_16)
     9    0.028125    0.049413    0.138016 3125.327393 ^ clkbuf_2_1__f_clk_i/X (sky130_fd_sc_hd__clkbuf_16)
                                                         clknet_2_1__leaf_clk_i (net)
                      0.049415    0.000682 3125.328125 ^ _174_/CLK (sky130_fd_sc_hd__dfrtp_1)
                                 -0.250000 3125.077881   clock uncertainty
                                  0.000000 3125.077881   clock reconvergence pessimism
                                  0.207748 3125.285889   library recovery time
                                           3125.285889   data required time
---------------------------------------------------------------------------------------------
                                           3125.285889   data required time
                                           -625.357849   data arrival time
---------------------------------------------------------------------------------------------
                                           2499.927979   slack (MET)


Startpoint: rst_i (input port clocked by clk_i)
Endpoint: _176_ (recovery check against rising-edge clock clk_i)
Path Group: asynchronous
Path Type: max

Fanout         Cap        Slew       Delay        Time   Description
---------------------------------------------------------------------------------------------
                                  0.000000    0.000000   clock clk_i (rise edge)
                                  0.000000    0.000000   clock network delay (propagated)
                                625.000000  625.000000 ^ input external delay
     1    0.002498    0.018443    0.009265  625.009277 ^ rst_i (in)
                                                         rst_i (net)
                      0.018444    0.000000  625.009277 ^ input2/A (sky130_fd_sc_hd__buf_1)
     2    0.008866    0.111796    0.119485  625.128723 ^ input2/X (sky130_fd_sc_hd__buf_1)
                                                         net2 (net)
                      0.111797    0.000284  625.129028 ^ fanout14/A (sky130_fd_sc_hd__clkbuf_4)
     9    0.043208    0.137523    0.228113  625.357178 ^ fanout14/X (sky130_fd_sc_hd__clkbuf_4)
                                                         net14 (net)
                      0.137526    0.000909  625.358032 ^ _176_/RESET_B (sky130_fd_sc_hd__dfrtp_1)
                                            625.358032   data arrival time

                               3125.000000 3125.000000   clock clk_i (rise edge)
                                  0.000000 3125.000000   clock source latency
     1    0.012344    0.061759    0.041837 3125.041748 ^ clk_i (in)
                                                         clk_i (net)
                      0.061762    0.000000 3125.041748 ^ clkbuf_0_clk_i/A (sky130_fd_sc_hd__clkbuf_16)
     4    0.038686    0.058560    0.146656 3125.188477 ^ clkbuf_0_clk_i/X (sky130_fd_sc_hd__clkbuf_16)
                                                         clknet_0_clk_i (net)
                      0.058581    0.000909 3125.189453 ^ clkbuf_2_1__f_clk_i/A (sky130_fd_sc_hd__clkbuf_16)
     9    0.028125    0.049413    0.138016 3125.327393 ^ clkbuf_2_1__f_clk_i/X (sky130_fd_sc_hd__clkbuf_16)
                                                         clknet_2_1__leaf_clk_i (net)
                      0.049415    0.000682 3125.328125 ^ _176_/CLK (sky130_fd_sc_hd__dfrtp_1)
                                 -0.250000 3125.077881   clock uncertainty
                                  0.000000 3125.077881   clock reconvergence pessimism
                                  0.207748 3125.285889   library recovery time
                                           3125.285889   data required time
---------------------------------------------------------------------------------------------
                                           3125.285889   data required time
                                           -625.358032   data arrival time
---------------------------------------------------------------------------------------------
                                           2499.927734   slack (MET)


Startpoint: rst_i (input port clocked by clk_i)
Endpoint: _177_ (recovery check against rising-edge clock clk_i)
Path Group: asynchronous
Path Type: max

Fanout         Cap        Slew       Delay        Time   Description
---------------------------------------------------------------------------------------------
                                  0.000000    0.000000   clock clk_i (rise edge)
                                  0.000000    0.000000   clock network delay (propagated)
                                625.000000  625.000000 ^ input external delay
     1    0.002498    0.018443    0.009265  625.009277 ^ rst_i (in)
                                                         rst_i (net)
                      0.018444    0.000000  625.009277 ^ input2/A (sky130_fd_sc_hd__buf_1)
     2    0.008866    0.111796    0.119485  625.128723 ^ input2/X (sky130_fd_sc_hd__buf_1)
                                                         net2 (net)
                      0.111797    0.000284  625.129028 ^ fanout14/A (sky130_fd_sc_hd__clkbuf_4)
     9    0.043208    0.137523    0.228113  625.357178 ^ fanout14/X (sky130_fd_sc_hd__clkbuf_4)
                                                         net14 (net)
                      0.137526    0.000853  625.358032 ^ _177_/RESET_B (sky130_fd_sc_hd__dfrtp_1)
                                            625.358032   data arrival time

                               3125.000000 3125.000000   clock clk_i (rise edge)
                                  0.000000 3125.000000   clock source latency
     1    0.012344    0.061759    0.041837 3125.041748 ^ clk_i (in)
                                                         clk_i (net)
                      0.061762    0.000000 3125.041748 ^ clkbuf_0_clk_i/A (sky130_fd_sc_hd__clkbuf_16)
     4    0.038686    0.058560    0.146656 3125.188477 ^ clkbuf_0_clk_i/X (sky130_fd_sc_hd__clkbuf_16)
                                                         clknet_0_clk_i (net)
                      0.058581    0.000909 3125.189453 ^ clkbuf_2_1__f_clk_i/A (sky130_fd_sc_hd__clkbuf_16)
     9    0.028125    0.049413    0.138016 3125.327393 ^ clkbuf_2_1__f_clk_i/X (sky130_fd_sc_hd__clkbuf_16)
                                                         clknet_2_1__leaf_clk_i (net)
                      0.049415    0.000682 3125.328125 ^ _177_/CLK (sky130_fd_sc_hd__dfrtp_1)
                                 -0.250000 3125.077881   clock uncertainty
                                  0.000000 3125.077881   clock reconvergence pessimism
                                  0.207748 3125.285889   library recovery time
                                           3125.285889   data required time
---------------------------------------------------------------------------------------------
                                           3125.285889   data required time
                                           -625.358032   data arrival time
---------------------------------------------------------------------------------------------
                                           2499.927734   slack (MET)


Startpoint: rst_i (input port clocked by clk_i)
Endpoint: _185_ (recovery check against rising-edge clock clk_i)
Path Group: asynchronous
Path Type: max

Fanout         Cap        Slew       Delay        Time   Description
---------------------------------------------------------------------------------------------
                                  0.000000    0.000000   clock clk_i (rise edge)
                                  0.000000    0.000000   clock network delay (propagated)
                                625.000000  625.000000 ^ input external delay
     1    0.002498    0.018443    0.009265  625.009277 ^ rst_i (in)
                                                         rst_i (net)
                      0.018444    0.000000  625.009277 ^ input2/A (sky130_fd_sc_hd__buf_1)
     2    0.008866    0.111796    0.119485  625.128723 ^ input2/X (sky130_fd_sc_hd__buf_1)
                                                         net2 (net)
                      0.111797    0.000284  625.129028 ^ fanout14/A (sky130_fd_sc_hd__clkbuf_4)
     9    0.043208    0.137523    0.228113  625.357178 ^ fanout14/X (sky130_fd_sc_hd__clkbuf_4)
                                                         net14 (net)
                      0.137530    0.001080  625.358215 ^ _185_/RESET_B (sky130_fd_sc_hd__dfrtp_1)
                                            625.358215   data arrival time

                               3125.000000 3125.000000   clock clk_i (rise edge)
                                  0.000000 3125.000000   clock source latency
     1    0.012344    0.061759    0.041837 3125.041748 ^ clk_i (in)
                                                         clk_i (net)
                      0.061762    0.000000 3125.041748 ^ clkbuf_0_clk_i/A (sky130_fd_sc_hd__clkbuf_16)
     4    0.038686    0.058560    0.146656 3125.188477 ^ clkbuf_0_clk_i/X (sky130_fd_sc_hd__clkbuf_16)
                                                         clknet_0_clk_i (net)
                      0.058590    0.001137 3125.189697 ^ clkbuf_2_0__f_clk_i/A (sky130_fd_sc_hd__clkbuf_16)
    11    0.029227    0.050329    0.138698 3125.328369 ^ clkbuf_2_0__f_clk_i/X (sky130_fd_sc_hd__clkbuf_16)
                                                         clknet_2_0__leaf_clk_i (net)
                      0.050334    0.000909 3125.329346 ^ _185_/CLK (sky130_fd_sc_hd__dfrtp_1)
                                 -0.250000 3125.079102   clock uncertainty
                                  0.000000 3125.079102   clock reconvergence pessimism
                                  0.208032 3125.287109   library recovery time
                                           3125.287109   data required time
---------------------------------------------------------------------------------------------
                                           3125.287109   data required time
                                           -625.358215   data arrival time
---------------------------------------------------------------------------------------------
                                           2499.928955   slack (MET)


Startpoint: rst_i (input port clocked by clk_i)
Endpoint: _195_ (recovery check against rising-edge clock clk_i)
Path Group: asynchronous
Path Type: max

Fanout         Cap        Slew       Delay        Time   Description
---------------------------------------------------------------------------------------------
                                  0.000000    0.000000   clock clk_i (rise edge)
                                  0.000000    0.000000   clock network delay (propagated)
                                625.000000  625.000000 ^ input external delay
     1    0.002498    0.018443    0.009265  625.009277 ^ rst_i (in)
                                                         rst_i (net)
                      0.018444    0.000000  625.009277 ^ input2/A (sky130_fd_sc_hd__buf_1)
     2    0.008866    0.111796    0.119485  625.128723 ^ input2/X (sky130_fd_sc_hd__buf_1)
                                                         net2 (net)
                      0.111797    0.000284  625.129028 ^ fanout14/A (sky130_fd_sc_hd__clkbuf_4)
     9    0.043208    0.137523    0.228113  625.357178 ^ fanout14/X (sky130_fd_sc_hd__clkbuf_4)
                                                         net14 (net)
                      0.137527    0.000966  625.358093 ^ _195_/RESET_B (sky130_fd_sc_hd__dfrtp_1)
                                            625.358093   data arrival time

                               3125.000000 3125.000000   clock clk_i (rise edge)
                                  0.000000 3125.000000   clock source latency
     1    0.012344    0.061759    0.041837 3125.041748 ^ clk_i (in)
                                                         clk_i (net)
                      0.061762    0.000000 3125.041748 ^ clkbuf_0_clk_i/A (sky130_fd_sc_hd__clkbuf_16)
     4    0.038686    0.058560    0.146656 3125.188477 ^ clkbuf_0_clk_i/X (sky130_fd_sc_hd__clkbuf_16)
                                                         clknet_0_clk_i (net)
                      0.058581    0.000909 3125.189453 ^ clkbuf_2_1__f_clk_i/A (sky130_fd_sc_hd__clkbuf_16)
     9    0.028125    0.049413    0.138016 3125.327393 ^ clkbuf_2_1__f_clk_i/X (sky130_fd_sc_hd__clkbuf_16)
                                                         clknet_2_1__leaf_clk_i (net)
                      0.049416    0.000682 3125.328125 ^ _195_/CLK (sky130_fd_sc_hd__dfrtp_1)
                                 -0.250000 3125.077881   clock uncertainty
                                  0.000000 3125.077881   clock reconvergence pessimism
                                  0.207748 3125.285889   library recovery time
                                           3125.285889   data required time
---------------------------------------------------------------------------------------------
                                           3125.285889   data required time
                                           -625.358093   data arrival time
---------------------------------------------------------------------------------------------
                                           2499.927734   slack (MET)


Startpoint: _164_ (rising edge-triggered flip-flop clocked by clk_i)
Endpoint: _182_ (rising edge-triggered flip-flop clocked by clk_i)
Path Group: clk_i
Path Type: max

Fanout         Cap        Slew       Delay        Time   Description
---------------------------------------------------------------------------------------------
                                  0.000000    0.000000   clock clk_i (rise edge)
                                  0.000000    0.000000   clock source latency
     1    0.012344    0.061759    0.041726    0.041726 ^ clk_i (in)
                                                         clk_i (net)
                      0.061762    0.000000    0.041726 ^ clkbuf_0_clk_i/A (sky130_fd_sc_hd__clkbuf_16)
     4    0.038686    0.058560    0.146771    0.188497 ^ clkbuf_0_clk_i/X (sky130_fd_sc_hd__clkbuf_16)
                                                         clknet_0_clk_i (net)
                      0.058587    0.001098    0.189595 ^ clkbuf_2_2__f_clk_i/A (sky130_fd_sc_hd__clkbuf_16)
    11    0.030423    0.051370    0.139575    0.329170 ^ clkbuf_2_2__f_clk_i/X (sky130_fd_sc_hd__clkbuf_16)
                                                         clknet_2_2__leaf_clk_i (net)
                      0.051376    0.000964    0.330134 ^ _164_/CLK (sky130_fd_sc_hd__dfrtp_2)
     5    0.020869    0.081277    0.439186    0.769320 v _164_/Q (sky130_fd_sc_hd__dfrtp_2)
                                                         rng_rd.cache[2] (net)
                      0.081279    0.000566    0.769886 v fanout10/A (sky130_fd_sc_hd__buf_2)
    10    0.035283    0.091676    0.198290    0.968176 v fanout10/X (sky130_fd_sc_hd__buf_2)
                                                         net10 (net)
                      0.091680    0.000664    0.968840 v _109_/A (sky130_fd_sc_hd__or2_1)
     1    0.003757    0.053032    0.244101    1.212941 v _109_/X (sky130_fd_sc_hd__or2_1)
                                                         _078_ (net)
                      0.053032    0.000132    1.213073 v _114_/A1 (sky130_fd_sc_hd__a221o_1)
     1    0.004735    0.061575    0.322991    1.536064 v _114_/X (sky130_fd_sc_hd__a221o_1)
                                                         _034_ (net)
                      0.061575    0.000187    1.536251 v _124_/C1 (sky130_fd_sc_hd__o2111a_1)
     1    0.002278    0.039103    0.127502    1.663753 v _124_/X (sky130_fd_sc_hd__o2111a_1)
                                                         _044_ (net)
                      0.039103    0.000052    1.663805 v _125_/C (sky130_fd_sc_hd__and4b_1)
     1    0.003232    0.042082    0.179887    1.843692 v _125_/X (sky130_fd_sc_hd__and4b_1)
                                                         _045_ (net)
                      0.042082    0.000109    1.843800 v fanout9/A (sky130_fd_sc_hd__buf_2)
     7    0.029654    0.079845    0.169879    2.013679 v fanout9/X (sky130_fd_sc_hd__buf_2)
                                                         net9 (net)
                      0.079854    0.000892    2.014570 v fanout7/A (sky130_fd_sc_hd__clkbuf_4)
    10    0.044885    0.098966    0.213597    2.228168 v fanout7/X (sky130_fd_sc_hd__clkbuf_4)
                                                         net7 (net)
                      0.099001    0.001731    2.229898 v _146_/S (sky130_fd_sc_hd__mux2_1)
     1    0.002748    0.054804    0.322582    2.552481 v _146_/X (sky130_fd_sc_hd__mux2_1)
                                                         _020_ (net)
                      0.054804    0.000067    2.552548 v hold26/A (sky130_fd_sc_hd__dlygate4sd3_1)
     1    0.003600    0.057525    0.558810    3.111358 v hold26/X (sky130_fd_sc_hd__dlygate4sd3_1)
                                                         net42 (net)
                      0.057525    0.000126    3.111484 v _182_/D (sky130_fd_sc_hd__dfrtp_1)
                                              3.111484   data arrival time

                               3125.000000 3125.000000   clock clk_i (rise edge)
                                  0.000000 3125.000000   clock source latency
     1    0.012344    0.061759    0.041837 3125.041748 ^ clk_i (in)
                                                         clk_i (net)
                      0.061762    0.000000 3125.041748 ^ clkbuf_0_clk_i/A (sky130_fd_sc_hd__clkbuf_16)
     4    0.038686    0.058560    0.146656 3125.188477 ^ clkbuf_0_clk_i/X (sky130_fd_sc_hd__clkbuf_16)
                                                         clknet_0_clk_i (net)
                      0.058590    0.001137 3125.189697 ^ clkbuf_2_0__f_clk_i/A (sky130_fd_sc_hd__clkbuf_16)
    11    0.029227    0.050329    0.138698 3125.328369 ^ clkbuf_2_0__f_clk_i/X (sky130_fd_sc_hd__clkbuf_16)
                                                         clknet_2_0__leaf_clk_i (net)
                      0.050334    0.000909 3125.329346 ^ _182_/CLK (sky130_fd_sc_hd__dfrtp_1)
                                 -0.250000 3125.079102   clock uncertainty
                                  0.000000 3125.079102   clock reconvergence pessimism
                                 -0.118516 3124.960693   library setup time
                                           3124.960693   data required time
---------------------------------------------------------------------------------------------
                                           3124.960693   data required time
                                             -3.111484   data arrival time
---------------------------------------------------------------------------------------------
                                           3121.849365   slack (MET)


Startpoint: _164_ (rising edge-triggered flip-flop clocked by clk_i)
Endpoint: _166_ (rising edge-triggered flip-flop clocked by clk_i)
Path Group: clk_i
Path Type: max

Fanout         Cap        Slew       Delay        Time   Description
---------------------------------------------------------------------------------------------
                                  0.000000    0.000000   clock clk_i (rise edge)
                                  0.000000    0.000000   clock source latency
     1    0.012344    0.061759    0.041726    0.041726 ^ clk_i (in)
                                                         clk_i (net)
                      0.061762    0.000000    0.041726 ^ clkbuf_0_clk_i/A (sky130_fd_sc_hd__clkbuf_16)
     4    0.038686    0.058560    0.146771    0.188497 ^ clkbuf_0_clk_i/X (sky130_fd_sc_hd__clkbuf_16)
                                                         clknet_0_clk_i (net)
                      0.058587    0.001098    0.189595 ^ clkbuf_2_2__f_clk_i/A (sky130_fd_sc_hd__clkbuf_16)
    11    0.030423    0.051370    0.139575    0.329170 ^ clkbuf_2_2__f_clk_i/X (sky130_fd_sc_hd__clkbuf_16)
                                                         clknet_2_2__leaf_clk_i (net)
                      0.051376    0.000964    0.330134 ^ _164_/CLK (sky130_fd_sc_hd__dfrtp_2)
     5    0.020869    0.081277    0.439186    0.769320 v _164_/Q (sky130_fd_sc_hd__dfrtp_2)
                                                         rng_rd.cache[2] (net)
                      0.081279    0.000566    0.769886 v fanout10/A (sky130_fd_sc_hd__buf_2)
    10    0.035283    0.091676    0.198290    0.968176 v fanout10/X (sky130_fd_sc_hd__buf_2)
                                                         net10 (net)
                      0.091680    0.000664    0.968840 v _109_/A (sky130_fd_sc_hd__or2_1)
     1    0.003757    0.053032    0.244101    1.212941 v _109_/X (sky130_fd_sc_hd__or2_1)
                                                         _078_ (net)
                      0.053032    0.000132    1.213073 v _114_/A1 (sky130_fd_sc_hd__a221o_1)
     1    0.004735    0.061575    0.322991    1.536064 v _114_/X (sky130_fd_sc_hd__a221o_1)
                                                         _034_ (net)
                      0.061575    0.000187    1.536251 v _124_/C1 (sky130_fd_sc_hd__o2111a_1)
     1    0.002278    0.039103    0.127502    1.663753 v _124_/X (sky130_fd_sc_hd__o2111a_1)
                                                         _044_ (net)
                      0.039103    0.000052    1.663805 v _125_/C (sky130_fd_sc_hd__and4b_1)
     1    0.003232    0.042082    0.179887    1.843692 v _125_/X (sky130_fd_sc_hd__and4b_1)
                                                         _045_ (net)
                      0.042082    0.000109    1.843800 v fanout9/A (sky130_fd_sc_hd__buf_2)
     7    0.029654    0.079845    0.169879    2.013679 v fanout9/X (sky130_fd_sc_hd__buf_2)
                                                         net9 (net)
                      0.079858    0.001023    2.014702 v fanout8/A (sky130_fd_sc_hd__clkbuf_4)
    10    0.042925    0.095182    0.211141    2.225843 v fanout8/X (sky130_fd_sc_hd__clkbuf_4)
                                                         net8 (net)
                      0.095188    0.000827    2.226670 v _132_/S (sky130_fd_sc_hd__mux2_1)
     1    0.002539    0.053585    0.319248    2.545917 v _132_/X (sky130_fd_sc_hd__mux2_1)
                                                         _006_ (net)
                      0.053585    0.000076    2.545994 v hold6/A (sky130_fd_sc_hd__dlygate4sd3_1)
     1    0.003336    0.056504    0.556417    3.102410 v hold6/X (sky130_fd_sc_hd__dlygate4sd3_1)
                                                         net22 (net)
                      0.056504    0.000089    3.102499 v _166_/D (sky130_fd_sc_hd__dfrtp_1)
                                              3.102499   data arrival time

                               3125.000000 3125.000000   clock clk_i (rise edge)
                                  0.000000 3125.000000   clock source latency
     1    0.012344    0.061759    0.041837 3125.041748 ^ clk_i (in)
                                                         clk_i (net)
                      0.061762    0.000000 3125.041748 ^ clkbuf_0_clk_i/A (sky130_fd_sc_hd__clkbuf_16)
     4    0.038686    0.058560    0.146656 3125.188477 ^ clkbuf_0_clk_i/X (sky130_fd_sc_hd__clkbuf_16)
                                                         clknet_0_clk_i (net)
                      0.058582    0.001137 3125.189697 ^ clkbuf_2_3__f_clk_i/A (sky130_fd_sc_hd__clkbuf_16)
     7    0.026869    0.047994    0.136652 3125.326172 ^ clkbuf_2_3__f_clk_i/X (sky130_fd_sc_hd__clkbuf_16)
                                                         clknet_2_3__leaf_clk_i (net)
                      0.047998    0.000455 3125.326660 ^ _166_/CLK (sky130_fd_sc_hd__dfrtp_1)
                                 -0.250000 3125.076660   clock uncertainty
                                  0.000000 3125.076660   clock reconvergence pessimism
                                 -0.118606 3124.958008   library setup time
                                           3124.958008   data required time
---------------------------------------------------------------------------------------------
                                           3124.958008   data required time
                                             -3.102499   data arrival time
---------------------------------------------------------------------------------------------
                                           3121.855469   slack (MET)


Startpoint: _164_ (rising edge-triggered flip-flop clocked by clk_i)
Endpoint: _194_ (rising edge-triggered flip-flop clocked by clk_i)
Path Group: clk_i
Path Type: max

Fanout         Cap        Slew       Delay        Time   Description
---------------------------------------------------------------------------------------------
                                  0.000000    0.000000   clock clk_i (rise edge)
                                  0.000000    0.000000   clock source latency
     1    0.012344    0.061759    0.041726    0.041726 ^ clk_i (in)
                                                         clk_i (net)
                      0.061762    0.000000    0.041726 ^ clkbuf_0_clk_i/A (sky130_fd_sc_hd__clkbuf_16)
     4    0.038686    0.058560    0.146771    0.188497 ^ clkbuf_0_clk_i/X (sky130_fd_sc_hd__clkbuf_16)
                                                         clknet_0_clk_i (net)
                      0.058587    0.001098    0.189595 ^ clkbuf_2_2__f_clk_i/A (sky130_fd_sc_hd__clkbuf_16)
    11    0.030423    0.051370    0.139575    0.329170 ^ clkbuf_2_2__f_clk_i/X (sky130_fd_sc_hd__clkbuf_16)
                                                         clknet_2_2__leaf_clk_i (net)
                      0.051376    0.000964    0.330134 ^ _164_/CLK (sky130_fd_sc_hd__dfrtp_2)
     5    0.020869    0.081277    0.439186    0.769320 v _164_/Q (sky130_fd_sc_hd__dfrtp_2)
                                                         rng_rd.cache[2] (net)
                      0.081279    0.000566    0.769886 v fanout10/A (sky130_fd_sc_hd__buf_2)
    10    0.035283    0.091676    0.198290    0.968176 v fanout10/X (sky130_fd_sc_hd__buf_2)
                                                         net10 (net)
                      0.091680    0.000664    0.968840 v _109_/A (sky130_fd_sc_hd__or2_1)
     1    0.003757    0.053032    0.244101    1.212941 v _109_/X (sky130_fd_sc_hd__or2_1)
                                                         _078_ (net)
                      0.053032    0.000132    1.213073 v _114_/A1 (sky130_fd_sc_hd__a221o_1)
     1    0.004735    0.061575    0.322991    1.536064 v _114_/X (sky130_fd_sc_hd__a221o_1)
                                                         _034_ (net)
                      0.061575    0.000187    1.536251 v _124_/C1 (sky130_fd_sc_hd__o2111a_1)
     1    0.002278    0.039103    0.127502    1.663753 v _124_/X (sky130_fd_sc_hd__o2111a_1)
                                                         _044_ (net)
                      0.039103    0.000052    1.663805 v _125_/C (sky130_fd_sc_hd__and4b_1)
     1    0.003232    0.042082    0.179887    1.843692 v _125_/X (sky130_fd_sc_hd__and4b_1)
                                                         _045_ (net)
                      0.042082    0.000109    1.843800 v fanout9/A (sky130_fd_sc_hd__buf_2)
     7    0.029654    0.079845    0.169879    2.013679 v fanout9/X (sky130_fd_sc_hd__buf_2)
                                                         net9 (net)
                      0.079858    0.001023    2.014702 v fanout8/A (sky130_fd_sc_hd__clkbuf_4)
    10    0.042925    0.095182    0.211141    2.225843 v fanout8/X (sky130_fd_sc_hd__clkbuf_4)
                                                         net8 (net)
                      0.095189    0.000878    2.226721 v _160_/S (sky130_fd_sc_hd__mux2_1)
     1    0.002663    0.054283    0.320404    2.547126 v _160_/X (sky130_fd_sc_hd__mux2_1)
                                                         _030_ (net)
                      0.054283    0.000085    2.547210 v hold13/A (sky130_fd_sc_hd__dlygate4sd3_1)
     1    0.003195    0.055509    0.555447    3.102657 v hold13/X (sky130_fd_sc_hd__dlygate4sd3_1)
                                                         net29 (net)
                      0.055509    0.000105    3.102762 v _194_/D (sky130_fd_sc_hd__dfrtp_1)
                                              3.102762   data arrival time

                               3125.000000 3125.000000   clock clk_i (rise edge)
                                  0.000000 3125.000000   clock source latency
     1    0.012344    0.061759    0.041837 3125.041748 ^ clk_i (in)
                                                         clk_i (net)
                      0.061762    0.000000 3125.041748 ^ clkbuf_0_clk_i/A (sky130_fd_sc_hd__clkbuf_16)
     4    0.038686    0.058560    0.146656 3125.188477 ^ clkbuf_0_clk_i/X (sky130_fd_sc_hd__clkbuf_16)
                                                         clknet_0_clk_i (net)
                      0.058582    0.001137 3125.189697 ^ clkbuf_2_3__f_clk_i/A (sky130_fd_sc_hd__clkbuf_16)
     7    0.026869    0.047994    0.136652 3125.326172 ^ clkbuf_2_3__f_clk_i/X (sky130_fd_sc_hd__clkbuf_16)
                                                         clknet_2_3__leaf_clk_i (net)
                      0.048014    0.000909 3125.327148 ^ _194_/CLK (sky130_fd_sc_hd__dfrtp_1)
                                 -0.250000 3125.077148   clock uncertainty
                                  0.000000 3125.077148   clock reconvergence pessimism
                                 -0.118168 3124.958740   library setup time
                                           3124.958740   data required time
---------------------------------------------------------------------------------------------
                                           3124.958740   data required time
                                             -3.102762   data arrival time
---------------------------------------------------------------------------------------------
                                           3121.856201   slack (MET)


Startpoint: _164_ (rising edge-triggered flip-flop clocked by clk_i)
Endpoint: _177_ (rising edge-triggered flip-flop clocked by clk_i)
Path Group: clk_i
Path Type: max

Fanout         Cap        Slew       Delay        Time   Description
---------------------------------------------------------------------------------------------
                                  0.000000    0.000000   clock clk_i (rise edge)
                                  0.000000    0.000000   clock source latency
     1    0.012344    0.061759    0.041726    0.041726 ^ clk_i (in)
                                                         clk_i (net)
                      0.061762    0.000000    0.041726 ^ clkbuf_0_clk_i/A (sky130_fd_sc_hd__clkbuf_16)
     4    0.038686    0.058560    0.146771    0.188497 ^ clkbuf_0_clk_i/X (sky130_fd_sc_hd__clkbuf_16)
                                                         clknet_0_clk_i (net)
                      0.058587    0.001098    0.189595 ^ clkbuf_2_2__f_clk_i/A (sky130_fd_sc_hd__clkbuf_16)
    11    0.030423    0.051370    0.139575    0.329170 ^ clkbuf_2_2__f_clk_i/X (sky130_fd_sc_hd__clkbuf_16)
                                                         clknet_2_2__leaf_clk_i (net)
                      0.051376    0.000964    0.330134 ^ _164_/CLK (sky130_fd_sc_hd__dfrtp_2)
     5    0.020869    0.081277    0.439186    0.769320 v _164_/Q (sky130_fd_sc_hd__dfrtp_2)
                                                         rng_rd.cache[2] (net)
                      0.081279    0.000566    0.769886 v fanout10/A (sky130_fd_sc_hd__buf_2)
    10    0.035283    0.091676    0.198290    0.968176 v fanout10/X (sky130_fd_sc_hd__buf_2)
                                                         net10 (net)
                      0.091680    0.000664    0.968840 v _109_/A (sky130_fd_sc_hd__or2_1)
     1    0.003757    0.053032    0.244101    1.212941 v _109_/X (sky130_fd_sc_hd__or2_1)
                                                         _078_ (net)
                      0.053032    0.000132    1.213073 v _114_/A1 (sky130_fd_sc_hd__a221o_1)
     1    0.004735    0.061575    0.322991    1.536064 v _114_/X (sky130_fd_sc_hd__a221o_1)
                                                         _034_ (net)
                      0.061575    0.000187    1.536251 v _124_/C1 (sky130_fd_sc_hd__o2111a_1)
     1    0.002278    0.039103    0.127502    1.663753 v _124_/X (sky130_fd_sc_hd__o2111a_1)
                                                         _044_ (net)
                      0.039103    0.000052    1.663805 v _125_/C (sky130_fd_sc_hd__and4b_1)
     1    0.003232    0.042082    0.179887    1.843692 v _125_/X (sky130_fd_sc_hd__and4b_1)
                                                         _045_ (net)
                      0.042082    0.000109    1.843800 v fanout9/A (sky130_fd_sc_hd__buf_2)
     7    0.029654    0.079845    0.169879    2.013679 v fanout9/X (sky130_fd_sc_hd__buf_2)
                                                         net9 (net)
                      0.079858    0.001023    2.014702 v fanout8/A (sky130_fd_sc_hd__clkbuf_4)
    10    0.042925    0.095182    0.211141    2.225843 v fanout8/X (sky130_fd_sc_hd__clkbuf_4)
                                                         net8 (net)
                      0.095212    0.001581    2.227424 v _142_/S (sky130_fd_sc_hd__mux2_1)
     1    0.002720    0.054610    0.320953    2.548377 v _142_/X (sky130_fd_sc_hd__mux2_1)
                                                         _016_ (net)
                      0.054610    0.000085    2.548462 v hold18/A (sky130_fd_sc_hd__dlygate4sd3_1)
     1    0.002918    0.053680    0.553076    3.101538 v hold18/X (sky130_fd_sc_hd__dlygate4sd3_1)
                                                         net34 (net)
                      0.053680    0.000092    3.101630 v _177_/D (sky130_fd_sc_hd__dfrtp_1)
                                              3.101630   data arrival time

                               3125.000000 3125.000000   clock clk_i (rise edge)
                                  0.000000 3125.000000   clock source latency
     1    0.012344    0.061759    0.041837 3125.041748 ^ clk_i (in)
                                                         clk_i (net)
                      0.061762    0.000000 3125.041748 ^ clkbuf_0_clk_i/A (sky130_fd_sc_hd__clkbuf_16)
     4    0.038686    0.058560    0.146656 3125.188477 ^ clkbuf_0_clk_i/X (sky130_fd_sc_hd__clkbuf_16)
                                                         clknet_0_clk_i (net)
                      0.058581    0.000909 3125.189453 ^ clkbuf_2_1__f_clk_i/A (sky130_fd_sc_hd__clkbuf_16)
     9    0.028125    0.049413    0.138016 3125.327393 ^ clkbuf_2_1__f_clk_i/X (sky130_fd_sc_hd__clkbuf_16)
                                                         clknet_2_1__leaf_clk_i (net)
                      0.049415    0.000682 3125.328125 ^ _177_/CLK (sky130_fd_sc_hd__dfrtp_1)
                                 -0.250000 3125.077881   clock uncertainty
                                  0.000000 3125.077881   clock reconvergence pessimism
                                 -0.117049 3124.960938   library setup time
                                           3124.960938   data required time
---------------------------------------------------------------------------------------------
                                           3124.960938   data required time
                                             -3.101630   data arrival time
---------------------------------------------------------------------------------------------
                                           3121.859375   slack (MET)


Startpoint: _164_ (rising edge-triggered flip-flop clocked by clk_i)
Endpoint: _180_ (rising edge-triggered flip-flop clocked by clk_i)
Path Group: clk_i
Path Type: max

Fanout         Cap        Slew       Delay        Time   Description
---------------------------------------------------------------------------------------------
                                  0.000000    0.000000   clock clk_i (rise edge)
                                  0.000000    0.000000   clock source latency
     1    0.012344    0.061759    0.041726    0.041726 ^ clk_i (in)
                                                         clk_i (net)
                      0.061762    0.000000    0.041726 ^ clkbuf_0_clk_i/A (sky130_fd_sc_hd__clkbuf_16)
     4    0.038686    0.058560    0.146771    0.188497 ^ clkbuf_0_clk_i/X (sky130_fd_sc_hd__clkbuf_16)
                                                         clknet_0_clk_i (net)
                      0.058587    0.001098    0.189595 ^ clkbuf_2_2__f_clk_i/A (sky130_fd_sc_hd__clkbuf_16)
    11    0.030423    0.051370    0.139575    0.329170 ^ clkbuf_2_2__f_clk_i/X (sky130_fd_sc_hd__clkbuf_16)
                                                         clknet_2_2__leaf_clk_i (net)
                      0.051376    0.000964    0.330134 ^ _164_/CLK (sky130_fd_sc_hd__dfrtp_2)
     5    0.020869    0.081277    0.439186    0.769320 v _164_/Q (sky130_fd_sc_hd__dfrtp_2)
                                                         rng_rd.cache[2] (net)
                      0.081279    0.000566    0.769886 v fanout10/A (sky130_fd_sc_hd__buf_2)
    10    0.035283    0.091676    0.198290    0.968176 v fanout10/X (sky130_fd_sc_hd__buf_2)
                                                         net10 (net)
                      0.091680    0.000664    0.968840 v _109_/A (sky130_fd_sc_hd__or2_1)
     1    0.003757    0.053032    0.244101    1.212941 v _109_/X (sky130_fd_sc_hd__or2_1)
                                                         _078_ (net)
                      0.053032    0.000132    1.213073 v _114_/A1 (sky130_fd_sc_hd__a221o_1)
     1    0.004735    0.061575    0.322991    1.536064 v _114_/X (sky130_fd_sc_hd__a221o_1)
                                                         _034_ (net)
                      0.061575    0.000187    1.536251 v _124_/C1 (sky130_fd_sc_hd__o2111a_1)
     1    0.002278    0.039103    0.127502    1.663753 v _124_/X (sky130_fd_sc_hd__o2111a_1)
                                                         _044_ (net)
                      0.039103    0.000052    1.663805 v _125_/C (sky130_fd_sc_hd__and4b_1)
     1    0.003232    0.042082    0.179887    1.843692 v _125_/X (sky130_fd_sc_hd__and4b_1)
                                                         _045_ (net)
                      0.042082    0.000109    1.843800 v fanout9/A (sky130_fd_sc_hd__buf_2)
     7    0.029654    0.079845    0.169879    2.013679 v fanout9/X (sky130_fd_sc_hd__buf_2)
                                                         net9 (net)
                      0.079854    0.000892    2.014570 v fanout7/A (sky130_fd_sc_hd__clkbuf_4)
    10    0.044885    0.098966    0.213597    2.228168 v fanout7/X (sky130_fd_sc_hd__clkbuf_4)
                                                         net7 (net)
                      0.099017    0.002061    2.230229 v _145_/S (sky130_fd_sc_hd__mux2_1)
     1    0.003045    0.056625    0.325361    2.555590 v _145_/X (sky130_fd_sc_hd__mux2_1)
                                                         _019_ (net)
                      0.056625    0.000104    2.555695 v hold35/A (sky130_fd_sc_hd__dlygate4sd3_1)
     1    0.002193    0.049796    0.547413    3.103108 v hold35/X (sky130_fd_sc_hd__dlygate4sd3_1)
                                                         net51 (net)
                      0.049796    0.000044    3.103152 v _180_/D (sky130_fd_sc_hd__dfrtp_1)
                                              3.103152   data arrival time

                               3125.000000 3125.000000   clock clk_i (rise edge)
                                  0.000000 3125.000000   clock source latency
     1    0.012344    0.061759    0.041837 3125.041748 ^ clk_i (in)
                                                         clk_i (net)
                      0.061762    0.000000 3125.041748 ^ clkbuf_0_clk_i/A (sky130_fd_sc_hd__clkbuf_16)
     4    0.038686    0.058560    0.146656 3125.188477 ^ clkbuf_0_clk_i/X (sky130_fd_sc_hd__clkbuf_16)
                                                         clknet_0_clk_i (net)
                      0.058590    0.001137 3125.189697 ^ clkbuf_2_0__f_clk_i/A (sky130_fd_sc_hd__clkbuf_16)
    11    0.029227    0.050329    0.138698 3125.328369 ^ clkbuf_2_0__f_clk_i/X (sky130_fd_sc_hd__clkbuf_16)
                                                         clknet_2_0__leaf_clk_i (net)
                      0.050337    0.001137 3125.329590 ^ _180_/CLK (sky130_fd_sc_hd__dfrtp_1)
                                 -0.250000 3125.079346   clock uncertainty
                                  0.000000 3125.079346   clock reconvergence pessimism
                                 -0.115144 3124.964355   library setup time
                                           3124.964355   data required time
---------------------------------------------------------------------------------------------
                                           3124.964355   data required time
                                             -3.103152   data arrival time
---------------------------------------------------------------------------------------------
                                           3121.861084   slack (MET)


Startpoint: _164_ (rising edge-triggered flip-flop clocked by clk_i)
Endpoint: _169_ (rising edge-triggered flip-flop clocked by clk_i)
Path Group: clk_i
Path Type: max

Fanout         Cap        Slew       Delay        Time   Description
---------------------------------------------------------------------------------------------
                                  0.000000    0.000000   clock clk_i (rise edge)
                                  0.000000    0.000000   clock source latency
     1    0.012344    0.061759    0.041726    0.041726 ^ clk_i (in)
                                                         clk_i (net)
                      0.061762    0.000000    0.041726 ^ clkbuf_0_clk_i/A (sky130_fd_sc_hd__clkbuf_16)
     4    0.038686    0.058560    0.146771    0.188497 ^ clkbuf_0_clk_i/X (sky130_fd_sc_hd__clkbuf_16)
                                                         clknet_0_clk_i (net)
                      0.058587    0.001098    0.189595 ^ clkbuf_2_2__f_clk_i/A (sky130_fd_sc_hd__clkbuf_16)
    11    0.030423    0.051370    0.139575    0.329170 ^ clkbuf_2_2__f_clk_i/X (sky130_fd_sc_hd__clkbuf_16)
                                                         clknet_2_2__leaf_clk_i (net)
                      0.051376    0.000964    0.330134 ^ _164_/CLK (sky130_fd_sc_hd__dfrtp_2)
     5    0.020869    0.081277    0.439186    0.769320 v _164_/Q (sky130_fd_sc_hd__dfrtp_2)
                                                         rng_rd.cache[2] (net)
                      0.081279    0.000566    0.769886 v fanout10/A (sky130_fd_sc_hd__buf_2)
    10    0.035283    0.091676    0.198290    0.968176 v fanout10/X (sky130_fd_sc_hd__buf_2)
                                                         net10 (net)
                      0.091680    0.000664    0.968840 v _109_/A (sky130_fd_sc_hd__or2_1)
     1    0.003757    0.053032    0.244101    1.212941 v _109_/X (sky130_fd_sc_hd__or2_1)
                                                         _078_ (net)
                      0.053032    0.000132    1.213073 v _114_/A1 (sky130_fd_sc_hd__a221o_1)
     1    0.004735    0.061575    0.322991    1.536064 v _114_/X (sky130_fd_sc_hd__a221o_1)
                                                         _034_ (net)
                      0.061575    0.000187    1.536251 v _124_/C1 (sky130_fd_sc_hd__o2111a_1)
     1    0.002278    0.039103    0.127502    1.663753 v _124_/X (sky130_fd_sc_hd__o2111a_1)
                                                         _044_ (net)
                      0.039103    0.000052    1.663805 v _125_/C (sky130_fd_sc_hd__and4b_1)
     1    0.003232    0.042082    0.179887    1.843692 v _125_/X (sky130_fd_sc_hd__and4b_1)
                                                         _045_ (net)
                      0.042082    0.000109    1.843800 v fanout9/A (sky130_fd_sc_hd__buf_2)
     7    0.029654    0.079845    0.169879    2.013679 v fanout9/X (sky130_fd_sc_hd__buf_2)
                                                         net9 (net)
                      0.079858    0.001023    2.014702 v fanout8/A (sky130_fd_sc_hd__clkbuf_4)
    10    0.042925    0.095182    0.211141    2.225843 v fanout8/X (sky130_fd_sc_hd__clkbuf_4)
                                                         net8 (net)
                      0.095199    0.001239    2.227082 v _135_/S (sky130_fd_sc_hd__mux2_1)
     1    0.002659    0.054261    0.320372    2.547454 v _135_/X (sky130_fd_sc_hd__mux2_1)
                                                         _009_ (net)
                      0.054261    0.000085    2.547539 v hold29/A (sky130_fd_sc_hd__dlygate4sd3_1)
     1    0.002480    0.051051    0.548947    3.096486 v hold29/X (sky130_fd_sc_hd__dlygate4sd3_1)
                                                         net45 (net)
                      0.051051    0.000055    3.096541 v _169_/D (sky130_fd_sc_hd__dfrtp_1)
                                              3.096541   data arrival time

                               3125.000000 3125.000000   clock clk_i (rise edge)
                                  0.000000 3125.000000   clock source latency
     1    0.012344    0.061759    0.041837 3125.041748 ^ clk_i (in)
                                                         clk_i (net)
                      0.061762    0.000000 3125.041748 ^ clkbuf_0_clk_i/A (sky130_fd_sc_hd__clkbuf_16)
     4    0.038686    0.058560    0.146656 3125.188477 ^ clkbuf_0_clk_i/X (sky130_fd_sc_hd__clkbuf_16)
                                                         clknet_0_clk_i (net)
                      0.058581    0.000909 3125.189453 ^ clkbuf_2_1__f_clk_i/A (sky130_fd_sc_hd__clkbuf_16)
     9    0.028125    0.049413    0.138016 3125.327393 ^ clkbuf_2_1__f_clk_i/X (sky130_fd_sc_hd__clkbuf_16)
                                                         clknet_2_1__leaf_clk_i (net)
                      0.049416    0.000682 3125.328125 ^ _169_/CLK (sky130_fd_sc_hd__dfrtp_1)
                                 -0.250000 3125.077881   clock uncertainty
                                  0.000000 3125.077881   clock reconvergence pessimism
                                 -0.115903 3124.962158   library setup time
                                           3124.962158   data required time
---------------------------------------------------------------------------------------------
                                           3124.962158   data required time
                                             -3.096541   data arrival time
---------------------------------------------------------------------------------------------
                                           3121.865479   slack (MET)


Startpoint: _164_ (rising edge-triggered flip-flop clocked by clk_i)
Endpoint: _195_ (rising edge-triggered flip-flop clocked by clk_i)
Path Group: clk_i
Path Type: max

Fanout         Cap        Slew       Delay        Time   Description
---------------------------------------------------------------------------------------------
                                  0.000000    0.000000   clock clk_i (rise edge)
                                  0.000000    0.000000   clock source latency
     1    0.012344    0.061759    0.041726    0.041726 ^ clk_i (in)
                                                         clk_i (net)
                      0.061762    0.000000    0.041726 ^ clkbuf_0_clk_i/A (sky130_fd_sc_hd__clkbuf_16)
     4    0.038686    0.058560    0.146771    0.188497 ^ clkbuf_0_clk_i/X (sky130_fd_sc_hd__clkbuf_16)
                                                         clknet_0_clk_i (net)
                      0.058587    0.001098    0.189595 ^ clkbuf_2_2__f_clk_i/A (sky130_fd_sc_hd__clkbuf_16)
    11    0.030423    0.051370    0.139575    0.329170 ^ clkbuf_2_2__f_clk_i/X (sky130_fd_sc_hd__clkbuf_16)
                                                         clknet_2_2__leaf_clk_i (net)
                      0.051376    0.000964    0.330134 ^ _164_/CLK (sky130_fd_sc_hd__dfrtp_2)
     5    0.020869    0.081277    0.439186    0.769320 v _164_/Q (sky130_fd_sc_hd__dfrtp_2)
                                                         rng_rd.cache[2] (net)
                      0.081279    0.000566    0.769886 v fanout10/A (sky130_fd_sc_hd__buf_2)
    10    0.035283    0.091676    0.198290    0.968176 v fanout10/X (sky130_fd_sc_hd__buf_2)
                                                         net10 (net)
                      0.091680    0.000664    0.968840 v _109_/A (sky130_fd_sc_hd__or2_1)
     1    0.003757    0.053032    0.244101    1.212941 v _109_/X (sky130_fd_sc_hd__or2_1)
                                                         _078_ (net)
                      0.053032    0.000132    1.213073 v _114_/A1 (sky130_fd_sc_hd__a221o_1)
     1    0.004735    0.061575    0.322991    1.536064 v _114_/X (sky130_fd_sc_hd__a221o_1)
                                                         _034_ (net)
                      0.061575    0.000187    1.536251 v _124_/C1 (sky130_fd_sc_hd__o2111a_1)
     1    0.002278    0.039103    0.127502    1.663753 v _124_/X (sky130_fd_sc_hd__o2111a_1)
                                                         _044_ (net)
                      0.039103    0.000052    1.663805 v _125_/C (sky130_fd_sc_hd__and4b_1)
     1    0.003232    0.042082    0.179887    1.843692 v _125_/X (sky130_fd_sc_hd__and4b_1)
                                                         _045_ (net)
                      0.042082    0.000109    1.843800 v fanout9/A (sky130_fd_sc_hd__buf_2)
     7    0.029654    0.079845    0.169879    2.013679 v fanout9/X (sky130_fd_sc_hd__buf_2)
                                                         net9 (net)
                      0.079858    0.001023    2.014702 v fanout8/A (sky130_fd_sc_hd__clkbuf_4)
    10    0.042925    0.095182    0.211141    2.225843 v fanout8/X (sky130_fd_sc_hd__clkbuf_4)
                                                         net8 (net)
                      0.095184    0.000541    2.226384 v _161_/S (sky130_fd_sc_hd__mux2_1)
     1    0.002282    0.052191    0.316843    2.543228 v _161_/X (sky130_fd_sc_hd__mux2_1)
                                                         _031_ (net)
                      0.052191    0.000051    2.543279 v hold21/A (sky130_fd_sc_hd__dlygate4sd3_1)
     1    0.003093    0.054825    0.553630    3.096909 v hold21/X (sky130_fd_sc_hd__dlygate4sd3_1)
                                                         net37 (net)
                      0.054825    0.000101    3.097009 v _195_/D (sky130_fd_sc_hd__dfrtp_1)
                                              3.097009   data arrival time

                               3125.000000 3125.000000   clock clk_i (rise edge)
                                  0.000000 3125.000000   clock source latency
     1    0.012344    0.061759    0.041837 3125.041748 ^ clk_i (in)
                                                         clk_i (net)
                      0.061762    0.000000 3125.041748 ^ clkbuf_0_clk_i/A (sky130_fd_sc_hd__clkbuf_16)
     4    0.038686    0.058560    0.146656 3125.188477 ^ clkbuf_0_clk_i/X (sky130_fd_sc_hd__clkbuf_16)
                                                         clknet_0_clk_i (net)
                      0.058581    0.000909 3125.189453 ^ clkbuf_2_1__f_clk_i/A (sky130_fd_sc_hd__clkbuf_16)
     9    0.028125    0.049413    0.138016 3125.327393 ^ clkbuf_2_1__f_clk_i/X (sky130_fd_sc_hd__clkbuf_16)
                                                         clknet_2_1__leaf_clk_i (net)
                      0.049416    0.000682 3125.328125 ^ _195_/CLK (sky130_fd_sc_hd__dfrtp_1)
                                 -0.250000 3125.077881   clock uncertainty
                                  0.000000 3125.077881   clock reconvergence pessimism
                                 -0.117549 3124.960449   library setup time
                                           3124.960449   data required time
---------------------------------------------------------------------------------------------
                                           3124.960449   data required time
                                             -3.097009   data arrival time
---------------------------------------------------------------------------------------------
                                           3121.863281   slack (MET)


Startpoint: _164_ (rising edge-triggered flip-flop clocked by clk_i)
Endpoint: _165_ (rising edge-triggered flip-flop clocked by clk_i)
Path Group: clk_i
Path Type: max

Fanout         Cap        Slew       Delay        Time   Description
---------------------------------------------------------------------------------------------
                                  0.000000    0.000000   clock clk_i (rise edge)
                                  0.000000    0.000000   clock source latency
     1    0.012344    0.061759    0.041726    0.041726 ^ clk_i (in)
                                                         clk_i (net)
                      0.061762    0.000000    0.041726 ^ clkbuf_0_clk_i/A (sky130_fd_sc_hd__clkbuf_16)
     4    0.038686    0.058560    0.146771    0.188497 ^ clkbuf_0_clk_i/X (sky130_fd_sc_hd__clkbuf_16)
                                                         clknet_0_clk_i (net)
                      0.058587    0.001098    0.189595 ^ clkbuf_2_2__f_clk_i/A (sky130_fd_sc_hd__clkbuf_16)
    11    0.030423    0.051370    0.139575    0.329170 ^ clkbuf_2_2__f_clk_i/X (sky130_fd_sc_hd__clkbuf_16)
                                                         clknet_2_2__leaf_clk_i (net)
                      0.051376    0.000964    0.330134 ^ _164_/CLK (sky130_fd_sc_hd__dfrtp_2)
     5    0.020869    0.081277    0.439186    0.769320 v _164_/Q (sky130_fd_sc_hd__dfrtp_2)
                                                         rng_rd.cache[2] (net)
                      0.081279    0.000566    0.769886 v fanout10/A (sky130_fd_sc_hd__buf_2)
    10    0.035283    0.091676    0.198290    0.968176 v fanout10/X (sky130_fd_sc_hd__buf_2)
                                                         net10 (net)
                      0.091680    0.000664    0.968840 v _109_/A (sky130_fd_sc_hd__or2_1)
     1    0.003757    0.053032    0.244101    1.212941 v _109_/X (sky130_fd_sc_hd__or2_1)
                                                         _078_ (net)
                      0.053032    0.000132    1.213073 v _114_/A1 (sky130_fd_sc_hd__a221o_1)
     1    0.004735    0.061575    0.322991    1.536064 v _114_/X (sky130_fd_sc_hd__a221o_1)
                                                         _034_ (net)
                      0.061575    0.000187    1.536251 v _124_/C1 (sky130_fd_sc_hd__o2111a_1)
     1    0.002278    0.039103    0.127502    1.663753 v _124_/X (sky130_fd_sc_hd__o2111a_1)
                                                         _044_ (net)
                      0.039103    0.000052    1.663805 v _125_/C (sky130_fd_sc_hd__and4b_1)
     1    0.003232    0.042082    0.179887    1.843692 v _125_/X (sky130_fd_sc_hd__and4b_1)
                                                         _045_ (net)
                      0.042082    0.000109    1.843800 v fanout9/A (sky130_fd_sc_hd__buf_2)
     7    0.029654    0.079845    0.169879    2.013679 v fanout9/X (sky130_fd_sc_hd__buf_2)
                                                         net9 (net)
                      0.079858    0.001023    2.014702 v fanout8/A (sky130_fd_sc_hd__clkbuf_4)
    10    0.042925    0.095182    0.211141    2.225843 v fanout8/X (sky130_fd_sc_hd__clkbuf_4)
                                                         net8 (net)
                      0.095191    0.000943    2.226786 v _131_/S (sky130_fd_sc_hd__mux2_1)
     1    0.002076    0.051369    0.314914    2.541699 v _131_/X (sky130_fd_sc_hd__mux2_1)
                                                         _005_ (net)
                      0.051369    0.000043    2.541742 v hold10/A (sky130_fd_sc_hd__dlygate4sd3_1)
     1    0.002596    0.051734    0.548798    3.090541 v hold10/X (sky130_fd_sc_hd__dlygate4sd3_1)
                                                         net26 (net)
                      0.051734    0.000058    3.090599 v _165_/D (sky130_fd_sc_hd__dfrtp_1)
                                              3.090599   data arrival time

                               3125.000000 3125.000000   clock clk_i (rise edge)
                                  0.000000 3125.000000   clock source latency
     1    0.012344    0.061759    0.041837 3125.041748 ^ clk_i (in)
                                                         clk_i (net)
                      0.061762    0.000000 3125.041748 ^ clkbuf_0_clk_i/A (sky130_fd_sc_hd__clkbuf_16)
     4    0.038686    0.058560    0.146656 3125.188477 ^ clkbuf_0_clk_i/X (sky130_fd_sc_hd__clkbuf_16)
                                                         clknet_0_clk_i (net)
                      0.058582    0.001137 3125.189697 ^ clkbuf_2_3__f_clk_i/A (sky130_fd_sc_hd__clkbuf_16)
     7    0.026869    0.047994    0.136652 3125.326172 ^ clkbuf_2_3__f_clk_i/X (sky130_fd_sc_hd__clkbuf_16)
                                                         clknet_2_3__leaf_clk_i (net)
                      0.048008    0.000682 3125.326904 ^ _165_/CLK (sky130_fd_sc_hd__dfrtp_1)
                                 -0.250000 3125.076904   clock uncertainty
                                  0.000000 3125.076904   clock reconvergence pessimism
                                 -0.116523 3124.960449   library setup time
                                           3124.960449   data required time
---------------------------------------------------------------------------------------------
                                           3124.960449   data required time
                                             -3.090599   data arrival time
---------------------------------------------------------------------------------------------
                                           3121.869873   slack (MET)


Startpoint: _164_ (rising edge-triggered flip-flop clocked by clk_i)
Endpoint: _167_ (rising edge-triggered flip-flop clocked by clk_i)
Path Group: clk_i
Path Type: max

Fanout         Cap        Slew       Delay        Time   Description
---------------------------------------------------------------------------------------------
                                  0.000000    0.000000   clock clk_i (rise edge)
                                  0.000000    0.000000   clock source latency
     1    0.012344    0.061759    0.041726    0.041726 ^ clk_i (in)
                                                         clk_i (net)
                      0.061762    0.000000    0.041726 ^ clkbuf_0_clk_i/A (sky130_fd_sc_hd__clkbuf_16)
     4    0.038686    0.058560    0.146771    0.188497 ^ clkbuf_0_clk_i/X (sky130_fd_sc_hd__clkbuf_16)
                                                         clknet_0_clk_i (net)
                      0.058587    0.001098    0.189595 ^ clkbuf_2_2__f_clk_i/A (sky130_fd_sc_hd__clkbuf_16)
    11    0.030423    0.051370    0.139575    0.329170 ^ clkbuf_2_2__f_clk_i/X (sky130_fd_sc_hd__clkbuf_16)
                                                         clknet_2_2__leaf_clk_i (net)
                      0.051376    0.000964    0.330134 ^ _164_/CLK (sky130_fd_sc_hd__dfrtp_2)
     5    0.020869    0.081277    0.439186    0.769320 v _164_/Q (sky130_fd_sc_hd__dfrtp_2)
                                                         rng_rd.cache[2] (net)
                      0.081279    0.000566    0.769886 v fanout10/A (sky130_fd_sc_hd__buf_2)
    10    0.035283    0.091676    0.198290    0.968176 v fanout10/X (sky130_fd_sc_hd__buf_2)
                                                         net10 (net)
                      0.091680    0.000664    0.968840 v _109_/A (sky130_fd_sc_hd__or2_1)
     1    0.003757    0.053032    0.244101    1.212941 v _109_/X (sky130_fd_sc_hd__or2_1)
                                                         _078_ (net)
                      0.053032    0.000132    1.213073 v _114_/A1 (sky130_fd_sc_hd__a221o_1)
     1    0.004735    0.061575    0.322991    1.536064 v _114_/X (sky130_fd_sc_hd__a221o_1)
                                                         _034_ (net)
                      0.061575    0.000187    1.536251 v _124_/C1 (sky130_fd_sc_hd__o2111a_1)
     1    0.002278    0.039103    0.127502    1.663753 v _124_/X (sky130_fd_sc_hd__o2111a_1)
                                                         _044_ (net)
                      0.039103    0.000052    1.663805 v _125_/C (sky130_fd_sc_hd__and4b_1)
     1    0.003232    0.042082    0.179887    1.843692 v _125_/X (sky130_fd_sc_hd__and4b_1)
                                                         _045_ (net)
                      0.042082    0.000109    1.843800 v fanout9/A (sky130_fd_sc_hd__buf_2)
     7    0.029654    0.079845    0.169879    2.013679 v fanout9/X (sky130_fd_sc_hd__buf_2)
                                                         net9 (net)
                      0.079859    0.001061    2.014740 v _133_/S (sky130_fd_sc_hd__mux2_1)
     1    0.002700    0.054488    0.315225    2.329966 v _133_/X (sky130_fd_sc_hd__mux2_1)
                                                         _007_ (net)
                      0.054488    0.000084    2.330050 v hold8/A (sky130_fd_sc_hd__dlygate4sd3_1)
     1    0.003180    0.055413    0.555411    2.885461 v hold8/X (sky130_fd_sc_hd__dlygate4sd3_1)
                                                         net24 (net)
                      0.055413    0.000082    2.885543 v _167_/D (sky130_fd_sc_hd__dfrtp_1)
                                              2.885543   data arrival time

                               3125.000000 3125.000000   clock clk_i (rise edge)
                                  0.000000 3125.000000   clock source latency
     1    0.012344    0.061759    0.041837 3125.041748 ^ clk_i (in)
                                                         clk_i (net)
                      0.061762    0.000000 3125.041748 ^ clkbuf_0_clk_i/A (sky130_fd_sc_hd__clkbuf_16)
     4    0.038686    0.058560    0.146656 3125.188477 ^ clkbuf_0_clk_i/X (sky130_fd_sc_hd__clkbuf_16)
                                                         clknet_0_clk_i (net)
                      0.058582    0.001137 3125.189697 ^ clkbuf_2_3__f_clk_i/A (sky130_fd_sc_hd__clkbuf_16)
     7    0.026869    0.047994    0.136652 3125.326172 ^ clkbuf_2_3__f_clk_i/X (sky130_fd_sc_hd__clkbuf_16)
                                                         clknet_2_3__leaf_clk_i (net)
                      0.048014    0.000909 3125.327148 ^ _167_/CLK (sky130_fd_sc_hd__dfrtp_1)
                                 -0.250000 3125.077148   clock uncertainty
                                  0.000000 3125.077148   clock reconvergence pessimism
                                 -0.118126 3124.958740   library setup time
                                           3124.958740   data required time
---------------------------------------------------------------------------------------------
                                           3124.958740   data required time
                                             -2.885543   data arrival time
---------------------------------------------------------------------------------------------
                                           3122.073242   slack (MET)


Startpoint: _164_ (rising edge-triggered flip-flop clocked by clk_i)
Endpoint: _178_ (rising edge-triggered flip-flop clocked by clk_i)
Path Group: clk_i
Path Type: max

Fanout         Cap        Slew       Delay        Time   Description
---------------------------------------------------------------------------------------------
                                  0.000000    0.000000   clock clk_i (rise edge)
                                  0.000000    0.000000   clock source latency
     1    0.012344    0.061759    0.041726    0.041726 ^ clk_i (in)
                                                         clk_i (net)
                      0.061762    0.000000    0.041726 ^ clkbuf_0_clk_i/A (sky130_fd_sc_hd__clkbuf_16)
     4    0.038686    0.058560    0.146771    0.188497 ^ clkbuf_0_clk_i/X (sky130_fd_sc_hd__clkbuf_16)
                                                         clknet_0_clk_i (net)
                      0.058587    0.001098    0.189595 ^ clkbuf_2_2__f_clk_i/A (sky130_fd_sc_hd__clkbuf_16)
    11    0.030423    0.051370    0.139575    0.329170 ^ clkbuf_2_2__f_clk_i/X (sky130_fd_sc_hd__clkbuf_16)
                                                         clknet_2_2__leaf_clk_i (net)
                      0.051376    0.000964    0.330134 ^ _164_/CLK (sky130_fd_sc_hd__dfrtp_2)
     5    0.020869    0.081277    0.439186    0.769320 v _164_/Q (sky130_fd_sc_hd__dfrtp_2)
                                                         rng_rd.cache[2] (net)
                      0.081279    0.000566    0.769886 v fanout10/A (sky130_fd_sc_hd__buf_2)
    10    0.035283    0.091676    0.198290    0.968176 v fanout10/X (sky130_fd_sc_hd__buf_2)
                                                         net10 (net)
                      0.091680    0.000664    0.968840 v _109_/A (sky130_fd_sc_hd__or2_1)
     1    0.003757    0.053032    0.244101    1.212941 v _109_/X (sky130_fd_sc_hd__or2_1)
                                                         _078_ (net)
                      0.053032    0.000132    1.213073 v _114_/A1 (sky130_fd_sc_hd__a221o_1)
     1    0.004735    0.061575    0.322991    1.536064 v _114_/X (sky130_fd_sc_hd__a221o_1)
                                                         _034_ (net)
                      0.061575    0.000187    1.536251 v _124_/C1 (sky130_fd_sc_hd__o2111a_1)
     1    0.002278    0.039103    0.127502    1.663753 v _124_/X (sky130_fd_sc_hd__o2111a_1)
                                                         _044_ (net)
                      0.039103    0.000052    1.663805 v _125_/C (sky130_fd_sc_hd__and4b_1)
     1    0.003232    0.042082    0.179887    1.843692 v _125_/X (sky130_fd_sc_hd__and4b_1)
                                                         _045_ (net)
                      0.042082    0.000109    1.843800 v fanout9/A (sky130_fd_sc_hd__buf_2)
     7    0.029654    0.079845    0.169879    2.013679 v fanout9/X (sky130_fd_sc_hd__buf_2)
                                                         net9 (net)
                      0.079871    0.001355    2.015034 v _143_/S (sky130_fd_sc_hd__mux2_1)
     1    0.002086    0.051412    0.309482    2.324516 v _143_/X (sky130_fd_sc_hd__mux2_1)
                                                         _017_ (net)
                      0.051412    0.000042    2.324558 v hold15/A (sky130_fd_sc_hd__dlygate4sd3_1)
     1    0.003159    0.055276    0.553926    2.878484 v hold15/X (sky130_fd_sc_hd__dlygate4sd3_1)
                                                         net31 (net)
                      0.055276    0.000105    2.878588 v _178_/D (sky130_fd_sc_hd__dfrtp_1)
                                              2.878588   data arrival time

                               3125.000000 3125.000000   clock clk_i (rise edge)
                                  0.000000 3125.000000   clock source latency
     1    0.012344    0.061759    0.041837 3125.041748 ^ clk_i (in)
                                                         clk_i (net)
                      0.061762    0.000000 3125.041748 ^ clkbuf_0_clk_i/A (sky130_fd_sc_hd__clkbuf_16)
     4    0.038686    0.058560    0.146656 3125.188477 ^ clkbuf_0_clk_i/X (sky130_fd_sc_hd__clkbuf_16)
                                                         clknet_0_clk_i (net)
                      0.058590    0.001137 3125.189697 ^ clkbuf_2_0__f_clk_i/A (sky130_fd_sc_hd__clkbuf_16)
    11    0.029227    0.050329    0.138698 3125.328369 ^ clkbuf_2_0__f_clk_i/X (sky130_fd_sc_hd__clkbuf_16)
                                                         clknet_2_0__leaf_clk_i (net)
                      0.050334    0.000909 3125.329346 ^ _178_/CLK (sky130_fd_sc_hd__dfrtp_1)
                                 -0.250000 3125.079102   clock uncertainty
                                  0.000000 3125.079102   clock reconvergence pessimism
                                 -0.117535 3124.961670   library setup time
                                           3124.961670   data required time
---------------------------------------------------------------------------------------------
                                           3124.961670   data required time
                                             -2.878588   data arrival time
---------------------------------------------------------------------------------------------
                                           3122.083008   slack (MET)


Startpoint: _164_ (rising edge-triggered flip-flop clocked by clk_i)
Endpoint: _175_ (rising edge-triggered flip-flop clocked by clk_i)
Path Group: clk_i
Path Type: max

Fanout         Cap        Slew       Delay        Time   Description
---------------------------------------------------------------------------------------------
                                  0.000000    0.000000   clock clk_i (rise edge)
                                  0.000000    0.000000   clock source latency
     1    0.012344    0.061759    0.041726    0.041726 ^ clk_i (in)
                                                         clk_i (net)
                      0.061762    0.000000    0.041726 ^ clkbuf_0_clk_i/A (sky130_fd_sc_hd__clkbuf_16)
     4    0.038686    0.058560    0.146771    0.188497 ^ clkbuf_0_clk_i/X (sky130_fd_sc_hd__clkbuf_16)
                                                         clknet_0_clk_i (net)
                      0.058587    0.001098    0.189595 ^ clkbuf_2_2__f_clk_i/A (sky130_fd_sc_hd__clkbuf_16)
    11    0.030423    0.051370    0.139575    0.329170 ^ clkbuf_2_2__f_clk_i/X (sky130_fd_sc_hd__clkbuf_16)
                                                         clknet_2_2__leaf_clk_i (net)
                      0.051376    0.000964    0.330134 ^ _164_/CLK (sky130_fd_sc_hd__dfrtp_2)
     5    0.020869    0.081277    0.439186    0.769320 v _164_/Q (sky130_fd_sc_hd__dfrtp_2)
                                                         rng_rd.cache[2] (net)
                      0.081279    0.000566    0.769886 v fanout10/A (sky130_fd_sc_hd__buf_2)
    10    0.035283    0.091676    0.198290    0.968176 v fanout10/X (sky130_fd_sc_hd__buf_2)
                                                         net10 (net)
                      0.091680    0.000664    0.968840 v _109_/A (sky130_fd_sc_hd__or2_1)
     1    0.003757    0.053032    0.244101    1.212941 v _109_/X (sky130_fd_sc_hd__or2_1)
                                                         _078_ (net)
                      0.053032    0.000132    1.213073 v _114_/A1 (sky130_fd_sc_hd__a221o_1)
     1    0.004735    0.061575    0.322991    1.536064 v _114_/X (sky130_fd_sc_hd__a221o_1)
                                                         _034_ (net)
                      0.061575    0.000187    1.536251 v _124_/C1 (sky130_fd_sc_hd__o2111a_1)
     1    0.002278    0.039103    0.127502    1.663753 v _124_/X (sky130_fd_sc_hd__o2111a_1)
                                                         _044_ (net)
                      0.039103    0.000052    1.663805 v _125_/C (sky130_fd_sc_hd__and4b_1)
     1    0.003232    0.042082    0.179887    1.843692 v _125_/X (sky130_fd_sc_hd__and4b_1)
                                                         _045_ (net)
                      0.042082    0.000109    1.843800 v fanout9/A (sky130_fd_sc_hd__buf_2)
     7    0.029654    0.079845    0.169879    2.013679 v fanout9/X (sky130_fd_sc_hd__buf_2)
                                                         net9 (net)
                      0.079854    0.000892    2.014570 v fanout7/A (sky130_fd_sc_hd__clkbuf_4)
    10    0.044885    0.098966    0.213597    2.228168 v fanout7/X (sky130_fd_sc_hd__clkbuf_4)
                                                         net7 (net)
                      0.099003    0.001784    2.229952 v _140_/S (sky130_fd_sc_hd__mux2_1)
     1    0.003856    0.061045    0.332000    2.561952 v _140_/X (sky130_fd_sc_hd__mux2_1)
                                                         _014_ (net)
                      0.061045    0.000148    2.562099 v _175_/D (sky130_fd_sc_hd__dfrtp_1)
                                              2.562099   data arrival time

                               3125.000000 3125.000000   clock clk_i (rise edge)
                                  0.000000 3125.000000   clock source latency
     1    0.012344    0.061759    0.041837 3125.041748 ^ clk_i (in)
                                                         clk_i (net)
                      0.061762    0.000000 3125.041748 ^ clkbuf_0_clk_i/A (sky130_fd_sc_hd__clkbuf_16)
     4    0.038686    0.058560    0.146656 3125.188477 ^ clkbuf_0_clk_i/X (sky130_fd_sc_hd__clkbuf_16)
                                                         clknet_0_clk_i (net)
                      0.058590    0.001137 3125.189697 ^ clkbuf_2_0__f_clk_i/A (sky130_fd_sc_hd__clkbuf_16)
    11    0.029227    0.050329    0.138698 3125.328369 ^ clkbuf_2_0__f_clk_i/X (sky130_fd_sc_hd__clkbuf_16)
                                                         clknet_2_0__leaf_clk_i (net)
                      0.050330    0.000455 3125.328857 ^ _175_/CLK (sky130_fd_sc_hd__dfrtp_1)
                                 -0.250000 3125.078613   clock uncertainty
                                  0.000000 3125.078613   clock reconvergence pessimism
                                 -0.120052 3124.958740   library setup time
                                           3124.958740   data required time
---------------------------------------------------------------------------------------------
                                           3124.958740   data required time
                                             -2.562099   data arrival time
---------------------------------------------------------------------------------------------
                                           3122.396484   slack (MET)


Startpoint: _164_ (rising edge-triggered flip-flop clocked by clk_i)
Endpoint: _174_ (rising edge-triggered flip-flop clocked by clk_i)
Path Group: clk_i
Path Type: max

Fanout         Cap        Slew       Delay        Time   Description
---------------------------------------------------------------------------------------------
                                  0.000000    0.000000   clock clk_i (rise edge)
                                  0.000000    0.000000   clock source latency
     1    0.012344    0.061759    0.041726    0.041726 ^ clk_i (in)
                                                         clk_i (net)
                      0.061762    0.000000    0.041726 ^ clkbuf_0_clk_i/A (sky130_fd_sc_hd__clkbuf_16)
     4    0.038686    0.058560    0.146771    0.188497 ^ clkbuf_0_clk_i/X (sky130_fd_sc_hd__clkbuf_16)
                                                         clknet_0_clk_i (net)
                      0.058587    0.001098    0.189595 ^ clkbuf_2_2__f_clk_i/A (sky130_fd_sc_hd__clkbuf_16)
    11    0.030423    0.051370    0.139575    0.329170 ^ clkbuf_2_2__f_clk_i/X (sky130_fd_sc_hd__clkbuf_16)
                                                         clknet_2_2__leaf_clk_i (net)
                      0.051376    0.000964    0.330134 ^ _164_/CLK (sky130_fd_sc_hd__dfrtp_2)
     5    0.020869    0.081277    0.439186    0.769320 v _164_/Q (sky130_fd_sc_hd__dfrtp_2)
                                                         rng_rd.cache[2] (net)
                      0.081279    0.000566    0.769886 v fanout10/A (sky130_fd_sc_hd__buf_2)
    10    0.035283    0.091676    0.198290    0.968176 v fanout10/X (sky130_fd_sc_hd__buf_2)
                                                         net10 (net)
                      0.091680    0.000664    0.968840 v _109_/A (sky130_fd_sc_hd__or2_1)
     1    0.003757    0.053032    0.244101    1.212941 v _109_/X (sky130_fd_sc_hd__or2_1)
                                                         _078_ (net)
                      0.053032    0.000132    1.213073 v _114_/A1 (sky130_fd_sc_hd__a221o_1)
     1    0.004735    0.061575    0.322991    1.536064 v _114_/X (sky130_fd_sc_hd__a221o_1)
                                                         _034_ (net)
                      0.061575    0.000187    1.536251 v _124_/C1 (sky130_fd_sc_hd__o2111a_1)
     1    0.002278    0.039103    0.127502    1.663753 v _124_/X (sky130_fd_sc_hd__o2111a_1)
                                                         _044_ (net)
                      0.039103    0.000052    1.663805 v _125_/C (sky130_fd_sc_hd__and4b_1)
     1    0.003232    0.042082    0.179887    1.843692 v _125_/X (sky130_fd_sc_hd__and4b_1)
                                                         _045_ (net)
                      0.042082    0.000109    1.843800 v fanout9/A (sky130_fd_sc_hd__buf_2)
     7    0.029654    0.079845    0.169879    2.013679 v fanout9/X (sky130_fd_sc_hd__buf_2)
                                                         net9 (net)
                      0.079858    0.001023    2.014702 v fanout8/A (sky130_fd_sc_hd__clkbuf_4)
    10    0.042925    0.095182    0.211141    2.225843 v fanout8/X (sky130_fd_sc_hd__clkbuf_4)
                                                         net8 (net)
                      0.095205    0.001424    2.227267 v _139_/S (sky130_fd_sc_hd__mux2_1)
     1    0.003192    0.057525    0.325363    2.552629 v _139_/X (sky130_fd_sc_hd__mux2_1)
                                                         _013_ (net)
                      0.057525    0.000107    2.552736 v _174_/D (sky130_fd_sc_hd__dfrtp_1)
                                              2.552736   data arrival time

                               3125.000000 3125.000000   clock clk_i (rise edge)
                                  0.000000 3125.000000   clock source latency
     1    0.012344    0.061759    0.041837 3125.041748 ^ clk_i (in)
                                                         clk_i (net)
                      0.061762    0.000000 3125.041748 ^ clkbuf_0_clk_i/A (sky130_fd_sc_hd__clkbuf_16)
     4    0.038686    0.058560    0.146656 3125.188477 ^ clkbuf_0_clk_i/X (sky130_fd_sc_hd__clkbuf_16)
                                                         clknet_0_clk_i (net)
                      0.058581    0.000909 3125.189453 ^ clkbuf_2_1__f_clk_i/A (sky130_fd_sc_hd__clkbuf_16)
     9    0.028125    0.049413    0.138016 3125.327393 ^ clkbuf_2_1__f_clk_i/X (sky130_fd_sc_hd__clkbuf_16)
                                                         clknet_2_1__leaf_clk_i (net)
                      0.049415    0.000682 3125.328125 ^ _174_/CLK (sky130_fd_sc_hd__dfrtp_1)
                                 -0.250000 3125.077881   clock uncertainty
                                  0.000000 3125.077881   clock reconvergence pessimism
                                 -0.118727 3124.959229   library setup time
                                           3124.959229   data required time
---------------------------------------------------------------------------------------------
                                           3124.959229   data required time
                                             -2.552736   data arrival time
---------------------------------------------------------------------------------------------
                                           3122.406494   slack (MET)


Startpoint: _164_ (rising edge-triggered flip-flop clocked by clk_i)
Endpoint: _183_ (rising edge-triggered flip-flop clocked by clk_i)
Path Group: clk_i
Path Type: max

Fanout         Cap        Slew       Delay        Time   Description
---------------------------------------------------------------------------------------------
                                  0.000000    0.000000   clock clk_i (rise edge)
                                  0.000000    0.000000   clock source latency
     1    0.012344    0.061759    0.041726    0.041726 ^ clk_i (in)
                                                         clk_i (net)
                      0.061762    0.000000    0.041726 ^ clkbuf_0_clk_i/A (sky130_fd_sc_hd__clkbuf_16)
     4    0.038686    0.058560    0.146771    0.188497 ^ clkbuf_0_clk_i/X (sky130_fd_sc_hd__clkbuf_16)
                                                         clknet_0_clk_i (net)
                      0.058587    0.001098    0.189595 ^ clkbuf_2_2__f_clk_i/A (sky130_fd_sc_hd__clkbuf_16)
    11    0.030423    0.051370    0.139575    0.329170 ^ clkbuf_2_2__f_clk_i/X (sky130_fd_sc_hd__clkbuf_16)
                                                         clknet_2_2__leaf_clk_i (net)
                      0.051376    0.000964    0.330134 ^ _164_/CLK (sky130_fd_sc_hd__dfrtp_2)
     5    0.020869    0.081277    0.439186    0.769320 v _164_/Q (sky130_fd_sc_hd__dfrtp_2)
                                                         rng_rd.cache[2] (net)
                      0.081279    0.000566    0.769886 v fanout10/A (sky130_fd_sc_hd__buf_2)
    10    0.035283    0.091676    0.198290    0.968176 v fanout10/X (sky130_fd_sc_hd__buf_2)
                                                         net10 (net)
                      0.091680    0.000664    0.968840 v _109_/A (sky130_fd_sc_hd__or2_1)
     1    0.003757    0.053032    0.244101    1.212941 v _109_/X (sky130_fd_sc_hd__or2_1)
                                                         _078_ (net)
                      0.053032    0.000132    1.213073 v _114_/A1 (sky130_fd_sc_hd__a221o_1)
     1    0.004735    0.061575    0.322991    1.536064 v _114_/X (sky130_fd_sc_hd__a221o_1)
                                                         _034_ (net)
                      0.061575    0.000187    1.536251 v _124_/C1 (sky130_fd_sc_hd__o2111a_1)
     1    0.002278    0.039103    0.127502    1.663753 v _124_/X (sky130_fd_sc_hd__o2111a_1)
                                                         _044_ (net)
                      0.039103    0.000052    1.663805 v _125_/C (sky130_fd_sc_hd__and4b_1)
     1    0.003232    0.042082    0.179887    1.843692 v _125_/X (sky130_fd_sc_hd__and4b_1)
                                                         _045_ (net)
                      0.042082    0.000109    1.843800 v fanout9/A (sky130_fd_sc_hd__buf_2)
     7    0.029654    0.079845    0.169879    2.013679 v fanout9/X (sky130_fd_sc_hd__buf_2)
                                                         net9 (net)
                      0.079854    0.000892    2.014570 v fanout7/A (sky130_fd_sc_hd__clkbuf_4)
    10    0.044885    0.098966    0.213597    2.228168 v fanout7/X (sky130_fd_sc_hd__clkbuf_4)
                                                         net7 (net)
                      0.099010    0.001924    2.230092 v _147_/S (sky130_fd_sc_hd__mux2_1)
     1    0.003186    0.057547    0.326679    2.556772 v _147_/X (sky130_fd_sc_hd__mux2_1)
                                                         _021_ (net)
                      0.057547    0.000106    2.556878 v _183_/D (sky130_fd_sc_hd__dfrtp_1)
                                              2.556878   data arrival time

                               3125.000000 3125.000000   clock clk_i (rise edge)
                                  0.000000 3125.000000   clock source latency
     1    0.012344    0.061759    0.041837 3125.041748 ^ clk_i (in)
                                                         clk_i (net)
                      0.061762    0.000000 3125.041748 ^ clkbuf_0_clk_i/A (sky130_fd_sc_hd__clkbuf_16)
     4    0.038686    0.058560    0.146656 3125.188477 ^ clkbuf_0_clk_i/X (sky130_fd_sc_hd__clkbuf_16)
                                                         clknet_0_clk_i (net)
                      0.058590    0.001137 3125.189697 ^ clkbuf_2_0__f_clk_i/A (sky130_fd_sc_hd__clkbuf_16)
    11    0.029227    0.050329    0.138698 3125.328369 ^ clkbuf_2_0__f_clk_i/X (sky130_fd_sc_hd__clkbuf_16)
                                                         clknet_2_0__leaf_clk_i (net)
                      0.050336    0.001137 3125.329590 ^ _183_/CLK (sky130_fd_sc_hd__dfrtp_1)
                                 -0.250000 3125.079346   clock uncertainty
                                  0.000000 3125.079346   clock reconvergence pessimism
                                 -0.118525 3124.960938   library setup time
                                           3124.960938   data required time
---------------------------------------------------------------------------------------------
                                           3124.960938   data required time
                                             -2.556878   data arrival time
---------------------------------------------------------------------------------------------
                                           3122.404053   slack (MET)


Startpoint: _164_ (rising edge-triggered flip-flop clocked by clk_i)
Endpoint: _170_ (rising edge-triggered flip-flop clocked by clk_i)
Path Group: clk_i
Path Type: max

Fanout         Cap        Slew       Delay        Time   Description
---------------------------------------------------------------------------------------------
                                  0.000000    0.000000   clock clk_i (rise edge)
                                  0.000000    0.000000   clock source latency
     1    0.012344    0.061759    0.041726    0.041726 ^ clk_i (in)
                                                         clk_i (net)
                      0.061762    0.000000    0.041726 ^ clkbuf_0_clk_i/A (sky130_fd_sc_hd__clkbuf_16)
     4    0.038686    0.058560    0.146771    0.188497 ^ clkbuf_0_clk_i/X (sky130_fd_sc_hd__clkbuf_16)
                                                         clknet_0_clk_i (net)
                      0.058587    0.001098    0.189595 ^ clkbuf_2_2__f_clk_i/A (sky130_fd_sc_hd__clkbuf_16)
    11    0.030423    0.051370    0.139575    0.329170 ^ clkbuf_2_2__f_clk_i/X (sky130_fd_sc_hd__clkbuf_16)
                                                         clknet_2_2__leaf_clk_i (net)
                      0.051376    0.000964    0.330134 ^ _164_/CLK (sky130_fd_sc_hd__dfrtp_2)
     5    0.020869    0.081277    0.439186    0.769320 v _164_/Q (sky130_fd_sc_hd__dfrtp_2)
                                                         rng_rd.cache[2] (net)
                      0.081279    0.000566    0.769886 v fanout10/A (sky130_fd_sc_hd__buf_2)
    10    0.035283    0.091676    0.198290    0.968176 v fanout10/X (sky130_fd_sc_hd__buf_2)
                                                         net10 (net)
                      0.091680    0.000664    0.968840 v _109_/A (sky130_fd_sc_hd__or2_1)
     1    0.003757    0.053032    0.244101    1.212941 v _109_/X (sky130_fd_sc_hd__or2_1)
                                                         _078_ (net)
                      0.053032    0.000132    1.213073 v _114_/A1 (sky130_fd_sc_hd__a221o_1)
     1    0.004735    0.061575    0.322991    1.536064 v _114_/X (sky130_fd_sc_hd__a221o_1)
                                                         _034_ (net)
                      0.061575    0.000187    1.536251 v _124_/C1 (sky130_fd_sc_hd__o2111a_1)
     1    0.002278    0.039103    0.127502    1.663753 v _124_/X (sky130_fd_sc_hd__o2111a_1)
                                                         _044_ (net)
                      0.039103    0.000052    1.663805 v _125_/C (sky130_fd_sc_hd__and4b_1)
     1    0.003232    0.042082    0.179887    1.843692 v _125_/X (sky130_fd_sc_hd__and4b_1)
                                                         _045_ (net)
                      0.042082    0.000109    1.843800 v fanout9/A (sky130_fd_sc_hd__buf_2)
     7    0.029654    0.079845    0.169879    2.013679 v fanout9/X (sky130_fd_sc_hd__buf_2)
                                                         net9 (net)
                      0.079858    0.001023    2.014702 v fanout8/A (sky130_fd_sc_hd__clkbuf_4)
    10    0.042925    0.095182    0.211141    2.225843 v fanout8/X (sky130_fd_sc_hd__clkbuf_4)
                                                         net8 (net)
                      0.095195    0.001123    2.226966 v _136_/S (sky130_fd_sc_hd__mux2_1)
     1    0.003102    0.056960    0.324525    2.551491 v _136_/X (sky130_fd_sc_hd__mux2_1)
                                                         _010_ (net)
                      0.056960    0.000079    2.551570 v _170_/D (sky130_fd_sc_hd__dfrtp_1)
                                              2.551570   data arrival time

                               3125.000000 3125.000000   clock clk_i (rise edge)
                                  0.000000 3125.000000   clock source latency
     1    0.012344    0.061759    0.041837 3125.041748 ^ clk_i (in)
                                                         clk_i (net)
                      0.061762    0.000000 3125.041748 ^ clkbuf_0_clk_i/A (sky130_fd_sc_hd__clkbuf_16)
     4    0.038686    0.058560    0.146656 3125.188477 ^ clkbuf_0_clk_i/X (sky130_fd_sc_hd__clkbuf_16)
                                                         clknet_0_clk_i (net)
                      0.058581    0.000909 3125.189453 ^ clkbuf_2_1__f_clk_i/A (sky130_fd_sc_hd__clkbuf_16)
     9    0.028125    0.049413    0.138016 3125.327393 ^ clkbuf_2_1__f_clk_i/X (sky130_fd_sc_hd__clkbuf_16)
                                                         clknet_2_1__leaf_clk_i (net)
                      0.049416    0.000682 3125.328125 ^ _170_/CLK (sky130_fd_sc_hd__dfrtp_1)
                                 -0.250000 3125.077881   clock uncertainty
                                  0.000000 3125.077881   clock reconvergence pessimism
                                 -0.118480 3124.959473   library setup time
                                           3124.959473   data required time
---------------------------------------------------------------------------------------------
                                           3124.959473   data required time
                                             -2.551570   data arrival time
---------------------------------------------------------------------------------------------
                                           3122.407959   slack (MET)


Startpoint: _164_ (rising edge-triggered flip-flop clocked by clk_i)
Endpoint: _184_ (rising edge-triggered flip-flop clocked by clk_i)
Path Group: clk_i
Path Type: max

Fanout         Cap        Slew       Delay        Time   Description
---------------------------------------------------------------------------------------------
                                  0.000000    0.000000   clock clk_i (rise edge)
                                  0.000000    0.000000   clock source latency
     1    0.012344    0.061759    0.041726    0.041726 ^ clk_i (in)
                                                         clk_i (net)
                      0.061762    0.000000    0.041726 ^ clkbuf_0_clk_i/A (sky130_fd_sc_hd__clkbuf_16)
     4    0.038686    0.058560    0.146771    0.188497 ^ clkbuf_0_clk_i/X (sky130_fd_sc_hd__clkbuf_16)
                                                         clknet_0_clk_i (net)
                      0.058587    0.001098    0.189595 ^ clkbuf_2_2__f_clk_i/A (sky130_fd_sc_hd__clkbuf_16)
    11    0.030423    0.051370    0.139575    0.329170 ^ clkbuf_2_2__f_clk_i/X (sky130_fd_sc_hd__clkbuf_16)
                                                         clknet_2_2__leaf_clk_i (net)
                      0.051376    0.000964    0.330134 ^ _164_/CLK (sky130_fd_sc_hd__dfrtp_2)
     5    0.020869    0.081277    0.439186    0.769320 v _164_/Q (sky130_fd_sc_hd__dfrtp_2)
                                                         rng_rd.cache[2] (net)
                      0.081279    0.000566    0.769886 v fanout10/A (sky130_fd_sc_hd__buf_2)
    10    0.035283    0.091676    0.198290    0.968176 v fanout10/X (sky130_fd_sc_hd__buf_2)
                                                         net10 (net)
                      0.091680    0.000664    0.968840 v _109_/A (sky130_fd_sc_hd__or2_1)
     1    0.003757    0.053032    0.244101    1.212941 v _109_/X (sky130_fd_sc_hd__or2_1)
                                                         _078_ (net)
                      0.053032    0.000132    1.213073 v _114_/A1 (sky130_fd_sc_hd__a221o_1)
     1    0.004735    0.061575    0.322991    1.536064 v _114_/X (sky130_fd_sc_hd__a221o_1)
                                                         _034_ (net)
                      0.061575    0.000187    1.536251 v _124_/C1 (sky130_fd_sc_hd__o2111a_1)
     1    0.002278    0.039103    0.127502    1.663753 v _124_/X (sky130_fd_sc_hd__o2111a_1)
                                                         _044_ (net)
                      0.039103    0.000052    1.663805 v _125_/C (sky130_fd_sc_hd__and4b_1)
     1    0.003232    0.042082    0.179887    1.843692 v _125_/X (sky130_fd_sc_hd__and4b_1)
                                                         _045_ (net)
                      0.042082    0.000109    1.843800 v fanout9/A (sky130_fd_sc_hd__buf_2)
     7    0.029654    0.079845    0.169879    2.013679 v fanout9/X (sky130_fd_sc_hd__buf_2)
                                                         net9 (net)
                      0.079854    0.000892    2.014570 v fanout7/A (sky130_fd_sc_hd__clkbuf_4)
    10    0.044885    0.098966    0.213597    2.228168 v fanout7/X (sky130_fd_sc_hd__clkbuf_4)
                                                         net7 (net)
                      0.099023    0.002164    2.230332 v _148_/S (sky130_fd_sc_hd__mux2_1)
     1    0.002821    0.055284    0.323280    2.553612 v _148_/X (sky130_fd_sc_hd__mux2_1)
                                                         _022_ (net)
                      0.055284    0.000066    2.553678 v _184_/D (sky130_fd_sc_hd__dfrtp_1)
                                              2.553678   data arrival time

                               3125.000000 3125.000000   clock clk_i (rise edge)
                                  0.000000 3125.000000   clock source latency
     1    0.012344    0.061759    0.041837 3125.041748 ^ clk_i (in)
                                                         clk_i (net)
                      0.061762    0.000000 3125.041748 ^ clkbuf_0_clk_i/A (sky130_fd_sc_hd__clkbuf_16)
     4    0.038686    0.058560    0.146656 3125.188477 ^ clkbuf_0_clk_i/X (sky130_fd_sc_hd__clkbuf_16)
                                                         clknet_0_clk_i (net)
                      0.058590    0.001137 3125.189697 ^ clkbuf_2_0__f_clk_i/A (sky130_fd_sc_hd__clkbuf_16)
    11    0.029227    0.050329    0.138698 3125.328369 ^ clkbuf_2_0__f_clk_i/X (sky130_fd_sc_hd__clkbuf_16)
                                                         clknet_2_0__leaf_clk_i (net)
                      0.050336    0.001137 3125.329590 ^ _184_/CLK (sky130_fd_sc_hd__dfrtp_1)
                                 -0.250000 3125.079346   clock uncertainty
                                  0.000000 3125.079346   clock reconvergence pessimism
                                 -0.117538 3124.961914   library setup time
                                           3124.961914   data required time
---------------------------------------------------------------------------------------------
                                           3124.961914   data required time
                                             -2.553678   data arrival time
---------------------------------------------------------------------------------------------
                                           3122.408203   slack (MET)


Startpoint: _164_ (rising edge-triggered flip-flop clocked by clk_i)
Endpoint: _172_ (rising edge-triggered flip-flop clocked by clk_i)
Path Group: clk_i
Path Type: max

Fanout         Cap        Slew       Delay        Time   Description
---------------------------------------------------------------------------------------------
                                  0.000000    0.000000   clock clk_i (rise edge)
                                  0.000000    0.000000   clock source latency
     1    0.012344    0.061759    0.041726    0.041726 ^ clk_i (in)
                                                         clk_i (net)
                      0.061762    0.000000    0.041726 ^ clkbuf_0_clk_i/A (sky130_fd_sc_hd__clkbuf_16)
     4    0.038686    0.058560    0.146771    0.188497 ^ clkbuf_0_clk_i/X (sky130_fd_sc_hd__clkbuf_16)
                                                         clknet_0_clk_i (net)
                      0.058587    0.001098    0.189595 ^ clkbuf_2_2__f_clk_i/A (sky130_fd_sc_hd__clkbuf_16)
    11    0.030423    0.051370    0.139575    0.329170 ^ clkbuf_2_2__f_clk_i/X (sky130_fd_sc_hd__clkbuf_16)
                                                         clknet_2_2__leaf_clk_i (net)
                      0.051376    0.000964    0.330134 ^ _164_/CLK (sky130_fd_sc_hd__dfrtp_2)
     5    0.020869    0.081277    0.439186    0.769320 v _164_/Q (sky130_fd_sc_hd__dfrtp_2)
                                                         rng_rd.cache[2] (net)
                      0.081279    0.000566    0.769886 v fanout10/A (sky130_fd_sc_hd__buf_2)
    10    0.035283    0.091676    0.198290    0.968176 v fanout10/X (sky130_fd_sc_hd__buf_2)
                                                         net10 (net)
                      0.091680    0.000664    0.968840 v _109_/A (sky130_fd_sc_hd__or2_1)
     1    0.003757    0.053032    0.244101    1.212941 v _109_/X (sky130_fd_sc_hd__or2_1)
                                                         _078_ (net)
                      0.053032    0.000132    1.213073 v _114_/A1 (sky130_fd_sc_hd__a221o_1)
     1    0.004735    0.061575    0.322991    1.536064 v _114_/X (sky130_fd_sc_hd__a221o_1)
                                                         _034_ (net)
                      0.061575    0.000187    1.536251 v _124_/C1 (sky130_fd_sc_hd__o2111a_1)
     1    0.002278    0.039103    0.127502    1.663753 v _124_/X (sky130_fd_sc_hd__o2111a_1)
                                                         _044_ (net)
                      0.039103    0.000052    1.663805 v _125_/C (sky130_fd_sc_hd__and4b_1)
     1    0.003232    0.042082    0.179887    1.843692 v _125_/X (sky130_fd_sc_hd__and4b_1)
                                                         _045_ (net)
                      0.042082    0.000109    1.843800 v fanout9/A (sky130_fd_sc_hd__buf_2)
     7    0.029654    0.079845    0.169879    2.013679 v fanout9/X (sky130_fd_sc_hd__buf_2)
                                                         net9 (net)
                      0.079854    0.000892    2.014570 v fanout7/A (sky130_fd_sc_hd__clkbuf_4)
    10    0.044885    0.098966    0.213597    2.228168 v fanout7/X (sky130_fd_sc_hd__clkbuf_4)
                                                         net7 (net)
                      0.098979    0.001146    2.229314 v _137_/S (sky130_fd_sc_hd__mux2_1)
     1    0.002317    0.052507    0.318542    2.547855 v _137_/X (sky130_fd_sc_hd__mux2_1)
                                                         _011_ (net)
                      0.052507    0.000049    2.547904 v _172_/D (sky130_fd_sc_hd__dfrtp_1)
                                              2.547904   data arrival time

                               3125.000000 3125.000000   clock clk_i (rise edge)
                                  0.000000 3125.000000   clock source latency
     1    0.012344    0.061759    0.041837 3125.041748 ^ clk_i (in)
                                                         clk_i (net)
                      0.061762    0.000000 3125.041748 ^ clkbuf_0_clk_i/A (sky130_fd_sc_hd__clkbuf_16)
     4    0.038686    0.058560    0.146656 3125.188477 ^ clkbuf_0_clk_i/X (sky130_fd_sc_hd__clkbuf_16)
                                                         clknet_0_clk_i (net)
                      0.058581    0.000909 3125.189453 ^ clkbuf_2_1__f_clk_i/A (sky130_fd_sc_hd__clkbuf_16)
     9    0.028125    0.049413    0.138016 3125.327393 ^ clkbuf_2_1__f_clk_i/X (sky130_fd_sc_hd__clkbuf_16)
                                                         clknet_2_1__leaf_clk_i (net)
                      0.049416    0.000682 3125.328125 ^ _172_/CLK (sky130_fd_sc_hd__dfrtp_1)
                                 -0.250000 3125.077881   clock uncertainty
                                  0.000000 3125.077881   clock reconvergence pessimism
                                 -0.116537 3124.961426   library setup time
                                           3124.961426   data required time
---------------------------------------------------------------------------------------------
                                           3124.961426   data required time
                                             -2.547904   data arrival time
---------------------------------------------------------------------------------------------
                                           3122.413330   slack (MET)


Startpoint: _164_ (rising edge-triggered flip-flop clocked by clk_i)
Endpoint: _176_ (rising edge-triggered flip-flop clocked by clk_i)
Path Group: clk_i
Path Type: max

Fanout         Cap        Slew       Delay        Time   Description
---------------------------------------------------------------------------------------------
                                  0.000000    0.000000   clock clk_i (rise edge)
                                  0.000000    0.000000   clock source latency
     1    0.012344    0.061759    0.041726    0.041726 ^ clk_i (in)
                                                         clk_i (net)
                      0.061762    0.000000    0.041726 ^ clkbuf_0_clk_i/A (sky130_fd_sc_hd__clkbuf_16)
     4    0.038686    0.058560    0.146771    0.188497 ^ clkbuf_0_clk_i/X (sky130_fd_sc_hd__clkbuf_16)
                                                         clknet_0_clk_i (net)
                      0.058587    0.001098    0.189595 ^ clkbuf_2_2__f_clk_i/A (sky130_fd_sc_hd__clkbuf_16)
    11    0.030423    0.051370    0.139575    0.329170 ^ clkbuf_2_2__f_clk_i/X (sky130_fd_sc_hd__clkbuf_16)
                                                         clknet_2_2__leaf_clk_i (net)
                      0.051376    0.000964    0.330134 ^ _164_/CLK (sky130_fd_sc_hd__dfrtp_2)
     5    0.020869    0.081277    0.439186    0.769320 v _164_/Q (sky130_fd_sc_hd__dfrtp_2)
                                                         rng_rd.cache[2] (net)
                      0.081279    0.000566    0.769886 v fanout10/A (sky130_fd_sc_hd__buf_2)
    10    0.035283    0.091676    0.198290    0.968176 v fanout10/X (sky130_fd_sc_hd__buf_2)
                                                         net10 (net)
                      0.091680    0.000664    0.968840 v _109_/A (sky130_fd_sc_hd__or2_1)
     1    0.003757    0.053032    0.244101    1.212941 v _109_/X (sky130_fd_sc_hd__or2_1)
                                                         _078_ (net)
                      0.053032    0.000132    1.213073 v _114_/A1 (sky130_fd_sc_hd__a221o_1)
     1    0.004735    0.061575    0.322991    1.536064 v _114_/X (sky130_fd_sc_hd__a221o_1)
                                                         _034_ (net)
                      0.061575    0.000187    1.536251 v _124_/C1 (sky130_fd_sc_hd__o2111a_1)
     1    0.002278    0.039103    0.127502    1.663753 v _124_/X (sky130_fd_sc_hd__o2111a_1)
                                                         _044_ (net)
                      0.039103    0.000052    1.663805 v _125_/C (sky130_fd_sc_hd__and4b_1)
     1    0.003232    0.042082    0.179887    1.843692 v _125_/X (sky130_fd_sc_hd__and4b_1)
                                                         _045_ (net)
                      0.042082    0.000109    1.843800 v fanout9/A (sky130_fd_sc_hd__buf_2)
     7    0.029654    0.079845    0.169879    2.013679 v fanout9/X (sky130_fd_sc_hd__buf_2)
                                                         net9 (net)
                      0.079858    0.001023    2.014702 v fanout8/A (sky130_fd_sc_hd__clkbuf_4)
    10    0.042925    0.095182    0.211141    2.225843 v fanout8/X (sky130_fd_sc_hd__clkbuf_4)
                                                         net8 (net)
                      0.095212    0.001596    2.227439 v _141_/S (sky130_fd_sc_hd__mux2_1)
     1    0.002804    0.055098    0.321739    2.549178 v _141_/X (sky130_fd_sc_hd__mux2_1)
                                                         _015_ (net)
                      0.055098    0.000065    2.549243 v _176_/D (sky130_fd_sc_hd__dfrtp_1)
                                              2.549243   data arrival time

                               3125.000000 3125.000000   clock clk_i (rise edge)
                                  0.000000 3125.000000   clock source latency
     1    0.012344    0.061759    0.041837 3125.041748 ^ clk_i (in)
                                                         clk_i (net)
                      0.061762    0.000000 3125.041748 ^ clkbuf_0_clk_i/A (sky130_fd_sc_hd__clkbuf_16)
     4    0.038686    0.058560    0.146656 3125.188477 ^ clkbuf_0_clk_i/X (sky130_fd_sc_hd__clkbuf_16)
                                                         clknet_0_clk_i (net)
                      0.058581    0.000909 3125.189453 ^ clkbuf_2_1__f_clk_i/A (sky130_fd_sc_hd__clkbuf_16)
     9    0.028125    0.049413    0.138016 3125.327393 ^ clkbuf_2_1__f_clk_i/X (sky130_fd_sc_hd__clkbuf_16)
                                                         clknet_2_1__leaf_clk_i (net)
                      0.049415    0.000682 3125.328125 ^ _176_/CLK (sky130_fd_sc_hd__dfrtp_1)
                                 -0.250000 3125.077881   clock uncertainty
                                  0.000000 3125.077881   clock reconvergence pessimism
                                 -0.117668 3124.960205   library setup time
                                           3124.960205   data required time
---------------------------------------------------------------------------------------------
                                           3124.960205   data required time
                                             -2.549243   data arrival time
---------------------------------------------------------------------------------------------
                                           3122.410889   slack (MET)


Startpoint: _164_ (rising edge-triggered flip-flop clocked by clk_i)
Endpoint: _179_ (rising edge-triggered flip-flop clocked by clk_i)
Path Group: clk_i
Path Type: max

Fanout         Cap        Slew       Delay        Time   Description
---------------------------------------------------------------------------------------------
                                  0.000000    0.000000   clock clk_i (rise edge)
                                  0.000000    0.000000   clock source latency
     1    0.012344    0.061759    0.041726    0.041726 ^ clk_i (in)
                                                         clk_i (net)
                      0.061762    0.000000    0.041726 ^ clkbuf_0_clk_i/A (sky130_fd_sc_hd__clkbuf_16)
     4    0.038686    0.058560    0.146771    0.188497 ^ clkbuf_0_clk_i/X (sky130_fd_sc_hd__clkbuf_16)
                                                         clknet_0_clk_i (net)
                      0.058587    0.001098    0.189595 ^ clkbuf_2_2__f_clk_i/A (sky130_fd_sc_hd__clkbuf_16)
    11    0.030423    0.051370    0.139575    0.329170 ^ clkbuf_2_2__f_clk_i/X (sky130_fd_sc_hd__clkbuf_16)
                                                         clknet_2_2__leaf_clk_i (net)
                      0.051376    0.000964    0.330134 ^ _164_/CLK (sky130_fd_sc_hd__dfrtp_2)
     5    0.020869    0.081277    0.439186    0.769320 v _164_/Q (sky130_fd_sc_hd__dfrtp_2)
                                                         rng_rd.cache[2] (net)
                      0.081279    0.000566    0.769886 v fanout10/A (sky130_fd_sc_hd__buf_2)
    10    0.035283    0.091676    0.198290    0.968176 v fanout10/X (sky130_fd_sc_hd__buf_2)
                                                         net10 (net)
                      0.091680    0.000664    0.968840 v _109_/A (sky130_fd_sc_hd__or2_1)
     1    0.003757    0.053032    0.244101    1.212941 v _109_/X (sky130_fd_sc_hd__or2_1)
                                                         _078_ (net)
                      0.053032    0.000132    1.213073 v _114_/A1 (sky130_fd_sc_hd__a221o_1)
     1    0.004735    0.061575    0.322991    1.536064 v _114_/X (sky130_fd_sc_hd__a221o_1)
                                                         _034_ (net)
                      0.061575    0.000187    1.536251 v _124_/C1 (sky130_fd_sc_hd__o2111a_1)
     1    0.002278    0.039103    0.127502    1.663753 v _124_/X (sky130_fd_sc_hd__o2111a_1)
                                                         _044_ (net)
                      0.039103    0.000052    1.663805 v _125_/C (sky130_fd_sc_hd__and4b_1)
     1    0.003232    0.042082    0.179887    1.843692 v _125_/X (sky130_fd_sc_hd__and4b_1)
                                                         _045_ (net)
                      0.042082    0.000109    1.843800 v fanout9/A (sky130_fd_sc_hd__buf_2)
     7    0.029654    0.079845    0.169879    2.013679 v fanout9/X (sky130_fd_sc_hd__buf_2)
                                                         net9 (net)
                      0.079854    0.000892    2.014570 v fanout7/A (sky130_fd_sc_hd__clkbuf_4)
    10    0.044885    0.098966    0.213597    2.228168 v fanout7/X (sky130_fd_sc_hd__clkbuf_4)
                                                         net7 (net)
                      0.099019    0.002096    2.230264 v _144_/S (sky130_fd_sc_hd__mux2_1)
     1    0.002549    0.053633    0.320723    2.550987 v _144_/X (sky130_fd_sc_hd__mux2_1)
                                                         _018_ (net)
                      0.053633    0.000056    2.551043 v _179_/D (sky130_fd_sc_hd__dfrtp_1)
                                              2.551043   data arrival time

                               3125.000000 3125.000000   clock clk_i (rise edge)
                                  0.000000 3125.000000   clock source latency
     1    0.012344    0.061759    0.041837 3125.041748 ^ clk_i (in)
                                                         clk_i (net)
                      0.061762    0.000000 3125.041748 ^ clkbuf_0_clk_i/A (sky130_fd_sc_hd__clkbuf_16)
     4    0.038686    0.058560    0.146656 3125.188477 ^ clkbuf_0_clk_i/X (sky130_fd_sc_hd__clkbuf_16)
                                                         clknet_0_clk_i (net)
                      0.058590    0.001137 3125.189697 ^ clkbuf_2_0__f_clk_i/A (sky130_fd_sc_hd__clkbuf_16)
    11    0.029227    0.050329    0.138698 3125.328369 ^ clkbuf_2_0__f_clk_i/X (sky130_fd_sc_hd__clkbuf_16)
                                                         clknet_2_0__leaf_clk_i (net)
                      0.050337    0.001137 3125.329590 ^ _179_/CLK (sky130_fd_sc_hd__dfrtp_1)
                                 -0.250000 3125.079346   clock uncertainty
                                  0.000000 3125.079346   clock reconvergence pessimism
                                 -0.116818 3124.962402   library setup time
                                           3124.962402   data required time
---------------------------------------------------------------------------------------------
                                           3124.962402   data required time
                                             -2.551043   data arrival time
---------------------------------------------------------------------------------------------
                                           3122.411377   slack (MET)


Startpoint: _164_ (rising edge-triggered flip-flop clocked by clk_i)
Endpoint: _186_ (rising edge-triggered flip-flop clocked by clk_i)
Path Group: clk_i
Path Type: max

Fanout         Cap        Slew       Delay        Time   Description
---------------------------------------------------------------------------------------------
                                  0.000000    0.000000   clock clk_i (rise edge)
                                  0.000000    0.000000   clock source latency
     1    0.012344    0.061759    0.041726    0.041726 ^ clk_i (in)
                                                         clk_i (net)
                      0.061762    0.000000    0.041726 ^ clkbuf_0_clk_i/A (sky130_fd_sc_hd__clkbuf_16)
     4    0.038686    0.058560    0.146771    0.188497 ^ clkbuf_0_clk_i/X (sky130_fd_sc_hd__clkbuf_16)
                                                         clknet_0_clk_i (net)
                      0.058587    0.001098    0.189595 ^ clkbuf_2_2__f_clk_i/A (sky130_fd_sc_hd__clkbuf_16)
    11    0.030423    0.051370    0.139575    0.329170 ^ clkbuf_2_2__f_clk_i/X (sky130_fd_sc_hd__clkbuf_16)
                                                         clknet_2_2__leaf_clk_i (net)
                      0.051376    0.000964    0.330134 ^ _164_/CLK (sky130_fd_sc_hd__dfrtp_2)
     5    0.020869    0.081277    0.439186    0.769320 v _164_/Q (sky130_fd_sc_hd__dfrtp_2)
                                                         rng_rd.cache[2] (net)
                      0.081279    0.000566    0.769886 v fanout10/A (sky130_fd_sc_hd__buf_2)
    10    0.035283    0.091676    0.198290    0.968176 v fanout10/X (sky130_fd_sc_hd__buf_2)
                                                         net10 (net)
                      0.091680    0.000664    0.968840 v _109_/A (sky130_fd_sc_hd__or2_1)
     1    0.003757    0.053032    0.244101    1.212941 v _109_/X (sky130_fd_sc_hd__or2_1)
                                                         _078_ (net)
                      0.053032    0.000132    1.213073 v _114_/A1 (sky130_fd_sc_hd__a221o_1)
     1    0.004735    0.061575    0.322991    1.536064 v _114_/X (sky130_fd_sc_hd__a221o_1)
                                                         _034_ (net)
                      0.061575    0.000187    1.536251 v _124_/C1 (sky130_fd_sc_hd__o2111a_1)
     1    0.002278    0.039103    0.127502    1.663753 v _124_/X (sky130_fd_sc_hd__o2111a_1)
                                                         _044_ (net)
                      0.039103    0.000052    1.663805 v _125_/C (sky130_fd_sc_hd__and4b_1)
     1    0.003232    0.042082    0.179887    1.843692 v _125_/X (sky130_fd_sc_hd__and4b_1)
                                                         _045_ (net)
                      0.042082    0.000109    1.843800 v fanout9/A (sky130_fd_sc_hd__buf_2)
     7    0.029654    0.079845    0.169879    2.013679 v fanout9/X (sky130_fd_sc_hd__buf_2)
                                                         net9 (net)
                      0.079854    0.000892    2.014570 v fanout7/A (sky130_fd_sc_hd__clkbuf_4)
    10    0.044885    0.098966    0.213597    2.228168 v fanout7/X (sky130_fd_sc_hd__clkbuf_4)
                                                         net7 (net)
                      0.099029    0.002270    2.230438 v _150_/S (sky130_fd_sc_hd__mux2_1)
     1    0.002447    0.053123    0.319774    2.550212 v _150_/X (sky130_fd_sc_hd__mux2_1)
                                                         _024_ (net)
                      0.053123    0.000053    2.550265 v _186_/D (sky130_fd_sc_hd__dfrtp_1)
                                              2.550265   data arrival time

                               3125.000000 3125.000000   clock clk_i (rise edge)
                                  0.000000 3125.000000   clock source latency
     1    0.012344    0.061759    0.041837 3125.041748 ^ clk_i (in)
                                                         clk_i (net)
                      0.061762    0.000000 3125.041748 ^ clkbuf_0_clk_i/A (sky130_fd_sc_hd__clkbuf_16)
     4    0.038686    0.058560    0.146656 3125.188477 ^ clkbuf_0_clk_i/X (sky130_fd_sc_hd__clkbuf_16)
                                                         clknet_0_clk_i (net)
                      0.058590    0.001137 3125.189697 ^ clkbuf_2_0__f_clk_i/A (sky130_fd_sc_hd__clkbuf_16)
    11    0.029227    0.050329    0.138698 3125.328369 ^ clkbuf_2_0__f_clk_i/X (sky130_fd_sc_hd__clkbuf_16)
                                                         clknet_2_0__leaf_clk_i (net)
                      0.050334    0.000909 3125.329346 ^ _186_/CLK (sky130_fd_sc_hd__dfrtp_1)
                                 -0.250000 3125.079102   clock uncertainty
                                  0.000000 3125.079102   clock reconvergence pessimism
                                 -0.116596 3124.962402   library setup time
                                           3124.962402   data required time
---------------------------------------------------------------------------------------------
                                           3124.962402   data required time
                                             -2.550265   data arrival time
---------------------------------------------------------------------------------------------
                                           3122.412354   slack (MET)


Startpoint: _164_ (rising edge-triggered flip-flop clocked by clk_i)
Endpoint: _187_ (rising edge-triggered flip-flop clocked by clk_i)
Path Group: clk_i
Path Type: max

Fanout         Cap        Slew       Delay        Time   Description
---------------------------------------------------------------------------------------------
                                  0.000000    0.000000   clock clk_i (rise edge)
                                  0.000000    0.000000   clock source latency
     1    0.012344    0.061759    0.041726    0.041726 ^ clk_i (in)
                                                         clk_i (net)
                      0.061762    0.000000    0.041726 ^ clkbuf_0_clk_i/A (sky130_fd_sc_hd__clkbuf_16)
     4    0.038686    0.058560    0.146771    0.188497 ^ clkbuf_0_clk_i/X (sky130_fd_sc_hd__clkbuf_16)
                                                         clknet_0_clk_i (net)
                      0.058587    0.001098    0.189595 ^ clkbuf_2_2__f_clk_i/A (sky130_fd_sc_hd__clkbuf_16)
    11    0.030423    0.051370    0.139575    0.329170 ^ clkbuf_2_2__f_clk_i/X (sky130_fd_sc_hd__clkbuf_16)
                                                         clknet_2_2__leaf_clk_i (net)
                      0.051376    0.000964    0.330134 ^ _164_/CLK (sky130_fd_sc_hd__dfrtp_2)
     5    0.020869    0.081277    0.439186    0.769320 v _164_/Q (sky130_fd_sc_hd__dfrtp_2)
                                                         rng_rd.cache[2] (net)
                      0.081279    0.000566    0.769886 v fanout10/A (sky130_fd_sc_hd__buf_2)
    10    0.035283    0.091676    0.198290    0.968176 v fanout10/X (sky130_fd_sc_hd__buf_2)
                                                         net10 (net)
                      0.091680    0.000664    0.968840 v _109_/A (sky130_fd_sc_hd__or2_1)
     1    0.003757    0.053032    0.244101    1.212941 v _109_/X (sky130_fd_sc_hd__or2_1)
                                                         _078_ (net)
                      0.053032    0.000132    1.213073 v _114_/A1 (sky130_fd_sc_hd__a221o_1)
     1    0.004735    0.061575    0.322991    1.536064 v _114_/X (sky130_fd_sc_hd__a221o_1)
                                                         _034_ (net)
                      0.061575    0.000187    1.536251 v _124_/C1 (sky130_fd_sc_hd__o2111a_1)
     1    0.002278    0.039103    0.127502    1.663753 v _124_/X (sky130_fd_sc_hd__o2111a_1)
                                                         _044_ (net)
                      0.039103    0.000052    1.663805 v _125_/C (sky130_fd_sc_hd__and4b_1)
     1    0.003232    0.042082    0.179887    1.843692 v _125_/X (sky130_fd_sc_hd__and4b_1)
                                                         _045_ (net)
                      0.042082    0.000109    1.843800 v fanout9/A (sky130_fd_sc_hd__buf_2)
     7    0.029654    0.079845    0.169879    2.013679 v fanout9/X (sky130_fd_sc_hd__buf_2)
                                                         net9 (net)
                      0.079854    0.000892    2.014570 v fanout7/A (sky130_fd_sc_hd__clkbuf_4)
    10    0.044885    0.098966    0.213597    2.228168 v fanout7/X (sky130_fd_sc_hd__clkbuf_4)
                                                         net7 (net)
                      0.099026    0.002216    2.230384 v _151_/S (sky130_fd_sc_hd__mux2_1)
     1    0.002704    0.054593    0.322186    2.552570 v _151_/X (sky130_fd_sc_hd__mux2_1)
                                                         _025_ (net)
                      0.054593    0.000062    2.552632 v _187_/D (sky130_fd_sc_hd__dfrtp_1)
                                              2.552632   data arrival time

                               3125.000000 3125.000000   clock clk_i (rise edge)
                                  0.000000 3125.000000   clock source latency
     1    0.012344    0.061759    0.041837 3125.041748 ^ clk_i (in)
                                                         clk_i (net)
                      0.061762    0.000000 3125.041748 ^ clkbuf_0_clk_i/A (sky130_fd_sc_hd__clkbuf_16)
     4    0.038686    0.058560    0.146656 3125.188477 ^ clkbuf_0_clk_i/X (sky130_fd_sc_hd__clkbuf_16)
                                                         clknet_0_clk_i (net)
                      0.058590    0.001137 3125.189697 ^ clkbuf_2_0__f_clk_i/A (sky130_fd_sc_hd__clkbuf_16)
    11    0.029227    0.050329    0.138698 3125.328369 ^ clkbuf_2_0__f_clk_i/X (sky130_fd_sc_hd__clkbuf_16)
                                                         clknet_2_0__leaf_clk_i (net)
                      0.050336    0.001137 3125.329590 ^ _187_/CLK (sky130_fd_sc_hd__dfrtp_1)
                                 -0.250000 3125.079346   clock uncertainty
                                  0.000000 3125.079346   clock reconvergence pessimism
                                 -0.117237 3124.962158   library setup time
                                           3124.962158   data required time
---------------------------------------------------------------------------------------------
                                           3124.962158   data required time
                                             -2.552632   data arrival time
---------------------------------------------------------------------------------------------
                                           3122.409424   slack (MET)


Startpoint: _164_ (rising edge-triggered flip-flop clocked by clk_i)
Endpoint: _173_ (rising edge-triggered flip-flop clocked by clk_i)
Path Group: clk_i
Path Type: max

Fanout         Cap        Slew       Delay        Time   Description
---------------------------------------------------------------------------------------------
                                  0.000000    0.000000   clock clk_i (rise edge)
                                  0.000000    0.000000   clock source latency
     1    0.012344    0.061759    0.041726    0.041726 ^ clk_i (in)
                                                         clk_i (net)
                      0.061762    0.000000    0.041726 ^ clkbuf_0_clk_i/A (sky130_fd_sc_hd__clkbuf_16)
     4    0.038686    0.058560    0.146771    0.188497 ^ clkbuf_0_clk_i/X (sky130_fd_sc_hd__clkbuf_16)
                                                         clknet_0_clk_i (net)
                      0.058587    0.001098    0.189595 ^ clkbuf_2_2__f_clk_i/A (sky130_fd_sc_hd__clkbuf_16)
    11    0.030423    0.051370    0.139575    0.329170 ^ clkbuf_2_2__f_clk_i/X (sky130_fd_sc_hd__clkbuf_16)
                                                         clknet_2_2__leaf_clk_i (net)
                      0.051376    0.000964    0.330134 ^ _164_/CLK (sky130_fd_sc_hd__dfrtp_2)
     5    0.020869    0.081277    0.439186    0.769320 v _164_/Q (sky130_fd_sc_hd__dfrtp_2)
                                                         rng_rd.cache[2] (net)
                      0.081279    0.000566    0.769886 v fanout10/A (sky130_fd_sc_hd__buf_2)
    10    0.035283    0.091676    0.198290    0.968176 v fanout10/X (sky130_fd_sc_hd__buf_2)
                                                         net10 (net)
                      0.091680    0.000664    0.968840 v _109_/A (sky130_fd_sc_hd__or2_1)
     1    0.003757    0.053032    0.244101    1.212941 v _109_/X (sky130_fd_sc_hd__or2_1)
                                                         _078_ (net)
                      0.053032    0.000132    1.213073 v _114_/A1 (sky130_fd_sc_hd__a221o_1)
     1    0.004735    0.061575    0.322991    1.536064 v _114_/X (sky130_fd_sc_hd__a221o_1)
                                                         _034_ (net)
                      0.061575    0.000187    1.536251 v _124_/C1 (sky130_fd_sc_hd__o2111a_1)
     1    0.002278    0.039103    0.127502    1.663753 v _124_/X (sky130_fd_sc_hd__o2111a_1)
                                                         _044_ (net)
                      0.039103    0.000052    1.663805 v _125_/C (sky130_fd_sc_hd__and4b_1)
     1    0.003232    0.042082    0.179887    1.843692 v _125_/X (sky130_fd_sc_hd__and4b_1)
                                                         _045_ (net)
                      0.042082    0.000109    1.843800 v fanout9/A (sky130_fd_sc_hd__buf_2)
     7    0.029654    0.079845    0.169879    2.013679 v fanout9/X (sky130_fd_sc_hd__buf_2)
                                                         net9 (net)
                      0.079858    0.001023    2.014702 v fanout8/A (sky130_fd_sc_hd__clkbuf_4)
    10    0.042925    0.095182    0.211141    2.225843 v fanout8/X (sky130_fd_sc_hd__clkbuf_4)
                                                         net8 (net)
                      0.095210    0.001534    2.227376 v _138_/S (sky130_fd_sc_hd__mux2_1)
     1    0.002418    0.052984    0.318123    2.545500 v _138_/X (sky130_fd_sc_hd__mux2_1)
                                                         _012_ (net)
                      0.052984    0.000050    2.545550 v _173_/D (sky130_fd_sc_hd__dfrtp_1)
                                              2.545550   data arrival time

                               3125.000000 3125.000000   clock clk_i (rise edge)
                                  0.000000 3125.000000   clock source latency
     1    0.012344    0.061759    0.041837 3125.041748 ^ clk_i (in)
                                                         clk_i (net)
                      0.061762    0.000000 3125.041748 ^ clkbuf_0_clk_i/A (sky130_fd_sc_hd__clkbuf_16)
     4    0.038686    0.058560    0.146656 3125.188477 ^ clkbuf_0_clk_i/X (sky130_fd_sc_hd__clkbuf_16)
                                                         clknet_0_clk_i (net)
                      0.058581    0.000909 3125.189453 ^ clkbuf_2_1__f_clk_i/A (sky130_fd_sc_hd__clkbuf_16)
     9    0.028125    0.049413    0.138016 3125.327393 ^ clkbuf_2_1__f_clk_i/X (sky130_fd_sc_hd__clkbuf_16)
                                                         clknet_2_1__leaf_clk_i (net)
                      0.049415    0.000682 3125.328125 ^ _173_/CLK (sky130_fd_sc_hd__dfrtp_1)
                                 -0.250000 3125.077881   clock uncertainty
                                  0.000000 3125.077881   clock reconvergence pessimism
                                 -0.116746 3124.961426   library setup time
                                           3124.961426   data required time
---------------------------------------------------------------------------------------------
                                           3124.961426   data required time
                                             -2.545550   data arrival time
---------------------------------------------------------------------------------------------
                                           3122.416016   slack (MET)


Startpoint: _164_ (rising edge-triggered flip-flop clocked by clk_i)
Endpoint: _168_ (rising edge-triggered flip-flop clocked by clk_i)
Path Group: clk_i
Path Type: max

Fanout         Cap        Slew       Delay        Time   Description
---------------------------------------------------------------------------------------------
                                  0.000000    0.000000   clock clk_i (rise edge)
                                  0.000000    0.000000   clock source latency
     1    0.012344    0.061759    0.041726    0.041726 ^ clk_i (in)
                                                         clk_i (net)
                      0.061762    0.000000    0.041726 ^ clkbuf_0_clk_i/A (sky130_fd_sc_hd__clkbuf_16)
     4    0.038686    0.058560    0.146771    0.188497 ^ clkbuf_0_clk_i/X (sky130_fd_sc_hd__clkbuf_16)
                                                         clknet_0_clk_i (net)
                      0.058587    0.001098    0.189595 ^ clkbuf_2_2__f_clk_i/A (sky130_fd_sc_hd__clkbuf_16)
    11    0.030423    0.051370    0.139575    0.329170 ^ clkbuf_2_2__f_clk_i/X (sky130_fd_sc_hd__clkbuf_16)
                                                         clknet_2_2__leaf_clk_i (net)
                      0.051376    0.000964    0.330134 ^ _164_/CLK (sky130_fd_sc_hd__dfrtp_2)
     5    0.020869    0.081277    0.439186    0.769320 v _164_/Q (sky130_fd_sc_hd__dfrtp_2)
                                                         rng_rd.cache[2] (net)
                      0.081279    0.000566    0.769886 v fanout10/A (sky130_fd_sc_hd__buf_2)
    10    0.035283    0.091676    0.198290    0.968176 v fanout10/X (sky130_fd_sc_hd__buf_2)
                                                         net10 (net)
                      0.091680    0.000664    0.968840 v _109_/A (sky130_fd_sc_hd__or2_1)
     1    0.003757    0.053032    0.244101    1.212941 v _109_/X (sky130_fd_sc_hd__or2_1)
                                                         _078_ (net)
                      0.053032    0.000132    1.213073 v _114_/A1 (sky130_fd_sc_hd__a221o_1)
     1    0.004735    0.061575    0.322991    1.536064 v _114_/X (sky130_fd_sc_hd__a221o_1)
                                                         _034_ (net)
                      0.061575    0.000187    1.536251 v _124_/C1 (sky130_fd_sc_hd__o2111a_1)
     1    0.002278    0.039103    0.127502    1.663753 v _124_/X (sky130_fd_sc_hd__o2111a_1)
                                                         _044_ (net)
                      0.039103    0.000052    1.663805 v _125_/C (sky130_fd_sc_hd__and4b_1)
     1    0.003232    0.042082    0.179887    1.843692 v _125_/X (sky130_fd_sc_hd__and4b_1)
                                                         _045_ (net)
                      0.042082    0.000109    1.843800 v fanout9/A (sky130_fd_sc_hd__buf_2)
     7    0.029654    0.079845    0.169879    2.013679 v fanout9/X (sky130_fd_sc_hd__buf_2)
                                                         net9 (net)
                      0.079861    0.001113    2.014792 v _134_/S (sky130_fd_sc_hd__mux2_1)
     1    0.003827    0.060919    0.324926    2.339717 v _134_/X (sky130_fd_sc_hd__mux2_1)
                                                         _008_ (net)
                      0.060919    0.000110    2.339827 v _168_/D (sky130_fd_sc_hd__dfrtp_1)
                                              2.339827   data arrival time

                               3125.000000 3125.000000   clock clk_i (rise edge)
                                  0.000000 3125.000000   clock source latency
     1    0.012344    0.061759    0.041837 3125.041748 ^ clk_i (in)
                                                         clk_i (net)
                      0.061762    0.000000 3125.041748 ^ clkbuf_0_clk_i/A (sky130_fd_sc_hd__clkbuf_16)
     4    0.038686    0.058560    0.146656 3125.188477 ^ clkbuf_0_clk_i/X (sky130_fd_sc_hd__clkbuf_16)
                                                         clknet_0_clk_i (net)
                      0.058587    0.001137 3125.189697 ^ clkbuf_2_2__f_clk_i/A (sky130_fd_sc_hd__clkbuf_16)
    11    0.030423    0.051370    0.139607 3125.329346 ^ clkbuf_2_2__f_clk_i/X (sky130_fd_sc_hd__clkbuf_16)
                                                         clknet_2_2__leaf_clk_i (net)
                      0.051372    0.000455 3125.329590 ^ _168_/CLK (sky130_fd_sc_hd__dfrtp_1)
                                 -0.250000 3125.079590   clock uncertainty
                                  0.000000 3125.079590   clock reconvergence pessimism
                                 -0.119759 3124.959717   library setup time
                                           3124.959717   data required time
---------------------------------------------------------------------------------------------
                                           3124.959717   data required time
                                             -2.339827   data arrival time
---------------------------------------------------------------------------------------------
                                           3122.619873   slack (MET)


Startpoint: _164_ (rising edge-triggered flip-flop clocked by clk_i)
Endpoint: _185_ (rising edge-triggered flip-flop clocked by clk_i)
Path Group: clk_i
Path Type: max

Fanout         Cap        Slew       Delay        Time   Description
---------------------------------------------------------------------------------------------
                                  0.000000    0.000000   clock clk_i (rise edge)
                                  0.000000    0.000000   clock source latency
     1    0.012344    0.061759    0.041726    0.041726 ^ clk_i (in)
                                                         clk_i (net)
                      0.061762    0.000000    0.041726 ^ clkbuf_0_clk_i/A (sky130_fd_sc_hd__clkbuf_16)
     4    0.038686    0.058560    0.146771    0.188497 ^ clkbuf_0_clk_i/X (sky130_fd_sc_hd__clkbuf_16)
                                                         clknet_0_clk_i (net)
                      0.058587    0.001098    0.189595 ^ clkbuf_2_2__f_clk_i/A (sky130_fd_sc_hd__clkbuf_16)
    11    0.030423    0.051370    0.139575    0.329170 ^ clkbuf_2_2__f_clk_i/X (sky130_fd_sc_hd__clkbuf_16)
                                                         clknet_2_2__leaf_clk_i (net)
                      0.051376    0.000964    0.330134 ^ _164_/CLK (sky130_fd_sc_hd__dfrtp_2)
     5    0.020869    0.081277    0.439186    0.769320 v _164_/Q (sky130_fd_sc_hd__dfrtp_2)
                                                         rng_rd.cache[2] (net)
                      0.081279    0.000566    0.769886 v fanout10/A (sky130_fd_sc_hd__buf_2)
    10    0.035283    0.091676    0.198290    0.968176 v fanout10/X (sky130_fd_sc_hd__buf_2)
                                                         net10 (net)
                      0.091680    0.000664    0.968840 v _109_/A (sky130_fd_sc_hd__or2_1)
     1    0.003757    0.053032    0.244101    1.212941 v _109_/X (sky130_fd_sc_hd__or2_1)
                                                         _078_ (net)
                      0.053032    0.000132    1.213073 v _114_/A1 (sky130_fd_sc_hd__a221o_1)
     1    0.004735    0.061575    0.322991    1.536064 v _114_/X (sky130_fd_sc_hd__a221o_1)
                                                         _034_ (net)
                      0.061575    0.000187    1.536251 v _124_/C1 (sky130_fd_sc_hd__o2111a_1)
     1    0.002278    0.039103    0.127502    1.663753 v _124_/X (sky130_fd_sc_hd__o2111a_1)
                                                         _044_ (net)
                      0.039103    0.000052    1.663805 v _125_/C (sky130_fd_sc_hd__and4b_1)
     1    0.003232    0.042082    0.179887    1.843692 v _125_/X (sky130_fd_sc_hd__and4b_1)
                                                         _045_ (net)
                      0.042082    0.000109    1.843800 v fanout9/A (sky130_fd_sc_hd__buf_2)
     7    0.029654    0.079845    0.169879    2.013679 v fanout9/X (sky130_fd_sc_hd__buf_2)
                                                         net9 (net)
                      0.079869    0.001311    2.014990 v _149_/S (sky130_fd_sc_hd__mux2_1)
     1    0.003139    0.057286    0.319344    2.334334 v _149_/X (sky130_fd_sc_hd__mux2_1)
                                                         _023_ (net)
                      0.057286    0.000103    2.334437 v _185_/D (sky130_fd_sc_hd__dfrtp_1)
                                              2.334437   data arrival time

                               3125.000000 3125.000000   clock clk_i (rise edge)
                                  0.000000 3125.000000   clock source latency
     1    0.012344    0.061759    0.041837 3125.041748 ^ clk_i (in)
                                                         clk_i (net)
                      0.061762    0.000000 3125.041748 ^ clkbuf_0_clk_i/A (sky130_fd_sc_hd__clkbuf_16)
     4    0.038686    0.058560    0.146656 3125.188477 ^ clkbuf_0_clk_i/X (sky130_fd_sc_hd__clkbuf_16)
                                                         clknet_0_clk_i (net)
                      0.058590    0.001137 3125.189697 ^ clkbuf_2_0__f_clk_i/A (sky130_fd_sc_hd__clkbuf_16)
    11    0.029227    0.050329    0.138698 3125.328369 ^ clkbuf_2_0__f_clk_i/X (sky130_fd_sc_hd__clkbuf_16)
                                                         clknet_2_0__leaf_clk_i (net)
                      0.050334    0.000909 3125.329346 ^ _185_/CLK (sky130_fd_sc_hd__dfrtp_1)
                                 -0.250000 3125.079102   clock uncertainty
                                  0.000000 3125.079102   clock reconvergence pessimism
                                 -0.118412 3124.960693   library setup time
                                           3124.960693   data required time
---------------------------------------------------------------------------------------------
                                           3124.960693   data required time
                                             -2.334437   data arrival time
---------------------------------------------------------------------------------------------
                                           3122.626221   slack (MET)


Startpoint: _164_ (rising edge-triggered flip-flop clocked by clk_i)
Endpoint: _193_ (rising edge-triggered flip-flop clocked by clk_i)
Path Group: clk_i
Path Type: max

Fanout         Cap        Slew       Delay        Time   Description
---------------------------------------------------------------------------------------------
                                  0.000000    0.000000   clock clk_i (rise edge)
                                  0.000000    0.000000   clock source latency
     1    0.012344    0.061759    0.041726    0.041726 ^ clk_i (in)
                                                         clk_i (net)
                      0.061762    0.000000    0.041726 ^ clkbuf_0_clk_i/A (sky130_fd_sc_hd__clkbuf_16)
     4    0.038686    0.058560    0.146771    0.188497 ^ clkbuf_0_clk_i/X (sky130_fd_sc_hd__clkbuf_16)
                                                         clknet_0_clk_i (net)
                      0.058587    0.001098    0.189595 ^ clkbuf_2_2__f_clk_i/A (sky130_fd_sc_hd__clkbuf_16)
    11    0.030423    0.051370    0.139575    0.329170 ^ clkbuf_2_2__f_clk_i/X (sky130_fd_sc_hd__clkbuf_16)
                                                         clknet_2_2__leaf_clk_i (net)
                      0.051376    0.000964    0.330134 ^ _164_/CLK (sky130_fd_sc_hd__dfrtp_2)
     5    0.020869    0.081277    0.439186    0.769320 v _164_/Q (sky130_fd_sc_hd__dfrtp_2)
                                                         rng_rd.cache[2] (net)
                      0.081279    0.000566    0.769886 v fanout10/A (sky130_fd_sc_hd__buf_2)
    10    0.035283    0.091676    0.198290    0.968176 v fanout10/X (sky130_fd_sc_hd__buf_2)
                                                         net10 (net)
                      0.091680    0.000664    0.968840 v _109_/A (sky130_fd_sc_hd__or2_1)
     1    0.003757    0.053032    0.244101    1.212941 v _109_/X (sky130_fd_sc_hd__or2_1)
                                                         _078_ (net)
                      0.053032    0.000132    1.213073 v _114_/A1 (sky130_fd_sc_hd__a221o_1)
     1    0.004735    0.061575    0.322991    1.536064 v _114_/X (sky130_fd_sc_hd__a221o_1)
                                                         _034_ (net)
                      0.061575    0.000187    1.536251 v _124_/C1 (sky130_fd_sc_hd__o2111a_1)
     1    0.002278    0.039103    0.127502    1.663753 v _124_/X (sky130_fd_sc_hd__o2111a_1)
                                                         _044_ (net)
                      0.039103    0.000052    1.663805 v _125_/C (sky130_fd_sc_hd__and4b_1)
     1    0.003232    0.042082    0.179887    1.843692 v _125_/X (sky130_fd_sc_hd__and4b_1)
                                                         _045_ (net)
                      0.042082    0.000109    1.843800 v fanout9/A (sky130_fd_sc_hd__buf_2)
     7    0.029654    0.079845    0.169879    2.013679 v fanout9/X (sky130_fd_sc_hd__buf_2)
                                                         net9 (net)
                      0.079864    0.001201    2.014880 v _159_/S (sky130_fd_sc_hd__mux2_1)
     1    0.003072    0.056762    0.318722    2.333602 v _159_/X (sky130_fd_sc_hd__mux2_1)
                                                         _029_ (net)
                      0.056762    0.000076    2.333678 v _193_/D (sky130_fd_sc_hd__dfrtp_1)
                                              2.333678   data arrival time

                               3125.000000 3125.000000   clock clk_i (rise edge)
                                  0.000000 3125.000000   clock source latency
     1    0.012344    0.061759    0.041837 3125.041748 ^ clk_i (in)
                                                         clk_i (net)
                      0.061762    0.000000 3125.041748 ^ clkbuf_0_clk_i/A (sky130_fd_sc_hd__clkbuf_16)
     4    0.038686    0.058560    0.146656 3125.188477 ^ clkbuf_0_clk_i/X (sky130_fd_sc_hd__clkbuf_16)
                                                         clknet_0_clk_i (net)
                      0.058587    0.001137 3125.189697 ^ clkbuf_2_2__f_clk_i/A (sky130_fd_sc_hd__clkbuf_16)
    11    0.030423    0.051370    0.139607 3125.329346 ^ clkbuf_2_2__f_clk_i/X (sky130_fd_sc_hd__clkbuf_16)
                                                         clknet_2_2__leaf_clk_i (net)
                      0.051372    0.000455 3125.329590 ^ _193_/CLK (sky130_fd_sc_hd__dfrtp_1)
                                 -0.250000 3125.079590   clock uncertainty
                                  0.000000 3125.079590   clock reconvergence pessimism
                                 -0.117946 3124.961670   library setup time
                                           3124.961670   data required time
---------------------------------------------------------------------------------------------
                                           3124.961670   data required time
                                             -2.333678   data arrival time
---------------------------------------------------------------------------------------------
                                           3122.627930   slack (MET)


Startpoint: _164_ (rising edge-triggered flip-flop clocked by clk_i)
Endpoint: _192_ (rising edge-triggered flip-flop clocked by clk_i)
Path Group: clk_i
Path Type: max

Fanout         Cap        Slew       Delay        Time   Description
---------------------------------------------------------------------------------------------
                                  0.000000    0.000000   clock clk_i (rise edge)
                                  0.000000    0.000000   clock source latency
     1    0.012344    0.061759    0.041726    0.041726 ^ clk_i (in)
                                                         clk_i (net)
                      0.061762    0.000000    0.041726 ^ clkbuf_0_clk_i/A (sky130_fd_sc_hd__clkbuf_16)
     4    0.038686    0.058560    0.146771    0.188497 ^ clkbuf_0_clk_i/X (sky130_fd_sc_hd__clkbuf_16)
                                                         clknet_0_clk_i (net)
                      0.058587    0.001098    0.189595 ^ clkbuf_2_2__f_clk_i/A (sky130_fd_sc_hd__clkbuf_16)
    11    0.030423    0.051370    0.139575    0.329170 ^ clkbuf_2_2__f_clk_i/X (sky130_fd_sc_hd__clkbuf_16)
                                                         clknet_2_2__leaf_clk_i (net)
                      0.051376    0.000964    0.330134 ^ _164_/CLK (sky130_fd_sc_hd__dfrtp_2)
     5    0.020869    0.081277    0.439186    0.769320 v _164_/Q (sky130_fd_sc_hd__dfrtp_2)
                                                         rng_rd.cache[2] (net)
                      0.081279    0.000566    0.769886 v fanout10/A (sky130_fd_sc_hd__buf_2)
    10    0.035283    0.091676    0.198290    0.968176 v fanout10/X (sky130_fd_sc_hd__buf_2)
                                                         net10 (net)
                      0.091680    0.000664    0.968840 v _109_/A (sky130_fd_sc_hd__or2_1)
     1    0.003757    0.053032    0.244101    1.212941 v _109_/X (sky130_fd_sc_hd__or2_1)
                                                         _078_ (net)
                      0.053032    0.000132    1.213073 v _114_/A1 (sky130_fd_sc_hd__a221o_1)
     1    0.004735    0.061575    0.322991    1.536064 v _114_/X (sky130_fd_sc_hd__a221o_1)
                                                         _034_ (net)
                      0.061575    0.000187    1.536251 v _124_/C1 (sky130_fd_sc_hd__o2111a_1)
     1    0.002278    0.039103    0.127502    1.663753 v _124_/X (sky130_fd_sc_hd__o2111a_1)
                                                         _044_ (net)
                      0.039103    0.000052    1.663805 v _125_/C (sky130_fd_sc_hd__and4b_1)
     1    0.003232    0.042082    0.179887    1.843692 v _125_/X (sky130_fd_sc_hd__and4b_1)
                                                         _045_ (net)
                      0.042082    0.000109    1.843800 v fanout9/A (sky130_fd_sc_hd__buf_2)
     7    0.029654    0.079845    0.169879    2.013679 v fanout9/X (sky130_fd_sc_hd__buf_2)
                                                         net9 (net)
                      0.079854    0.000892    2.014570 v fanout7/A (sky130_fd_sc_hd__clkbuf_4)
    10    0.044885    0.098966    0.213597    2.228168 v fanout7/X (sky130_fd_sc_hd__clkbuf_4)
                                                         net7 (net)
                      0.099002    0.001769    2.229937 v _126_/A (sky130_fd_sc_hd__inv_2)
     1    0.003199    0.034519    0.060269    2.290206 ^ _126_/Y (sky130_fd_sc_hd__inv_2)
                                                         _000_ (net)
                      0.034519    0.000106    2.290312 ^ _192_/D (sky130_fd_sc_hd__dfrtp_1)
                                              2.290312   data arrival time

                               3125.000000 3125.000000   clock clk_i (rise edge)
                                  0.000000 3125.000000   clock source latency
     1    0.012344    0.061759    0.041837 3125.041748 ^ clk_i (in)
                                                         clk_i (net)
                      0.061762    0.000000 3125.041748 ^ clkbuf_0_clk_i/A (sky130_fd_sc_hd__clkbuf_16)
     4    0.038686    0.058560    0.146656 3125.188477 ^ clkbuf_0_clk_i/X (sky130_fd_sc_hd__clkbuf_16)
                                                         clknet_0_clk_i (net)
                      0.058587    0.001137 3125.189697 ^ clkbuf_2_2__f_clk_i/A (sky130_fd_sc_hd__clkbuf_16)
    11    0.030423    0.051370    0.139607 3125.329346 ^ clkbuf_2_2__f_clk_i/X (sky130_fd_sc_hd__clkbuf_16)
                                                         clknet_2_2__leaf_clk_i (net)
                      0.051375    0.000909 3125.330078 ^ _192_/CLK (sky130_fd_sc_hd__dfrtp_1)
                                 -0.250000 3125.080078   clock uncertainty
                                  0.000000 3125.080078   clock reconvergence pessimism
                                 -0.056453 3125.023682   library setup time
                                           3125.023682   data required time
---------------------------------------------------------------------------------------------
                                           3125.023682   data required time
                                             -2.290312   data arrival time
---------------------------------------------------------------------------------------------
                                           3122.733398   slack (MET)


Startpoint: _181_ (rising edge-triggered flip-flop clocked by clk_i)
Endpoint: _196_ (rising edge-triggered flip-flop clocked by clk_i)
Path Group: clk_i
Path Type: max

Fanout         Cap        Slew       Delay        Time   Description
---------------------------------------------------------------------------------------------
                                  0.000000    0.000000   clock clk_i (rise edge)
                                  0.000000    0.000000   clock source latency
     1    0.012344    0.061759    0.041726    0.041726 ^ clk_i (in)
                                                         clk_i (net)
                      0.061762    0.000000    0.041726 ^ clkbuf_0_clk_i/A (sky130_fd_sc_hd__clkbuf_16)
     4    0.038686    0.058560    0.146771    0.188497 ^ clkbuf_0_clk_i/X (sky130_fd_sc_hd__clkbuf_16)
                                                         clknet_0_clk_i (net)
                      0.058587    0.001098    0.189595 ^ clkbuf_2_2__f_clk_i/A (sky130_fd_sc_hd__clkbuf_16)
    11    0.030423    0.051370    0.139575    0.329170 ^ clkbuf_2_2__f_clk_i/X (sky130_fd_sc_hd__clkbuf_16)
                                                         clknet_2_2__leaf_clk_i (net)
                      0.051376    0.000974    0.330144 ^ _181_/CLK (sky130_fd_sc_hd__dfrtp_1)
     1    0.002641    0.038379    0.353499    0.683643 v _181_/Q (sky130_fd_sc_hd__dfrtp_1)
                                                         rng_rd.wr_ff2 (net)
                      0.038379    0.000063    0.683706 v hold2/A (sky130_fd_sc_hd__dlygate4sd3_1)
     2    0.004849    0.063135    0.560476    1.244182 v hold2/X (sky130_fd_sc_hd__dlygate4sd3_1)
                                                         net18 (net)
                      0.063135    0.000074    1.244256 v _127_/B (sky130_fd_sc_hd__and2b_1)
     1    0.003162    0.035266    0.160500    1.404756 v _127_/X (sky130_fd_sc_hd__and2b_1)
                                                         _001_ (net)
                      0.035266    0.000105    1.404861 v _196_/D (sky130_fd_sc_hd__dfrtp_1)
                                              1.404861   data arrival time

                               3125.000000 3125.000000   clock clk_i (rise edge)
                                  0.000000 3125.000000   clock source latency
     1    0.012344    0.061759    0.041837 3125.041748 ^ clk_i (in)
                                                         clk_i (net)
                      0.061762    0.000000 3125.041748 ^ clkbuf_0_clk_i/A (sky130_fd_sc_hd__clkbuf_16)
     4    0.038686    0.058560    0.146656 3125.188477 ^ clkbuf_0_clk_i/X (sky130_fd_sc_hd__clkbuf_16)
                                                         clknet_0_clk_i (net)
                      0.058582    0.001137 3125.189697 ^ clkbuf_2_3__f_clk_i/A (sky130_fd_sc_hd__clkbuf_16)
     7    0.026869    0.047994    0.136652 3125.326172 ^ clkbuf_2_3__f_clk_i/X (sky130_fd_sc_hd__clkbuf_16)
                                                         clknet_2_3__leaf_clk_i (net)
                      0.048002    0.000455 3125.326660 ^ _196_/CLK (sky130_fd_sc_hd__dfrtp_1)
                                 -0.250000 3125.076660   clock uncertainty
                                  0.000000 3125.076660   clock reconvergence pessimism
                                 -0.109340 3124.967285   library setup time
                                           3124.967285   data required time
---------------------------------------------------------------------------------------------
                                           3124.967285   data required time
                                             -1.404861   data arrival time
---------------------------------------------------------------------------------------------
                                           3123.562256   slack (MET)


Startpoint: _181_ (rising edge-triggered flip-flop clocked by clk_i)
Endpoint: _188_ (rising edge-triggered flip-flop clocked by clk_i)
Path Group: clk_i
Path Type: max

Fanout         Cap        Slew       Delay        Time   Description
---------------------------------------------------------------------------------------------
                                  0.000000    0.000000   clock clk_i (rise edge)
                                  0.000000    0.000000   clock source latency
     1    0.012344    0.061759    0.041726    0.041726 ^ clk_i (in)
                                                         clk_i (net)
                      0.061762    0.000000    0.041726 ^ clkbuf_0_clk_i/A (sky130_fd_sc_hd__clkbuf_16)
     4    0.038686    0.058560    0.146771    0.188497 ^ clkbuf_0_clk_i/X (sky130_fd_sc_hd__clkbuf_16)
                                                         clknet_0_clk_i (net)
                      0.058587    0.001098    0.189595 ^ clkbuf_2_2__f_clk_i/A (sky130_fd_sc_hd__clkbuf_16)
    11    0.030423    0.051370    0.139575    0.329170 ^ clkbuf_2_2__f_clk_i/X (sky130_fd_sc_hd__clkbuf_16)
                                                         clknet_2_2__leaf_clk_i (net)
                      0.051376    0.000974    0.330144 ^ _181_/CLK (sky130_fd_sc_hd__dfrtp_1)
     1    0.002641    0.038379    0.353499    0.683643 v _181_/Q (sky130_fd_sc_hd__dfrtp_1)
                                                         rng_rd.wr_ff2 (net)
                      0.038379    0.000063    0.683706 v hold2/A (sky130_fd_sc_hd__dlygate4sd3_1)
     2    0.004849    0.063135    0.560476    1.244182 v hold2/X (sky130_fd_sc_hd__dlygate4sd3_1)
                                                         net18 (net)
                      0.063135    0.000112    1.244294 v _188_/D (sky130_fd_sc_hd__dfrtp_1)
                                              1.244294   data arrival time

                               3125.000000 3125.000000   clock clk_i (rise edge)
                                  0.000000 3125.000000   clock source latency
     1    0.012344    0.061759    0.041837 3125.041748 ^ clk_i (in)
                                                         clk_i (net)
                      0.061762    0.000000 3125.041748 ^ clkbuf_0_clk_i/A (sky130_fd_sc_hd__clkbuf_16)
     4    0.038686    0.058560    0.146656 3125.188477 ^ clkbuf_0_clk_i/X (sky130_fd_sc_hd__clkbuf_16)
                                                         clknet_0_clk_i (net)
                      0.058582    0.001137 3125.189697 ^ clkbuf_2_3__f_clk_i/A (sky130_fd_sc_hd__clkbuf_16)
     7    0.026869    0.047994    0.136652 3125.326172 ^ clkbuf_2_3__f_clk_i/X (sky130_fd_sc_hd__clkbuf_16)
                                                         clknet_2_3__leaf_clk_i (net)
                      0.047998    0.000455 3125.326660 ^ _188_/CLK (sky130_fd_sc_hd__dfrtp_1)
                                 -0.250000 3125.076660   clock uncertainty
                                  0.000000 3125.076660   clock reconvergence pessimism
                                 -0.121499 3124.955322   library setup time
                                           3124.955322   data required time
---------------------------------------------------------------------------------------------
                                           3124.955322   data required time
                                             -1.244294   data arrival time
---------------------------------------------------------------------------------------------
                                           3123.710938   slack (MET)


Startpoint: _171_ (rising edge-triggered flip-flop clocked by clk_i)
Endpoint: _181_ (rising edge-triggered flip-flop clocked by clk_i)
Path Group: clk_i
Path Type: max

Fanout         Cap        Slew       Delay        Time   Description
---------------------------------------------------------------------------------------------
                                  0.000000    0.000000   clock clk_i (rise edge)
                                  0.000000    0.000000   clock source latency
     1    0.012344    0.061759    0.041726    0.041726 ^ clk_i (in)
                                                         clk_i (net)
                      0.061762    0.000000    0.041726 ^ clkbuf_0_clk_i/A (sky130_fd_sc_hd__clkbuf_16)
     4    0.038686    0.058560    0.146771    0.188497 ^ clkbuf_0_clk_i/X (sky130_fd_sc_hd__clkbuf_16)
                                                         clknet_0_clk_i (net)
                      0.058587    0.001098    0.189595 ^ clkbuf_2_2__f_clk_i/A (sky130_fd_sc_hd__clkbuf_16)
    11    0.030423    0.051370    0.139575    0.329170 ^ clkbuf_2_2__f_clk_i/X (sky130_fd_sc_hd__clkbuf_16)
                                                         clknet_2_2__leaf_clk_i (net)
                      0.051372    0.000617    0.329787 ^ _171_/CLK (sky130_fd_sc_hd__dfrtp_1)
     1    0.003407    0.042018    0.359211    0.688998 v _171_/Q (sky130_fd_sc_hd__dfrtp_1)
                                                         rng_rd.wr_ff1 (net)
                      0.042454    0.000119    0.689117 v hold1/A (sky130_fd_sc_hd__dlygate4sd3_1)
     1    0.003210    0.055700    0.550898    1.240015 v hold1/X (sky130_fd_sc_hd__dlygate4sd3_1)
                                                         net17 (net)
                      0.055700    0.000105    1.240119 v _181_/D (sky130_fd_sc_hd__dfrtp_1)
                                              1.240119   data arrival time

                               3125.000000 3125.000000   clock clk_i (rise edge)
                                  0.000000 3125.000000   clock source latency
     1    0.012344    0.061759    0.041837 3125.041748 ^ clk_i (in)
                                                         clk_i (net)
                      0.061762    0.000000 3125.041748 ^ clkbuf_0_clk_i/A (sky130_fd_sc_hd__clkbuf_16)
     4    0.038686    0.058560    0.146656 3125.188477 ^ clkbuf_0_clk_i/X (sky130_fd_sc_hd__clkbuf_16)
                                                         clknet_0_clk_i (net)
                      0.058587    0.001137 3125.189697 ^ clkbuf_2_2__f_clk_i/A (sky130_fd_sc_hd__clkbuf_16)
    11    0.030423    0.051370    0.139607 3125.329346 ^ clkbuf_2_2__f_clk_i/X (sky130_fd_sc_hd__clkbuf_16)
                                                         clknet_2_2__leaf_clk_i (net)
                      0.051376    0.000909 3125.330078 ^ _181_/CLK (sky130_fd_sc_hd__dfrtp_1)
                                 -0.250000 3125.080078   clock uncertainty
                                  0.000000 3125.080078   clock reconvergence pessimism
                                 -0.117482 3124.962402   library setup time
                                           3124.962402   data required time
---------------------------------------------------------------------------------------------
                                           3124.962402   data required time
                                             -1.240119   data arrival time
---------------------------------------------------------------------------------------------
                                           3123.722412   slack (MET)



