
===========================================================================
report_checks -path_delay max (Setup)
============================================================================
======================= max_ff_n40C_1v95 Corner ===================================

Startpoint: _187_ (rising edge-triggered flip-flop clocked by clk_i)
Endpoint: num_to_send_o[2] (output port clocked by clk_i)
Path Group: clk_i
Path Type: max

Fanout         Cap        Slew       Delay        Time   Description
---------------------------------------------------------------------------------------------
                                  0.000000    0.000000   clock clk_i (rise edge)
                                  0.000000    0.000000   clock source latency
     1    0.015039    0.055290    0.037603    0.037603 ^ clk_i (in)
                                                         clk_i (net)
                      0.055306    0.000000    0.037603 ^ clkbuf_0_clk_i/A (sky130_fd_sc_hd__clkbuf_16)
     4    0.042702    0.047016    0.104601    0.142204 ^ clkbuf_0_clk_i/X (sky130_fd_sc_hd__clkbuf_16)
                                                         clknet_0_clk_i (net)
                      0.047286    0.002515    0.144720 ^ clkbuf_2_0__f_clk_i/A (sky130_fd_sc_hd__clkbuf_16)
    11    0.033757    0.040421    0.097039    0.241759 ^ clkbuf_2_0__f_clk_i/X (sky130_fd_sc_hd__clkbuf_16)
                                                         clknet_2_0__leaf_clk_i (net)
                      0.041061    0.003818    0.245577 ^ _187_/CLK (sky130_fd_sc_hd__dfrtp_1)
     5    0.015716    0.110070    0.260694    0.506271 ^ _187_/Q (sky130_fd_sc_hd__dfrtp_1)
                                                         net6 (net)
                      0.110083    0.001246    0.507518 ^ output6/A (sky130_fd_sc_hd__buf_2)
     1    0.034004    0.127264    0.155705    0.663223 ^ output6/X (sky130_fd_sc_hd__buf_2)
                                                         num_to_send_o[2] (net)
                      0.127334    0.001590    0.664813 ^ num_to_send_o[2] (out)
                                              0.664813   data arrival time

                               3125.000000 3125.000000   clock clk_i (rise edge)
                                  0.000000 3125.000000   clock network delay (propagated)
                                 -0.250000 3124.750000   clock uncertainty
                                  0.000000 3124.750000   clock reconvergence pessimism
                               -625.000000 2499.750000   output external delay
                                           2499.750000   data required time
---------------------------------------------------------------------------------------------
                                           2499.750000   data required time
                                             -0.664813   data arrival time
---------------------------------------------------------------------------------------------
                                           2499.084961   slack (MET)


Startpoint: _186_ (rising edge-triggered flip-flop clocked by clk_i)
Endpoint: num_to_send_o[1] (output port clocked by clk_i)
Path Group: clk_i
Path Type: max

Fanout         Cap        Slew       Delay        Time   Description
---------------------------------------------------------------------------------------------
                                  0.000000    0.000000   clock clk_i (rise edge)
                                  0.000000    0.000000   clock source latency
     1    0.015039    0.055290    0.037603    0.037603 ^ clk_i (in)
                                                         clk_i (net)
                      0.055306    0.000000    0.037603 ^ clkbuf_0_clk_i/A (sky130_fd_sc_hd__clkbuf_16)
     4    0.042702    0.047016    0.104601    0.142204 ^ clkbuf_0_clk_i/X (sky130_fd_sc_hd__clkbuf_16)
                                                         clknet_0_clk_i (net)
                      0.047286    0.002515    0.144720 ^ clkbuf_2_0__f_clk_i/A (sky130_fd_sc_hd__clkbuf_16)
    11    0.033757    0.040421    0.097039    0.241759 ^ clkbuf_2_0__f_clk_i/X (sky130_fd_sc_hd__clkbuf_16)
                                                         clknet_2_0__leaf_clk_i (net)
                      0.041034    0.003713    0.245471 ^ _186_/CLK (sky130_fd_sc_hd__dfrtp_1)
     5    0.014708    0.103618    0.256404    0.501875 ^ _186_/Q (sky130_fd_sc_hd__dfrtp_1)
                                                         net5 (net)
                      0.103622    0.000752    0.502627 ^ output5/A (sky130_fd_sc_hd__buf_2)
     1    0.034230    0.127727    0.154758    0.657385 ^ output5/X (sky130_fd_sc_hd__buf_2)
                                                         num_to_send_o[1] (net)
                      0.127760    0.001704    0.659089 ^ num_to_send_o[1] (out)
                                              0.659089   data arrival time

                               3125.000000 3125.000000   clock clk_i (rise edge)
                                  0.000000 3125.000000   clock network delay (propagated)
                                 -0.250000 3124.750000   clock uncertainty
                                  0.000000 3124.750000   clock reconvergence pessimism
                               -625.000000 2499.750000   output external delay
                                           2499.750000   data required time
---------------------------------------------------------------------------------------------
                                           2499.750000   data required time
                                             -0.659089   data arrival time
---------------------------------------------------------------------------------------------
                                           2499.090820   slack (MET)


Startpoint: _185_ (rising edge-triggered flip-flop clocked by clk_i)
Endpoint: num_to_send_o[0] (output port clocked by clk_i)
Path Group: clk_i
Path Type: max

Fanout         Cap        Slew       Delay        Time   Description
---------------------------------------------------------------------------------------------
                                  0.000000    0.000000   clock clk_i (rise edge)
                                  0.000000    0.000000   clock source latency
     1    0.015039    0.055290    0.037603    0.037603 ^ clk_i (in)
                                                         clk_i (net)
                      0.055306    0.000000    0.037603 ^ clkbuf_0_clk_i/A (sky130_fd_sc_hd__clkbuf_16)
     4    0.042702    0.047016    0.104601    0.142204 ^ clkbuf_0_clk_i/X (sky130_fd_sc_hd__clkbuf_16)
                                                         clknet_0_clk_i (net)
                      0.047286    0.002515    0.144720 ^ clkbuf_2_0__f_clk_i/A (sky130_fd_sc_hd__clkbuf_16)
    11    0.033757    0.040421    0.097039    0.241759 ^ clkbuf_2_0__f_clk_i/X (sky130_fd_sc_hd__clkbuf_16)
                                                         clknet_2_0__leaf_clk_i (net)
                      0.041006    0.003597    0.245355 ^ _185_/CLK (sky130_fd_sc_hd__dfrtp_1)
     4    0.014134    0.099978    0.253785    0.499141 ^ _185_/Q (sky130_fd_sc_hd__dfrtp_1)
                                                         net4 (net)
                      0.099980    0.000598    0.499739 ^ output4/A (sky130_fd_sc_hd__buf_2)
     1    0.034679    0.129308    0.154982    0.654720 ^ output4/X (sky130_fd_sc_hd__buf_2)
                                                         num_to_send_o[0] (net)
                      0.129343    0.001766    0.656487 ^ num_to_send_o[0] (out)
                                              0.656487   data arrival time

                               3125.000000 3125.000000   clock clk_i (rise edge)
                                  0.000000 3125.000000   clock network delay (propagated)
                                 -0.250000 3124.750000   clock uncertainty
                                  0.000000 3124.750000   clock reconvergence pessimism
                               -625.000000 2499.750000   output external delay
                                           2499.750000   data required time
---------------------------------------------------------------------------------------------
                                           2499.750000   data required time
                                             -0.656487   data arrival time
---------------------------------------------------------------------------------------------
                                           2499.093506   slack (MET)


Startpoint: wr_i (input port clocked by clk_i)
Endpoint: _162_ (rising edge-triggered flip-flop clocked by clk_i)
Path Group: clk_i
Path Type: max

Fanout         Cap        Slew       Delay        Time   Description
---------------------------------------------------------------------------------------------
                                  0.000000    0.000000   clock clk_i (rise edge)
                                  0.000000    0.000000   clock network delay (propagated)
                                625.000000  625.000000 ^ input external delay
     1    0.002826    0.014010    0.007333  625.007324 ^ wr_i (in)
                                                         wr_i (net)
                      0.014012    0.000000  625.007324 ^ input3/A (sky130_fd_sc_hd__buf_1)
     4    0.017635    0.157671    0.133696  625.141052 ^ input3/X (sky130_fd_sc_hd__buf_1)
                                                         net3 (net)
                      0.157690    0.001478  625.142517 ^ _128_/S (sky130_fd_sc_hd__mux2_1)
     1    0.002967    0.038626    0.192699  625.335205 v _128_/X (sky130_fd_sc_hd__mux2_1)
                                                         _002_ (net)
                      0.038626    0.000171  625.335388 v _162_/D (sky130_fd_sc_hd__dfrtp_1)
                                            625.335388   data arrival time

                               3125.000000 3125.000000   clock clk_i (rise edge)
                                  0.000000 3125.000000   clock source latency
     1    0.015039    0.055290    0.037517 3125.037598 ^ clk_i (in)
                                                         clk_i (net)
                      0.055306    0.000000 3125.037598 ^ clkbuf_0_clk_i/A (sky130_fd_sc_hd__clkbuf_16)
     4    0.042702    0.047016    0.104592 3125.142090 ^ clkbuf_0_clk_i/X (sky130_fd_sc_hd__clkbuf_16)
                                                         clknet_0_clk_i (net)
                      0.047259    0.002501 3125.144531 ^ clkbuf_2_2__f_clk_i/A (sky130_fd_sc_hd__clkbuf_16)
    11    0.032167    0.039536    0.096406 3125.240967 ^ clkbuf_2_2__f_clk_i/X (sky130_fd_sc_hd__clkbuf_16)
                                                         clknet_2_2__leaf_clk_i (net)
                      0.039801    0.002728 3125.243652 ^ _162_/CLK (sky130_fd_sc_hd__dfrtp_1)
                                 -0.250000 3124.993652   clock uncertainty
                                  0.000000 3124.993652   clock reconvergence pessimism
                                 -0.074060 3124.919434   library setup time
                                           3124.919434   data required time
---------------------------------------------------------------------------------------------
                                           3124.919434   data required time
                                           -625.335388   data arrival time
---------------------------------------------------------------------------------------------
                                           2499.584229   slack (MET)


Startpoint: wr_i (input port clocked by clk_i)
Endpoint: _163_ (rising edge-triggered flip-flop clocked by clk_i)
Path Group: clk_i
Path Type: max

Fanout         Cap        Slew       Delay        Time   Description
---------------------------------------------------------------------------------------------
                                  0.000000    0.000000   clock clk_i (rise edge)
                                  0.000000    0.000000   clock network delay (propagated)
                                625.000000  625.000000 ^ input external delay
     1    0.002826    0.014010    0.007333  625.007324 ^ wr_i (in)
                                                         wr_i (net)
                      0.014012    0.000000  625.007324 ^ input3/A (sky130_fd_sc_hd__buf_1)
     4    0.017635    0.157671    0.133696  625.141052 ^ input3/X (sky130_fd_sc_hd__buf_1)
                                                         net3 (net)
                      0.157691    0.001478  625.142517 ^ _129_/S (sky130_fd_sc_hd__mux2_1)
     1    0.002541    0.036983    0.190084  625.332581 v _129_/X (sky130_fd_sc_hd__mux2_1)
                                                         _003_ (net)
                      0.036983    0.000171  625.332764 v _163_/D (sky130_fd_sc_hd__dfrtp_1)
                                            625.332764   data arrival time

                               3125.000000 3125.000000   clock clk_i (rise edge)
                                  0.000000 3125.000000   clock source latency
     1    0.015039    0.055290    0.037517 3125.037598 ^ clk_i (in)
                                                         clk_i (net)
                      0.055306    0.000000 3125.037598 ^ clkbuf_0_clk_i/A (sky130_fd_sc_hd__clkbuf_16)
     4    0.042702    0.047016    0.104592 3125.142090 ^ clkbuf_0_clk_i/X (sky130_fd_sc_hd__clkbuf_16)
                                                         clknet_0_clk_i (net)
                      0.047259    0.002501 3125.144531 ^ clkbuf_2_2__f_clk_i/A (sky130_fd_sc_hd__clkbuf_16)
    11    0.032167    0.039536    0.096406 3125.240967 ^ clkbuf_2_2__f_clk_i/X (sky130_fd_sc_hd__clkbuf_16)
                                                         clknet_2_2__leaf_clk_i (net)
                      0.039768    0.002501 3125.243408 ^ _163_/CLK (sky130_fd_sc_hd__dfrtp_1)
                                 -0.250000 3124.993408   clock uncertainty
                                  0.000000 3124.993408   clock reconvergence pessimism
                                 -0.073476 3124.919922   library setup time
                                           3124.919922   data required time
---------------------------------------------------------------------------------------------
                                           3124.919922   data required time
                                           -625.332764   data arrival time
---------------------------------------------------------------------------------------------
                                           2499.587158   slack (MET)


Startpoint: wr_i (input port clocked by clk_i)
Endpoint: _164_ (rising edge-triggered flip-flop clocked by clk_i)
Path Group: clk_i
Path Type: max

Fanout         Cap        Slew       Delay        Time   Description
---------------------------------------------------------------------------------------------
                                  0.000000    0.000000   clock clk_i (rise edge)
                                  0.000000    0.000000   clock network delay (propagated)
                                625.000000  625.000000 ^ input external delay
     1    0.002826    0.014010    0.007333  625.007324 ^ wr_i (in)
                                                         wr_i (net)
                      0.014012    0.000000  625.007324 ^ input3/A (sky130_fd_sc_hd__buf_1)
     4    0.017635    0.157671    0.133696  625.141052 ^ input3/X (sky130_fd_sc_hd__buf_1)
                                                         net3 (net)
                      0.157679    0.000909  625.141968 ^ _130_/S (sky130_fd_sc_hd__mux2_1)
     1    0.002377    0.036367    0.189118  625.331055 v _130_/X (sky130_fd_sc_hd__mux2_1)
                                                         _004_ (net)
                      0.036367    0.000114  625.331177 v _164_/D (sky130_fd_sc_hd__dfrtp_2)
                                            625.331177   data arrival time

                               3125.000000 3125.000000   clock clk_i (rise edge)
                                  0.000000 3125.000000   clock source latency
     1    0.015039    0.055290    0.037517 3125.037598 ^ clk_i (in)
                                                         clk_i (net)
                      0.055306    0.000000 3125.037598 ^ clkbuf_0_clk_i/A (sky130_fd_sc_hd__clkbuf_16)
     4    0.042702    0.047016    0.104592 3125.142090 ^ clkbuf_0_clk_i/X (sky130_fd_sc_hd__clkbuf_16)
                                                         clknet_0_clk_i (net)
                      0.047259    0.002501 3125.144531 ^ clkbuf_2_2__f_clk_i/A (sky130_fd_sc_hd__clkbuf_16)
    11    0.032167    0.039536    0.096406 3125.240967 ^ clkbuf_2_2__f_clk_i/X (sky130_fd_sc_hd__clkbuf_16)
                                                         clknet_2_2__leaf_clk_i (net)
                      0.039732    0.002274 3125.243408 ^ _164_/CLK (sky130_fd_sc_hd__dfrtp_2)
                                 -0.250000 3124.993164   clock uncertainty
                                  0.000000 3124.993164   clock reconvergence pessimism
                                 -0.074481 3124.918701   library setup time
                                           3124.918701   data required time
---------------------------------------------------------------------------------------------
                                           3124.918701   data required time
                                           -625.331177   data arrival time
---------------------------------------------------------------------------------------------
                                           2499.587646   slack (MET)


Startpoint: req_num_i (input port clocked by clk_i)
Endpoint: _189_ (rising edge-triggered flip-flop clocked by clk_i)
Path Group: clk_i
Path Type: max

Fanout         Cap        Slew       Delay        Time   Description
---------------------------------------------------------------------------------------------
                                  0.000000    0.000000   clock clk_i (rise edge)
                                  0.000000    0.000000   clock network delay (propagated)
                                625.000000  625.000000 v input external delay
     1    0.002822    0.004746    0.002331  625.002319 v req_num_i (in)
                                                         req_num_i (net)
                      0.004750    0.000000  625.002319 v input1/A (sky130_fd_sc_hd__buf_1)
     3    0.007724    0.035993    0.062187  625.064514 v input1/X (sky130_fd_sc_hd__buf_1)
                                                         net1 (net)
                      0.035997    0.000398  625.064941 v _153_/C (sky130_fd_sc_hd__or3_1)
     1    0.001821    0.038168    0.164334  625.229248 v _153_/X (sky130_fd_sc_hd__or3_1)
                                                         _047_ (net)
                      0.038168    0.000114  625.229370 v _154_/B (sky130_fd_sc_hd__and2_1)
     1    0.002360    0.024029    0.095667  625.325012 v _154_/X (sky130_fd_sc_hd__and2_1)
                                                         _026_ (net)
                      0.024029    0.000171  625.325195 v _189_/D (sky130_fd_sc_hd__dfrtp_1)
                                            625.325195   data arrival time

                               3125.000000 3125.000000   clock clk_i (rise edge)
                                  0.000000 3125.000000   clock source latency
     1    0.015039    0.055290    0.037517 3125.037598 ^ clk_i (in)
                                                         clk_i (net)
                      0.055306    0.000000 3125.037598 ^ clkbuf_0_clk_i/A (sky130_fd_sc_hd__clkbuf_16)
     4    0.042702    0.047016    0.104592 3125.142090 ^ clkbuf_0_clk_i/X (sky130_fd_sc_hd__clkbuf_16)
                                                         clknet_0_clk_i (net)
                      0.047259    0.002501 3125.144531 ^ clkbuf_2_2__f_clk_i/A (sky130_fd_sc_hd__clkbuf_16)
    11    0.032167    0.039536    0.096406 3125.240967 ^ clkbuf_2_2__f_clk_i/X (sky130_fd_sc_hd__clkbuf_16)
                                                         clknet_2_2__leaf_clk_i (net)
                      0.039718    0.002046 3125.243164 ^ _189_/CLK (sky130_fd_sc_hd__dfrtp_1)
                                 -0.250000 3124.992920   clock uncertainty
                                  0.000000 3124.992920   clock reconvergence pessimism
                                 -0.068856 3124.924072   library setup time
                                           3124.924072   data required time
---------------------------------------------------------------------------------------------
                                           3124.924072   data required time
                                           -625.325195   data arrival time
---------------------------------------------------------------------------------------------
                                           2499.598877   slack (MET)


Startpoint: req_num_i (input port clocked by clk_i)
Endpoint: _191_ (rising edge-triggered flip-flop clocked by clk_i)
Path Group: clk_i
Path Type: max

Fanout         Cap        Slew       Delay        Time   Description
---------------------------------------------------------------------------------------------
                                  0.000000    0.000000   clock clk_i (rise edge)
                                  0.000000    0.000000   clock network delay (propagated)
                                625.000000  625.000000 v input external delay
     1    0.002822    0.004746    0.002331  625.002319 v req_num_i (in)
                                                         req_num_i (net)
                      0.004750    0.000000  625.002319 v input1/A (sky130_fd_sc_hd__buf_1)
     3    0.007724    0.035993    0.062187  625.064514 v input1/X (sky130_fd_sc_hd__buf_1)
                                                         net1 (net)
                      0.035994    0.000284  625.064819 v _155_/A2 (sky130_fd_sc_hd__o211a_1)
     2    0.008207    0.044741    0.146542  625.211365 v _155_/X (sky130_fd_sc_hd__o211a_1)
                                                         _048_ (net)
                      0.044748    0.000568  625.211914 v _158_/B (sky130_fd_sc_hd__xor2_1)
     1    0.002775    0.031393    0.089130  625.301025 v _158_/X (sky130_fd_sc_hd__xor2_1)
                                                         _028_ (net)
                      0.031393    0.000171  625.301208 v _191_/D (sky130_fd_sc_hd__dfrtp_1)
                                            625.301208   data arrival time

                               3125.000000 3125.000000   clock clk_i (rise edge)
                                  0.000000 3125.000000   clock source latency
     1    0.015039    0.055290    0.037517 3125.037598 ^ clk_i (in)
                                                         clk_i (net)
                      0.055306    0.000000 3125.037598 ^ clkbuf_0_clk_i/A (sky130_fd_sc_hd__clkbuf_16)
     4    0.042702    0.047016    0.104592 3125.142090 ^ clkbuf_0_clk_i/X (sky130_fd_sc_hd__clkbuf_16)
                                                         clknet_0_clk_i (net)
                      0.047259    0.002501 3125.144531 ^ clkbuf_2_2__f_clk_i/A (sky130_fd_sc_hd__clkbuf_16)
    11    0.032167    0.039536    0.096406 3125.240967 ^ clkbuf_2_2__f_clk_i/X (sky130_fd_sc_hd__clkbuf_16)
                                                         clknet_2_2__leaf_clk_i (net)
                      0.039767    0.002501 3125.243408 ^ _191_/CLK (sky130_fd_sc_hd__dfrtp_1)
                                 -0.250000 3124.993408   clock uncertainty
                                  0.000000 3124.993408   clock reconvergence pessimism
                                 -0.071481 3124.922119   library setup time
                                           3124.922119   data required time
---------------------------------------------------------------------------------------------
                                           3124.922119   data required time
                                           -625.301208   data arrival time
---------------------------------------------------------------------------------------------
                                           2499.620850   slack (MET)


Startpoint: rst_i (input port clocked by clk_i)
Endpoint: _164_ (recovery check against rising-edge clock clk_i)
Path Group: asynchronous
Path Type: max

Fanout         Cap        Slew       Delay        Time   Description
---------------------------------------------------------------------------------------------
                                  0.000000    0.000000   clock clk_i (rise edge)
                                  0.000000    0.000000   clock network delay (propagated)
                                625.000000  625.000000 ^ input external delay
     1    0.002691    0.013526    0.006992  625.007019 ^ rst_i (in)
                                                         rst_i (net)
                      0.013532    0.000000  625.007019 ^ input2/A (sky130_fd_sc_hd__buf_1)
     2    0.009973    0.092350    0.089415  625.096436 ^ input2/X (sky130_fd_sc_hd__buf_1)
                                                         net2 (net)
                      0.092357    0.000682  625.097107 ^ fanout16/A (sky130_fd_sc_hd__buf_2)
     8    0.040453    0.150385    0.165528  625.262634 ^ fanout16/X (sky130_fd_sc_hd__buf_2)
                                                         net16 (net)
                      0.150585    0.004491  625.267090 ^ fanout15/A (sky130_fd_sc_hd__clkbuf_4)
    10    0.044796    0.107170    0.171667  625.438782 ^ fanout15/X (sky130_fd_sc_hd__clkbuf_4)
                                                         net15 (net)
                      0.107206    0.001876  625.440674 ^ _164_/RESET_B (sky130_fd_sc_hd__dfrtp_2)
                                            625.440674   data arrival time

                               3125.000000 3125.000000   clock clk_i (rise edge)
                                  0.000000 3125.000000   clock source latency
     1    0.015039    0.055290    0.037517 3125.037598 ^ clk_i (in)
                                                         clk_i (net)
                      0.055306    0.000000 3125.037598 ^ clkbuf_0_clk_i/A (sky130_fd_sc_hd__clkbuf_16)
     4    0.042702    0.047016    0.104592 3125.142090 ^ clkbuf_0_clk_i/X (sky130_fd_sc_hd__clkbuf_16)
                                                         clknet_0_clk_i (net)
                      0.047259    0.002501 3125.144531 ^ clkbuf_2_2__f_clk_i/A (sky130_fd_sc_hd__clkbuf_16)
    11    0.032167    0.039536    0.096406 3125.240967 ^ clkbuf_2_2__f_clk_i/X (sky130_fd_sc_hd__clkbuf_16)
                                                         clknet_2_2__leaf_clk_i (net)
                      0.039732    0.002274 3125.243408 ^ _164_/CLK (sky130_fd_sc_hd__dfrtp_2)
                                 -0.250000 3124.993164   clock uncertainty
                                  0.000000 3124.993164   clock reconvergence pessimism
                                  0.115505 3125.108643   library recovery time
                                           3125.108643   data required time
---------------------------------------------------------------------------------------------
                                           3125.108643   data required time
                                           -625.440674   data arrival time
---------------------------------------------------------------------------------------------
                                           2499.667969   slack (MET)


Startpoint: req_num_i (input port clocked by clk_i)
Endpoint: _190_ (rising edge-triggered flip-flop clocked by clk_i)
Path Group: clk_i
Path Type: max

Fanout         Cap        Slew       Delay        Time   Description
---------------------------------------------------------------------------------------------
                                  0.000000    0.000000   clock clk_i (rise edge)
                                  0.000000    0.000000   clock network delay (propagated)
                                625.000000  625.000000 v input external delay
     1    0.002822    0.004746    0.002331  625.002319 v req_num_i (in)
                                                         req_num_i (net)
                      0.004750    0.000000  625.002319 v input1/A (sky130_fd_sc_hd__buf_1)
     3    0.007724    0.035993    0.062187  625.064514 v input1/X (sky130_fd_sc_hd__buf_1)
                                                         net1 (net)
                      0.035997    0.000398  625.064941 v _152_/A2 (sky130_fd_sc_hd__o21ai_1)
     2    0.004516    0.090074    0.092427  625.157349 ^ _152_/Y (sky130_fd_sc_hd__o21ai_1)
                                                         _046_ (net)
                      0.090074    0.000284  625.157654 ^ _156_/B (sky130_fd_sc_hd__and2b_1)
     1    0.002674    0.029152    0.079922  625.237549 ^ _156_/X (sky130_fd_sc_hd__and2b_1)
                                                         _049_ (net)
                      0.029152    0.000114  625.237671 ^ _157_/B (sky130_fd_sc_hd__nor2_1)
     1    0.002498    0.023924    0.019895  625.257568 v _157_/Y (sky130_fd_sc_hd__nor2_1)
                                                         _027_ (net)
                      0.023925    0.000171  625.257751 v _190_/D (sky130_fd_sc_hd__dfrtp_1)
                                            625.257751   data arrival time

                               3125.000000 3125.000000   clock clk_i (rise edge)
                                  0.000000 3125.000000   clock source latency
     1    0.015039    0.055290    0.037517 3125.037598 ^ clk_i (in)
                                                         clk_i (net)
                      0.055306    0.000000 3125.037598 ^ clkbuf_0_clk_i/A (sky130_fd_sc_hd__clkbuf_16)
     4    0.042702    0.047016    0.104592 3125.142090 ^ clkbuf_0_clk_i/X (sky130_fd_sc_hd__clkbuf_16)
                                                         clknet_0_clk_i (net)
                      0.047259    0.002501 3125.144531 ^ clkbuf_2_2__f_clk_i/A (sky130_fd_sc_hd__clkbuf_16)
    11    0.032167    0.039536    0.096406 3125.240967 ^ clkbuf_2_2__f_clk_i/X (sky130_fd_sc_hd__clkbuf_16)
                                                         clknet_2_2__leaf_clk_i (net)
                      0.039760    0.002274 3125.243408 ^ _190_/CLK (sky130_fd_sc_hd__dfrtp_1)
                                 -0.250000 3124.993164   clock uncertainty
                                  0.000000 3124.993164   clock reconvergence pessimism
                                 -0.068815 3124.924316   library setup time
                                           3124.924316   data required time
---------------------------------------------------------------------------------------------
                                           3124.924316   data required time
                                           -625.257751   data arrival time
---------------------------------------------------------------------------------------------
                                           2499.666748   slack (MET)


Startpoint: rst_i (input port clocked by clk_i)
Endpoint: _165_ (recovery check against rising-edge clock clk_i)
Path Group: asynchronous
Path Type: max

Fanout         Cap        Slew       Delay        Time   Description
---------------------------------------------------------------------------------------------
                                  0.000000    0.000000   clock clk_i (rise edge)
                                  0.000000    0.000000   clock network delay (propagated)
                                625.000000  625.000000 ^ input external delay
     1    0.002691    0.013526    0.006992  625.007019 ^ rst_i (in)
                                                         rst_i (net)
                      0.013532    0.000000  625.007019 ^ input2/A (sky130_fd_sc_hd__buf_1)
     2    0.009973    0.092350    0.089415  625.096436 ^ input2/X (sky130_fd_sc_hd__buf_1)
                                                         net2 (net)
                      0.092357    0.000682  625.097107 ^ fanout16/A (sky130_fd_sc_hd__buf_2)
     8    0.040453    0.150385    0.165528  625.262634 ^ fanout16/X (sky130_fd_sc_hd__buf_2)
                                                         net16 (net)
                      0.150585    0.004491  625.267090 ^ fanout15/A (sky130_fd_sc_hd__clkbuf_4)
    10    0.044796    0.107170    0.171667  625.438782 ^ fanout15/X (sky130_fd_sc_hd__clkbuf_4)
                                                         net15 (net)
                      0.107269    0.002103  625.440857 ^ _165_/RESET_B (sky130_fd_sc_hd__dfrtp_1)
                                            625.440857   data arrival time

                               3125.000000 3125.000000   clock clk_i (rise edge)
                                  0.000000 3125.000000   clock source latency
     1    0.015039    0.055290    0.037517 3125.037598 ^ clk_i (in)
                                                         clk_i (net)
                      0.055306    0.000000 3125.037598 ^ clkbuf_0_clk_i/A (sky130_fd_sc_hd__clkbuf_16)
     4    0.042702    0.047016    0.104592 3125.142090 ^ clkbuf_0_clk_i/X (sky130_fd_sc_hd__clkbuf_16)
                                                         clknet_0_clk_i (net)
                      0.047237    0.002274 3125.144287 ^ clkbuf_2_3__f_clk_i/A (sky130_fd_sc_hd__clkbuf_16)
     7    0.029959    0.038260    0.095497 3125.239990 ^ clkbuf_2_3__f_clk_i/X (sky130_fd_sc_hd__clkbuf_16)
                                                         clknet_2_3__leaf_clk_i (net)
                      0.038383    0.001364 3125.241211 ^ _165_/CLK (sky130_fd_sc_hd__dfrtp_1)
                                 -0.250000 3124.991211   clock uncertainty
                                  0.000000 3124.991211   clock reconvergence pessimism
                                  0.130524 3125.121582   library recovery time
                                           3125.121582   data required time
---------------------------------------------------------------------------------------------
                                           3125.121582   data required time
                                           -625.440857   data arrival time
---------------------------------------------------------------------------------------------
                                           2499.680664   slack (MET)


Startpoint: rst_i (input port clocked by clk_i)
Endpoint: _188_ (recovery check against rising-edge clock clk_i)
Path Group: asynchronous
Path Type: max

Fanout         Cap        Slew       Delay        Time   Description
---------------------------------------------------------------------------------------------
                                  0.000000    0.000000   clock clk_i (rise edge)
                                  0.000000    0.000000   clock network delay (propagated)
                                625.000000  625.000000 ^ input external delay
     1    0.002691    0.013526    0.006992  625.007019 ^ rst_i (in)
                                                         rst_i (net)
                      0.013532    0.000000  625.007019 ^ input2/A (sky130_fd_sc_hd__buf_1)
     2    0.009973    0.092350    0.089415  625.096436 ^ input2/X (sky130_fd_sc_hd__buf_1)
                                                         net2 (net)
                      0.092357    0.000682  625.097107 ^ fanout16/A (sky130_fd_sc_hd__buf_2)
     8    0.040453    0.150385    0.165528  625.262634 ^ fanout16/X (sky130_fd_sc_hd__buf_2)
                                                         net16 (net)
                      0.150585    0.004491  625.267090 ^ fanout15/A (sky130_fd_sc_hd__clkbuf_4)
    10    0.044796    0.107170    0.171667  625.438782 ^ fanout15/X (sky130_fd_sc_hd__clkbuf_4)
                                                         net15 (net)
                      0.107207    0.001933  625.440735 ^ _188_/RESET_B (sky130_fd_sc_hd__dfrtp_1)
                                            625.440735   data arrival time

                               3125.000000 3125.000000   clock clk_i (rise edge)
                                  0.000000 3125.000000   clock source latency
     1    0.015039    0.055290    0.037517 3125.037598 ^ clk_i (in)
                                                         clk_i (net)
                      0.055306    0.000000 3125.037598 ^ clkbuf_0_clk_i/A (sky130_fd_sc_hd__clkbuf_16)
     4    0.042702    0.047016    0.104592 3125.142090 ^ clkbuf_0_clk_i/X (sky130_fd_sc_hd__clkbuf_16)
                                                         clknet_0_clk_i (net)
                      0.047237    0.002274 3125.144287 ^ clkbuf_2_3__f_clk_i/A (sky130_fd_sc_hd__clkbuf_16)
     7    0.029959    0.038260    0.095497 3125.239990 ^ clkbuf_2_3__f_clk_i/X (sky130_fd_sc_hd__clkbuf_16)
                                                         clknet_2_3__leaf_clk_i (net)
                      0.038283    0.000909 3125.240723 ^ _188_/CLK (sky130_fd_sc_hd__dfrtp_1)
                                 -0.250000 3124.990723   clock uncertainty
                                  0.000000 3124.990723   clock reconvergence pessimism
                                  0.130520 3125.121094   library recovery time
                                           3125.121094   data required time
---------------------------------------------------------------------------------------------
                                           3125.121094   data required time
                                           -625.440735   data arrival time
---------------------------------------------------------------------------------------------
                                           2499.680664   slack (MET)


Startpoint: rst_i (input port clocked by clk_i)
Endpoint: _162_ (recovery check against rising-edge clock clk_i)
Path Group: asynchronous
Path Type: max

Fanout         Cap        Slew       Delay        Time   Description
---------------------------------------------------------------------------------------------
                                  0.000000    0.000000   clock clk_i (rise edge)
                                  0.000000    0.000000   clock network delay (propagated)
                                625.000000  625.000000 ^ input external delay
     1    0.002691    0.013526    0.006992  625.007019 ^ rst_i (in)
                                                         rst_i (net)
                      0.013532    0.000000  625.007019 ^ input2/A (sky130_fd_sc_hd__buf_1)
     2    0.009973    0.092350    0.089415  625.096436 ^ input2/X (sky130_fd_sc_hd__buf_1)
                                                         net2 (net)
                      0.092357    0.000682  625.097107 ^ fanout16/A (sky130_fd_sc_hd__buf_2)
     8    0.040453    0.150385    0.165528  625.262634 ^ fanout16/X (sky130_fd_sc_hd__buf_2)
                                                         net16 (net)
                      0.150585    0.004491  625.267090 ^ fanout15/A (sky130_fd_sc_hd__clkbuf_4)
    10    0.044796    0.107170    0.171667  625.438782 ^ fanout15/X (sky130_fd_sc_hd__clkbuf_4)
                                                         net15 (net)
                      0.107271    0.002103  625.440857 ^ _162_/RESET_B (sky130_fd_sc_hd__dfrtp_1)
                                            625.440857   data arrival time

                               3125.000000 3125.000000   clock clk_i (rise edge)
                                  0.000000 3125.000000   clock source latency
     1    0.015039    0.055290    0.037517 3125.037598 ^ clk_i (in)
                                                         clk_i (net)
                      0.055306    0.000000 3125.037598 ^ clkbuf_0_clk_i/A (sky130_fd_sc_hd__clkbuf_16)
     4    0.042702    0.047016    0.104592 3125.142090 ^ clkbuf_0_clk_i/X (sky130_fd_sc_hd__clkbuf_16)
                                                         clknet_0_clk_i (net)
                      0.047259    0.002501 3125.144531 ^ clkbuf_2_2__f_clk_i/A (sky130_fd_sc_hd__clkbuf_16)
    11    0.032167    0.039536    0.096406 3125.240967 ^ clkbuf_2_2__f_clk_i/X (sky130_fd_sc_hd__clkbuf_16)
                                                         clknet_2_2__leaf_clk_i (net)
                      0.039801    0.002728 3125.243652 ^ _162_/CLK (sky130_fd_sc_hd__dfrtp_1)
                                 -0.250000 3124.993652   clock uncertainty
                                  0.000000 3124.993652   clock reconvergence pessimism
                                  0.130740 3125.124268   library recovery time
                                           3125.124268   data required time
---------------------------------------------------------------------------------------------
                                           3125.124268   data required time
                                           -625.440857   data arrival time
---------------------------------------------------------------------------------------------
                                           2499.683594   slack (MET)


Startpoint: rst_i (input port clocked by clk_i)
Endpoint: _163_ (recovery check against rising-edge clock clk_i)
Path Group: asynchronous
Path Type: max

Fanout         Cap        Slew       Delay        Time   Description
---------------------------------------------------------------------------------------------
                                  0.000000    0.000000   clock clk_i (rise edge)
                                  0.000000    0.000000   clock network delay (propagated)
                                625.000000  625.000000 ^ input external delay
     1    0.002691    0.013526    0.006992  625.007019 ^ rst_i (in)
                                                         rst_i (net)
                      0.013532    0.000000  625.007019 ^ input2/A (sky130_fd_sc_hd__buf_1)
     2    0.009973    0.092350    0.089415  625.096436 ^ input2/X (sky130_fd_sc_hd__buf_1)
                                                         net2 (net)
                      0.092357    0.000682  625.097107 ^ fanout16/A (sky130_fd_sc_hd__buf_2)
     8    0.040453    0.150385    0.165528  625.262634 ^ fanout16/X (sky130_fd_sc_hd__buf_2)
                                                         net16 (net)
                      0.150585    0.004491  625.267090 ^ fanout15/A (sky130_fd_sc_hd__clkbuf_4)
    10    0.044796    0.107170    0.171667  625.438782 ^ fanout15/X (sky130_fd_sc_hd__clkbuf_4)
                                                         net15 (net)
                      0.107207    0.001876  625.440674 ^ _163_/RESET_B (sky130_fd_sc_hd__dfrtp_1)
                                            625.440674   data arrival time

                               3125.000000 3125.000000   clock clk_i (rise edge)
                                  0.000000 3125.000000   clock source latency
     1    0.015039    0.055290    0.037517 3125.037598 ^ clk_i (in)
                                                         clk_i (net)
                      0.055306    0.000000 3125.037598 ^ clkbuf_0_clk_i/A (sky130_fd_sc_hd__clkbuf_16)
     4    0.042702    0.047016    0.104592 3125.142090 ^ clkbuf_0_clk_i/X (sky130_fd_sc_hd__clkbuf_16)
                                                         clknet_0_clk_i (net)
                      0.047259    0.002501 3125.144531 ^ clkbuf_2_2__f_clk_i/A (sky130_fd_sc_hd__clkbuf_16)
    11    0.032167    0.039536    0.096406 3125.240967 ^ clkbuf_2_2__f_clk_i/X (sky130_fd_sc_hd__clkbuf_16)
                                                         clknet_2_2__leaf_clk_i (net)
                      0.039768    0.002501 3125.243408 ^ _163_/CLK (sky130_fd_sc_hd__dfrtp_1)
                                 -0.250000 3124.993408   clock uncertainty
                                  0.000000 3124.993408   clock reconvergence pessimism
                                  0.130747 3125.124268   library recovery time
                                           3125.124268   data required time
---------------------------------------------------------------------------------------------
                                           3125.124268   data required time
                                           -625.440674   data arrival time
---------------------------------------------------------------------------------------------
                                           2499.683594   slack (MET)


Startpoint: rst_i (input port clocked by clk_i)
Endpoint: _168_ (recovery check against rising-edge clock clk_i)
Path Group: asynchronous
Path Type: max

Fanout         Cap        Slew       Delay        Time   Description
---------------------------------------------------------------------------------------------
                                  0.000000    0.000000   clock clk_i (rise edge)
                                  0.000000    0.000000   clock network delay (propagated)
                                625.000000  625.000000 ^ input external delay
     1    0.002691    0.013526    0.006992  625.007019 ^ rst_i (in)
                                                         rst_i (net)
                      0.013532    0.000000  625.007019 ^ input2/A (sky130_fd_sc_hd__buf_1)
     2    0.009973    0.092350    0.089415  625.096436 ^ input2/X (sky130_fd_sc_hd__buf_1)
                                                         net2 (net)
                      0.092357    0.000682  625.097107 ^ fanout16/A (sky130_fd_sc_hd__buf_2)
     8    0.040453    0.150385    0.165528  625.262634 ^ fanout16/X (sky130_fd_sc_hd__buf_2)
                                                         net16 (net)
                      0.150585    0.004491  625.267090 ^ fanout15/A (sky130_fd_sc_hd__clkbuf_4)
    10    0.044796    0.107170    0.171667  625.438782 ^ fanout15/X (sky130_fd_sc_hd__clkbuf_4)
                                                         net15 (net)
                      0.107210    0.001933  625.440735 ^ _168_/RESET_B (sky130_fd_sc_hd__dfrtp_1)
                                            625.440735   data arrival time

                               3125.000000 3125.000000   clock clk_i (rise edge)
                                  0.000000 3125.000000   clock source latency
     1    0.015039    0.055290    0.037517 3125.037598 ^ clk_i (in)
                                                         clk_i (net)
                      0.055306    0.000000 3125.037598 ^ clkbuf_0_clk_i/A (sky130_fd_sc_hd__clkbuf_16)
     4    0.042702    0.047016    0.104592 3125.142090 ^ clkbuf_0_clk_i/X (sky130_fd_sc_hd__clkbuf_16)
                                                         clknet_0_clk_i (net)
                      0.047259    0.002501 3125.144531 ^ clkbuf_2_2__f_clk_i/A (sky130_fd_sc_hd__clkbuf_16)
    11    0.032167    0.039536    0.096406 3125.240967 ^ clkbuf_2_2__f_clk_i/X (sky130_fd_sc_hd__clkbuf_16)
                                                         clknet_2_2__leaf_clk_i (net)
                      0.039824    0.002728 3125.243652 ^ _168_/CLK (sky130_fd_sc_hd__dfrtp_1)
                                 -0.250000 3124.993652   clock uncertainty
                                  0.000000 3124.993652   clock reconvergence pessimism
                                  0.130755 3125.124268   library recovery time
                                           3125.124268   data required time
---------------------------------------------------------------------------------------------
                                           3125.124268   data required time
                                           -625.440735   data arrival time
---------------------------------------------------------------------------------------------
                                           2499.683838   slack (MET)


Startpoint: rst_i (input port clocked by clk_i)
Endpoint: _171_ (recovery check against rising-edge clock clk_i)
Path Group: asynchronous
Path Type: max

Fanout         Cap        Slew       Delay        Time   Description
---------------------------------------------------------------------------------------------
                                  0.000000    0.000000   clock clk_i (rise edge)
                                  0.000000    0.000000   clock network delay (propagated)
                                625.000000  625.000000 ^ input external delay
     1    0.002691    0.013526    0.006992  625.007019 ^ rst_i (in)
                                                         rst_i (net)
                      0.013532    0.000000  625.007019 ^ input2/A (sky130_fd_sc_hd__buf_1)
     2    0.009973    0.092350    0.089415  625.096436 ^ input2/X (sky130_fd_sc_hd__buf_1)
                                                         net2 (net)
                      0.092357    0.000682  625.097107 ^ fanout16/A (sky130_fd_sc_hd__buf_2)
     8    0.040453    0.150385    0.165528  625.262634 ^ fanout16/X (sky130_fd_sc_hd__buf_2)
                                                         net16 (net)
                      0.150585    0.004491  625.267090 ^ fanout15/A (sky130_fd_sc_hd__clkbuf_4)
    10    0.044796    0.107170    0.171667  625.438782 ^ fanout15/X (sky130_fd_sc_hd__clkbuf_4)
                                                         net15 (net)
                      0.107208    0.001933  625.440735 ^ _171_/RESET_B (sky130_fd_sc_hd__dfrtp_1)
                                            625.440735   data arrival time

                               3125.000000 3125.000000   clock clk_i (rise edge)
                                  0.000000 3125.000000   clock source latency
     1    0.015039    0.055290    0.037517 3125.037598 ^ clk_i (in)
                                                         clk_i (net)
                      0.055306    0.000000 3125.037598 ^ clkbuf_0_clk_i/A (sky130_fd_sc_hd__clkbuf_16)
     4    0.042702    0.047016    0.104592 3125.142090 ^ clkbuf_0_clk_i/X (sky130_fd_sc_hd__clkbuf_16)
                                                         clknet_0_clk_i (net)
                      0.047259    0.002501 3125.144531 ^ clkbuf_2_2__f_clk_i/A (sky130_fd_sc_hd__clkbuf_16)
    11    0.032167    0.039536    0.096406 3125.240967 ^ clkbuf_2_2__f_clk_i/X (sky130_fd_sc_hd__clkbuf_16)
                                                         clknet_2_2__leaf_clk_i (net)
                      0.039701    0.002046 3125.243164 ^ _171_/CLK (sky130_fd_sc_hd__dfrtp_1)
                                 -0.250000 3124.992920   clock uncertainty
                                  0.000000 3124.992920   clock reconvergence pessimism
                                  0.130737 3125.123779   library recovery time
                                           3125.123779   data required time
---------------------------------------------------------------------------------------------
                                           3125.123779   data required time
                                           -625.440735   data arrival time
---------------------------------------------------------------------------------------------
                                           2499.683105   slack (MET)


Startpoint: rst_i (input port clocked by clk_i)
Endpoint: _172_ (recovery check against rising-edge clock clk_i)
Path Group: asynchronous
Path Type: max

Fanout         Cap        Slew       Delay        Time   Description
---------------------------------------------------------------------------------------------
                                  0.000000    0.000000   clock clk_i (rise edge)
                                  0.000000    0.000000   clock network delay (propagated)
                                625.000000  625.000000 ^ input external delay
     1    0.002691    0.013526    0.006992  625.007019 ^ rst_i (in)
                                                         rst_i (net)
                      0.013532    0.000000  625.007019 ^ input2/A (sky130_fd_sc_hd__buf_1)
     2    0.009973    0.092350    0.089415  625.096436 ^ input2/X (sky130_fd_sc_hd__buf_1)
                                                         net2 (net)
                      0.092355    0.000568  625.096985 ^ fanout14/A (sky130_fd_sc_hd__clkbuf_4)
     9    0.049118    0.116535    0.164107  625.261108 ^ fanout14/X (sky130_fd_sc_hd__clkbuf_4)
                                                         net14 (net)
                      0.116782    0.004377  625.265442 ^ fanout13/A (sky130_fd_sc_hd__clkbuf_4)
    10    0.047521    0.113131    0.168427  625.433899 ^ fanout13/X (sky130_fd_sc_hd__clkbuf_4)
                                                         net13 (net)
                      0.113437    0.004775  625.438660 ^ _172_/RESET_B (sky130_fd_sc_hd__dfrtp_1)
                                            625.438660   data arrival time

                               3125.000000 3125.000000   clock clk_i (rise edge)
                                  0.000000 3125.000000   clock source latency
     1    0.015039    0.055290    0.037517 3125.037598 ^ clk_i (in)
                                                         clk_i (net)
                      0.055306    0.000000 3125.037598 ^ clkbuf_0_clk_i/A (sky130_fd_sc_hd__clkbuf_16)
     4    0.042702    0.047016    0.104592 3125.142090 ^ clkbuf_0_clk_i/X (sky130_fd_sc_hd__clkbuf_16)
                                                         clknet_0_clk_i (net)
                      0.047259    0.002501 3125.144531 ^ clkbuf_2_1__f_clk_i/A (sky130_fd_sc_hd__clkbuf_16)
     9    0.033405    0.040519    0.097543 3125.242188 ^ clkbuf_2_1__f_clk_i/X (sky130_fd_sc_hd__clkbuf_16)
                                                         clknet_2_1__leaf_clk_i (net)
                      0.040572    0.001592 3125.243652 ^ _172_/CLK (sky130_fd_sc_hd__dfrtp_1)
                                 -0.250000 3124.993652   clock uncertainty
                                  0.000000 3124.993652   clock reconvergence pessimism
                                  0.129707 3125.123291   library recovery time
                                           3125.123291   data required time
---------------------------------------------------------------------------------------------
                                           3125.123291   data required time
                                           -625.438660   data arrival time
---------------------------------------------------------------------------------------------
                                           2499.684570   slack (MET)


Startpoint: rst_i (input port clocked by clk_i)
Endpoint: _175_ (recovery check against rising-edge clock clk_i)
Path Group: asynchronous
Path Type: max

Fanout         Cap        Slew       Delay        Time   Description
---------------------------------------------------------------------------------------------
                                  0.000000    0.000000   clock clk_i (rise edge)
                                  0.000000    0.000000   clock network delay (propagated)
                                625.000000  625.000000 ^ input external delay
     1    0.002691    0.013526    0.006992  625.007019 ^ rst_i (in)
                                                         rst_i (net)
                      0.013532    0.000000  625.007019 ^ input2/A (sky130_fd_sc_hd__buf_1)
     2    0.009973    0.092350    0.089415  625.096436 ^ input2/X (sky130_fd_sc_hd__buf_1)
                                                         net2 (net)
                      0.092355    0.000568  625.096985 ^ fanout14/A (sky130_fd_sc_hd__clkbuf_4)
     9    0.049118    0.116535    0.164107  625.261108 ^ fanout14/X (sky130_fd_sc_hd__clkbuf_4)
                                                         net14 (net)
                      0.116782    0.004377  625.265442 ^ fanout13/A (sky130_fd_sc_hd__clkbuf_4)
    10    0.047521    0.113131    0.168427  625.433899 ^ fanout13/X (sky130_fd_sc_hd__clkbuf_4)
                                                         net13 (net)
                      0.113457    0.004889  625.438782 ^ _175_/RESET_B (sky130_fd_sc_hd__dfrtp_1)
                                            625.438782   data arrival time

                               3125.000000 3125.000000   clock clk_i (rise edge)
                                  0.000000 3125.000000   clock source latency
     1    0.015039    0.055290    0.037517 3125.037598 ^ clk_i (in)
                                                         clk_i (net)
                      0.055306    0.000000 3125.037598 ^ clkbuf_0_clk_i/A (sky130_fd_sc_hd__clkbuf_16)
     4    0.042702    0.047016    0.104592 3125.142090 ^ clkbuf_0_clk_i/X (sky130_fd_sc_hd__clkbuf_16)
                                                         clknet_0_clk_i (net)
                      0.047286    0.002501 3125.144531 ^ clkbuf_2_0__f_clk_i/A (sky130_fd_sc_hd__clkbuf_16)
    11    0.033757    0.040421    0.097089 3125.241699 ^ clkbuf_2_0__f_clk_i/X (sky130_fd_sc_hd__clkbuf_16)
                                                         clknet_2_0__leaf_clk_i (net)
                      0.040583    0.001592 3125.243408 ^ _175_/CLK (sky130_fd_sc_hd__dfrtp_1)
                                 -0.250000 3124.993164   clock uncertainty
                                  0.000000 3124.993164   clock reconvergence pessimism
                                  0.129705 3125.122803   library recovery time
                                           3125.122803   data required time
---------------------------------------------------------------------------------------------
                                           3125.122803   data required time
                                           -625.438782   data arrival time
---------------------------------------------------------------------------------------------
                                           2499.683838   slack (MET)


Startpoint: rst_i (input port clocked by clk_i)
Endpoint: _178_ (recovery check against rising-edge clock clk_i)
Path Group: asynchronous
Path Type: max

Fanout         Cap        Slew       Delay        Time   Description
---------------------------------------------------------------------------------------------
                                  0.000000    0.000000   clock clk_i (rise edge)
                                  0.000000    0.000000   clock network delay (propagated)
                                625.000000  625.000000 ^ input external delay
     1    0.002691    0.013526    0.006992  625.007019 ^ rst_i (in)
                                                         rst_i (net)
                      0.013532    0.000000  625.007019 ^ input2/A (sky130_fd_sc_hd__buf_1)
     2    0.009973    0.092350    0.089415  625.096436 ^ input2/X (sky130_fd_sc_hd__buf_1)
                                                         net2 (net)
                      0.092355    0.000568  625.096985 ^ fanout14/A (sky130_fd_sc_hd__clkbuf_4)
     9    0.049118    0.116535    0.164107  625.261108 ^ fanout14/X (sky130_fd_sc_hd__clkbuf_4)
                                                         net14 (net)
                      0.116782    0.004377  625.265442 ^ fanout13/A (sky130_fd_sc_hd__clkbuf_4)
    10    0.047521    0.113131    0.168427  625.433899 ^ fanout13/X (sky130_fd_sc_hd__clkbuf_4)
                                                         net13 (net)
                      0.113426    0.004661  625.438538 ^ _178_/RESET_B (sky130_fd_sc_hd__dfrtp_1)
                                            625.438538   data arrival time

                               3125.000000 3125.000000   clock clk_i (rise edge)
                                  0.000000 3125.000000   clock source latency
     1    0.015039    0.055290    0.037517 3125.037598 ^ clk_i (in)
                                                         clk_i (net)
                      0.055306    0.000000 3125.037598 ^ clkbuf_0_clk_i/A (sky130_fd_sc_hd__clkbuf_16)
     4    0.042702    0.047016    0.104592 3125.142090 ^ clkbuf_0_clk_i/X (sky130_fd_sc_hd__clkbuf_16)
                                                         clknet_0_clk_i (net)
                      0.047286    0.002501 3125.144531 ^ clkbuf_2_0__f_clk_i/A (sky130_fd_sc_hd__clkbuf_16)
    11    0.033757    0.040421    0.097089 3125.241699 ^ clkbuf_2_0__f_clk_i/X (sky130_fd_sc_hd__clkbuf_16)
                                                         clknet_2_0__leaf_clk_i (net)
                      0.040786    0.002728 3125.244385 ^ _178_/CLK (sky130_fd_sc_hd__dfrtp_1)
                                 -0.250000 3124.994385   clock uncertainty
                                  0.000000 3124.994385   clock reconvergence pessimism
                                  0.129742 3125.124268   library recovery time
                                           3125.124268   data required time
---------------------------------------------------------------------------------------------
                                           3125.124268   data required time
                                           -625.438538   data arrival time
---------------------------------------------------------------------------------------------
                                           2499.685547   slack (MET)


Startpoint: rst_i (input port clocked by clk_i)
Endpoint: _181_ (recovery check against rising-edge clock clk_i)
Path Group: asynchronous
Path Type: max

Fanout         Cap        Slew       Delay        Time   Description
---------------------------------------------------------------------------------------------
                                  0.000000    0.000000   clock clk_i (rise edge)
                                  0.000000    0.000000   clock network delay (propagated)
                                625.000000  625.000000 ^ input external delay
     1    0.002691    0.013526    0.006992  625.007019 ^ rst_i (in)
                                                         rst_i (net)
                      0.013532    0.000000  625.007019 ^ input2/A (sky130_fd_sc_hd__buf_1)
     2    0.009973    0.092350    0.089415  625.096436 ^ input2/X (sky130_fd_sc_hd__buf_1)
                                                         net2 (net)
                      0.092357    0.000682  625.097107 ^ fanout16/A (sky130_fd_sc_hd__buf_2)
     8    0.040453    0.150385    0.165528  625.262634 ^ fanout16/X (sky130_fd_sc_hd__buf_2)
                                                         net16 (net)
                      0.150585    0.004491  625.267090 ^ fanout15/A (sky130_fd_sc_hd__clkbuf_4)
    10    0.044796    0.107170    0.171667  625.438782 ^ fanout15/X (sky130_fd_sc_hd__clkbuf_4)
                                                         net15 (net)
                      0.107206    0.001876  625.440674 ^ _181_/RESET_B (sky130_fd_sc_hd__dfrtp_1)
                                            625.440674   data arrival time

                               3125.000000 3125.000000   clock clk_i (rise edge)
                                  0.000000 3125.000000   clock source latency
     1    0.015039    0.055290    0.037517 3125.037598 ^ clk_i (in)
                                                         clk_i (net)
                      0.055306    0.000000 3125.037598 ^ clkbuf_0_clk_i/A (sky130_fd_sc_hd__clkbuf_16)
     4    0.042702    0.047016    0.104592 3125.142090 ^ clkbuf_0_clk_i/X (sky130_fd_sc_hd__clkbuf_16)
                                                         clknet_0_clk_i (net)
                      0.047259    0.002501 3125.144531 ^ clkbuf_2_2__f_clk_i/A (sky130_fd_sc_hd__clkbuf_16)
    11    0.032167    0.039536    0.096406 3125.240967 ^ clkbuf_2_2__f_clk_i/X (sky130_fd_sc_hd__clkbuf_16)
                                                         clknet_2_2__leaf_clk_i (net)
                      0.039755    0.002274 3125.243408 ^ _181_/CLK (sky130_fd_sc_hd__dfrtp_1)
                                 -0.250000 3124.993164   clock uncertainty
                                  0.000000 3124.993164   clock reconvergence pessimism
                                  0.130745 3125.124023   library recovery time
                                           3125.124023   data required time
---------------------------------------------------------------------------------------------
                                           3125.124023   data required time
                                           -625.440674   data arrival time
---------------------------------------------------------------------------------------------
                                           2499.683350   slack (MET)


Startpoint: rst_i (input port clocked by clk_i)
Endpoint: _192_ (recovery check against rising-edge clock clk_i)
Path Group: asynchronous
Path Type: max

Fanout         Cap        Slew       Delay        Time   Description
---------------------------------------------------------------------------------------------
                                  0.000000    0.000000   clock clk_i (rise edge)
                                  0.000000    0.000000   clock network delay (propagated)
                                625.000000  625.000000 ^ input external delay
     1    0.002691    0.013526    0.006992  625.007019 ^ rst_i (in)
                                                         rst_i (net)
                      0.013532    0.000000  625.007019 ^ input2/A (sky130_fd_sc_hd__buf_1)
     2    0.009973    0.092350    0.089415  625.096436 ^ input2/X (sky130_fd_sc_hd__buf_1)
                                                         net2 (net)
                      0.092357    0.000682  625.097107 ^ fanout16/A (sky130_fd_sc_hd__buf_2)
     8    0.040453    0.150385    0.165528  625.262634 ^ fanout16/X (sky130_fd_sc_hd__buf_2)
                                                         net16 (net)
                      0.150585    0.004491  625.267090 ^ fanout15/A (sky130_fd_sc_hd__clkbuf_4)
    10    0.044796    0.107170    0.171667  625.438782 ^ fanout15/X (sky130_fd_sc_hd__clkbuf_4)
                                                         net15 (net)
                      0.107275    0.002160  625.440918 ^ _192_/RESET_B (sky130_fd_sc_hd__dfrtp_1)
                                            625.440918   data arrival time

                               3125.000000 3125.000000   clock clk_i (rise edge)
                                  0.000000 3125.000000   clock source latency
     1    0.015039    0.055290    0.037517 3125.037598 ^ clk_i (in)
                                                         clk_i (net)
                      0.055306    0.000000 3125.037598 ^ clkbuf_0_clk_i/A (sky130_fd_sc_hd__clkbuf_16)
     4    0.042702    0.047016    0.104592 3125.142090 ^ clkbuf_0_clk_i/X (sky130_fd_sc_hd__clkbuf_16)
                                                         clknet_0_clk_i (net)
                      0.047259    0.002501 3125.144531 ^ clkbuf_2_2__f_clk_i/A (sky130_fd_sc_hd__clkbuf_16)
    11    0.032167    0.039536    0.096406 3125.240967 ^ clkbuf_2_2__f_clk_i/X (sky130_fd_sc_hd__clkbuf_16)
                                                         clknet_2_2__leaf_clk_i (net)
                      0.039798    0.002501 3125.243408 ^ _192_/CLK (sky130_fd_sc_hd__dfrtp_1)
                                 -0.250000 3124.993408   clock uncertainty
                                  0.000000 3124.993408   clock reconvergence pessimism
                                  0.130739 3125.124268   library recovery time
                                           3125.124268   data required time
---------------------------------------------------------------------------------------------
                                           3125.124268   data required time
                                           -625.440918   data arrival time
---------------------------------------------------------------------------------------------
                                           2499.683350   slack (MET)


Startpoint: rst_i (input port clocked by clk_i)
Endpoint: _193_ (recovery check against rising-edge clock clk_i)
Path Group: asynchronous
Path Type: max

Fanout         Cap        Slew       Delay        Time   Description
---------------------------------------------------------------------------------------------
                                  0.000000    0.000000   clock clk_i (rise edge)
                                  0.000000    0.000000   clock network delay (propagated)
                                625.000000  625.000000 ^ input external delay
     1    0.002691    0.013526    0.006992  625.007019 ^ rst_i (in)
                                                         rst_i (net)
                      0.013532    0.000000  625.007019 ^ input2/A (sky130_fd_sc_hd__buf_1)
     2    0.009973    0.092350    0.089415  625.096436 ^ input2/X (sky130_fd_sc_hd__buf_1)
                                                         net2 (net)
                      0.092357    0.000682  625.097107 ^ fanout16/A (sky130_fd_sc_hd__buf_2)
     8    0.040453    0.150385    0.165528  625.262634 ^ fanout16/X (sky130_fd_sc_hd__buf_2)
                                                         net16 (net)
                      0.150585    0.004491  625.267090 ^ fanout15/A (sky130_fd_sc_hd__clkbuf_4)
    10    0.044796    0.107170    0.171667  625.438782 ^ fanout15/X (sky130_fd_sc_hd__clkbuf_4)
                                                         net15 (net)
                      0.107211    0.001990  625.440796 ^ _193_/RESET_B (sky130_fd_sc_hd__dfrtp_1)
                                            625.440796   data arrival time

                               3125.000000 3125.000000   clock clk_i (rise edge)
                                  0.000000 3125.000000   clock source latency
     1    0.015039    0.055290    0.037517 3125.037598 ^ clk_i (in)
                                                         clk_i (net)
                      0.055306    0.000000 3125.037598 ^ clkbuf_0_clk_i/A (sky130_fd_sc_hd__clkbuf_16)
     4    0.042702    0.047016    0.104592 3125.142090 ^ clkbuf_0_clk_i/X (sky130_fd_sc_hd__clkbuf_16)
                                                         clknet_0_clk_i (net)
                      0.047259    0.002501 3125.144531 ^ clkbuf_2_2__f_clk_i/A (sky130_fd_sc_hd__clkbuf_16)
    11    0.032167    0.039536    0.096406 3125.240967 ^ clkbuf_2_2__f_clk_i/X (sky130_fd_sc_hd__clkbuf_16)
                                                         clknet_2_2__leaf_clk_i (net)
                      0.039826    0.002728 3125.243652 ^ _193_/CLK (sky130_fd_sc_hd__dfrtp_1)
                                 -0.250000 3124.993652   clock uncertainty
                                  0.000000 3124.993652   clock reconvergence pessimism
                                  0.130755 3125.124268   library recovery time
                                           3125.124268   data required time
---------------------------------------------------------------------------------------------
                                           3125.124268   data required time
                                           -625.440796   data arrival time
---------------------------------------------------------------------------------------------
                                           2499.683594   slack (MET)


Startpoint: rst_i (input port clocked by clk_i)
Endpoint: _182_ (recovery check against rising-edge clock clk_i)
Path Group: asynchronous
Path Type: max

Fanout         Cap        Slew       Delay        Time   Description
---------------------------------------------------------------------------------------------
                                  0.000000    0.000000   clock clk_i (rise edge)
                                  0.000000    0.000000   clock network delay (propagated)
                                625.000000  625.000000 ^ input external delay
     1    0.002691    0.013526    0.006992  625.007019 ^ rst_i (in)
                                                         rst_i (net)
                      0.013532    0.000000  625.007019 ^ input2/A (sky130_fd_sc_hd__buf_1)
     2    0.009973    0.092350    0.089415  625.096436 ^ input2/X (sky130_fd_sc_hd__buf_1)
                                                         net2 (net)
                      0.092355    0.000568  625.096985 ^ fanout14/A (sky130_fd_sc_hd__clkbuf_4)
     9    0.049118    0.116535    0.164107  625.261108 ^ fanout14/X (sky130_fd_sc_hd__clkbuf_4)
                                                         net14 (net)
                      0.116782    0.004377  625.265442 ^ fanout13/A (sky130_fd_sc_hd__clkbuf_4)
    10    0.047521    0.113131    0.168427  625.433899 ^ fanout13/X (sky130_fd_sc_hd__clkbuf_4)
                                                         net13 (net)
                      0.113352    0.004093  625.437988 ^ _182_/RESET_B (sky130_fd_sc_hd__dfrtp_1)
                                            625.437988   data arrival time

                               3125.000000 3125.000000   clock clk_i (rise edge)
                                  0.000000 3125.000000   clock source latency
     1    0.015039    0.055290    0.037517 3125.037598 ^ clk_i (in)
                                                         clk_i (net)
                      0.055306    0.000000 3125.037598 ^ clkbuf_0_clk_i/A (sky130_fd_sc_hd__clkbuf_16)
     4    0.042702    0.047016    0.104592 3125.142090 ^ clkbuf_0_clk_i/X (sky130_fd_sc_hd__clkbuf_16)
                                                         clknet_0_clk_i (net)
                      0.047286    0.002501 3125.144531 ^ clkbuf_2_0__f_clk_i/A (sky130_fd_sc_hd__clkbuf_16)
    11    0.033757    0.040421    0.097089 3125.241699 ^ clkbuf_2_0__f_clk_i/X (sky130_fd_sc_hd__clkbuf_16)
                                                         clknet_2_0__leaf_clk_i (net)
                      0.041014    0.003638 3125.245361 ^ _182_/CLK (sky130_fd_sc_hd__dfrtp_1)
                                 -0.250000 3124.995117   clock uncertainty
                                  0.000000 3124.995117   clock reconvergence pessimism
                                  0.129790 3125.125000   library recovery time
                                           3125.125000   data required time
---------------------------------------------------------------------------------------------
                                           3125.125000   data required time
                                           -625.437988   data arrival time
---------------------------------------------------------------------------------------------
                                           2499.687256   slack (MET)


Startpoint: rst_i (input port clocked by clk_i)
Endpoint: _186_ (recovery check against rising-edge clock clk_i)
Path Group: asynchronous
Path Type: max

Fanout         Cap        Slew       Delay        Time   Description
---------------------------------------------------------------------------------------------
                                  0.000000    0.000000   clock clk_i (rise edge)
                                  0.000000    0.000000   clock network delay (propagated)
                                625.000000  625.000000 ^ input external delay
     1    0.002691    0.013526    0.006992  625.007019 ^ rst_i (in)
                                                         rst_i (net)
                      0.013532    0.000000  625.007019 ^ input2/A (sky130_fd_sc_hd__buf_1)
     2    0.009973    0.092350    0.089415  625.096436 ^ input2/X (sky130_fd_sc_hd__buf_1)
                                                         net2 (net)
                      0.092355    0.000568  625.096985 ^ fanout14/A (sky130_fd_sc_hd__clkbuf_4)
     9    0.049118    0.116535    0.164107  625.261108 ^ fanout14/X (sky130_fd_sc_hd__clkbuf_4)
                                                         net14 (net)
                      0.116782    0.004377  625.265442 ^ fanout13/A (sky130_fd_sc_hd__clkbuf_4)
    10    0.047521    0.113131    0.168427  625.433899 ^ fanout13/X (sky130_fd_sc_hd__clkbuf_4)
                                                         net13 (net)
                      0.113300    0.003581  625.437439 ^ _186_/RESET_B (sky130_fd_sc_hd__dfrtp_1)
                                            625.437439   data arrival time

                               3125.000000 3125.000000   clock clk_i (rise edge)
                                  0.000000 3125.000000   clock source latency
     1    0.015039    0.055290    0.037517 3125.037598 ^ clk_i (in)
                                                         clk_i (net)
                      0.055306    0.000000 3125.037598 ^ clkbuf_0_clk_i/A (sky130_fd_sc_hd__clkbuf_16)
     4    0.042702    0.047016    0.104592 3125.142090 ^ clkbuf_0_clk_i/X (sky130_fd_sc_hd__clkbuf_16)
                                                         clknet_0_clk_i (net)
                      0.047286    0.002501 3125.144531 ^ clkbuf_2_0__f_clk_i/A (sky130_fd_sc_hd__clkbuf_16)
    11    0.033757    0.040421    0.097089 3125.241699 ^ clkbuf_2_0__f_clk_i/X (sky130_fd_sc_hd__clkbuf_16)
                                                         clknet_2_0__leaf_clk_i (net)
                      0.041034    0.003865 3125.245605 ^ _186_/CLK (sky130_fd_sc_hd__dfrtp_1)
                                 -0.250000 3124.995361   clock uncertainty
                                  0.000000 3124.995361   clock reconvergence pessimism
                                  0.129803 3125.125244   library recovery time
                                           3125.125244   data required time
---------------------------------------------------------------------------------------------
                                           3125.125244   data required time
                                           -625.437439   data arrival time
---------------------------------------------------------------------------------------------
                                           2499.687744   slack (MET)


Startpoint: rst_i (input port clocked by clk_i)
Endpoint: _180_ (recovery check against rising-edge clock clk_i)
Path Group: asynchronous
Path Type: max

Fanout         Cap        Slew       Delay        Time   Description
---------------------------------------------------------------------------------------------
                                  0.000000    0.000000   clock clk_i (rise edge)
                                  0.000000    0.000000   clock network delay (propagated)
                                625.000000  625.000000 ^ input external delay
     1    0.002691    0.013526    0.006992  625.007019 ^ rst_i (in)
                                                         rst_i (net)
                      0.013532    0.000000  625.007019 ^ input2/A (sky130_fd_sc_hd__buf_1)
     2    0.009973    0.092350    0.089415  625.096436 ^ input2/X (sky130_fd_sc_hd__buf_1)
                                                         net2 (net)
                      0.092355    0.000568  625.096985 ^ fanout14/A (sky130_fd_sc_hd__clkbuf_4)
     9    0.049118    0.116535    0.164107  625.261108 ^ fanout14/X (sky130_fd_sc_hd__clkbuf_4)
                                                         net14 (net)
                      0.116782    0.004377  625.265442 ^ fanout13/A (sky130_fd_sc_hd__clkbuf_4)
    10    0.047521    0.113131    0.168427  625.433899 ^ fanout13/X (sky130_fd_sc_hd__clkbuf_4)
                                                         net13 (net)
                      0.113156    0.001421  625.435303 ^ _180_/RESET_B (sky130_fd_sc_hd__dfrtp_1)
                                            625.435303   data arrival time

                               3125.000000 3125.000000   clock clk_i (rise edge)
                                  0.000000 3125.000000   clock source latency
     1    0.015039    0.055290    0.037517 3125.037598 ^ clk_i (in)
                                                         clk_i (net)
                      0.055306    0.000000 3125.037598 ^ clkbuf_0_clk_i/A (sky130_fd_sc_hd__clkbuf_16)
     4    0.042702    0.047016    0.104592 3125.142090 ^ clkbuf_0_clk_i/X (sky130_fd_sc_hd__clkbuf_16)
                                                         clknet_0_clk_i (net)
                      0.047286    0.002501 3125.144531 ^ clkbuf_2_0__f_clk_i/A (sky130_fd_sc_hd__clkbuf_16)
    11    0.033757    0.040421    0.097089 3125.241699 ^ clkbuf_2_0__f_clk_i/X (sky130_fd_sc_hd__clkbuf_16)
                                                         clknet_2_0__leaf_clk_i (net)
                      0.041196    0.004320 3125.246094 ^ _180_/CLK (sky130_fd_sc_hd__dfrtp_1)
                                 -0.250000 3124.995850   clock uncertainty
                                  0.000000 3124.995850   clock reconvergence pessimism
                                  0.129855 3125.125732   library recovery time
                                           3125.125732   data required time
---------------------------------------------------------------------------------------------
                                           3125.125732   data required time
                                           -625.435303   data arrival time
---------------------------------------------------------------------------------------------
                                           2499.690430   slack (MET)


Startpoint: rst_i (input port clocked by clk_i)
Endpoint: _183_ (recovery check against rising-edge clock clk_i)
Path Group: asynchronous
Path Type: max

Fanout         Cap        Slew       Delay        Time   Description
---------------------------------------------------------------------------------------------
                                  0.000000    0.000000   clock clk_i (rise edge)
                                  0.000000    0.000000   clock network delay (propagated)
                                625.000000  625.000000 ^ input external delay
     1    0.002691    0.013526    0.006992  625.007019 ^ rst_i (in)
                                                         rst_i (net)
                      0.013532    0.000000  625.007019 ^ input2/A (sky130_fd_sc_hd__buf_1)
     2    0.009973    0.092350    0.089415  625.096436 ^ input2/X (sky130_fd_sc_hd__buf_1)
                                                         net2 (net)
                      0.092355    0.000568  625.096985 ^ fanout14/A (sky130_fd_sc_hd__clkbuf_4)
     9    0.049118    0.116535    0.164107  625.261108 ^ fanout14/X (sky130_fd_sc_hd__clkbuf_4)
                                                         net14 (net)
                      0.116782    0.004377  625.265442 ^ fanout13/A (sky130_fd_sc_hd__clkbuf_4)
    10    0.047521    0.113131    0.168427  625.433899 ^ fanout13/X (sky130_fd_sc_hd__clkbuf_4)
                                                         net13 (net)
                      0.113234    0.002785  625.436646 ^ _183_/RESET_B (sky130_fd_sc_hd__dfrtp_1)
                                            625.436646   data arrival time

                               3125.000000 3125.000000   clock clk_i (rise edge)
                                  0.000000 3125.000000   clock source latency
     1    0.015039    0.055290    0.037517 3125.037598 ^ clk_i (in)
                                                         clk_i (net)
                      0.055306    0.000000 3125.037598 ^ clkbuf_0_clk_i/A (sky130_fd_sc_hd__clkbuf_16)
     4    0.042702    0.047016    0.104592 3125.142090 ^ clkbuf_0_clk_i/X (sky130_fd_sc_hd__clkbuf_16)
                                                         clknet_0_clk_i (net)
                      0.047286    0.002501 3125.144531 ^ clkbuf_2_0__f_clk_i/A (sky130_fd_sc_hd__clkbuf_16)
    11    0.033757    0.040421    0.097089 3125.241699 ^ clkbuf_2_0__f_clk_i/X (sky130_fd_sc_hd__clkbuf_16)
                                                         clknet_2_0__leaf_clk_i (net)
                      0.041107    0.004093 3125.245850 ^ _183_/CLK (sky130_fd_sc_hd__dfrtp_1)
                                 -0.250000 3124.995605   clock uncertainty
                                  0.000000 3124.995605   clock reconvergence pessimism
                                  0.129826 3125.125488   library recovery time
                                           3125.125488   data required time
---------------------------------------------------------------------------------------------
                                           3125.125488   data required time
                                           -625.436646   data arrival time
---------------------------------------------------------------------------------------------
                                           2499.688965   slack (MET)


Startpoint: rst_i (input port clocked by clk_i)
Endpoint: _184_ (recovery check against rising-edge clock clk_i)
Path Group: asynchronous
Path Type: max

Fanout         Cap        Slew       Delay        Time   Description
---------------------------------------------------------------------------------------------
                                  0.000000    0.000000   clock clk_i (rise edge)
                                  0.000000    0.000000   clock network delay (propagated)
                                625.000000  625.000000 ^ input external delay
     1    0.002691    0.013526    0.006992  625.007019 ^ rst_i (in)
                                                         rst_i (net)
                      0.013532    0.000000  625.007019 ^ input2/A (sky130_fd_sc_hd__buf_1)
     2    0.009973    0.092350    0.089415  625.096436 ^ input2/X (sky130_fd_sc_hd__buf_1)
                                                         net2 (net)
                      0.092355    0.000568  625.096985 ^ fanout14/A (sky130_fd_sc_hd__clkbuf_4)
     9    0.049118    0.116535    0.164107  625.261108 ^ fanout14/X (sky130_fd_sc_hd__clkbuf_4)
                                                         net14 (net)
                      0.116782    0.004377  625.265442 ^ fanout13/A (sky130_fd_sc_hd__clkbuf_4)
    10    0.047521    0.113131    0.168427  625.433899 ^ fanout13/X (sky130_fd_sc_hd__clkbuf_4)
                                                         net13 (net)
                      0.113288    0.003467  625.437378 ^ _184_/RESET_B (sky130_fd_sc_hd__dfrtp_1)
                                            625.437378   data arrival time

                               3125.000000 3125.000000   clock clk_i (rise edge)
                                  0.000000 3125.000000   clock source latency
     1    0.015039    0.055290    0.037517 3125.037598 ^ clk_i (in)
                                                         clk_i (net)
                      0.055306    0.000000 3125.037598 ^ clkbuf_0_clk_i/A (sky130_fd_sc_hd__clkbuf_16)
     4    0.042702    0.047016    0.104592 3125.142090 ^ clkbuf_0_clk_i/X (sky130_fd_sc_hd__clkbuf_16)
                                                         clknet_0_clk_i (net)
                      0.047286    0.002501 3125.144531 ^ clkbuf_2_0__f_clk_i/A (sky130_fd_sc_hd__clkbuf_16)
    11    0.033757    0.040421    0.097089 3125.241699 ^ clkbuf_2_0__f_clk_i/X (sky130_fd_sc_hd__clkbuf_16)
                                                         clknet_2_0__leaf_clk_i (net)
                      0.041173    0.004320 3125.246094 ^ _184_/CLK (sky130_fd_sc_hd__dfrtp_1)
                                 -0.250000 3124.995850   clock uncertainty
                                  0.000000 3124.995850   clock reconvergence pessimism
                                  0.129826 3125.125732   library recovery time
                                           3125.125732   data required time
---------------------------------------------------------------------------------------------
                                           3125.125732   data required time
                                           -625.437378   data arrival time
---------------------------------------------------------------------------------------------
                                           2499.688477   slack (MET)


Startpoint: rst_i (input port clocked by clk_i)
Endpoint: _187_ (recovery check against rising-edge clock clk_i)
Path Group: asynchronous
Path Type: max

Fanout         Cap        Slew       Delay        Time   Description
---------------------------------------------------------------------------------------------
                                  0.000000    0.000000   clock clk_i (rise edge)
                                  0.000000    0.000000   clock network delay (propagated)
                                625.000000  625.000000 ^ input external delay
     1    0.002691    0.013526    0.006992  625.007019 ^ rst_i (in)
                                                         rst_i (net)
                      0.013532    0.000000  625.007019 ^ input2/A (sky130_fd_sc_hd__buf_1)
     2    0.009973    0.092350    0.089415  625.096436 ^ input2/X (sky130_fd_sc_hd__buf_1)
                                                         net2 (net)
                      0.092355    0.000568  625.096985 ^ fanout14/A (sky130_fd_sc_hd__clkbuf_4)
     9    0.049118    0.116535    0.164107  625.261108 ^ fanout14/X (sky130_fd_sc_hd__clkbuf_4)
                                                         net14 (net)
                      0.116782    0.004377  625.265442 ^ fanout13/A (sky130_fd_sc_hd__clkbuf_4)
    10    0.047521    0.113131    0.168427  625.433899 ^ fanout13/X (sky130_fd_sc_hd__clkbuf_4)
                                                         net13 (net)
                      0.113290    0.003467  625.437378 ^ _187_/RESET_B (sky130_fd_sc_hd__dfrtp_1)
                                            625.437378   data arrival time

                               3125.000000 3125.000000   clock clk_i (rise edge)
                                  0.000000 3125.000000   clock source latency
     1    0.015039    0.055290    0.037517 3125.037598 ^ clk_i (in)
                                                         clk_i (net)
                      0.055306    0.000000 3125.037598 ^ clkbuf_0_clk_i/A (sky130_fd_sc_hd__clkbuf_16)
     4    0.042702    0.047016    0.104592 3125.142090 ^ clkbuf_0_clk_i/X (sky130_fd_sc_hd__clkbuf_16)
                                                         clknet_0_clk_i (net)
                      0.047286    0.002501 3125.144531 ^ clkbuf_2_0__f_clk_i/A (sky130_fd_sc_hd__clkbuf_16)
    11    0.033757    0.040421    0.097089 3125.241699 ^ clkbuf_2_0__f_clk_i/X (sky130_fd_sc_hd__clkbuf_16)
                                                         clknet_2_0__leaf_clk_i (net)
                      0.041061    0.003865 3125.245605 ^ _187_/CLK (sky130_fd_sc_hd__dfrtp_1)
                                 -0.250000 3124.995361   clock uncertainty
                                  0.000000 3124.995361   clock reconvergence pessimism
                                  0.129809 3125.125244   library recovery time
                                           3125.125244   data required time
---------------------------------------------------------------------------------------------
                                           3125.125244   data required time
                                           -625.437378   data arrival time
---------------------------------------------------------------------------------------------
                                           2499.687988   slack (MET)


Startpoint: rst_i (input port clocked by clk_i)
Endpoint: _179_ (recovery check against rising-edge clock clk_i)
Path Group: asynchronous
Path Type: max

Fanout         Cap        Slew       Delay        Time   Description
---------------------------------------------------------------------------------------------
                                  0.000000    0.000000   clock clk_i (rise edge)
                                  0.000000    0.000000   clock network delay (propagated)
                                625.000000  625.000000 ^ input external delay
     1    0.002691    0.013526    0.006992  625.007019 ^ rst_i (in)
                                                         rst_i (net)
                      0.013532    0.000000  625.007019 ^ input2/A (sky130_fd_sc_hd__buf_1)
     2    0.009973    0.092350    0.089415  625.096436 ^ input2/X (sky130_fd_sc_hd__buf_1)
                                                         net2 (net)
                      0.092355    0.000568  625.096985 ^ fanout14/A (sky130_fd_sc_hd__clkbuf_4)
     9    0.049118    0.116535    0.164107  625.261108 ^ fanout14/X (sky130_fd_sc_hd__clkbuf_4)
                                                         net14 (net)
                      0.116782    0.004377  625.265442 ^ fanout13/A (sky130_fd_sc_hd__clkbuf_4)
    10    0.047521    0.113131    0.168427  625.433899 ^ fanout13/X (sky130_fd_sc_hd__clkbuf_4)
                                                         net13 (net)
                      0.113156    0.001421  625.435303 ^ _179_/RESET_B (sky130_fd_sc_hd__dfrtp_1)
                                            625.435303   data arrival time

                               3125.000000 3125.000000   clock clk_i (rise edge)
                                  0.000000 3125.000000   clock source latency
     1    0.015039    0.055290    0.037517 3125.037598 ^ clk_i (in)
                                                         clk_i (net)
                      0.055306    0.000000 3125.037598 ^ clkbuf_0_clk_i/A (sky130_fd_sc_hd__clkbuf_16)
     4    0.042702    0.047016    0.104592 3125.142090 ^ clkbuf_0_clk_i/X (sky130_fd_sc_hd__clkbuf_16)
                                                         clknet_0_clk_i (net)
                      0.047286    0.002501 3125.144531 ^ clkbuf_2_0__f_clk_i/A (sky130_fd_sc_hd__clkbuf_16)
    11    0.033757    0.040421    0.097089 3125.241699 ^ clkbuf_2_0__f_clk_i/X (sky130_fd_sc_hd__clkbuf_16)
                                                         clknet_2_0__leaf_clk_i (net)
                      0.041214    0.004547 3125.246338 ^ _179_/CLK (sky130_fd_sc_hd__dfrtp_1)
                                 -0.250000 3124.996094   clock uncertainty
                                  0.000000 3124.996094   clock reconvergence pessimism
                                  0.129857 3125.125977   library recovery time
                                           3125.125977   data required time
---------------------------------------------------------------------------------------------
                                           3125.125977   data required time
                                           -625.435303   data arrival time
---------------------------------------------------------------------------------------------
                                           2499.690674   slack (MET)


Startpoint: wr_i (input port clocked by clk_i)
Endpoint: _171_ (rising edge-triggered flip-flop clocked by clk_i)
Path Group: clk_i
Path Type: max

Fanout         Cap        Slew       Delay        Time   Description
---------------------------------------------------------------------------------------------
                                  0.000000    0.000000   clock clk_i (rise edge)
                                  0.000000    0.000000   clock network delay (propagated)
                                625.000000  625.000000 ^ input external delay
     1    0.002826    0.014010    0.007333  625.007324 ^ wr_i (in)
                                                         wr_i (net)
                      0.014012    0.000000  625.007324 ^ input3/A (sky130_fd_sc_hd__buf_1)
     4    0.017635    0.157671    0.133696  625.141052 ^ input3/X (sky130_fd_sc_hd__buf_1)
                                                         net3 (net)
                      0.157682    0.001080  625.142090 ^ _171_/D (sky130_fd_sc_hd__dfrtp_1)
                                            625.142090   data arrival time

                               3125.000000 3125.000000   clock clk_i (rise edge)
                                  0.000000 3125.000000   clock source latency
     1    0.015039    0.055290    0.037517 3125.037598 ^ clk_i (in)
                                                         clk_i (net)
                      0.055306    0.000000 3125.037598 ^ clkbuf_0_clk_i/A (sky130_fd_sc_hd__clkbuf_16)
     4    0.042702    0.047016    0.104592 3125.142090 ^ clkbuf_0_clk_i/X (sky130_fd_sc_hd__clkbuf_16)
                                                         clknet_0_clk_i (net)
                      0.047259    0.002501 3125.144531 ^ clkbuf_2_2__f_clk_i/A (sky130_fd_sc_hd__clkbuf_16)
    11    0.032167    0.039536    0.096406 3125.240967 ^ clkbuf_2_2__f_clk_i/X (sky130_fd_sc_hd__clkbuf_16)
                                                         clknet_2_2__leaf_clk_i (net)
                      0.039701    0.002046 3125.243164 ^ _171_/CLK (sky130_fd_sc_hd__dfrtp_1)
                                 -0.250000 3124.992920   clock uncertainty
                                  0.000000 3124.992920   clock reconvergence pessimism
                                 -0.045481 3124.947510   library setup time
                                           3124.947510   data required time
---------------------------------------------------------------------------------------------
                                           3124.947510   data required time
                                           -625.142090   data arrival time
---------------------------------------------------------------------------------------------
                                           2499.805420   slack (MET)


Startpoint: rst_i (input port clocked by clk_i)
Endpoint: _166_ (recovery check against rising-edge clock clk_i)
Path Group: asynchronous
Path Type: max

Fanout         Cap        Slew       Delay        Time   Description
---------------------------------------------------------------------------------------------
                                  0.000000    0.000000   clock clk_i (rise edge)
                                  0.000000    0.000000   clock network delay (propagated)
                                625.000000  625.000000 ^ input external delay
     1    0.002691    0.013526    0.006992  625.007019 ^ rst_i (in)
                                                         rst_i (net)
                      0.013532    0.000000  625.007019 ^ input2/A (sky130_fd_sc_hd__buf_1)
     2    0.009973    0.092350    0.089415  625.096436 ^ input2/X (sky130_fd_sc_hd__buf_1)
                                                         net2 (net)
                      0.092357    0.000682  625.097107 ^ fanout16/A (sky130_fd_sc_hd__buf_2)
     8    0.040453    0.150385    0.165528  625.262634 ^ fanout16/X (sky130_fd_sc_hd__buf_2)
                                                         net16 (net)
                      0.150538    0.003922  625.266541 ^ _166_/RESET_B (sky130_fd_sc_hd__dfrtp_1)
                                            625.266541   data arrival time

                               3125.000000 3125.000000   clock clk_i (rise edge)
                                  0.000000 3125.000000   clock source latency
     1    0.015039    0.055290    0.037517 3125.037598 ^ clk_i (in)
                                                         clk_i (net)
                      0.055306    0.000000 3125.037598 ^ clkbuf_0_clk_i/A (sky130_fd_sc_hd__clkbuf_16)
     4    0.042702    0.047016    0.104592 3125.142090 ^ clkbuf_0_clk_i/X (sky130_fd_sc_hd__clkbuf_16)
                                                         clknet_0_clk_i (net)
                      0.047237    0.002274 3125.144287 ^ clkbuf_2_3__f_clk_i/A (sky130_fd_sc_hd__clkbuf_16)
     7    0.029959    0.038260    0.095497 3125.239990 ^ clkbuf_2_3__f_clk_i/X (sky130_fd_sc_hd__clkbuf_16)
                                                         clknet_2_3__leaf_clk_i (net)
                      0.038276    0.000682 3125.240479 ^ _166_/CLK (sky130_fd_sc_hd__dfrtp_1)
                                 -0.250000 3124.990479   clock uncertainty
                                  0.000000 3124.990479   clock reconvergence pessimism
                                  0.122426 3125.112793   library recovery time
                                           3125.112793   data required time
---------------------------------------------------------------------------------------------
                                           3125.112793   data required time
                                           -625.266541   data arrival time
---------------------------------------------------------------------------------------------
                                           2499.846191   slack (MET)


Startpoint: rst_i (input port clocked by clk_i)
Endpoint: _167_ (recovery check against rising-edge clock clk_i)
Path Group: asynchronous
Path Type: max

Fanout         Cap        Slew       Delay        Time   Description
---------------------------------------------------------------------------------------------
                                  0.000000    0.000000   clock clk_i (rise edge)
                                  0.000000    0.000000   clock network delay (propagated)
                                625.000000  625.000000 ^ input external delay
     1    0.002691    0.013526    0.006992  625.007019 ^ rst_i (in)
                                                         rst_i (net)
                      0.013532    0.000000  625.007019 ^ input2/A (sky130_fd_sc_hd__buf_1)
     2    0.009973    0.092350    0.089415  625.096436 ^ input2/X (sky130_fd_sc_hd__buf_1)
                                                         net2 (net)
                      0.092357    0.000682  625.097107 ^ fanout16/A (sky130_fd_sc_hd__buf_2)
     8    0.040453    0.150385    0.165528  625.262634 ^ fanout16/X (sky130_fd_sc_hd__buf_2)
                                                         net16 (net)
                      0.150442    0.002444  625.265076 ^ _167_/RESET_B (sky130_fd_sc_hd__dfrtp_1)
                                            625.265076   data arrival time

                               3125.000000 3125.000000   clock clk_i (rise edge)
                                  0.000000 3125.000000   clock source latency
     1    0.015039    0.055290    0.037517 3125.037598 ^ clk_i (in)
                                                         clk_i (net)
                      0.055306    0.000000 3125.037598 ^ clkbuf_0_clk_i/A (sky130_fd_sc_hd__clkbuf_16)
     4    0.042702    0.047016    0.104592 3125.142090 ^ clkbuf_0_clk_i/X (sky130_fd_sc_hd__clkbuf_16)
                                                         clknet_0_clk_i (net)
                      0.047237    0.002274 3125.144287 ^ clkbuf_2_3__f_clk_i/A (sky130_fd_sc_hd__clkbuf_16)
     7    0.029959    0.038260    0.095497 3125.239990 ^ clkbuf_2_3__f_clk_i/X (sky130_fd_sc_hd__clkbuf_16)
                                                         clknet_2_3__leaf_clk_i (net)
                      0.038395    0.001592 3125.241455 ^ _167_/CLK (sky130_fd_sc_hd__dfrtp_1)
                                 -0.250000 3124.991455   clock uncertainty
                                  0.000000 3124.991455   clock reconvergence pessimism
                                  0.122462 3125.114014   library recovery time
                                           3125.114014   data required time
---------------------------------------------------------------------------------------------
                                           3125.114014   data required time
                                           -625.265076   data arrival time
---------------------------------------------------------------------------------------------
                                           2499.848877   slack (MET)


Startpoint: rst_i (input port clocked by clk_i)
Endpoint: _189_ (recovery check against rising-edge clock clk_i)
Path Group: asynchronous
Path Type: max

Fanout         Cap        Slew       Delay        Time   Description
---------------------------------------------------------------------------------------------
                                  0.000000    0.000000   clock clk_i (rise edge)
                                  0.000000    0.000000   clock network delay (propagated)
                                625.000000  625.000000 ^ input external delay
     1    0.002691    0.013526    0.006992  625.007019 ^ rst_i (in)
                                                         rst_i (net)
                      0.013532    0.000000  625.007019 ^ input2/A (sky130_fd_sc_hd__buf_1)
     2    0.009973    0.092350    0.089415  625.096436 ^ input2/X (sky130_fd_sc_hd__buf_1)
                                                         net2 (net)
                      0.092357    0.000682  625.097107 ^ fanout16/A (sky130_fd_sc_hd__buf_2)
     8    0.040453    0.150385    0.165528  625.262634 ^ fanout16/X (sky130_fd_sc_hd__buf_2)
                                                         net16 (net)
                      0.150636    0.005059  625.267700 ^ _189_/RESET_B (sky130_fd_sc_hd__dfrtp_1)
                                            625.267700   data arrival time

                               3125.000000 3125.000000   clock clk_i (rise edge)
                                  0.000000 3125.000000   clock source latency
     1    0.015039    0.055290    0.037517 3125.037598 ^ clk_i (in)
                                                         clk_i (net)
                      0.055306    0.000000 3125.037598 ^ clkbuf_0_clk_i/A (sky130_fd_sc_hd__clkbuf_16)
     4    0.042702    0.047016    0.104592 3125.142090 ^ clkbuf_0_clk_i/X (sky130_fd_sc_hd__clkbuf_16)
                                                         clknet_0_clk_i (net)
                      0.047259    0.002501 3125.144531 ^ clkbuf_2_2__f_clk_i/A (sky130_fd_sc_hd__clkbuf_16)
    11    0.032167    0.039536    0.096406 3125.240967 ^ clkbuf_2_2__f_clk_i/X (sky130_fd_sc_hd__clkbuf_16)
                                                         clknet_2_2__leaf_clk_i (net)
                      0.039718    0.002046 3125.243164 ^ _189_/CLK (sky130_fd_sc_hd__dfrtp_1)
                                 -0.250000 3124.992920   clock uncertainty
                                  0.000000 3124.992920   clock reconvergence pessimism
                                  0.122631 3125.115479   library recovery time
                                           3125.115479   data required time
---------------------------------------------------------------------------------------------
                                           3125.115479   data required time
                                           -625.267700   data arrival time
---------------------------------------------------------------------------------------------
                                           2499.847900   slack (MET)


Startpoint: rst_i (input port clocked by clk_i)
Endpoint: _190_ (recovery check against rising-edge clock clk_i)
Path Group: asynchronous
Path Type: max

Fanout         Cap        Slew       Delay        Time   Description
---------------------------------------------------------------------------------------------
                                  0.000000    0.000000   clock clk_i (rise edge)
                                  0.000000    0.000000   clock network delay (propagated)
                                625.000000  625.000000 ^ input external delay
     1    0.002691    0.013526    0.006992  625.007019 ^ rst_i (in)
                                                         rst_i (net)
                      0.013532    0.000000  625.007019 ^ input2/A (sky130_fd_sc_hd__buf_1)
     2    0.009973    0.092350    0.089415  625.096436 ^ input2/X (sky130_fd_sc_hd__buf_1)
                                                         net2 (net)
                      0.092357    0.000682  625.097107 ^ fanout16/A (sky130_fd_sc_hd__buf_2)
     8    0.040453    0.150385    0.165528  625.262634 ^ fanout16/X (sky130_fd_sc_hd__buf_2)
                                                         net16 (net)
                      0.150642    0.005116  625.267761 ^ _190_/RESET_B (sky130_fd_sc_hd__dfrtp_1)
                                            625.267761   data arrival time

                               3125.000000 3125.000000   clock clk_i (rise edge)
                                  0.000000 3125.000000   clock source latency
     1    0.015039    0.055290    0.037517 3125.037598 ^ clk_i (in)
                                                         clk_i (net)
                      0.055306    0.000000 3125.037598 ^ clkbuf_0_clk_i/A (sky130_fd_sc_hd__clkbuf_16)
     4    0.042702    0.047016    0.104592 3125.142090 ^ clkbuf_0_clk_i/X (sky130_fd_sc_hd__clkbuf_16)
                                                         clknet_0_clk_i (net)
                      0.047259    0.002501 3125.144531 ^ clkbuf_2_2__f_clk_i/A (sky130_fd_sc_hd__clkbuf_16)
    11    0.032167    0.039536    0.096406 3125.240967 ^ clkbuf_2_2__f_clk_i/X (sky130_fd_sc_hd__clkbuf_16)
                                                         clknet_2_2__leaf_clk_i (net)
                      0.039760    0.002274 3125.243408 ^ _190_/CLK (sky130_fd_sc_hd__dfrtp_1)
                                 -0.250000 3124.993164   clock uncertainty
                                  0.000000 3124.993164   clock reconvergence pessimism
                                  0.122636 3125.115723   library recovery time
                                           3125.115723   data required time
---------------------------------------------------------------------------------------------
                                           3125.115723   data required time
                                           -625.267761   data arrival time
---------------------------------------------------------------------------------------------
                                           2499.848145   slack (MET)


Startpoint: rst_i (input port clocked by clk_i)
Endpoint: _191_ (recovery check against rising-edge clock clk_i)
Path Group: asynchronous
Path Type: max

Fanout         Cap        Slew       Delay        Time   Description
---------------------------------------------------------------------------------------------
                                  0.000000    0.000000   clock clk_i (rise edge)
                                  0.000000    0.000000   clock network delay (propagated)
                                625.000000  625.000000 ^ input external delay
     1    0.002691    0.013526    0.006992  625.007019 ^ rst_i (in)
                                                         rst_i (net)
                      0.013532    0.000000  625.007019 ^ input2/A (sky130_fd_sc_hd__buf_1)
     2    0.009973    0.092350    0.089415  625.096436 ^ input2/X (sky130_fd_sc_hd__buf_1)
                                                         net2 (net)
                      0.092357    0.000682  625.097107 ^ fanout16/A (sky130_fd_sc_hd__buf_2)
     8    0.040453    0.150385    0.165528  625.262634 ^ fanout16/X (sky130_fd_sc_hd__buf_2)
                                                         net16 (net)
                      0.150643    0.005116  625.267761 ^ _191_/RESET_B (sky130_fd_sc_hd__dfrtp_1)
                                            625.267761   data arrival time

                               3125.000000 3125.000000   clock clk_i (rise edge)
                                  0.000000 3125.000000   clock source latency
     1    0.015039    0.055290    0.037517 3125.037598 ^ clk_i (in)
                                                         clk_i (net)
                      0.055306    0.000000 3125.037598 ^ clkbuf_0_clk_i/A (sky130_fd_sc_hd__clkbuf_16)
     4    0.042702    0.047016    0.104592 3125.142090 ^ clkbuf_0_clk_i/X (sky130_fd_sc_hd__clkbuf_16)
                                                         clknet_0_clk_i (net)
                      0.047259    0.002501 3125.144531 ^ clkbuf_2_2__f_clk_i/A (sky130_fd_sc_hd__clkbuf_16)
    11    0.032167    0.039536    0.096406 3125.240967 ^ clkbuf_2_2__f_clk_i/X (sky130_fd_sc_hd__clkbuf_16)
                                                         clknet_2_2__leaf_clk_i (net)
                      0.039767    0.002501 3125.243408 ^ _191_/CLK (sky130_fd_sc_hd__dfrtp_1)
                                 -0.250000 3124.993408   clock uncertainty
                                  0.000000 3124.993408   clock reconvergence pessimism
                                  0.122637 3125.115967   library recovery time
                                           3125.115967   data required time
---------------------------------------------------------------------------------------------
                                           3125.115967   data required time
                                           -625.267761   data arrival time
---------------------------------------------------------------------------------------------
                                           2499.848145   slack (MET)


Startpoint: rst_i (input port clocked by clk_i)
Endpoint: _194_ (recovery check against rising-edge clock clk_i)
Path Group: asynchronous
Path Type: max

Fanout         Cap        Slew       Delay        Time   Description
---------------------------------------------------------------------------------------------
                                  0.000000    0.000000   clock clk_i (rise edge)
                                  0.000000    0.000000   clock network delay (propagated)
                                625.000000  625.000000 ^ input external delay
     1    0.002691    0.013526    0.006992  625.007019 ^ rst_i (in)
                                                         rst_i (net)
                      0.013532    0.000000  625.007019 ^ input2/A (sky130_fd_sc_hd__buf_1)
     2    0.009973    0.092350    0.089415  625.096436 ^ input2/X (sky130_fd_sc_hd__buf_1)
                                                         net2 (net)
                      0.092357    0.000682  625.097107 ^ fanout16/A (sky130_fd_sc_hd__buf_2)
     8    0.040453    0.150385    0.165528  625.262634 ^ fanout16/X (sky130_fd_sc_hd__buf_2)
                                                         net16 (net)
                      0.150579    0.004434  625.267029 ^ _194_/RESET_B (sky130_fd_sc_hd__dfrtp_1)
                                            625.267029   data arrival time

                               3125.000000 3125.000000   clock clk_i (rise edge)
                                  0.000000 3125.000000   clock source latency
     1    0.015039    0.055290    0.037517 3125.037598 ^ clk_i (in)
                                                         clk_i (net)
                      0.055306    0.000000 3125.037598 ^ clkbuf_0_clk_i/A (sky130_fd_sc_hd__clkbuf_16)
     4    0.042702    0.047016    0.104592 3125.142090 ^ clkbuf_0_clk_i/X (sky130_fd_sc_hd__clkbuf_16)
                                                         clknet_0_clk_i (net)
                      0.047237    0.002274 3125.144287 ^ clkbuf_2_3__f_clk_i/A (sky130_fd_sc_hd__clkbuf_16)
     7    0.029959    0.038260    0.095497 3125.239990 ^ clkbuf_2_3__f_clk_i/X (sky130_fd_sc_hd__clkbuf_16)
                                                         clknet_2_3__leaf_clk_i (net)
                      0.038310    0.001137 3125.240967 ^ _194_/CLK (sky130_fd_sc_hd__dfrtp_1)
                                 -0.250000 3124.990967   clock uncertainty
                                  0.000000 3124.990967   clock reconvergence pessimism
                                  0.122423 3125.113281   library recovery time
                                           3125.113281   data required time
---------------------------------------------------------------------------------------------
                                           3125.113281   data required time
                                           -625.267029   data arrival time
---------------------------------------------------------------------------------------------
                                           2499.846191   slack (MET)


Startpoint: rst_i (input port clocked by clk_i)
Endpoint: _196_ (recovery check against rising-edge clock clk_i)
Path Group: asynchronous
Path Type: max

Fanout         Cap        Slew       Delay        Time   Description
---------------------------------------------------------------------------------------------
                                  0.000000    0.000000   clock clk_i (rise edge)
                                  0.000000    0.000000   clock network delay (propagated)
                                625.000000  625.000000 ^ input external delay
     1    0.002691    0.013526    0.006992  625.007019 ^ rst_i (in)
                                                         rst_i (net)
                      0.013532    0.000000  625.007019 ^ input2/A (sky130_fd_sc_hd__buf_1)
     2    0.009973    0.092350    0.089415  625.096436 ^ input2/X (sky130_fd_sc_hd__buf_1)
                                                         net2 (net)
                      0.092357    0.000682  625.097107 ^ fanout16/A (sky130_fd_sc_hd__buf_2)
     8    0.040453    0.150385    0.165528  625.262634 ^ fanout16/X (sky130_fd_sc_hd__buf_2)
                                                         net16 (net)
                      0.150582    0.004491  625.267090 ^ _196_/RESET_B (sky130_fd_sc_hd__dfrtp_1)
                                            625.267090   data arrival time

                               3125.000000 3125.000000   clock clk_i (rise edge)
                                  0.000000 3125.000000   clock source latency
     1    0.015039    0.055290    0.037517 3125.037598 ^ clk_i (in)
                                                         clk_i (net)
                      0.055306    0.000000 3125.037598 ^ clkbuf_0_clk_i/A (sky130_fd_sc_hd__clkbuf_16)
     4    0.042702    0.047016    0.104592 3125.142090 ^ clkbuf_0_clk_i/X (sky130_fd_sc_hd__clkbuf_16)
                                                         clknet_0_clk_i (net)
                      0.047237    0.002274 3125.144287 ^ clkbuf_2_3__f_clk_i/A (sky130_fd_sc_hd__clkbuf_16)
     7    0.029959    0.038260    0.095497 3125.239990 ^ clkbuf_2_3__f_clk_i/X (sky130_fd_sc_hd__clkbuf_16)
                                                         clknet_2_3__leaf_clk_i (net)
                      0.038285    0.000909 3125.240723 ^ _196_/CLK (sky130_fd_sc_hd__dfrtp_1)
                                 -0.250000 3124.990723   clock uncertainty
                                  0.000000 3124.990723   clock reconvergence pessimism
                                  0.122419 3125.113037   library recovery time
                                           3125.113037   data required time
---------------------------------------------------------------------------------------------
                                           3125.113037   data required time
                                           -625.267090   data arrival time
---------------------------------------------------------------------------------------------
                                           2499.845947   slack (MET)


Startpoint: rst_i (input port clocked by clk_i)
Endpoint: _169_ (recovery check against rising-edge clock clk_i)
Path Group: asynchronous
Path Type: max

Fanout         Cap        Slew       Delay        Time   Description
---------------------------------------------------------------------------------------------
                                  0.000000    0.000000   clock clk_i (rise edge)
                                  0.000000    0.000000   clock network delay (propagated)
                                625.000000  625.000000 ^ input external delay
     1    0.002691    0.013526    0.006992  625.007019 ^ rst_i (in)
                                                         rst_i (net)
                      0.013532    0.000000  625.007019 ^ input2/A (sky130_fd_sc_hd__buf_1)
     2    0.009973    0.092350    0.089415  625.096436 ^ input2/X (sky130_fd_sc_hd__buf_1)
                                                         net2 (net)
                      0.092355    0.000568  625.096985 ^ fanout14/A (sky130_fd_sc_hd__clkbuf_4)
     9    0.049118    0.116535    0.164107  625.261108 ^ fanout14/X (sky130_fd_sc_hd__clkbuf_4)
                                                         net14 (net)
                      0.116820    0.004661  625.265747 ^ _169_/RESET_B (sky130_fd_sc_hd__dfrtp_1)
                                            625.265747   data arrival time

                               3125.000000 3125.000000   clock clk_i (rise edge)
                                  0.000000 3125.000000   clock source latency
     1    0.015039    0.055290    0.037517 3125.037598 ^ clk_i (in)
                                                         clk_i (net)
                      0.055306    0.000000 3125.037598 ^ clkbuf_0_clk_i/A (sky130_fd_sc_hd__clkbuf_16)
     4    0.042702    0.047016    0.104592 3125.142090 ^ clkbuf_0_clk_i/X (sky130_fd_sc_hd__clkbuf_16)
                                                         clknet_0_clk_i (net)
                      0.047259    0.002501 3125.144531 ^ clkbuf_2_1__f_clk_i/A (sky130_fd_sc_hd__clkbuf_16)
     9    0.033405    0.040519    0.097543 3125.242188 ^ clkbuf_2_1__f_clk_i/X (sky130_fd_sc_hd__clkbuf_16)
                                                         clknet_2_1__leaf_clk_i (net)
                      0.040581    0.001592 3125.243652 ^ _169_/CLK (sky130_fd_sc_hd__dfrtp_1)
                                 -0.250000 3124.993652   clock uncertainty
                                  0.000000 3124.993652   clock reconvergence pessimism
                                  0.129077 3125.122803   library recovery time
                                           3125.122803   data required time
---------------------------------------------------------------------------------------------
                                           3125.122803   data required time
                                           -625.265747   data arrival time
---------------------------------------------------------------------------------------------
                                           2499.856934   slack (MET)


Startpoint: rst_i (input port clocked by clk_i)
Endpoint: _170_ (recovery check against rising-edge clock clk_i)
Path Group: asynchronous
Path Type: max

Fanout         Cap        Slew       Delay        Time   Description
---------------------------------------------------------------------------------------------
                                  0.000000    0.000000   clock clk_i (rise edge)
                                  0.000000    0.000000   clock network delay (propagated)
                                625.000000  625.000000 ^ input external delay
     1    0.002691    0.013526    0.006992  625.007019 ^ rst_i (in)
                                                         rst_i (net)
                      0.013532    0.000000  625.007019 ^ input2/A (sky130_fd_sc_hd__buf_1)
     2    0.009973    0.092350    0.089415  625.096436 ^ input2/X (sky130_fd_sc_hd__buf_1)
                                                         net2 (net)
                      0.092355    0.000568  625.096985 ^ fanout14/A (sky130_fd_sc_hd__clkbuf_4)
     9    0.049118    0.116535    0.164107  625.261108 ^ fanout14/X (sky130_fd_sc_hd__clkbuf_4)
                                                         net14 (net)
                      0.116561    0.001478  625.262573 ^ _170_/RESET_B (sky130_fd_sc_hd__dfrtp_1)
                                            625.262573   data arrival time

                               3125.000000 3125.000000   clock clk_i (rise edge)
                                  0.000000 3125.000000   clock source latency
     1    0.015039    0.055290    0.037517 3125.037598 ^ clk_i (in)
                                                         clk_i (net)
                      0.055306    0.000000 3125.037598 ^ clkbuf_0_clk_i/A (sky130_fd_sc_hd__clkbuf_16)
     4    0.042702    0.047016    0.104592 3125.142090 ^ clkbuf_0_clk_i/X (sky130_fd_sc_hd__clkbuf_16)
                                                         clknet_0_clk_i (net)
                      0.047259    0.002501 3125.144531 ^ clkbuf_2_1__f_clk_i/A (sky130_fd_sc_hd__clkbuf_16)
     9    0.033405    0.040519    0.097543 3125.242188 ^ clkbuf_2_1__f_clk_i/X (sky130_fd_sc_hd__clkbuf_16)
                                                         clknet_2_1__leaf_clk_i (net)
                      0.040567    0.001592 3125.243652 ^ _170_/CLK (sky130_fd_sc_hd__dfrtp_1)
                                 -0.250000 3124.993652   clock uncertainty
                                  0.000000 3124.993652   clock reconvergence pessimism
                                  0.129123 3125.122803   library recovery time
                                           3125.122803   data required time
---------------------------------------------------------------------------------------------
                                           3125.122803   data required time
                                           -625.262573   data arrival time
---------------------------------------------------------------------------------------------
                                           2499.860107   slack (MET)


Startpoint: rst_i (input port clocked by clk_i)
Endpoint: _173_ (recovery check against rising-edge clock clk_i)
Path Group: asynchronous
Path Type: max

Fanout         Cap        Slew       Delay        Time   Description
---------------------------------------------------------------------------------------------
                                  0.000000    0.000000   clock clk_i (rise edge)
                                  0.000000    0.000000   clock network delay (propagated)
                                625.000000  625.000000 ^ input external delay
     1    0.002691    0.013526    0.006992  625.007019 ^ rst_i (in)
                                                         rst_i (net)
                      0.013532    0.000000  625.007019 ^ input2/A (sky130_fd_sc_hd__buf_1)
     2    0.009973    0.092350    0.089415  625.096436 ^ input2/X (sky130_fd_sc_hd__buf_1)
                                                         net2 (net)
                      0.092355    0.000568  625.096985 ^ fanout14/A (sky130_fd_sc_hd__clkbuf_4)
     9    0.049118    0.116535    0.164107  625.261108 ^ fanout14/X (sky130_fd_sc_hd__clkbuf_4)
                                                         net14 (net)
                      0.116625    0.002672  625.263733 ^ _173_/RESET_B (sky130_fd_sc_hd__dfrtp_1)
                                            625.263733   data arrival time

                               3125.000000 3125.000000   clock clk_i (rise edge)
                                  0.000000 3125.000000   clock source latency
     1    0.015039    0.055290    0.037517 3125.037598 ^ clk_i (in)
                                                         clk_i (net)
                      0.055306    0.000000 3125.037598 ^ clkbuf_0_clk_i/A (sky130_fd_sc_hd__clkbuf_16)
     4    0.042702    0.047016    0.104592 3125.142090 ^ clkbuf_0_clk_i/X (sky130_fd_sc_hd__clkbuf_16)
                                                         clknet_0_clk_i (net)
                      0.047259    0.002501 3125.144531 ^ clkbuf_2_1__f_clk_i/A (sky130_fd_sc_hd__clkbuf_16)
     9    0.033405    0.040519    0.097543 3125.242188 ^ clkbuf_2_1__f_clk_i/X (sky130_fd_sc_hd__clkbuf_16)
                                                         clknet_2_1__leaf_clk_i (net)
                      0.040544    0.001137 3125.243408 ^ _173_/CLK (sky130_fd_sc_hd__dfrtp_1)
                                 -0.250000 3124.993164   clock uncertainty
                                  0.000000 3124.993164   clock reconvergence pessimism
                                  0.129107 3125.122314   library recovery time
                                           3125.122314   data required time
---------------------------------------------------------------------------------------------
                                           3125.122314   data required time
                                           -625.263733   data arrival time
---------------------------------------------------------------------------------------------
                                           2499.858643   slack (MET)


Startpoint: rst_i (input port clocked by clk_i)
Endpoint: _174_ (recovery check against rising-edge clock clk_i)
Path Group: asynchronous
Path Type: max

Fanout         Cap        Slew       Delay        Time   Description
---------------------------------------------------------------------------------------------
                                  0.000000    0.000000   clock clk_i (rise edge)
                                  0.000000    0.000000   clock network delay (propagated)
                                625.000000  625.000000 ^ input external delay
     1    0.002691    0.013526    0.006992  625.007019 ^ rst_i (in)
                                                         rst_i (net)
                      0.013532    0.000000  625.007019 ^ input2/A (sky130_fd_sc_hd__buf_1)
     2    0.009973    0.092350    0.089415  625.096436 ^ input2/X (sky130_fd_sc_hd__buf_1)
                                                         net2 (net)
                      0.092355    0.000568  625.096985 ^ fanout14/A (sky130_fd_sc_hd__clkbuf_4)
     9    0.049118    0.116535    0.164107  625.261108 ^ fanout14/X (sky130_fd_sc_hd__clkbuf_4)
                                                         net14 (net)
                      0.116589    0.002103  625.263184 ^ _174_/RESET_B (sky130_fd_sc_hd__dfrtp_1)
                                            625.263184   data arrival time

                               3125.000000 3125.000000   clock clk_i (rise edge)
                                  0.000000 3125.000000   clock source latency
     1    0.015039    0.055290    0.037517 3125.037598 ^ clk_i (in)
                                                         clk_i (net)
                      0.055306    0.000000 3125.037598 ^ clkbuf_0_clk_i/A (sky130_fd_sc_hd__clkbuf_16)
     4    0.042702    0.047016    0.104592 3125.142090 ^ clkbuf_0_clk_i/X (sky130_fd_sc_hd__clkbuf_16)
                                                         clknet_0_clk_i (net)
                      0.047259    0.002501 3125.144531 ^ clkbuf_2_1__f_clk_i/A (sky130_fd_sc_hd__clkbuf_16)
     9    0.033405    0.040519    0.097543 3125.242188 ^ clkbuf_2_1__f_clk_i/X (sky130_fd_sc_hd__clkbuf_16)
                                                         clknet_2_1__leaf_clk_i (net)
                      0.040534    0.001137 3125.243408 ^ _174_/CLK (sky130_fd_sc_hd__dfrtp_1)
                                 -0.250000 3124.993164   clock uncertainty
                                  0.000000 3124.993164   clock reconvergence pessimism
                                  0.129112 3125.122314   library recovery time
                                           3125.122314   data required time
---------------------------------------------------------------------------------------------
                                           3125.122314   data required time
                                           -625.263184   data arrival time
---------------------------------------------------------------------------------------------
                                           2499.859131   slack (MET)


Startpoint: rst_i (input port clocked by clk_i)
Endpoint: _176_ (recovery check against rising-edge clock clk_i)
Path Group: asynchronous
Path Type: max

Fanout         Cap        Slew       Delay        Time   Description
---------------------------------------------------------------------------------------------
                                  0.000000    0.000000   clock clk_i (rise edge)
                                  0.000000    0.000000   clock network delay (propagated)
                                625.000000  625.000000 ^ input external delay
     1    0.002691    0.013526    0.006992  625.007019 ^ rst_i (in)
                                                         rst_i (net)
                      0.013532    0.000000  625.007019 ^ input2/A (sky130_fd_sc_hd__buf_1)
     2    0.009973    0.092350    0.089415  625.096436 ^ input2/X (sky130_fd_sc_hd__buf_1)
                                                         net2 (net)
                      0.092355    0.000568  625.096985 ^ fanout14/A (sky130_fd_sc_hd__clkbuf_4)
     9    0.049118    0.116535    0.164107  625.261108 ^ fanout14/X (sky130_fd_sc_hd__clkbuf_4)
                                                         net14 (net)
                      0.116699    0.003581  625.264648 ^ _176_/RESET_B (sky130_fd_sc_hd__dfrtp_1)
                                            625.264648   data arrival time

                               3125.000000 3125.000000   clock clk_i (rise edge)
                                  0.000000 3125.000000   clock source latency
     1    0.015039    0.055290    0.037517 3125.037598 ^ clk_i (in)
                                                         clk_i (net)
                      0.055306    0.000000 3125.037598 ^ clkbuf_0_clk_i/A (sky130_fd_sc_hd__clkbuf_16)
     4    0.042702    0.047016    0.104592 3125.142090 ^ clkbuf_0_clk_i/X (sky130_fd_sc_hd__clkbuf_16)
                                                         clknet_0_clk_i (net)
                      0.047259    0.002501 3125.144531 ^ clkbuf_2_1__f_clk_i/A (sky130_fd_sc_hd__clkbuf_16)
     9    0.033405    0.040519    0.097543 3125.242188 ^ clkbuf_2_1__f_clk_i/X (sky130_fd_sc_hd__clkbuf_16)
                                                         clknet_2_1__leaf_clk_i (net)
                      0.040559    0.001364 3125.243408 ^ _176_/CLK (sky130_fd_sc_hd__dfrtp_1)
                                 -0.250000 3124.993408   clock uncertainty
                                  0.000000 3124.993408   clock reconvergence pessimism
                                  0.129096 3125.122559   library recovery time
                                           3125.122559   data required time
---------------------------------------------------------------------------------------------
                                           3125.122559   data required time
                                           -625.264648   data arrival time
---------------------------------------------------------------------------------------------
                                           2499.857910   slack (MET)


Startpoint: rst_i (input port clocked by clk_i)
Endpoint: _177_ (recovery check against rising-edge clock clk_i)
Path Group: asynchronous
Path Type: max

Fanout         Cap        Slew       Delay        Time   Description
---------------------------------------------------------------------------------------------
                                  0.000000    0.000000   clock clk_i (rise edge)
                                  0.000000    0.000000   clock network delay (propagated)
                                625.000000  625.000000 ^ input external delay
     1    0.002691    0.013526    0.006992  625.007019 ^ rst_i (in)
                                                         rst_i (net)
                      0.013532    0.000000  625.007019 ^ input2/A (sky130_fd_sc_hd__buf_1)
     2    0.009973    0.092350    0.089415  625.096436 ^ input2/X (sky130_fd_sc_hd__buf_1)
                                                         net2 (net)
                      0.092355    0.000568  625.096985 ^ fanout14/A (sky130_fd_sc_hd__clkbuf_4)
     9    0.049118    0.116535    0.164107  625.261108 ^ fanout14/X (sky130_fd_sc_hd__clkbuf_4)
                                                         net14 (net)
                      0.116650    0.003013  625.264099 ^ _177_/RESET_B (sky130_fd_sc_hd__dfrtp_1)
                                            625.264099   data arrival time

                               3125.000000 3125.000000   clock clk_i (rise edge)
                                  0.000000 3125.000000   clock source latency
     1    0.015039    0.055290    0.037517 3125.037598 ^ clk_i (in)
                                                         clk_i (net)
                      0.055306    0.000000 3125.037598 ^ clkbuf_0_clk_i/A (sky130_fd_sc_hd__clkbuf_16)
     4    0.042702    0.047016    0.104592 3125.142090 ^ clkbuf_0_clk_i/X (sky130_fd_sc_hd__clkbuf_16)
                                                         clknet_0_clk_i (net)
                      0.047259    0.002501 3125.144531 ^ clkbuf_2_1__f_clk_i/A (sky130_fd_sc_hd__clkbuf_16)
     9    0.033405    0.040519    0.097543 3125.242188 ^ clkbuf_2_1__f_clk_i/X (sky130_fd_sc_hd__clkbuf_16)
                                                         clknet_2_1__leaf_clk_i (net)
                      0.040550    0.001364 3125.243408 ^ _177_/CLK (sky130_fd_sc_hd__dfrtp_1)
                                 -0.250000 3124.993408   clock uncertainty
                                  0.000000 3124.993408   clock reconvergence pessimism
                                  0.129104 3125.122559   library recovery time
                                           3125.122559   data required time
---------------------------------------------------------------------------------------------
                                           3125.122559   data required time
                                           -625.264099   data arrival time
---------------------------------------------------------------------------------------------
                                           2499.858643   slack (MET)


Startpoint: rst_i (input port clocked by clk_i)
Endpoint: _185_ (recovery check against rising-edge clock clk_i)
Path Group: asynchronous
Path Type: max

Fanout         Cap        Slew       Delay        Time   Description
---------------------------------------------------------------------------------------------
                                  0.000000    0.000000   clock clk_i (rise edge)
                                  0.000000    0.000000   clock network delay (propagated)
                                625.000000  625.000000 ^ input external delay
     1    0.002691    0.013526    0.006992  625.007019 ^ rst_i (in)
                                                         rst_i (net)
                      0.013532    0.000000  625.007019 ^ input2/A (sky130_fd_sc_hd__buf_1)
     2    0.009973    0.092350    0.089415  625.096436 ^ input2/X (sky130_fd_sc_hd__buf_1)
                                                         net2 (net)
                      0.092355    0.000568  625.096985 ^ fanout14/A (sky130_fd_sc_hd__clkbuf_4)
     9    0.049118    0.116535    0.164107  625.261108 ^ fanout14/X (sky130_fd_sc_hd__clkbuf_4)
                                                         net14 (net)
                      0.116820    0.004661  625.265747 ^ _185_/RESET_B (sky130_fd_sc_hd__dfrtp_1)
                                            625.265747   data arrival time

                               3125.000000 3125.000000   clock clk_i (rise edge)
                                  0.000000 3125.000000   clock source latency
     1    0.015039    0.055290    0.037517 3125.037598 ^ clk_i (in)
                                                         clk_i (net)
                      0.055306    0.000000 3125.037598 ^ clkbuf_0_clk_i/A (sky130_fd_sc_hd__clkbuf_16)
     4    0.042702    0.047016    0.104592 3125.142090 ^ clkbuf_0_clk_i/X (sky130_fd_sc_hd__clkbuf_16)
                                                         clknet_0_clk_i (net)
                      0.047286    0.002501 3125.144531 ^ clkbuf_2_0__f_clk_i/A (sky130_fd_sc_hd__clkbuf_16)
    11    0.033757    0.040421    0.097089 3125.241699 ^ clkbuf_2_0__f_clk_i/X (sky130_fd_sc_hd__clkbuf_16)
                                                         clknet_2_0__leaf_clk_i (net)
                      0.041006    0.003638 3125.245361 ^ _185_/CLK (sky130_fd_sc_hd__dfrtp_1)
                                 -0.250000 3124.995117   clock uncertainty
                                  0.000000 3124.995117   clock reconvergence pessimism
                                  0.129141 3125.124268   library recovery time
                                           3125.124268   data required time
---------------------------------------------------------------------------------------------
                                           3125.124268   data required time
                                           -625.265747   data arrival time
---------------------------------------------------------------------------------------------
                                           2499.858643   slack (MET)


Startpoint: rst_i (input port clocked by clk_i)
Endpoint: _195_ (recovery check against rising-edge clock clk_i)
Path Group: asynchronous
Path Type: max

Fanout         Cap        Slew       Delay        Time   Description
---------------------------------------------------------------------------------------------
                                  0.000000    0.000000   clock clk_i (rise edge)
                                  0.000000    0.000000   clock network delay (propagated)
                                625.000000  625.000000 ^ input external delay
     1    0.002691    0.013526    0.006992  625.007019 ^ rst_i (in)
                                                         rst_i (net)
                      0.013532    0.000000  625.007019 ^ input2/A (sky130_fd_sc_hd__buf_1)
     2    0.009973    0.092350    0.089415  625.096436 ^ input2/X (sky130_fd_sc_hd__buf_1)
                                                         net2 (net)
                      0.092355    0.000568  625.096985 ^ fanout14/A (sky130_fd_sc_hd__clkbuf_4)
     9    0.049118    0.116535    0.164107  625.261108 ^ fanout14/X (sky130_fd_sc_hd__clkbuf_4)
                                                         net14 (net)
                      0.116569    0.001648  625.262756 ^ _195_/RESET_B (sky130_fd_sc_hd__dfrtp_1)
                                            625.262756   data arrival time

                               3125.000000 3125.000000   clock clk_i (rise edge)
                                  0.000000 3125.000000   clock source latency
     1    0.015039    0.055290    0.037517 3125.037598 ^ clk_i (in)
                                                         clk_i (net)
                      0.055306    0.000000 3125.037598 ^ clkbuf_0_clk_i/A (sky130_fd_sc_hd__clkbuf_16)
     4    0.042702    0.047016    0.104592 3125.142090 ^ clkbuf_0_clk_i/X (sky130_fd_sc_hd__clkbuf_16)
                                                         clknet_0_clk_i (net)
                      0.047259    0.002501 3125.144531 ^ clkbuf_2_1__f_clk_i/A (sky130_fd_sc_hd__clkbuf_16)
     9    0.033405    0.040519    0.097543 3125.242188 ^ clkbuf_2_1__f_clk_i/X (sky130_fd_sc_hd__clkbuf_16)
                                                         clknet_2_1__leaf_clk_i (net)
                      0.040591    0.001819 3125.243896 ^ _195_/CLK (sky130_fd_sc_hd__dfrtp_1)
                                 -0.250000 3124.993896   clock uncertainty
                                  0.000000 3124.993896   clock reconvergence pessimism
                                  0.129125 3125.123047   library recovery time
                                           3125.123047   data required time
---------------------------------------------------------------------------------------------
                                           3125.123047   data required time
                                           -625.262756   data arrival time
---------------------------------------------------------------------------------------------
                                           2499.860352   slack (MET)


Startpoint: _163_ (rising edge-triggered flip-flop clocked by clk_i)
Endpoint: _182_ (rising edge-triggered flip-flop clocked by clk_i)
Path Group: clk_i
Path Type: max

Fanout         Cap        Slew       Delay        Time   Description
---------------------------------------------------------------------------------------------
                                  0.000000    0.000000   clock clk_i (rise edge)
                                  0.000000    0.000000   clock source latency
     1    0.015039    0.055290    0.037603    0.037603 ^ clk_i (in)
                                                         clk_i (net)
                      0.055306    0.000000    0.037603 ^ clkbuf_0_clk_i/A (sky130_fd_sc_hd__clkbuf_16)
     4    0.042702    0.047016    0.104601    0.142204 ^ clkbuf_0_clk_i/X (sky130_fd_sc_hd__clkbuf_16)
                                                         clknet_0_clk_i (net)
                      0.047259    0.002348    0.144552 ^ clkbuf_2_2__f_clk_i/A (sky130_fd_sc_hd__clkbuf_16)
    11    0.032167    0.039536    0.096530    0.241083 ^ clkbuf_2_2__f_clk_i/X (sky130_fd_sc_hd__clkbuf_16)
                                                         clknet_2_2__leaf_clk_i (net)
                      0.039768    0.002352    0.243434 ^ _163_/CLK (sky130_fd_sc_hd__dfrtp_1)
     5    0.023236    0.089898    0.285956    0.529391 v _163_/Q (sky130_fd_sc_hd__dfrtp_1)
                                                         rng_rd.cache[1] (net)
                      0.089909    0.001027    0.530418 v fanout11/A (sky130_fd_sc_hd__clkbuf_4)
    10    0.047523    0.073760    0.159893    0.690311 v fanout11/X (sky130_fd_sc_hd__clkbuf_4)
                                                         net11 (net)
                      0.074114    0.004014    0.694325 v _095_/A (sky130_fd_sc_hd__or2_1)
     1    0.003196    0.033807    0.146244    0.840570 v _095_/X (sky130_fd_sc_hd__or2_1)
                                                         _064_ (net)
                      0.033807    0.000213    0.840783 v _096_/A2 (sky130_fd_sc_hd__a211o_1)
     1    0.003181    0.034837    0.179030    1.019812 v _096_/X (sky130_fd_sc_hd__a211o_1)
                                                         _065_ (net)
                      0.034837    0.000145    1.019957 v _124_/B1 (sky130_fd_sc_hd__o2111a_1)
     1    0.002047    0.028512    0.082285    1.102243 v _124_/X (sky130_fd_sc_hd__o2111a_1)
                                                         _044_ (net)
                      0.028512    0.000137    1.102379 v _125_/C (sky130_fd_sc_hd__and4b_1)
     1    0.004913    0.036343    0.120591    1.222970 v _125_/X (sky130_fd_sc_hd__and4b_1)
                                                         _045_ (net)
                      0.036348    0.000377    1.223348 v fanout9/A (sky130_fd_sc_hd__buf_2)
     7    0.037416    0.068452    0.121533    1.344880 v fanout9/X (sky130_fd_sc_hd__buf_2)
                                                         net9 (net)
                      0.068693    0.003192    1.348073 v fanout7/A (sky130_fd_sc_hd__clkbuf_4)
    10    0.052465    0.080276    0.155223    1.503296 v fanout7/X (sky130_fd_sc_hd__clkbuf_4)
                                                         net7 (net)
                      0.080752    0.004906    1.508202 v _146_/S (sky130_fd_sc_hd__mux2_1)
     1    0.002814    0.038021    0.193751    1.701953 v _146_/X (sky130_fd_sc_hd__mux2_1)
                                                         _020_ (net)
                      0.038021    0.000114    1.702067 v hold26/A (sky130_fd_sc_hd__dlygate4sd3_1)
     1    0.003708    0.042342    0.367956    2.070022 v hold26/X (sky130_fd_sc_hd__dlygate4sd3_1)
                                                         net42 (net)
                      0.042342    0.000284    2.070307 v _182_/D (sky130_fd_sc_hd__dfrtp_1)
                                              2.070307   data arrival time

                               3125.000000 3125.000000   clock clk_i (rise edge)
                                  0.000000 3125.000000   clock source latency
     1    0.015039    0.055290    0.037517 3125.037598 ^ clk_i (in)
                                                         clk_i (net)
                      0.055306    0.000000 3125.037598 ^ clkbuf_0_clk_i/A (sky130_fd_sc_hd__clkbuf_16)
     4    0.042702    0.047016    0.104592 3125.142090 ^ clkbuf_0_clk_i/X (sky130_fd_sc_hd__clkbuf_16)
                                                         clknet_0_clk_i (net)
                      0.047286    0.002501 3125.144531 ^ clkbuf_2_0__f_clk_i/A (sky130_fd_sc_hd__clkbuf_16)
    11    0.033757    0.040421    0.097089 3125.241699 ^ clkbuf_2_0__f_clk_i/X (sky130_fd_sc_hd__clkbuf_16)
                                                         clknet_2_0__leaf_clk_i (net)
                      0.041014    0.003638 3125.245361 ^ _182_/CLK (sky130_fd_sc_hd__dfrtp_1)
                                 -0.250000 3124.995117   clock uncertainty
                                  0.000000 3124.995117   clock reconvergence pessimism
                                 -0.075269 3124.919922   library setup time
                                           3124.919922   data required time
---------------------------------------------------------------------------------------------
                                           3124.919922   data required time
                                             -2.070307   data arrival time
---------------------------------------------------------------------------------------------
                                           3122.849854   slack (MET)


Startpoint: _163_ (rising edge-triggered flip-flop clocked by clk_i)
Endpoint: _177_ (rising edge-triggered flip-flop clocked by clk_i)
Path Group: clk_i
Path Type: max

Fanout         Cap        Slew       Delay        Time   Description
---------------------------------------------------------------------------------------------
                                  0.000000    0.000000   clock clk_i (rise edge)
                                  0.000000    0.000000   clock source latency
     1    0.015039    0.055290    0.037603    0.037603 ^ clk_i (in)
                                                         clk_i (net)
                      0.055306    0.000000    0.037603 ^ clkbuf_0_clk_i/A (sky130_fd_sc_hd__clkbuf_16)
     4    0.042702    0.047016    0.104601    0.142204 ^ clkbuf_0_clk_i/X (sky130_fd_sc_hd__clkbuf_16)
                                                         clknet_0_clk_i (net)
                      0.047259    0.002348    0.144552 ^ clkbuf_2_2__f_clk_i/A (sky130_fd_sc_hd__clkbuf_16)
    11    0.032167    0.039536    0.096530    0.241083 ^ clkbuf_2_2__f_clk_i/X (sky130_fd_sc_hd__clkbuf_16)
                                                         clknet_2_2__leaf_clk_i (net)
                      0.039768    0.002352    0.243434 ^ _163_/CLK (sky130_fd_sc_hd__dfrtp_1)
     5    0.023236    0.089898    0.285956    0.529391 v _163_/Q (sky130_fd_sc_hd__dfrtp_1)
                                                         rng_rd.cache[1] (net)
                      0.089909    0.001027    0.530418 v fanout11/A (sky130_fd_sc_hd__clkbuf_4)
    10    0.047523    0.073760    0.159893    0.690311 v fanout11/X (sky130_fd_sc_hd__clkbuf_4)
                                                         net11 (net)
                      0.074114    0.004014    0.694325 v _095_/A (sky130_fd_sc_hd__or2_1)
     1    0.003196    0.033807    0.146244    0.840570 v _095_/X (sky130_fd_sc_hd__or2_1)
                                                         _064_ (net)
                      0.033807    0.000213    0.840783 v _096_/A2 (sky130_fd_sc_hd__a211o_1)
     1    0.003181    0.034837    0.179030    1.019812 v _096_/X (sky130_fd_sc_hd__a211o_1)
                                                         _065_ (net)
                      0.034837    0.000145    1.019957 v _124_/B1 (sky130_fd_sc_hd__o2111a_1)
     1    0.002047    0.028512    0.082285    1.102243 v _124_/X (sky130_fd_sc_hd__o2111a_1)
                                                         _044_ (net)
                      0.028512    0.000137    1.102379 v _125_/C (sky130_fd_sc_hd__and4b_1)
     1    0.004913    0.036343    0.120591    1.222970 v _125_/X (sky130_fd_sc_hd__and4b_1)
                                                         _045_ (net)
                      0.036348    0.000377    1.223348 v fanout9/A (sky130_fd_sc_hd__buf_2)
     7    0.037416    0.068452    0.121533    1.344880 v fanout9/X (sky130_fd_sc_hd__buf_2)
                                                         net9 (net)
                      0.068611    0.002537    1.347418 v fanout8/A (sky130_fd_sc_hd__clkbuf_4)
    10    0.051481    0.078769    0.154772    1.502189 v fanout8/X (sky130_fd_sc_hd__clkbuf_4)
                                                         net8 (net)
                      0.079169    0.004444    1.506633 v _142_/S (sky130_fd_sc_hd__mux2_1)
     1    0.002500    0.036871    0.191320    1.697953 v _142_/X (sky130_fd_sc_hd__mux2_1)
                                                         _016_ (net)
                      0.036871    0.000160    1.698112 v hold18/A (sky130_fd_sc_hd__dlygate4sd3_1)
     1    0.002979    0.038808    0.363174    2.061287 v hold18/X (sky130_fd_sc_hd__dlygate4sd3_1)
                                                         net34 (net)
                      0.038808    0.000195    2.061482 v _177_/D (sky130_fd_sc_hd__dfrtp_1)
                                              2.061482   data arrival time

                               3125.000000 3125.000000   clock clk_i (rise edge)
                                  0.000000 3125.000000   clock source latency
     1    0.015039    0.055290    0.037517 3125.037598 ^ clk_i (in)
                                                         clk_i (net)
                      0.055306    0.000000 3125.037598 ^ clkbuf_0_clk_i/A (sky130_fd_sc_hd__clkbuf_16)
     4    0.042702    0.047016    0.104592 3125.142090 ^ clkbuf_0_clk_i/X (sky130_fd_sc_hd__clkbuf_16)
                                                         clknet_0_clk_i (net)
                      0.047259    0.002501 3125.144531 ^ clkbuf_2_1__f_clk_i/A (sky130_fd_sc_hd__clkbuf_16)
     9    0.033405    0.040519    0.097543 3125.242188 ^ clkbuf_2_1__f_clk_i/X (sky130_fd_sc_hd__clkbuf_16)
                                                         clknet_2_1__leaf_clk_i (net)
                      0.040550    0.001364 3125.243408 ^ _177_/CLK (sky130_fd_sc_hd__dfrtp_1)
                                 -0.250000 3124.993408   clock uncertainty
                                  0.000000 3124.993408   clock reconvergence pessimism
                                 -0.074052 3124.919189   library setup time
                                           3124.919189   data required time
---------------------------------------------------------------------------------------------
                                           3124.919189   data required time
                                             -2.061482   data arrival time
---------------------------------------------------------------------------------------------
                                           3122.857910   slack (MET)


Startpoint: _163_ (rising edge-triggered flip-flop clocked by clk_i)
Endpoint: _180_ (rising edge-triggered flip-flop clocked by clk_i)
Path Group: clk_i
Path Type: max

Fanout         Cap        Slew       Delay        Time   Description
---------------------------------------------------------------------------------------------
                                  0.000000    0.000000   clock clk_i (rise edge)
                                  0.000000    0.000000   clock source latency
     1    0.015039    0.055290    0.037603    0.037603 ^ clk_i (in)
                                                         clk_i (net)
                      0.055306    0.000000    0.037603 ^ clkbuf_0_clk_i/A (sky130_fd_sc_hd__clkbuf_16)
     4    0.042702    0.047016    0.104601    0.142204 ^ clkbuf_0_clk_i/X (sky130_fd_sc_hd__clkbuf_16)
                                                         clknet_0_clk_i (net)
                      0.047259    0.002348    0.144552 ^ clkbuf_2_2__f_clk_i/A (sky130_fd_sc_hd__clkbuf_16)
    11    0.032167    0.039536    0.096530    0.241083 ^ clkbuf_2_2__f_clk_i/X (sky130_fd_sc_hd__clkbuf_16)
                                                         clknet_2_2__leaf_clk_i (net)
                      0.039768    0.002352    0.243434 ^ _163_/CLK (sky130_fd_sc_hd__dfrtp_1)
     5    0.023236    0.089898    0.285956    0.529391 v _163_/Q (sky130_fd_sc_hd__dfrtp_1)
                                                         rng_rd.cache[1] (net)
                      0.089909    0.001027    0.530418 v fanout11/A (sky130_fd_sc_hd__clkbuf_4)
    10    0.047523    0.073760    0.159893    0.690311 v fanout11/X (sky130_fd_sc_hd__clkbuf_4)
                                                         net11 (net)
                      0.074114    0.004014    0.694325 v _095_/A (sky130_fd_sc_hd__or2_1)
     1    0.003196    0.033807    0.146244    0.840570 v _095_/X (sky130_fd_sc_hd__or2_1)
                                                         _064_ (net)
                      0.033807    0.000213    0.840783 v _096_/A2 (sky130_fd_sc_hd__a211o_1)
     1    0.003181    0.034837    0.179030    1.019812 v _096_/X (sky130_fd_sc_hd__a211o_1)
                                                         _065_ (net)
                      0.034837    0.000145    1.019957 v _124_/B1 (sky130_fd_sc_hd__o2111a_1)
     1    0.002047    0.028512    0.082285    1.102243 v _124_/X (sky130_fd_sc_hd__o2111a_1)
                                                         _044_ (net)
                      0.028512    0.000137    1.102379 v _125_/C (sky130_fd_sc_hd__and4b_1)
     1    0.004913    0.036343    0.120591    1.222970 v _125_/X (sky130_fd_sc_hd__and4b_1)
                                                         _045_ (net)
                      0.036348    0.000377    1.223348 v fanout9/A (sky130_fd_sc_hd__buf_2)
     7    0.037416    0.068452    0.121533    1.344880 v fanout9/X (sky130_fd_sc_hd__buf_2)
                                                         net9 (net)
                      0.068693    0.003192    1.348073 v fanout7/A (sky130_fd_sc_hd__clkbuf_4)
    10    0.052465    0.080276    0.155223    1.503296 v fanout7/X (sky130_fd_sc_hd__clkbuf_4)
                                                         net7 (net)
                      0.080661    0.004395    1.507691 v _145_/S (sky130_fd_sc_hd__mux2_1)
     1    0.003220    0.039771    0.196162    1.703853 v _145_/X (sky130_fd_sc_hd__mux2_1)
                                                         _019_ (net)
                      0.039771    0.000210    1.704063 v hold35/A (sky130_fd_sc_hd__dlygate4sd3_1)
     1    0.002356    0.036633    0.360554    2.064617 v hold35/X (sky130_fd_sc_hd__dlygate4sd3_1)
                                                         net51 (net)
                      0.036633    0.000107    2.064724 v _180_/D (sky130_fd_sc_hd__dfrtp_1)
                                              2.064724   data arrival time

                               3125.000000 3125.000000   clock clk_i (rise edge)
                                  0.000000 3125.000000   clock source latency
     1    0.015039    0.055290    0.037517 3125.037598 ^ clk_i (in)
                                                         clk_i (net)
                      0.055306    0.000000 3125.037598 ^ clkbuf_0_clk_i/A (sky130_fd_sc_hd__clkbuf_16)
     4    0.042702    0.047016    0.104592 3125.142090 ^ clkbuf_0_clk_i/X (sky130_fd_sc_hd__clkbuf_16)
                                                         clknet_0_clk_i (net)
                      0.047286    0.002501 3125.144531 ^ clkbuf_2_0__f_clk_i/A (sky130_fd_sc_hd__clkbuf_16)
    11    0.033757    0.040421    0.097089 3125.241699 ^ clkbuf_2_0__f_clk_i/X (sky130_fd_sc_hd__clkbuf_16)
                                                         clknet_2_0__leaf_clk_i (net)
                      0.041196    0.004320 3125.246094 ^ _180_/CLK (sky130_fd_sc_hd__dfrtp_1)
                                 -0.250000 3124.995850   clock uncertainty
                                  0.000000 3124.995850   clock reconvergence pessimism
                                 -0.073214 3124.922607   library setup time
                                           3124.922607   data required time
---------------------------------------------------------------------------------------------
                                           3124.922607   data required time
                                             -2.064724   data arrival time
---------------------------------------------------------------------------------------------
                                           3122.857910   slack (MET)


Startpoint: _163_ (rising edge-triggered flip-flop clocked by clk_i)
Endpoint: _165_ (rising edge-triggered flip-flop clocked by clk_i)
Path Group: clk_i
Path Type: max

Fanout         Cap        Slew       Delay        Time   Description
---------------------------------------------------------------------------------------------
                                  0.000000    0.000000   clock clk_i (rise edge)
                                  0.000000    0.000000   clock source latency
     1    0.015039    0.055290    0.037603    0.037603 ^ clk_i (in)
                                                         clk_i (net)
                      0.055306    0.000000    0.037603 ^ clkbuf_0_clk_i/A (sky130_fd_sc_hd__clkbuf_16)
     4    0.042702    0.047016    0.104601    0.142204 ^ clkbuf_0_clk_i/X (sky130_fd_sc_hd__clkbuf_16)
                                                         clknet_0_clk_i (net)
                      0.047259    0.002348    0.144552 ^ clkbuf_2_2__f_clk_i/A (sky130_fd_sc_hd__clkbuf_16)
    11    0.032167    0.039536    0.096530    0.241083 ^ clkbuf_2_2__f_clk_i/X (sky130_fd_sc_hd__clkbuf_16)
                                                         clknet_2_2__leaf_clk_i (net)
                      0.039768    0.002352    0.243434 ^ _163_/CLK (sky130_fd_sc_hd__dfrtp_1)
     5    0.023236    0.089898    0.285956    0.529391 v _163_/Q (sky130_fd_sc_hd__dfrtp_1)
                                                         rng_rd.cache[1] (net)
                      0.089909    0.001027    0.530418 v fanout11/A (sky130_fd_sc_hd__clkbuf_4)
    10    0.047523    0.073760    0.159893    0.690311 v fanout11/X (sky130_fd_sc_hd__clkbuf_4)
                                                         net11 (net)
                      0.074114    0.004014    0.694325 v _095_/A (sky130_fd_sc_hd__or2_1)
     1    0.003196    0.033807    0.146244    0.840570 v _095_/X (sky130_fd_sc_hd__or2_1)
                                                         _064_ (net)
                      0.033807    0.000213    0.840783 v _096_/A2 (sky130_fd_sc_hd__a211o_1)
     1    0.003181    0.034837    0.179030    1.019812 v _096_/X (sky130_fd_sc_hd__a211o_1)
                                                         _065_ (net)
                      0.034837    0.000145    1.019957 v _124_/B1 (sky130_fd_sc_hd__o2111a_1)
     1    0.002047    0.028512    0.082285    1.102243 v _124_/X (sky130_fd_sc_hd__o2111a_1)
                                                         _044_ (net)
                      0.028512    0.000137    1.102379 v _125_/C (sky130_fd_sc_hd__and4b_1)
     1    0.004913    0.036343    0.120591    1.222970 v _125_/X (sky130_fd_sc_hd__and4b_1)
                                                         _045_ (net)
                      0.036348    0.000377    1.223348 v fanout9/A (sky130_fd_sc_hd__buf_2)
     7    0.037416    0.068452    0.121533    1.344880 v fanout9/X (sky130_fd_sc_hd__buf_2)
                                                         net9 (net)
                      0.068611    0.002537    1.347418 v fanout8/A (sky130_fd_sc_hd__clkbuf_4)
    10    0.051481    0.078769    0.154772    1.502189 v fanout8/X (sky130_fd_sc_hd__clkbuf_4)
                                                         net8 (net)
                      0.078880    0.002656    1.504845 v _131_/S (sky130_fd_sc_hd__mux2_1)
     1    0.002260    0.035963    0.189782    1.694627 v _131_/X (sky130_fd_sc_hd__mux2_1)
                                                         _005_ (net)
                      0.035963    0.000095    1.694722 v hold10/A (sky130_fd_sc_hd__dlygate4sd3_1)
     1    0.002703    0.037621    0.361167    2.055889 v hold10/X (sky130_fd_sc_hd__dlygate4sd3_1)
                                                         net26 (net)
                      0.037621    0.000185    2.056075 v _165_/D (sky130_fd_sc_hd__dfrtp_1)
                                              2.056075   data arrival time

                               3125.000000 3125.000000   clock clk_i (rise edge)
                                  0.000000 3125.000000   clock source latency
     1    0.015039    0.055290    0.037517 3125.037598 ^ clk_i (in)
                                                         clk_i (net)
                      0.055306    0.000000 3125.037598 ^ clkbuf_0_clk_i/A (sky130_fd_sc_hd__clkbuf_16)
     4    0.042702    0.047016    0.104592 3125.142090 ^ clkbuf_0_clk_i/X (sky130_fd_sc_hd__clkbuf_16)
                                                         clknet_0_clk_i (net)
                      0.047237    0.002274 3125.144287 ^ clkbuf_2_3__f_clk_i/A (sky130_fd_sc_hd__clkbuf_16)
     7    0.029959    0.038260    0.095497 3125.239990 ^ clkbuf_2_3__f_clk_i/X (sky130_fd_sc_hd__clkbuf_16)
                                                         clknet_2_3__leaf_clk_i (net)
                      0.038383    0.001364 3125.241211 ^ _165_/CLK (sky130_fd_sc_hd__dfrtp_1)
                                 -0.250000 3124.991211   clock uncertainty
                                  0.000000 3124.991211   clock reconvergence pessimism
                                 -0.073837 3124.917236   library setup time
                                           3124.917236   data required time
---------------------------------------------------------------------------------------------
                                           3124.917236   data required time
                                             -2.056075   data arrival time
---------------------------------------------------------------------------------------------
                                           3122.861084   slack (MET)


Startpoint: _163_ (rising edge-triggered flip-flop clocked by clk_i)
Endpoint: _166_ (rising edge-triggered flip-flop clocked by clk_i)
Path Group: clk_i
Path Type: max

Fanout         Cap        Slew       Delay        Time   Description
---------------------------------------------------------------------------------------------
                                  0.000000    0.000000   clock clk_i (rise edge)
                                  0.000000    0.000000   clock source latency
     1    0.015039    0.055290    0.037603    0.037603 ^ clk_i (in)
                                                         clk_i (net)
                      0.055306    0.000000    0.037603 ^ clkbuf_0_clk_i/A (sky130_fd_sc_hd__clkbuf_16)
     4    0.042702    0.047016    0.104601    0.142204 ^ clkbuf_0_clk_i/X (sky130_fd_sc_hd__clkbuf_16)
                                                         clknet_0_clk_i (net)
                      0.047259    0.002348    0.144552 ^ clkbuf_2_2__f_clk_i/A (sky130_fd_sc_hd__clkbuf_16)
    11    0.032167    0.039536    0.096530    0.241083 ^ clkbuf_2_2__f_clk_i/X (sky130_fd_sc_hd__clkbuf_16)
                                                         clknet_2_2__leaf_clk_i (net)
                      0.039768    0.002352    0.243434 ^ _163_/CLK (sky130_fd_sc_hd__dfrtp_1)
     5    0.023236    0.089898    0.285956    0.529391 v _163_/Q (sky130_fd_sc_hd__dfrtp_1)
                                                         rng_rd.cache[1] (net)
                      0.089909    0.001027    0.530418 v fanout11/A (sky130_fd_sc_hd__clkbuf_4)
    10    0.047523    0.073760    0.159893    0.690311 v fanout11/X (sky130_fd_sc_hd__clkbuf_4)
                                                         net11 (net)
                      0.074114    0.004014    0.694325 v _095_/A (sky130_fd_sc_hd__or2_1)
     1    0.003196    0.033807    0.146244    0.840570 v _095_/X (sky130_fd_sc_hd__or2_1)
                                                         _064_ (net)
                      0.033807    0.000213    0.840783 v _096_/A2 (sky130_fd_sc_hd__a211o_1)
     1    0.003181    0.034837    0.179030    1.019812 v _096_/X (sky130_fd_sc_hd__a211o_1)
                                                         _065_ (net)
                      0.034837    0.000145    1.019957 v _124_/B1 (sky130_fd_sc_hd__o2111a_1)
     1    0.002047    0.028512    0.082285    1.102243 v _124_/X (sky130_fd_sc_hd__o2111a_1)
                                                         _044_ (net)
                      0.028512    0.000137    1.102379 v _125_/C (sky130_fd_sc_hd__and4b_1)
     1    0.004913    0.036343    0.120591    1.222970 v _125_/X (sky130_fd_sc_hd__and4b_1)
                                                         _045_ (net)
                      0.036348    0.000377    1.223348 v fanout9/A (sky130_fd_sc_hd__buf_2)
     7    0.037416    0.068452    0.121533    1.344880 v fanout9/X (sky130_fd_sc_hd__buf_2)
                                                         net9 (net)
                      0.068611    0.002537    1.347418 v fanout8/A (sky130_fd_sc_hd__clkbuf_4)
    10    0.051481    0.078769    0.154772    1.502189 v fanout8/X (sky130_fd_sc_hd__clkbuf_4)
                                                         net8 (net)
                      0.078865    0.002485    1.504675 v _132_/S (sky130_fd_sc_hd__mux2_1)
     1    0.002606    0.037262    0.191864    1.696539 v _132_/X (sky130_fd_sc_hd__mux2_1)
                                                         _006_ (net)
                      0.037262    0.000172    1.696711 v hold6/A (sky130_fd_sc_hd__dlygate4sd3_1)
     1    0.002635    0.037401    0.361259    2.057969 v hold6/X (sky130_fd_sc_hd__dlygate4sd3_1)
                                                         net22 (net)
                      0.037401    0.000182    2.058151 v _166_/D (sky130_fd_sc_hd__dfrtp_1)
                                              2.058151   data arrival time

                               3125.000000 3125.000000   clock clk_i (rise edge)
                                  0.000000 3125.000000   clock source latency
     1    0.015039    0.055290    0.037517 3125.037598 ^ clk_i (in)
                                                         clk_i (net)
                      0.055306    0.000000 3125.037598 ^ clkbuf_0_clk_i/A (sky130_fd_sc_hd__clkbuf_16)
     4    0.042702    0.047016    0.104592 3125.142090 ^ clkbuf_0_clk_i/X (sky130_fd_sc_hd__clkbuf_16)
                                                         clknet_0_clk_i (net)
                      0.047237    0.002274 3125.144287 ^ clkbuf_2_3__f_clk_i/A (sky130_fd_sc_hd__clkbuf_16)
     7    0.029959    0.038260    0.095497 3125.239990 ^ clkbuf_2_3__f_clk_i/X (sky130_fd_sc_hd__clkbuf_16)
                                                         clknet_2_3__leaf_clk_i (net)
                      0.038276    0.000682 3125.240479 ^ _166_/CLK (sky130_fd_sc_hd__dfrtp_1)
                                 -0.250000 3124.990479   clock uncertainty
                                  0.000000 3124.990479   clock reconvergence pessimism
                                 -0.073769 3124.916748   library setup time
                                           3124.916748   data required time
---------------------------------------------------------------------------------------------
                                           3124.916748   data required time
                                             -2.058151   data arrival time
---------------------------------------------------------------------------------------------
                                           3122.858643   slack (MET)


Startpoint: _163_ (rising edge-triggered flip-flop clocked by clk_i)
Endpoint: _194_ (rising edge-triggered flip-flop clocked by clk_i)
Path Group: clk_i
Path Type: max

Fanout         Cap        Slew       Delay        Time   Description
---------------------------------------------------------------------------------------------
                                  0.000000    0.000000   clock clk_i (rise edge)
                                  0.000000    0.000000   clock source latency
     1    0.015039    0.055290    0.037603    0.037603 ^ clk_i (in)
                                                         clk_i (net)
                      0.055306    0.000000    0.037603 ^ clkbuf_0_clk_i/A (sky130_fd_sc_hd__clkbuf_16)
     4    0.042702    0.047016    0.104601    0.142204 ^ clkbuf_0_clk_i/X (sky130_fd_sc_hd__clkbuf_16)
                                                         clknet_0_clk_i (net)
                      0.047259    0.002348    0.144552 ^ clkbuf_2_2__f_clk_i/A (sky130_fd_sc_hd__clkbuf_16)
    11    0.032167    0.039536    0.096530    0.241083 ^ clkbuf_2_2__f_clk_i/X (sky130_fd_sc_hd__clkbuf_16)
                                                         clknet_2_2__leaf_clk_i (net)
                      0.039768    0.002352    0.243434 ^ _163_/CLK (sky130_fd_sc_hd__dfrtp_1)
     5    0.023236    0.089898    0.285956    0.529391 v _163_/Q (sky130_fd_sc_hd__dfrtp_1)
                                                         rng_rd.cache[1] (net)
                      0.089909    0.001027    0.530418 v fanout11/A (sky130_fd_sc_hd__clkbuf_4)
    10    0.047523    0.073760    0.159893    0.690311 v fanout11/X (sky130_fd_sc_hd__clkbuf_4)
                                                         net11 (net)
                      0.074114    0.004014    0.694325 v _095_/A (sky130_fd_sc_hd__or2_1)
     1    0.003196    0.033807    0.146244    0.840570 v _095_/X (sky130_fd_sc_hd__or2_1)
                                                         _064_ (net)
                      0.033807    0.000213    0.840783 v _096_/A2 (sky130_fd_sc_hd__a211o_1)
     1    0.003181    0.034837    0.179030    1.019812 v _096_/X (sky130_fd_sc_hd__a211o_1)
                                                         _065_ (net)
                      0.034837    0.000145    1.019957 v _124_/B1 (sky130_fd_sc_hd__o2111a_1)
     1    0.002047    0.028512    0.082285    1.102243 v _124_/X (sky130_fd_sc_hd__o2111a_1)
                                                         _044_ (net)
                      0.028512    0.000137    1.102379 v _125_/C (sky130_fd_sc_hd__and4b_1)
     1    0.004913    0.036343    0.120591    1.222970 v _125_/X (sky130_fd_sc_hd__and4b_1)
                                                         _045_ (net)
                      0.036348    0.000377    1.223348 v fanout9/A (sky130_fd_sc_hd__buf_2)
     7    0.037416    0.068452    0.121533    1.344880 v fanout9/X (sky130_fd_sc_hd__buf_2)
                                                         net9 (net)
                      0.068611    0.002537    1.347418 v fanout8/A (sky130_fd_sc_hd__clkbuf_4)
    10    0.051481    0.078769    0.154772    1.502189 v fanout8/X (sky130_fd_sc_hd__clkbuf_4)
                                                         net8 (net)
                      0.078856    0.002381    1.504571 v _160_/S (sky130_fd_sc_hd__mux2_1)
     1    0.002180    0.035690    0.189272    1.693843 v _160_/X (sky130_fd_sc_hd__mux2_1)
                                                         _030_ (net)
                      0.035690    0.000146    1.693989 v hold13/A (sky130_fd_sc_hd__dlygate4sd3_1)
     1    0.003068    0.039217    0.363259    2.057248 v hold13/X (sky130_fd_sc_hd__dlygate4sd3_1)
                                                         net29 (net)
                      0.039217    0.000197    2.057446 v _194_/D (sky130_fd_sc_hd__dfrtp_1)
                                              2.057446   data arrival time

                               3125.000000 3125.000000   clock clk_i (rise edge)
                                  0.000000 3125.000000   clock source latency
     1    0.015039    0.055290    0.037517 3125.037598 ^ clk_i (in)
                                                         clk_i (net)
                      0.055306    0.000000 3125.037598 ^ clkbuf_0_clk_i/A (sky130_fd_sc_hd__clkbuf_16)
     4    0.042702    0.047016    0.104592 3125.142090 ^ clkbuf_0_clk_i/X (sky130_fd_sc_hd__clkbuf_16)
                                                         clknet_0_clk_i (net)
                      0.047237    0.002274 3125.144287 ^ clkbuf_2_3__f_clk_i/A (sky130_fd_sc_hd__clkbuf_16)
     7    0.029959    0.038260    0.095497 3125.239990 ^ clkbuf_2_3__f_clk_i/X (sky130_fd_sc_hd__clkbuf_16)
                                                         clknet_2_3__leaf_clk_i (net)
                      0.038310    0.001137 3125.240967 ^ _194_/CLK (sky130_fd_sc_hd__dfrtp_1)
                                 -0.250000 3124.990967   clock uncertainty
                                  0.000000 3124.990967   clock reconvergence pessimism
                                 -0.074414 3124.916504   library setup time
                                           3124.916504   data required time
---------------------------------------------------------------------------------------------
                                           3124.916504   data required time
                                             -2.057446   data arrival time
---------------------------------------------------------------------------------------------
                                           3122.859131   slack (MET)


Startpoint: _163_ (rising edge-triggered flip-flop clocked by clk_i)
Endpoint: _169_ (rising edge-triggered flip-flop clocked by clk_i)
Path Group: clk_i
Path Type: max

Fanout         Cap        Slew       Delay        Time   Description
---------------------------------------------------------------------------------------------
                                  0.000000    0.000000   clock clk_i (rise edge)
                                  0.000000    0.000000   clock source latency
     1    0.015039    0.055290    0.037603    0.037603 ^ clk_i (in)
                                                         clk_i (net)
                      0.055306    0.000000    0.037603 ^ clkbuf_0_clk_i/A (sky130_fd_sc_hd__clkbuf_16)
     4    0.042702    0.047016    0.104601    0.142204 ^ clkbuf_0_clk_i/X (sky130_fd_sc_hd__clkbuf_16)
                                                         clknet_0_clk_i (net)
                      0.047259    0.002348    0.144552 ^ clkbuf_2_2__f_clk_i/A (sky130_fd_sc_hd__clkbuf_16)
    11    0.032167    0.039536    0.096530    0.241083 ^ clkbuf_2_2__f_clk_i/X (sky130_fd_sc_hd__clkbuf_16)
                                                         clknet_2_2__leaf_clk_i (net)
                      0.039768    0.002352    0.243434 ^ _163_/CLK (sky130_fd_sc_hd__dfrtp_1)
     5    0.023236    0.089898    0.285956    0.529391 v _163_/Q (sky130_fd_sc_hd__dfrtp_1)
                                                         rng_rd.cache[1] (net)
                      0.089909    0.001027    0.530418 v fanout11/A (sky130_fd_sc_hd__clkbuf_4)
    10    0.047523    0.073760    0.159893    0.690311 v fanout11/X (sky130_fd_sc_hd__clkbuf_4)
                                                         net11 (net)
                      0.074114    0.004014    0.694325 v _095_/A (sky130_fd_sc_hd__or2_1)
     1    0.003196    0.033807    0.146244    0.840570 v _095_/X (sky130_fd_sc_hd__or2_1)
                                                         _064_ (net)
                      0.033807    0.000213    0.840783 v _096_/A2 (sky130_fd_sc_hd__a211o_1)
     1    0.003181    0.034837    0.179030    1.019812 v _096_/X (sky130_fd_sc_hd__a211o_1)
                                                         _065_ (net)
                      0.034837    0.000145    1.019957 v _124_/B1 (sky130_fd_sc_hd__o2111a_1)
     1    0.002047    0.028512    0.082285    1.102243 v _124_/X (sky130_fd_sc_hd__o2111a_1)
                                                         _044_ (net)
                      0.028512    0.000137    1.102379 v _125_/C (sky130_fd_sc_hd__and4b_1)
     1    0.004913    0.036343    0.120591    1.222970 v _125_/X (sky130_fd_sc_hd__and4b_1)
                                                         _045_ (net)
                      0.036348    0.000377    1.223348 v fanout9/A (sky130_fd_sc_hd__buf_2)
     7    0.037416    0.068452    0.121533    1.344880 v fanout9/X (sky130_fd_sc_hd__buf_2)
                                                         net9 (net)
                      0.068611    0.002537    1.347418 v fanout8/A (sky130_fd_sc_hd__clkbuf_4)
    10    0.051481    0.078769    0.154772    1.502189 v fanout8/X (sky130_fd_sc_hd__clkbuf_4)
                                                         net8 (net)
                      0.079047    0.003671    1.505860 v _135_/S (sky130_fd_sc_hd__mux2_1)
     1    0.002466    0.036747    0.191072    1.696933 v _135_/X (sky130_fd_sc_hd__mux2_1)
                                                         _009_ (net)
                      0.036747    0.000163    1.697096 v hold29/A (sky130_fd_sc_hd__dlygate4sd3_1)
     1    0.002496    0.036995    0.360229    2.057324 v hold29/X (sky130_fd_sc_hd__dlygate4sd3_1)
                                                         net45 (net)
                      0.036995    0.000173    2.057497 v _169_/D (sky130_fd_sc_hd__dfrtp_1)
                                              2.057497   data arrival time

                               3125.000000 3125.000000   clock clk_i (rise edge)
                                  0.000000 3125.000000   clock source latency
     1    0.015039    0.055290    0.037517 3125.037598 ^ clk_i (in)
                                                         clk_i (net)
                      0.055306    0.000000 3125.037598 ^ clkbuf_0_clk_i/A (sky130_fd_sc_hd__clkbuf_16)
     4    0.042702    0.047016    0.104592 3125.142090 ^ clkbuf_0_clk_i/X (sky130_fd_sc_hd__clkbuf_16)
                                                         clknet_0_clk_i (net)
                      0.047259    0.002501 3125.144531 ^ clkbuf_2_1__f_clk_i/A (sky130_fd_sc_hd__clkbuf_16)
     9    0.033405    0.040519    0.097543 3125.242188 ^ clkbuf_2_1__f_clk_i/X (sky130_fd_sc_hd__clkbuf_16)
                                                         clknet_2_1__leaf_clk_i (net)
                      0.040581    0.001592 3125.243652 ^ _169_/CLK (sky130_fd_sc_hd__dfrtp_1)
                                 -0.250000 3124.993652   clock uncertainty
                                  0.000000 3124.993652   clock reconvergence pessimism
                                 -0.073402 3124.920166   library setup time
                                           3124.920166   data required time
---------------------------------------------------------------------------------------------
                                           3124.920166   data required time
                                             -2.057497   data arrival time
---------------------------------------------------------------------------------------------
                                           3122.862793   slack (MET)


Startpoint: _163_ (rising edge-triggered flip-flop clocked by clk_i)
Endpoint: _195_ (rising edge-triggered flip-flop clocked by clk_i)
Path Group: clk_i
Path Type: max

Fanout         Cap        Slew       Delay        Time   Description
---------------------------------------------------------------------------------------------
                                  0.000000    0.000000   clock clk_i (rise edge)
                                  0.000000    0.000000   clock source latency
     1    0.015039    0.055290    0.037603    0.037603 ^ clk_i (in)
                                                         clk_i (net)
                      0.055306    0.000000    0.037603 ^ clkbuf_0_clk_i/A (sky130_fd_sc_hd__clkbuf_16)
     4    0.042702    0.047016    0.104601    0.142204 ^ clkbuf_0_clk_i/X (sky130_fd_sc_hd__clkbuf_16)
                                                         clknet_0_clk_i (net)
                      0.047259    0.002348    0.144552 ^ clkbuf_2_2__f_clk_i/A (sky130_fd_sc_hd__clkbuf_16)
    11    0.032167    0.039536    0.096530    0.241083 ^ clkbuf_2_2__f_clk_i/X (sky130_fd_sc_hd__clkbuf_16)
                                                         clknet_2_2__leaf_clk_i (net)
                      0.039768    0.002352    0.243434 ^ _163_/CLK (sky130_fd_sc_hd__dfrtp_1)
     5    0.023236    0.089898    0.285956    0.529391 v _163_/Q (sky130_fd_sc_hd__dfrtp_1)
                                                         rng_rd.cache[1] (net)
                      0.089909    0.001027    0.530418 v fanout11/A (sky130_fd_sc_hd__clkbuf_4)
    10    0.047523    0.073760    0.159893    0.690311 v fanout11/X (sky130_fd_sc_hd__clkbuf_4)
                                                         net11 (net)
                      0.074114    0.004014    0.694325 v _095_/A (sky130_fd_sc_hd__or2_1)
     1    0.003196    0.033807    0.146244    0.840570 v _095_/X (sky130_fd_sc_hd__or2_1)
                                                         _064_ (net)
                      0.033807    0.000213    0.840783 v _096_/A2 (sky130_fd_sc_hd__a211o_1)
     1    0.003181    0.034837    0.179030    1.019812 v _096_/X (sky130_fd_sc_hd__a211o_1)
                                                         _065_ (net)
                      0.034837    0.000145    1.019957 v _124_/B1 (sky130_fd_sc_hd__o2111a_1)
     1    0.002047    0.028512    0.082285    1.102243 v _124_/X (sky130_fd_sc_hd__o2111a_1)
                                                         _044_ (net)
                      0.028512    0.000137    1.102379 v _125_/C (sky130_fd_sc_hd__and4b_1)
     1    0.004913    0.036343    0.120591    1.222970 v _125_/X (sky130_fd_sc_hd__and4b_1)
                                                         _045_ (net)
                      0.036348    0.000377    1.223348 v fanout9/A (sky130_fd_sc_hd__buf_2)
     7    0.037416    0.068452    0.121533    1.344880 v fanout9/X (sky130_fd_sc_hd__buf_2)
                                                         net9 (net)
                      0.068611    0.002537    1.347418 v fanout8/A (sky130_fd_sc_hd__clkbuf_4)
    10    0.051481    0.078769    0.154772    1.502189 v fanout8/X (sky130_fd_sc_hd__clkbuf_4)
                                                         net8 (net)
                      0.078887    0.002733    1.504923 v _161_/S (sky130_fd_sc_hd__mux2_1)
     1    0.001883    0.034588    0.187486    1.692409 v _161_/X (sky130_fd_sc_hd__mux2_1)
                                                         _031_ (net)
                      0.034588    0.000086    1.692495 v hold21/A (sky130_fd_sc_hd__dlygate4sd3_1)
     1    0.002455    0.036880    0.359159    2.051654 v hold21/X (sky130_fd_sc_hd__dlygate4sd3_1)
                                                         net37 (net)
                      0.036880    0.000171    2.051825 v _195_/D (sky130_fd_sc_hd__dfrtp_1)
                                              2.051825   data arrival time

                               3125.000000 3125.000000   clock clk_i (rise edge)
                                  0.000000 3125.000000   clock source latency
     1    0.015039    0.055290    0.037517 3125.037598 ^ clk_i (in)
                                                         clk_i (net)
                      0.055306    0.000000 3125.037598 ^ clkbuf_0_clk_i/A (sky130_fd_sc_hd__clkbuf_16)
     4    0.042702    0.047016    0.104592 3125.142090 ^ clkbuf_0_clk_i/X (sky130_fd_sc_hd__clkbuf_16)
                                                         clknet_0_clk_i (net)
                      0.047259    0.002501 3125.144531 ^ clkbuf_2_1__f_clk_i/A (sky130_fd_sc_hd__clkbuf_16)
     9    0.033405    0.040519    0.097543 3125.242188 ^ clkbuf_2_1__f_clk_i/X (sky130_fd_sc_hd__clkbuf_16)
                                                         clknet_2_1__leaf_clk_i (net)
                      0.040591    0.001819 3125.243896 ^ _195_/CLK (sky130_fd_sc_hd__dfrtp_1)
                                 -0.250000 3124.993896   clock uncertainty
                                  0.000000 3124.993896   clock reconvergence pessimism
                                 -0.073360 3124.920410   library setup time
                                           3124.920410   data required time
---------------------------------------------------------------------------------------------
                                           3124.920410   data required time
                                             -2.051825   data arrival time
---------------------------------------------------------------------------------------------
                                           3122.868652   slack (MET)


Startpoint: _163_ (rising edge-triggered flip-flop clocked by clk_i)
Endpoint: _167_ (rising edge-triggered flip-flop clocked by clk_i)
Path Group: clk_i
Path Type: max

Fanout         Cap        Slew       Delay        Time   Description
---------------------------------------------------------------------------------------------
                                  0.000000    0.000000   clock clk_i (rise edge)
                                  0.000000    0.000000   clock source latency
     1    0.015039    0.055290    0.037603    0.037603 ^ clk_i (in)
                                                         clk_i (net)
                      0.055306    0.000000    0.037603 ^ clkbuf_0_clk_i/A (sky130_fd_sc_hd__clkbuf_16)
     4    0.042702    0.047016    0.104601    0.142204 ^ clkbuf_0_clk_i/X (sky130_fd_sc_hd__clkbuf_16)
                                                         clknet_0_clk_i (net)
                      0.047259    0.002348    0.144552 ^ clkbuf_2_2__f_clk_i/A (sky130_fd_sc_hd__clkbuf_16)
    11    0.032167    0.039536    0.096530    0.241083 ^ clkbuf_2_2__f_clk_i/X (sky130_fd_sc_hd__clkbuf_16)
                                                         clknet_2_2__leaf_clk_i (net)
                      0.039768    0.002352    0.243434 ^ _163_/CLK (sky130_fd_sc_hd__dfrtp_1)
     5    0.023236    0.089898    0.285956    0.529391 v _163_/Q (sky130_fd_sc_hd__dfrtp_1)
                                                         rng_rd.cache[1] (net)
                      0.089909    0.001027    0.530418 v fanout11/A (sky130_fd_sc_hd__clkbuf_4)
    10    0.047523    0.073760    0.159893    0.690311 v fanout11/X (sky130_fd_sc_hd__clkbuf_4)
                                                         net11 (net)
                      0.074114    0.004014    0.694325 v _095_/A (sky130_fd_sc_hd__or2_1)
     1    0.003196    0.033807    0.146244    0.840570 v _095_/X (sky130_fd_sc_hd__or2_1)
                                                         _064_ (net)
                      0.033807    0.000213    0.840783 v _096_/A2 (sky130_fd_sc_hd__a211o_1)
     1    0.003181    0.034837    0.179030    1.019812 v _096_/X (sky130_fd_sc_hd__a211o_1)
                                                         _065_ (net)
                      0.034837    0.000145    1.019957 v _124_/B1 (sky130_fd_sc_hd__o2111a_1)
     1    0.002047    0.028512    0.082285    1.102243 v _124_/X (sky130_fd_sc_hd__o2111a_1)
                                                         _044_ (net)
                      0.028512    0.000137    1.102379 v _125_/C (sky130_fd_sc_hd__and4b_1)
     1    0.004913    0.036343    0.120591    1.222970 v _125_/X (sky130_fd_sc_hd__and4b_1)
                                                         _045_ (net)
                      0.036348    0.000377    1.223348 v fanout9/A (sky130_fd_sc_hd__buf_2)
     7    0.037416    0.068452    0.121533    1.344880 v fanout9/X (sky130_fd_sc_hd__buf_2)
                                                         net9 (net)
                      0.068640    0.002792    1.347672 v _133_/S (sky130_fd_sc_hd__mux2_1)
     1    0.002851    0.038143    0.190116    1.537788 v _133_/X (sky130_fd_sc_hd__mux2_1)
                                                         _007_ (net)
                      0.038143    0.000176    1.537964 v hold8/A (sky130_fd_sc_hd__dlygate4sd3_1)
     1    0.002820    0.038109    0.362695    1.900658 v hold8/X (sky130_fd_sc_hd__dlygate4sd3_1)
                                                         net24 (net)
                      0.038109    0.000208    1.900867 v _167_/D (sky130_fd_sc_hd__dfrtp_1)
                                              1.900867   data arrival time

                               3125.000000 3125.000000   clock clk_i (rise edge)
                                  0.000000 3125.000000   clock source latency
     1    0.015039    0.055290    0.037517 3125.037598 ^ clk_i (in)
                                                         clk_i (net)
                      0.055306    0.000000 3125.037598 ^ clkbuf_0_clk_i/A (sky130_fd_sc_hd__clkbuf_16)
     4    0.042702    0.047016    0.104592 3125.142090 ^ clkbuf_0_clk_i/X (sky130_fd_sc_hd__clkbuf_16)
                                                         clknet_0_clk_i (net)
                      0.047237    0.002274 3125.144287 ^ clkbuf_2_3__f_clk_i/A (sky130_fd_sc_hd__clkbuf_16)
     7    0.029959    0.038260    0.095497 3125.239990 ^ clkbuf_2_3__f_clk_i/X (sky130_fd_sc_hd__clkbuf_16)
                                                         clknet_2_3__leaf_clk_i (net)
                      0.038395    0.001592 3125.241455 ^ _167_/CLK (sky130_fd_sc_hd__dfrtp_1)
                                 -0.250000 3124.991455   clock uncertainty
                                  0.000000 3124.991455   clock reconvergence pessimism
                                 -0.074011 3124.917236   library setup time
                                           3124.917236   data required time
---------------------------------------------------------------------------------------------
                                           3124.917236   data required time
                                             -1.900867   data arrival time
---------------------------------------------------------------------------------------------
                                           3123.016357   slack (MET)


Startpoint: _163_ (rising edge-triggered flip-flop clocked by clk_i)
Endpoint: _178_ (rising edge-triggered flip-flop clocked by clk_i)
Path Group: clk_i
Path Type: max

Fanout         Cap        Slew       Delay        Time   Description
---------------------------------------------------------------------------------------------
                                  0.000000    0.000000   clock clk_i (rise edge)
                                  0.000000    0.000000   clock source latency
     1    0.015039    0.055290    0.037603    0.037603 ^ clk_i (in)
                                                         clk_i (net)
                      0.055306    0.000000    0.037603 ^ clkbuf_0_clk_i/A (sky130_fd_sc_hd__clkbuf_16)
     4    0.042702    0.047016    0.104601    0.142204 ^ clkbuf_0_clk_i/X (sky130_fd_sc_hd__clkbuf_16)
                                                         clknet_0_clk_i (net)
                      0.047259    0.002348    0.144552 ^ clkbuf_2_2__f_clk_i/A (sky130_fd_sc_hd__clkbuf_16)
    11    0.032167    0.039536    0.096530    0.241083 ^ clkbuf_2_2__f_clk_i/X (sky130_fd_sc_hd__clkbuf_16)
                                                         clknet_2_2__leaf_clk_i (net)
                      0.039768    0.002352    0.243434 ^ _163_/CLK (sky130_fd_sc_hd__dfrtp_1)
     5    0.023236    0.089898    0.285956    0.529391 v _163_/Q (sky130_fd_sc_hd__dfrtp_1)
                                                         rng_rd.cache[1] (net)
                      0.089909    0.001027    0.530418 v fanout11/A (sky130_fd_sc_hd__clkbuf_4)
    10    0.047523    0.073760    0.159893    0.690311 v fanout11/X (sky130_fd_sc_hd__clkbuf_4)
                                                         net11 (net)
                      0.074114    0.004014    0.694325 v _095_/A (sky130_fd_sc_hd__or2_1)
     1    0.003196    0.033807    0.146244    0.840570 v _095_/X (sky130_fd_sc_hd__or2_1)
                                                         _064_ (net)
                      0.033807    0.000213    0.840783 v _096_/A2 (sky130_fd_sc_hd__a211o_1)
     1    0.003181    0.034837    0.179030    1.019812 v _096_/X (sky130_fd_sc_hd__a211o_1)
                                                         _065_ (net)
                      0.034837    0.000145    1.019957 v _124_/B1 (sky130_fd_sc_hd__o2111a_1)
     1    0.002047    0.028512    0.082285    1.102243 v _124_/X (sky130_fd_sc_hd__o2111a_1)
                                                         _044_ (net)
                      0.028512    0.000137    1.102379 v _125_/C (sky130_fd_sc_hd__and4b_1)
     1    0.004913    0.036343    0.120591    1.222970 v _125_/X (sky130_fd_sc_hd__and4b_1)
                                                         _045_ (net)
                      0.036348    0.000377    1.223348 v fanout9/A (sky130_fd_sc_hd__buf_2)
     7    0.037416    0.068452    0.121533    1.344880 v fanout9/X (sky130_fd_sc_hd__buf_2)
                                                         net9 (net)
                      0.068824    0.004010    1.348890 v _143_/S (sky130_fd_sc_hd__mux2_1)
     1    0.002653    0.037415    0.188955    1.537845 v _143_/X (sky130_fd_sc_hd__mux2_1)
                                                         _017_ (net)
                      0.037415    0.000191    1.538036 v hold15/A (sky130_fd_sc_hd__dlygate4sd3_1)
     1    0.002971    0.038770    0.363330    1.901366 v hold15/X (sky130_fd_sc_hd__dlygate4sd3_1)
                                                         net31 (net)
                      0.038770    0.000197    1.901563 v _178_/D (sky130_fd_sc_hd__dfrtp_1)
                                              1.901563   data arrival time

                               3125.000000 3125.000000   clock clk_i (rise edge)
                                  0.000000 3125.000000   clock source latency
     1    0.015039    0.055290    0.037517 3125.037598 ^ clk_i (in)
                                                         clk_i (net)
                      0.055306    0.000000 3125.037598 ^ clkbuf_0_clk_i/A (sky130_fd_sc_hd__clkbuf_16)
     4    0.042702    0.047016    0.104592 3125.142090 ^ clkbuf_0_clk_i/X (sky130_fd_sc_hd__clkbuf_16)
                                                         clknet_0_clk_i (net)
                      0.047286    0.002501 3125.144531 ^ clkbuf_2_0__f_clk_i/A (sky130_fd_sc_hd__clkbuf_16)
    11    0.033757    0.040421    0.097089 3125.241699 ^ clkbuf_2_0__f_clk_i/X (sky130_fd_sc_hd__clkbuf_16)
                                                         clknet_2_0__leaf_clk_i (net)
                      0.040786    0.002728 3125.244385 ^ _178_/CLK (sky130_fd_sc_hd__dfrtp_1)
                                 -0.250000 3124.994385   clock uncertainty
                                  0.000000 3124.994385   clock reconvergence pessimism
                                 -0.074016 3124.920166   library setup time
                                           3124.920166   data required time
---------------------------------------------------------------------------------------------
                                           3124.920166   data required time
                                             -1.901563   data arrival time
---------------------------------------------------------------------------------------------
                                           3123.018555   slack (MET)


Startpoint: _163_ (rising edge-triggered flip-flop clocked by clk_i)
Endpoint: _170_ (rising edge-triggered flip-flop clocked by clk_i)
Path Group: clk_i
Path Type: max

Fanout         Cap        Slew       Delay        Time   Description
---------------------------------------------------------------------------------------------
                                  0.000000    0.000000   clock clk_i (rise edge)
                                  0.000000    0.000000   clock source latency
     1    0.015039    0.055290    0.037603    0.037603 ^ clk_i (in)
                                                         clk_i (net)
                      0.055306    0.000000    0.037603 ^ clkbuf_0_clk_i/A (sky130_fd_sc_hd__clkbuf_16)
     4    0.042702    0.047016    0.104601    0.142204 ^ clkbuf_0_clk_i/X (sky130_fd_sc_hd__clkbuf_16)
                                                         clknet_0_clk_i (net)
                      0.047259    0.002348    0.144552 ^ clkbuf_2_2__f_clk_i/A (sky130_fd_sc_hd__clkbuf_16)
    11    0.032167    0.039536    0.096530    0.241083 ^ clkbuf_2_2__f_clk_i/X (sky130_fd_sc_hd__clkbuf_16)
                                                         clknet_2_2__leaf_clk_i (net)
                      0.039768    0.002352    0.243434 ^ _163_/CLK (sky130_fd_sc_hd__dfrtp_1)
     5    0.023236    0.089898    0.285956    0.529391 v _163_/Q (sky130_fd_sc_hd__dfrtp_1)
                                                         rng_rd.cache[1] (net)
                      0.089909    0.001027    0.530418 v fanout11/A (sky130_fd_sc_hd__clkbuf_4)
    10    0.047523    0.073760    0.159893    0.690311 v fanout11/X (sky130_fd_sc_hd__clkbuf_4)
                                                         net11 (net)
                      0.074114    0.004014    0.694325 v _095_/A (sky130_fd_sc_hd__or2_1)
     1    0.003196    0.033807    0.146244    0.840570 v _095_/X (sky130_fd_sc_hd__or2_1)
                                                         _064_ (net)
                      0.033807    0.000213    0.840783 v _096_/A2 (sky130_fd_sc_hd__a211o_1)
     1    0.003181    0.034837    0.179030    1.019812 v _096_/X (sky130_fd_sc_hd__a211o_1)
                                                         _065_ (net)
                      0.034837    0.000145    1.019957 v _124_/B1 (sky130_fd_sc_hd__o2111a_1)
     1    0.002047    0.028512    0.082285    1.102243 v _124_/X (sky130_fd_sc_hd__o2111a_1)
                                                         _044_ (net)
                      0.028512    0.000137    1.102379 v _125_/C (sky130_fd_sc_hd__and4b_1)
     1    0.004913    0.036343    0.120591    1.222970 v _125_/X (sky130_fd_sc_hd__and4b_1)
                                                         _045_ (net)
                      0.036348    0.000377    1.223348 v fanout9/A (sky130_fd_sc_hd__buf_2)
     7    0.037416    0.068452    0.121533    1.344880 v fanout9/X (sky130_fd_sc_hd__buf_2)
                                                         net9 (net)
                      0.068611    0.002537    1.347418 v fanout8/A (sky130_fd_sc_hd__clkbuf_4)
    10    0.051481    0.078769    0.154772    1.502189 v fanout8/X (sky130_fd_sc_hd__clkbuf_4)
                                                         net8 (net)
                      0.079073    0.003847    1.506037 v _136_/S (sky130_fd_sc_hd__mux2_1)
     1    0.003298    0.040121    0.196132    1.702168 v _136_/X (sky130_fd_sc_hd__mux2_1)
                                                         _010_ (net)
                      0.040121    0.000210    1.702379 v _170_/D (sky130_fd_sc_hd__dfrtp_1)
                                              1.702379   data arrival time

                               3125.000000 3125.000000   clock clk_i (rise edge)
                                  0.000000 3125.000000   clock source latency
     1    0.015039    0.055290    0.037517 3125.037598 ^ clk_i (in)
                                                         clk_i (net)
                      0.055306    0.000000 3125.037598 ^ clkbuf_0_clk_i/A (sky130_fd_sc_hd__clkbuf_16)
     4    0.042702    0.047016    0.104592 3125.142090 ^ clkbuf_0_clk_i/X (sky130_fd_sc_hd__clkbuf_16)
                                                         clknet_0_clk_i (net)
                      0.047259    0.002501 3125.144531 ^ clkbuf_2_1__f_clk_i/A (sky130_fd_sc_hd__clkbuf_16)
     9    0.033405    0.040519    0.097543 3125.242188 ^ clkbuf_2_1__f_clk_i/X (sky130_fd_sc_hd__clkbuf_16)
                                                         clknet_2_1__leaf_clk_i (net)
                      0.040567    0.001592 3125.243652 ^ _170_/CLK (sky130_fd_sc_hd__dfrtp_1)
                                 -0.250000 3124.993652   clock uncertainty
                                  0.000000 3124.993652   clock reconvergence pessimism
                                 -0.074519 3124.918945   library setup time
                                           3124.918945   data required time
---------------------------------------------------------------------------------------------
                                           3124.918945   data required time
                                             -1.702379   data arrival time
---------------------------------------------------------------------------------------------
                                           3123.216797   slack (MET)


Startpoint: _163_ (rising edge-triggered flip-flop clocked by clk_i)
Endpoint: _175_ (rising edge-triggered flip-flop clocked by clk_i)
Path Group: clk_i
Path Type: max

Fanout         Cap        Slew       Delay        Time   Description
---------------------------------------------------------------------------------------------
                                  0.000000    0.000000   clock clk_i (rise edge)
                                  0.000000    0.000000   clock source latency
     1    0.015039    0.055290    0.037603    0.037603 ^ clk_i (in)
                                                         clk_i (net)
                      0.055306    0.000000    0.037603 ^ clkbuf_0_clk_i/A (sky130_fd_sc_hd__clkbuf_16)
     4    0.042702    0.047016    0.104601    0.142204 ^ clkbuf_0_clk_i/X (sky130_fd_sc_hd__clkbuf_16)
                                                         clknet_0_clk_i (net)
                      0.047259    0.002348    0.144552 ^ clkbuf_2_2__f_clk_i/A (sky130_fd_sc_hd__clkbuf_16)
    11    0.032167    0.039536    0.096530    0.241083 ^ clkbuf_2_2__f_clk_i/X (sky130_fd_sc_hd__clkbuf_16)
                                                         clknet_2_2__leaf_clk_i (net)
                      0.039768    0.002352    0.243434 ^ _163_/CLK (sky130_fd_sc_hd__dfrtp_1)
     5    0.023236    0.089898    0.285956    0.529391 v _163_/Q (sky130_fd_sc_hd__dfrtp_1)
                                                         rng_rd.cache[1] (net)
                      0.089909    0.001027    0.530418 v fanout11/A (sky130_fd_sc_hd__clkbuf_4)
    10    0.047523    0.073760    0.159893    0.690311 v fanout11/X (sky130_fd_sc_hd__clkbuf_4)
                                                         net11 (net)
                      0.074114    0.004014    0.694325 v _095_/A (sky130_fd_sc_hd__or2_1)
     1    0.003196    0.033807    0.146244    0.840570 v _095_/X (sky130_fd_sc_hd__or2_1)
                                                         _064_ (net)
                      0.033807    0.000213    0.840783 v _096_/A2 (sky130_fd_sc_hd__a211o_1)
     1    0.003181    0.034837    0.179030    1.019812 v _096_/X (sky130_fd_sc_hd__a211o_1)
                                                         _065_ (net)
                      0.034837    0.000145    1.019957 v _124_/B1 (sky130_fd_sc_hd__o2111a_1)
     1    0.002047    0.028512    0.082285    1.102243 v _124_/X (sky130_fd_sc_hd__o2111a_1)
                                                         _044_ (net)
                      0.028512    0.000137    1.102379 v _125_/C (sky130_fd_sc_hd__and4b_1)
     1    0.004913    0.036343    0.120591    1.222970 v _125_/X (sky130_fd_sc_hd__and4b_1)
                                                         _045_ (net)
                      0.036348    0.000377    1.223348 v fanout9/A (sky130_fd_sc_hd__buf_2)
     7    0.037416    0.068452    0.121533    1.344880 v fanout9/X (sky130_fd_sc_hd__buf_2)
                                                         net9 (net)
                      0.068693    0.003192    1.348073 v fanout7/A (sky130_fd_sc_hd__clkbuf_4)
    10    0.052465    0.080276    0.155223    1.503296 v fanout7/X (sky130_fd_sc_hd__clkbuf_4)
                                                         net7 (net)
                      0.080525    0.003484    1.506780 v _140_/S (sky130_fd_sc_hd__mux2_1)
     1    0.003395    0.040557    0.197178    1.703958 v _140_/X (sky130_fd_sc_hd__mux2_1)
                                                         _014_ (net)
                      0.040557    0.000222    1.704180 v _175_/D (sky130_fd_sc_hd__dfrtp_1)
                                              1.704180   data arrival time

                               3125.000000 3125.000000   clock clk_i (rise edge)
                                  0.000000 3125.000000   clock source latency
     1    0.015039    0.055290    0.037517 3125.037598 ^ clk_i (in)
                                                         clk_i (net)
                      0.055306    0.000000 3125.037598 ^ clkbuf_0_clk_i/A (sky130_fd_sc_hd__clkbuf_16)
     4    0.042702    0.047016    0.104592 3125.142090 ^ clkbuf_0_clk_i/X (sky130_fd_sc_hd__clkbuf_16)
                                                         clknet_0_clk_i (net)
                      0.047286    0.002501 3125.144531 ^ clkbuf_2_0__f_clk_i/A (sky130_fd_sc_hd__clkbuf_16)
    11    0.033757    0.040421    0.097089 3125.241699 ^ clkbuf_2_0__f_clk_i/X (sky130_fd_sc_hd__clkbuf_16)
                                                         clknet_2_0__leaf_clk_i (net)
                      0.040583    0.001592 3125.243408 ^ _175_/CLK (sky130_fd_sc_hd__dfrtp_1)
                                 -0.250000 3124.993164   clock uncertainty
                                  0.000000 3124.993164   clock reconvergence pessimism
                                 -0.074674 3124.918701   library setup time
                                           3124.918701   data required time
---------------------------------------------------------------------------------------------
                                           3124.918701   data required time
                                             -1.704180   data arrival time
---------------------------------------------------------------------------------------------
                                           3123.214355   slack (MET)


Startpoint: _163_ (rising edge-triggered flip-flop clocked by clk_i)
Endpoint: _184_ (rising edge-triggered flip-flop clocked by clk_i)
Path Group: clk_i
Path Type: max

Fanout         Cap        Slew       Delay        Time   Description
---------------------------------------------------------------------------------------------
                                  0.000000    0.000000   clock clk_i (rise edge)
                                  0.000000    0.000000   clock source latency
     1    0.015039    0.055290    0.037603    0.037603 ^ clk_i (in)
                                                         clk_i (net)
                      0.055306    0.000000    0.037603 ^ clkbuf_0_clk_i/A (sky130_fd_sc_hd__clkbuf_16)
     4    0.042702    0.047016    0.104601    0.142204 ^ clkbuf_0_clk_i/X (sky130_fd_sc_hd__clkbuf_16)
                                                         clknet_0_clk_i (net)
                      0.047259    0.002348    0.144552 ^ clkbuf_2_2__f_clk_i/A (sky130_fd_sc_hd__clkbuf_16)
    11    0.032167    0.039536    0.096530    0.241083 ^ clkbuf_2_2__f_clk_i/X (sky130_fd_sc_hd__clkbuf_16)
                                                         clknet_2_2__leaf_clk_i (net)
                      0.039768    0.002352    0.243434 ^ _163_/CLK (sky130_fd_sc_hd__dfrtp_1)
     5    0.023236    0.089898    0.285956    0.529391 v _163_/Q (sky130_fd_sc_hd__dfrtp_1)
                                                         rng_rd.cache[1] (net)
                      0.089909    0.001027    0.530418 v fanout11/A (sky130_fd_sc_hd__clkbuf_4)
    10    0.047523    0.073760    0.159893    0.690311 v fanout11/X (sky130_fd_sc_hd__clkbuf_4)
                                                         net11 (net)
                      0.074114    0.004014    0.694325 v _095_/A (sky130_fd_sc_hd__or2_1)
     1    0.003196    0.033807    0.146244    0.840570 v _095_/X (sky130_fd_sc_hd__or2_1)
                                                         _064_ (net)
                      0.033807    0.000213    0.840783 v _096_/A2 (sky130_fd_sc_hd__a211o_1)
     1    0.003181    0.034837    0.179030    1.019812 v _096_/X (sky130_fd_sc_hd__a211o_1)
                                                         _065_ (net)
                      0.034837    0.000145    1.019957 v _124_/B1 (sky130_fd_sc_hd__o2111a_1)
     1    0.002047    0.028512    0.082285    1.102243 v _124_/X (sky130_fd_sc_hd__o2111a_1)
                                                         _044_ (net)
                      0.028512    0.000137    1.102379 v _125_/C (sky130_fd_sc_hd__and4b_1)
     1    0.004913    0.036343    0.120591    1.222970 v _125_/X (sky130_fd_sc_hd__and4b_1)
                                                         _045_ (net)
                      0.036348    0.000377    1.223348 v fanout9/A (sky130_fd_sc_hd__buf_2)
     7    0.037416    0.068452    0.121533    1.344880 v fanout9/X (sky130_fd_sc_hd__buf_2)
                                                         net9 (net)
                      0.068693    0.003192    1.348073 v fanout7/A (sky130_fd_sc_hd__clkbuf_4)
    10    0.052465    0.080276    0.155223    1.503296 v fanout7/X (sky130_fd_sc_hd__clkbuf_4)
                                                         net7 (net)
                      0.080665    0.004417    1.507713 v _148_/S (sky130_fd_sc_hd__mux2_1)
     1    0.003278    0.040028    0.196511    1.704224 v _148_/X (sky130_fd_sc_hd__mux2_1)
                                                         _022_ (net)
                      0.040028    0.000214    1.704438 v _184_/D (sky130_fd_sc_hd__dfrtp_1)
                                              1.704438   data arrival time

                               3125.000000 3125.000000   clock clk_i (rise edge)
                                  0.000000 3125.000000   clock source latency
     1    0.015039    0.055290    0.037517 3125.037598 ^ clk_i (in)
                                                         clk_i (net)
                      0.055306    0.000000 3125.037598 ^ clkbuf_0_clk_i/A (sky130_fd_sc_hd__clkbuf_16)
     4    0.042702    0.047016    0.104592 3125.142090 ^ clkbuf_0_clk_i/X (sky130_fd_sc_hd__clkbuf_16)
                                                         clknet_0_clk_i (net)
                      0.047286    0.002501 3125.144531 ^ clkbuf_2_0__f_clk_i/A (sky130_fd_sc_hd__clkbuf_16)
    11    0.033757    0.040421    0.097089 3125.241699 ^ clkbuf_2_0__f_clk_i/X (sky130_fd_sc_hd__clkbuf_16)
                                                         clknet_2_0__leaf_clk_i (net)
                      0.041173    0.004320 3125.246094 ^ _184_/CLK (sky130_fd_sc_hd__dfrtp_1)
                                 -0.250000 3124.995850   clock uncertainty
                                  0.000000 3124.995850   clock reconvergence pessimism
                                 -0.074428 3124.921631   library setup time
                                           3124.921631   data required time
---------------------------------------------------------------------------------------------
                                           3124.921631   data required time
                                             -1.704438   data arrival time
---------------------------------------------------------------------------------------------
                                           3123.217285   slack (MET)


Startpoint: _163_ (rising edge-triggered flip-flop clocked by clk_i)
Endpoint: _172_ (rising edge-triggered flip-flop clocked by clk_i)
Path Group: clk_i
Path Type: max

Fanout         Cap        Slew       Delay        Time   Description
---------------------------------------------------------------------------------------------
                                  0.000000    0.000000   clock clk_i (rise edge)
                                  0.000000    0.000000   clock source latency
     1    0.015039    0.055290    0.037603    0.037603 ^ clk_i (in)
                                                         clk_i (net)
                      0.055306    0.000000    0.037603 ^ clkbuf_0_clk_i/A (sky130_fd_sc_hd__clkbuf_16)
     4    0.042702    0.047016    0.104601    0.142204 ^ clkbuf_0_clk_i/X (sky130_fd_sc_hd__clkbuf_16)
                                                         clknet_0_clk_i (net)
                      0.047259    0.002348    0.144552 ^ clkbuf_2_2__f_clk_i/A (sky130_fd_sc_hd__clkbuf_16)
    11    0.032167    0.039536    0.096530    0.241083 ^ clkbuf_2_2__f_clk_i/X (sky130_fd_sc_hd__clkbuf_16)
                                                         clknet_2_2__leaf_clk_i (net)
                      0.039768    0.002352    0.243434 ^ _163_/CLK (sky130_fd_sc_hd__dfrtp_1)
     5    0.023236    0.089898    0.285956    0.529391 v _163_/Q (sky130_fd_sc_hd__dfrtp_1)
                                                         rng_rd.cache[1] (net)
                      0.089909    0.001027    0.530418 v fanout11/A (sky130_fd_sc_hd__clkbuf_4)
    10    0.047523    0.073760    0.159893    0.690311 v fanout11/X (sky130_fd_sc_hd__clkbuf_4)
                                                         net11 (net)
                      0.074114    0.004014    0.694325 v _095_/A (sky130_fd_sc_hd__or2_1)
     1    0.003196    0.033807    0.146244    0.840570 v _095_/X (sky130_fd_sc_hd__or2_1)
                                                         _064_ (net)
                      0.033807    0.000213    0.840783 v _096_/A2 (sky130_fd_sc_hd__a211o_1)
     1    0.003181    0.034837    0.179030    1.019812 v _096_/X (sky130_fd_sc_hd__a211o_1)
                                                         _065_ (net)
                      0.034837    0.000145    1.019957 v _124_/B1 (sky130_fd_sc_hd__o2111a_1)
     1    0.002047    0.028512    0.082285    1.102243 v _124_/X (sky130_fd_sc_hd__o2111a_1)
                                                         _044_ (net)
                      0.028512    0.000137    1.102379 v _125_/C (sky130_fd_sc_hd__and4b_1)
     1    0.004913    0.036343    0.120591    1.222970 v _125_/X (sky130_fd_sc_hd__and4b_1)
                                                         _045_ (net)
                      0.036348    0.000377    1.223348 v fanout9/A (sky130_fd_sc_hd__buf_2)
     7    0.037416    0.068452    0.121533    1.344880 v fanout9/X (sky130_fd_sc_hd__buf_2)
                                                         net9 (net)
                      0.068693    0.003192    1.348073 v fanout7/A (sky130_fd_sc_hd__clkbuf_4)
    10    0.052465    0.080276    0.155223    1.503296 v fanout7/X (sky130_fd_sc_hd__clkbuf_4)
                                                         net7 (net)
                      0.080313    0.001661    1.504957 v _137_/S (sky130_fd_sc_hd__mux2_1)
     1    0.002697    0.037601    0.192861    1.697819 v _137_/X (sky130_fd_sc_hd__mux2_1)
                                                         _011_ (net)
                      0.037601    0.000199    1.698017 v _172_/D (sky130_fd_sc_hd__dfrtp_1)
                                              1.698017   data arrival time

                               3125.000000 3125.000000   clock clk_i (rise edge)
                                  0.000000 3125.000000   clock source latency
     1    0.015039    0.055290    0.037517 3125.037598 ^ clk_i (in)
                                                         clk_i (net)
                      0.055306    0.000000 3125.037598 ^ clkbuf_0_clk_i/A (sky130_fd_sc_hd__clkbuf_16)
     4    0.042702    0.047016    0.104592 3125.142090 ^ clkbuf_0_clk_i/X (sky130_fd_sc_hd__clkbuf_16)
                                                         clknet_0_clk_i (net)
                      0.047259    0.002501 3125.144531 ^ clkbuf_2_1__f_clk_i/A (sky130_fd_sc_hd__clkbuf_16)
     9    0.033405    0.040519    0.097543 3125.242188 ^ clkbuf_2_1__f_clk_i/X (sky130_fd_sc_hd__clkbuf_16)
                                                         clknet_2_1__leaf_clk_i (net)
                      0.040572    0.001592 3125.243652 ^ _172_/CLK (sky130_fd_sc_hd__dfrtp_1)
                                 -0.250000 3124.993652   clock uncertainty
                                  0.000000 3124.993652   clock reconvergence pessimism
                                 -0.073619 3124.919922   library setup time
                                           3124.919922   data required time
---------------------------------------------------------------------------------------------
                                           3124.919922   data required time
                                             -1.698017   data arrival time
---------------------------------------------------------------------------------------------
                                           3123.221924   slack (MET)


Startpoint: _163_ (rising edge-triggered flip-flop clocked by clk_i)
Endpoint: _173_ (rising edge-triggered flip-flop clocked by clk_i)
Path Group: clk_i
Path Type: max

Fanout         Cap        Slew       Delay        Time   Description
---------------------------------------------------------------------------------------------
                                  0.000000    0.000000   clock clk_i (rise edge)
                                  0.000000    0.000000   clock source latency
     1    0.015039    0.055290    0.037603    0.037603 ^ clk_i (in)
                                                         clk_i (net)
                      0.055306    0.000000    0.037603 ^ clkbuf_0_clk_i/A (sky130_fd_sc_hd__clkbuf_16)
     4    0.042702    0.047016    0.104601    0.142204 ^ clkbuf_0_clk_i/X (sky130_fd_sc_hd__clkbuf_16)
                                                         clknet_0_clk_i (net)
                      0.047259    0.002348    0.144552 ^ clkbuf_2_2__f_clk_i/A (sky130_fd_sc_hd__clkbuf_16)
    11    0.032167    0.039536    0.096530    0.241083 ^ clkbuf_2_2__f_clk_i/X (sky130_fd_sc_hd__clkbuf_16)
                                                         clknet_2_2__leaf_clk_i (net)
                      0.039768    0.002352    0.243434 ^ _163_/CLK (sky130_fd_sc_hd__dfrtp_1)
     5    0.023236    0.089898    0.285956    0.529391 v _163_/Q (sky130_fd_sc_hd__dfrtp_1)
                                                         rng_rd.cache[1] (net)
                      0.089909    0.001027    0.530418 v fanout11/A (sky130_fd_sc_hd__clkbuf_4)
    10    0.047523    0.073760    0.159893    0.690311 v fanout11/X (sky130_fd_sc_hd__clkbuf_4)
                                                         net11 (net)
                      0.074114    0.004014    0.694325 v _095_/A (sky130_fd_sc_hd__or2_1)
     1    0.003196    0.033807    0.146244    0.840570 v _095_/X (sky130_fd_sc_hd__or2_1)
                                                         _064_ (net)
                      0.033807    0.000213    0.840783 v _096_/A2 (sky130_fd_sc_hd__a211o_1)
     1    0.003181    0.034837    0.179030    1.019812 v _096_/X (sky130_fd_sc_hd__a211o_1)
                                                         _065_ (net)
                      0.034837    0.000145    1.019957 v _124_/B1 (sky130_fd_sc_hd__o2111a_1)
     1    0.002047    0.028512    0.082285    1.102243 v _124_/X (sky130_fd_sc_hd__o2111a_1)
                                                         _044_ (net)
                      0.028512    0.000137    1.102379 v _125_/C (sky130_fd_sc_hd__and4b_1)
     1    0.004913    0.036343    0.120591    1.222970 v _125_/X (sky130_fd_sc_hd__and4b_1)
                                                         _045_ (net)
                      0.036348    0.000377    1.223348 v fanout9/A (sky130_fd_sc_hd__buf_2)
     7    0.037416    0.068452    0.121533    1.344880 v fanout9/X (sky130_fd_sc_hd__buf_2)
                                                         net9 (net)
                      0.068611    0.002537    1.347418 v fanout8/A (sky130_fd_sc_hd__clkbuf_4)
    10    0.051481    0.078769    0.154772    1.502189 v fanout8/X (sky130_fd_sc_hd__clkbuf_4)
                                                         net8 (net)
                      0.079166    0.004427    1.506616 v _138_/S (sky130_fd_sc_hd__mux2_1)
     1    0.002480    0.036799    0.191188    1.697804 v _138_/X (sky130_fd_sc_hd__mux2_1)
                                                         _012_ (net)
                      0.036799    0.000173    1.697977 v _173_/D (sky130_fd_sc_hd__dfrtp_1)
                                              1.697977   data arrival time

                               3125.000000 3125.000000   clock clk_i (rise edge)
                                  0.000000 3125.000000   clock source latency
     1    0.015039    0.055290    0.037517 3125.037598 ^ clk_i (in)
                                                         clk_i (net)
                      0.055306    0.000000 3125.037598 ^ clkbuf_0_clk_i/A (sky130_fd_sc_hd__clkbuf_16)
     4    0.042702    0.047016    0.104592 3125.142090 ^ clkbuf_0_clk_i/X (sky130_fd_sc_hd__clkbuf_16)
                                                         clknet_0_clk_i (net)
                      0.047259    0.002501 3125.144531 ^ clkbuf_2_1__f_clk_i/A (sky130_fd_sc_hd__clkbuf_16)
     9    0.033405    0.040519    0.097543 3125.242188 ^ clkbuf_2_1__f_clk_i/X (sky130_fd_sc_hd__clkbuf_16)
                                                         clknet_2_1__leaf_clk_i (net)
                      0.040544    0.001137 3125.243408 ^ _173_/CLK (sky130_fd_sc_hd__dfrtp_1)
                                 -0.250000 3124.993164   clock uncertainty
                                  0.000000 3124.993164   clock reconvergence pessimism
                                 -0.073336 3124.919678   library setup time
                                           3124.919678   data required time
---------------------------------------------------------------------------------------------
                                           3124.919678   data required time
                                             -1.697977   data arrival time
---------------------------------------------------------------------------------------------
                                           3123.221680   slack (MET)


Startpoint: _163_ (rising edge-triggered flip-flop clocked by clk_i)
Endpoint: _174_ (rising edge-triggered flip-flop clocked by clk_i)
Path Group: clk_i
Path Type: max

Fanout         Cap        Slew       Delay        Time   Description
---------------------------------------------------------------------------------------------
                                  0.000000    0.000000   clock clk_i (rise edge)
                                  0.000000    0.000000   clock source latency
     1    0.015039    0.055290    0.037603    0.037603 ^ clk_i (in)
                                                         clk_i (net)
                      0.055306    0.000000    0.037603 ^ clkbuf_0_clk_i/A (sky130_fd_sc_hd__clkbuf_16)
     4    0.042702    0.047016    0.104601    0.142204 ^ clkbuf_0_clk_i/X (sky130_fd_sc_hd__clkbuf_16)
                                                         clknet_0_clk_i (net)
                      0.047259    0.002348    0.144552 ^ clkbuf_2_2__f_clk_i/A (sky130_fd_sc_hd__clkbuf_16)
    11    0.032167    0.039536    0.096530    0.241083 ^ clkbuf_2_2__f_clk_i/X (sky130_fd_sc_hd__clkbuf_16)
                                                         clknet_2_2__leaf_clk_i (net)
                      0.039768    0.002352    0.243434 ^ _163_/CLK (sky130_fd_sc_hd__dfrtp_1)
     5    0.023236    0.089898    0.285956    0.529391 v _163_/Q (sky130_fd_sc_hd__dfrtp_1)
                                                         rng_rd.cache[1] (net)
                      0.089909    0.001027    0.530418 v fanout11/A (sky130_fd_sc_hd__clkbuf_4)
    10    0.047523    0.073760    0.159893    0.690311 v fanout11/X (sky130_fd_sc_hd__clkbuf_4)
                                                         net11 (net)
                      0.074114    0.004014    0.694325 v _095_/A (sky130_fd_sc_hd__or2_1)
     1    0.003196    0.033807    0.146244    0.840570 v _095_/X (sky130_fd_sc_hd__or2_1)
                                                         _064_ (net)
                      0.033807    0.000213    0.840783 v _096_/A2 (sky130_fd_sc_hd__a211o_1)
     1    0.003181    0.034837    0.179030    1.019812 v _096_/X (sky130_fd_sc_hd__a211o_1)
                                                         _065_ (net)
                      0.034837    0.000145    1.019957 v _124_/B1 (sky130_fd_sc_hd__o2111a_1)
     1    0.002047    0.028512    0.082285    1.102243 v _124_/X (sky130_fd_sc_hd__o2111a_1)
                                                         _044_ (net)
                      0.028512    0.000137    1.102379 v _125_/C (sky130_fd_sc_hd__and4b_1)
     1    0.004913    0.036343    0.120591    1.222970 v _125_/X (sky130_fd_sc_hd__and4b_1)
                                                         _045_ (net)
                      0.036348    0.000377    1.223348 v fanout9/A (sky130_fd_sc_hd__buf_2)
     7    0.037416    0.068452    0.121533    1.344880 v fanout9/X (sky130_fd_sc_hd__buf_2)
                                                         net9 (net)
                      0.068611    0.002537    1.347418 v fanout8/A (sky130_fd_sc_hd__clkbuf_4)
    10    0.051481    0.078769    0.154772    1.502189 v fanout8/X (sky130_fd_sc_hd__clkbuf_4)
                                                         net8 (net)
                      0.079090    0.003960    1.506149 v _139_/S (sky130_fd_sc_hd__mux2_1)
     1    0.002504    0.036888    0.191310    1.697459 v _139_/X (sky130_fd_sc_hd__mux2_1)
                                                         _013_ (net)
                      0.036888    0.000174    1.697633 v _174_/D (sky130_fd_sc_hd__dfrtp_1)
                                              1.697633   data arrival time

                               3125.000000 3125.000000   clock clk_i (rise edge)
                                  0.000000 3125.000000   clock source latency
     1    0.015039    0.055290    0.037517 3125.037598 ^ clk_i (in)
                                                         clk_i (net)
                      0.055306    0.000000 3125.037598 ^ clkbuf_0_clk_i/A (sky130_fd_sc_hd__clkbuf_16)
     4    0.042702    0.047016    0.104592 3125.142090 ^ clkbuf_0_clk_i/X (sky130_fd_sc_hd__clkbuf_16)
                                                         clknet_0_clk_i (net)
                      0.047259    0.002501 3125.144531 ^ clkbuf_2_1__f_clk_i/A (sky130_fd_sc_hd__clkbuf_16)
     9    0.033405    0.040519    0.097543 3125.242188 ^ clkbuf_2_1__f_clk_i/X (sky130_fd_sc_hd__clkbuf_16)
                                                         clknet_2_1__leaf_clk_i (net)
                      0.040534    0.001137 3125.243408 ^ _174_/CLK (sky130_fd_sc_hd__dfrtp_1)
                                 -0.250000 3124.993164   clock uncertainty
                                  0.000000 3124.993164   clock reconvergence pessimism
                                 -0.073368 3124.919678   library setup time
                                           3124.919678   data required time
---------------------------------------------------------------------------------------------
                                           3124.919678   data required time
                                             -1.697633   data arrival time
---------------------------------------------------------------------------------------------
                                           3123.222168   slack (MET)


Startpoint: _163_ (rising edge-triggered flip-flop clocked by clk_i)
Endpoint: _176_ (rising edge-triggered flip-flop clocked by clk_i)
Path Group: clk_i
Path Type: max

Fanout         Cap        Slew       Delay        Time   Description
---------------------------------------------------------------------------------------------
                                  0.000000    0.000000   clock clk_i (rise edge)
                                  0.000000    0.000000   clock source latency
     1    0.015039    0.055290    0.037603    0.037603 ^ clk_i (in)
                                                         clk_i (net)
                      0.055306    0.000000    0.037603 ^ clkbuf_0_clk_i/A (sky130_fd_sc_hd__clkbuf_16)
     4    0.042702    0.047016    0.104601    0.142204 ^ clkbuf_0_clk_i/X (sky130_fd_sc_hd__clkbuf_16)
                                                         clknet_0_clk_i (net)
                      0.047259    0.002348    0.144552 ^ clkbuf_2_2__f_clk_i/A (sky130_fd_sc_hd__clkbuf_16)
    11    0.032167    0.039536    0.096530    0.241083 ^ clkbuf_2_2__f_clk_i/X (sky130_fd_sc_hd__clkbuf_16)
                                                         clknet_2_2__leaf_clk_i (net)
                      0.039768    0.002352    0.243434 ^ _163_/CLK (sky130_fd_sc_hd__dfrtp_1)
     5    0.023236    0.089898    0.285956    0.529391 v _163_/Q (sky130_fd_sc_hd__dfrtp_1)
                                                         rng_rd.cache[1] (net)
                      0.089909    0.001027    0.530418 v fanout11/A (sky130_fd_sc_hd__clkbuf_4)
    10    0.047523    0.073760    0.159893    0.690311 v fanout11/X (sky130_fd_sc_hd__clkbuf_4)
                                                         net11 (net)
                      0.074114    0.004014    0.694325 v _095_/A (sky130_fd_sc_hd__or2_1)
     1    0.003196    0.033807    0.146244    0.840570 v _095_/X (sky130_fd_sc_hd__or2_1)
                                                         _064_ (net)
                      0.033807    0.000213    0.840783 v _096_/A2 (sky130_fd_sc_hd__a211o_1)
     1    0.003181    0.034837    0.179030    1.019812 v _096_/X (sky130_fd_sc_hd__a211o_1)
                                                         _065_ (net)
                      0.034837    0.000145    1.019957 v _124_/B1 (sky130_fd_sc_hd__o2111a_1)
     1    0.002047    0.028512    0.082285    1.102243 v _124_/X (sky130_fd_sc_hd__o2111a_1)
                                                         _044_ (net)
                      0.028512    0.000137    1.102379 v _125_/C (sky130_fd_sc_hd__and4b_1)
     1    0.004913    0.036343    0.120591    1.222970 v _125_/X (sky130_fd_sc_hd__and4b_1)
                                                         _045_ (net)
                      0.036348    0.000377    1.223348 v fanout9/A (sky130_fd_sc_hd__buf_2)
     7    0.037416    0.068452    0.121533    1.344880 v fanout9/X (sky130_fd_sc_hd__buf_2)
                                                         net9 (net)
                      0.068611    0.002537    1.347418 v fanout8/A (sky130_fd_sc_hd__clkbuf_4)
    10    0.051481    0.078769    0.154772    1.502189 v fanout8/X (sky130_fd_sc_hd__clkbuf_4)
                                                         net8 (net)
                      0.079178    0.004491    1.506681 v _141_/S (sky130_fd_sc_hd__mux2_1)
     1    0.002720    0.037686    0.192652    1.699332 v _141_/X (sky130_fd_sc_hd__mux2_1)
                                                         _015_ (net)
                      0.037686    0.000186    1.699518 v _176_/D (sky130_fd_sc_hd__dfrtp_1)
                                              1.699518   data arrival time

                               3125.000000 3125.000000   clock clk_i (rise edge)
                                  0.000000 3125.000000   clock source latency
     1    0.015039    0.055290    0.037517 3125.037598 ^ clk_i (in)
                                                         clk_i (net)
                      0.055306    0.000000 3125.037598 ^ clkbuf_0_clk_i/A (sky130_fd_sc_hd__clkbuf_16)
     4    0.042702    0.047016    0.104592 3125.142090 ^ clkbuf_0_clk_i/X (sky130_fd_sc_hd__clkbuf_16)
                                                         clknet_0_clk_i (net)
                      0.047259    0.002501 3125.144531 ^ clkbuf_2_1__f_clk_i/A (sky130_fd_sc_hd__clkbuf_16)
     9    0.033405    0.040519    0.097543 3125.242188 ^ clkbuf_2_1__f_clk_i/X (sky130_fd_sc_hd__clkbuf_16)
                                                         clknet_2_1__leaf_clk_i (net)
                      0.040559    0.001364 3125.243408 ^ _176_/CLK (sky130_fd_sc_hd__dfrtp_1)
                                 -0.250000 3124.993408   clock uncertainty
                                  0.000000 3124.993408   clock reconvergence pessimism
                                 -0.073651 3124.919678   library setup time
                                           3124.919678   data required time
---------------------------------------------------------------------------------------------
                                           3124.919678   data required time
                                             -1.699518   data arrival time
---------------------------------------------------------------------------------------------
                                           3123.220215   slack (MET)


Startpoint: _163_ (rising edge-triggered flip-flop clocked by clk_i)
Endpoint: _179_ (rising edge-triggered flip-flop clocked by clk_i)
Path Group: clk_i
Path Type: max

Fanout         Cap        Slew       Delay        Time   Description
---------------------------------------------------------------------------------------------
                                  0.000000    0.000000   clock clk_i (rise edge)
                                  0.000000    0.000000   clock source latency
     1    0.015039    0.055290    0.037603    0.037603 ^ clk_i (in)
                                                         clk_i (net)
                      0.055306    0.000000    0.037603 ^ clkbuf_0_clk_i/A (sky130_fd_sc_hd__clkbuf_16)
     4    0.042702    0.047016    0.104601    0.142204 ^ clkbuf_0_clk_i/X (sky130_fd_sc_hd__clkbuf_16)
                                                         clknet_0_clk_i (net)
                      0.047259    0.002348    0.144552 ^ clkbuf_2_2__f_clk_i/A (sky130_fd_sc_hd__clkbuf_16)
    11    0.032167    0.039536    0.096530    0.241083 ^ clkbuf_2_2__f_clk_i/X (sky130_fd_sc_hd__clkbuf_16)
                                                         clknet_2_2__leaf_clk_i (net)
                      0.039768    0.002352    0.243434 ^ _163_/CLK (sky130_fd_sc_hd__dfrtp_1)
     5    0.023236    0.089898    0.285956    0.529391 v _163_/Q (sky130_fd_sc_hd__dfrtp_1)
                                                         rng_rd.cache[1] (net)
                      0.089909    0.001027    0.530418 v fanout11/A (sky130_fd_sc_hd__clkbuf_4)
    10    0.047523    0.073760    0.159893    0.690311 v fanout11/X (sky130_fd_sc_hd__clkbuf_4)
                                                         net11 (net)
                      0.074114    0.004014    0.694325 v _095_/A (sky130_fd_sc_hd__or2_1)
     1    0.003196    0.033807    0.146244    0.840570 v _095_/X (sky130_fd_sc_hd__or2_1)
                                                         _064_ (net)
                      0.033807    0.000213    0.840783 v _096_/A2 (sky130_fd_sc_hd__a211o_1)
     1    0.003181    0.034837    0.179030    1.019812 v _096_/X (sky130_fd_sc_hd__a211o_1)
                                                         _065_ (net)
                      0.034837    0.000145    1.019957 v _124_/B1 (sky130_fd_sc_hd__o2111a_1)
     1    0.002047    0.028512    0.082285    1.102243 v _124_/X (sky130_fd_sc_hd__o2111a_1)
                                                         _044_ (net)
                      0.028512    0.000137    1.102379 v _125_/C (sky130_fd_sc_hd__and4b_1)
     1    0.004913    0.036343    0.120591    1.222970 v _125_/X (sky130_fd_sc_hd__and4b_1)
                                                         _045_ (net)
                      0.036348    0.000377    1.223348 v fanout9/A (sky130_fd_sc_hd__buf_2)
     7    0.037416    0.068452    0.121533    1.344880 v fanout9/X (sky130_fd_sc_hd__buf_2)
                                                         net9 (net)
                      0.068693    0.003192    1.348073 v fanout7/A (sky130_fd_sc_hd__clkbuf_4)
    10    0.052465    0.080276    0.155223    1.503296 v fanout7/X (sky130_fd_sc_hd__clkbuf_4)
                                                         net7 (net)
                      0.080647    0.004313    1.507609 v _144_/S (sky130_fd_sc_hd__mux2_1)
     1    0.002795    0.037957    0.193571    1.701180 v _144_/X (sky130_fd_sc_hd__mux2_1)
                                                         _018_ (net)
                      0.037957    0.000187    1.701367 v _179_/D (sky130_fd_sc_hd__dfrtp_1)
                                              1.701367   data arrival time

                               3125.000000 3125.000000   clock clk_i (rise edge)
                                  0.000000 3125.000000   clock source latency
     1    0.015039    0.055290    0.037517 3125.037598 ^ clk_i (in)
                                                         clk_i (net)
                      0.055306    0.000000 3125.037598 ^ clkbuf_0_clk_i/A (sky130_fd_sc_hd__clkbuf_16)
     4    0.042702    0.047016    0.104592 3125.142090 ^ clkbuf_0_clk_i/X (sky130_fd_sc_hd__clkbuf_16)
                                                         clknet_0_clk_i (net)
                      0.047286    0.002501 3125.144531 ^ clkbuf_2_0__f_clk_i/A (sky130_fd_sc_hd__clkbuf_16)
    11    0.033757    0.040421    0.097089 3125.241699 ^ clkbuf_2_0__f_clk_i/X (sky130_fd_sc_hd__clkbuf_16)
                                                         clknet_2_0__leaf_clk_i (net)
                      0.041214    0.004547 3125.246338 ^ _179_/CLK (sky130_fd_sc_hd__dfrtp_1)
                                 -0.250000 3124.996094   clock uncertainty
                                  0.000000 3124.996094   clock reconvergence pessimism
                                 -0.073685 3124.922363   library setup time
                                           3124.922363   data required time
---------------------------------------------------------------------------------------------
                                           3124.922363   data required time
                                             -1.701367   data arrival time
---------------------------------------------------------------------------------------------
                                           3123.220947   slack (MET)


Startpoint: _163_ (rising edge-triggered flip-flop clocked by clk_i)
Endpoint: _183_ (rising edge-triggered flip-flop clocked by clk_i)
Path Group: clk_i
Path Type: max

Fanout         Cap        Slew       Delay        Time   Description
---------------------------------------------------------------------------------------------
                                  0.000000    0.000000   clock clk_i (rise edge)
                                  0.000000    0.000000   clock source latency
     1    0.015039    0.055290    0.037603    0.037603 ^ clk_i (in)
                                                         clk_i (net)
                      0.055306    0.000000    0.037603 ^ clkbuf_0_clk_i/A (sky130_fd_sc_hd__clkbuf_16)
     4    0.042702    0.047016    0.104601    0.142204 ^ clkbuf_0_clk_i/X (sky130_fd_sc_hd__clkbuf_16)
                                                         clknet_0_clk_i (net)
                      0.047259    0.002348    0.144552 ^ clkbuf_2_2__f_clk_i/A (sky130_fd_sc_hd__clkbuf_16)
    11    0.032167    0.039536    0.096530    0.241083 ^ clkbuf_2_2__f_clk_i/X (sky130_fd_sc_hd__clkbuf_16)
                                                         clknet_2_2__leaf_clk_i (net)
                      0.039768    0.002352    0.243434 ^ _163_/CLK (sky130_fd_sc_hd__dfrtp_1)
     5    0.023236    0.089898    0.285956    0.529391 v _163_/Q (sky130_fd_sc_hd__dfrtp_1)
                                                         rng_rd.cache[1] (net)
                      0.089909    0.001027    0.530418 v fanout11/A (sky130_fd_sc_hd__clkbuf_4)
    10    0.047523    0.073760    0.159893    0.690311 v fanout11/X (sky130_fd_sc_hd__clkbuf_4)
                                                         net11 (net)
                      0.074114    0.004014    0.694325 v _095_/A (sky130_fd_sc_hd__or2_1)
     1    0.003196    0.033807    0.146244    0.840570 v _095_/X (sky130_fd_sc_hd__or2_1)
                                                         _064_ (net)
                      0.033807    0.000213    0.840783 v _096_/A2 (sky130_fd_sc_hd__a211o_1)
     1    0.003181    0.034837    0.179030    1.019812 v _096_/X (sky130_fd_sc_hd__a211o_1)
                                                         _065_ (net)
                      0.034837    0.000145    1.019957 v _124_/B1 (sky130_fd_sc_hd__o2111a_1)
     1    0.002047    0.028512    0.082285    1.102243 v _124_/X (sky130_fd_sc_hd__o2111a_1)
                                                         _044_ (net)
                      0.028512    0.000137    1.102379 v _125_/C (sky130_fd_sc_hd__and4b_1)
     1    0.004913    0.036343    0.120591    1.222970 v _125_/X (sky130_fd_sc_hd__and4b_1)
                                                         _045_ (net)
                      0.036348    0.000377    1.223348 v fanout9/A (sky130_fd_sc_hd__buf_2)
     7    0.037416    0.068452    0.121533    1.344880 v fanout9/X (sky130_fd_sc_hd__buf_2)
                                                         net9 (net)
                      0.068693    0.003192    1.348073 v fanout7/A (sky130_fd_sc_hd__clkbuf_4)
    10    0.052465    0.080276    0.155223    1.503296 v fanout7/X (sky130_fd_sc_hd__clkbuf_4)
                                                         net7 (net)
                      0.080649    0.004324    1.507620 v _147_/S (sky130_fd_sc_hd__mux2_1)
     1    0.002853    0.038170    0.193925    1.701545 v _147_/X (sky130_fd_sc_hd__mux2_1)
                                                         _021_ (net)
                      0.038170    0.000187    1.701732 v _183_/D (sky130_fd_sc_hd__dfrtp_1)
                                              1.701732   data arrival time

                               3125.000000 3125.000000   clock clk_i (rise edge)
                                  0.000000 3125.000000   clock source latency
     1    0.015039    0.055290    0.037517 3125.037598 ^ clk_i (in)
                                                         clk_i (net)
                      0.055306    0.000000 3125.037598 ^ clkbuf_0_clk_i/A (sky130_fd_sc_hd__clkbuf_16)
     4    0.042702    0.047016    0.104592 3125.142090 ^ clkbuf_0_clk_i/X (sky130_fd_sc_hd__clkbuf_16)
                                                         clknet_0_clk_i (net)
                      0.047286    0.002501 3125.144531 ^ clkbuf_2_0__f_clk_i/A (sky130_fd_sc_hd__clkbuf_16)
    11    0.033757    0.040421    0.097089 3125.241699 ^ clkbuf_2_0__f_clk_i/X (sky130_fd_sc_hd__clkbuf_16)
                                                         clknet_2_0__leaf_clk_i (net)
                      0.041107    0.004093 3125.245850 ^ _183_/CLK (sky130_fd_sc_hd__dfrtp_1)
                                 -0.250000 3124.995605   clock uncertainty
                                  0.000000 3124.995605   clock reconvergence pessimism
                                 -0.073771 3124.922119   library setup time
                                           3124.922119   data required time
---------------------------------------------------------------------------------------------
                                           3124.922119   data required time
                                             -1.701732   data arrival time
---------------------------------------------------------------------------------------------
                                           3123.220459   slack (MET)


Startpoint: _163_ (rising edge-triggered flip-flop clocked by clk_i)
Endpoint: _186_ (rising edge-triggered flip-flop clocked by clk_i)
Path Group: clk_i
Path Type: max

Fanout         Cap        Slew       Delay        Time   Description
---------------------------------------------------------------------------------------------
                                  0.000000    0.000000   clock clk_i (rise edge)
                                  0.000000    0.000000   clock source latency
     1    0.015039    0.055290    0.037603    0.037603 ^ clk_i (in)
                                                         clk_i (net)
                      0.055306    0.000000    0.037603 ^ clkbuf_0_clk_i/A (sky130_fd_sc_hd__clkbuf_16)
     4    0.042702    0.047016    0.104601    0.142204 ^ clkbuf_0_clk_i/X (sky130_fd_sc_hd__clkbuf_16)
                                                         clknet_0_clk_i (net)
                      0.047259    0.002348    0.144552 ^ clkbuf_2_2__f_clk_i/A (sky130_fd_sc_hd__clkbuf_16)
    11    0.032167    0.039536    0.096530    0.241083 ^ clkbuf_2_2__f_clk_i/X (sky130_fd_sc_hd__clkbuf_16)
                                                         clknet_2_2__leaf_clk_i (net)
                      0.039768    0.002352    0.243434 ^ _163_/CLK (sky130_fd_sc_hd__dfrtp_1)
     5    0.023236    0.089898    0.285956    0.529391 v _163_/Q (sky130_fd_sc_hd__dfrtp_1)
                                                         rng_rd.cache[1] (net)
                      0.089909    0.001027    0.530418 v fanout11/A (sky130_fd_sc_hd__clkbuf_4)
    10    0.047523    0.073760    0.159893    0.690311 v fanout11/X (sky130_fd_sc_hd__clkbuf_4)
                                                         net11 (net)
                      0.074114    0.004014    0.694325 v _095_/A (sky130_fd_sc_hd__or2_1)
     1    0.003196    0.033807    0.146244    0.840570 v _095_/X (sky130_fd_sc_hd__or2_1)
                                                         _064_ (net)
                      0.033807    0.000213    0.840783 v _096_/A2 (sky130_fd_sc_hd__a211o_1)
     1    0.003181    0.034837    0.179030    1.019812 v _096_/X (sky130_fd_sc_hd__a211o_1)
                                                         _065_ (net)
                      0.034837    0.000145    1.019957 v _124_/B1 (sky130_fd_sc_hd__o2111a_1)
     1    0.002047    0.028512    0.082285    1.102243 v _124_/X (sky130_fd_sc_hd__o2111a_1)
                                                         _044_ (net)
                      0.028512    0.000137    1.102379 v _125_/C (sky130_fd_sc_hd__and4b_1)
     1    0.004913    0.036343    0.120591    1.222970 v _125_/X (sky130_fd_sc_hd__and4b_1)
                                                         _045_ (net)
                      0.036348    0.000377    1.223348 v fanout9/A (sky130_fd_sc_hd__buf_2)
     7    0.037416    0.068452    0.121533    1.344880 v fanout9/X (sky130_fd_sc_hd__buf_2)
                                                         net9 (net)
                      0.068693    0.003192    1.348073 v fanout7/A (sky130_fd_sc_hd__clkbuf_4)
    10    0.052465    0.080276    0.155223    1.503296 v fanout7/X (sky130_fd_sc_hd__clkbuf_4)
                                                         net7 (net)
                      0.080752    0.004905    1.508201 v _150_/S (sky130_fd_sc_hd__mux2_1)
     1    0.002564    0.037106    0.192193    1.700394 v _150_/X (sky130_fd_sc_hd__mux2_1)
                                                         _024_ (net)
                      0.037106    0.000187    1.700581 v _186_/D (sky130_fd_sc_hd__dfrtp_1)
                                              1.700581   data arrival time

                               3125.000000 3125.000000   clock clk_i (rise edge)
                                  0.000000 3125.000000   clock source latency
     1    0.015039    0.055290    0.037517 3125.037598 ^ clk_i (in)
                                                         clk_i (net)
                      0.055306    0.000000 3125.037598 ^ clkbuf_0_clk_i/A (sky130_fd_sc_hd__clkbuf_16)
     4    0.042702    0.047016    0.104592 3125.142090 ^ clkbuf_0_clk_i/X (sky130_fd_sc_hd__clkbuf_16)
                                                         clknet_0_clk_i (net)
                      0.047286    0.002501 3125.144531 ^ clkbuf_2_0__f_clk_i/A (sky130_fd_sc_hd__clkbuf_16)
    11    0.033757    0.040421    0.097089 3125.241699 ^ clkbuf_2_0__f_clk_i/X (sky130_fd_sc_hd__clkbuf_16)
                                                         clknet_2_0__leaf_clk_i (net)
                      0.041034    0.003865 3125.245605 ^ _186_/CLK (sky130_fd_sc_hd__dfrtp_1)
                                 -0.250000 3124.995361   clock uncertainty
                                  0.000000 3124.995361   clock reconvergence pessimism
                                 -0.073398 3124.922119   library setup time
                                           3124.922119   data required time
---------------------------------------------------------------------------------------------
                                           3124.922119   data required time
                                             -1.700581   data arrival time
---------------------------------------------------------------------------------------------
                                           3123.221436   slack (MET)


Startpoint: _163_ (rising edge-triggered flip-flop clocked by clk_i)
Endpoint: _187_ (rising edge-triggered flip-flop clocked by clk_i)
Path Group: clk_i
Path Type: max

Fanout         Cap        Slew       Delay        Time   Description
---------------------------------------------------------------------------------------------
                                  0.000000    0.000000   clock clk_i (rise edge)
                                  0.000000    0.000000   clock source latency
     1    0.015039    0.055290    0.037603    0.037603 ^ clk_i (in)
                                                         clk_i (net)
                      0.055306    0.000000    0.037603 ^ clkbuf_0_clk_i/A (sky130_fd_sc_hd__clkbuf_16)
     4    0.042702    0.047016    0.104601    0.142204 ^ clkbuf_0_clk_i/X (sky130_fd_sc_hd__clkbuf_16)
                                                         clknet_0_clk_i (net)
                      0.047259    0.002348    0.144552 ^ clkbuf_2_2__f_clk_i/A (sky130_fd_sc_hd__clkbuf_16)
    11    0.032167    0.039536    0.096530    0.241083 ^ clkbuf_2_2__f_clk_i/X (sky130_fd_sc_hd__clkbuf_16)
                                                         clknet_2_2__leaf_clk_i (net)
                      0.039768    0.002352    0.243434 ^ _163_/CLK (sky130_fd_sc_hd__dfrtp_1)
     5    0.023236    0.089898    0.285956    0.529391 v _163_/Q (sky130_fd_sc_hd__dfrtp_1)
                                                         rng_rd.cache[1] (net)
                      0.089909    0.001027    0.530418 v fanout11/A (sky130_fd_sc_hd__clkbuf_4)
    10    0.047523    0.073760    0.159893    0.690311 v fanout11/X (sky130_fd_sc_hd__clkbuf_4)
                                                         net11 (net)
                      0.074114    0.004014    0.694325 v _095_/A (sky130_fd_sc_hd__or2_1)
     1    0.003196    0.033807    0.146244    0.840570 v _095_/X (sky130_fd_sc_hd__or2_1)
                                                         _064_ (net)
                      0.033807    0.000213    0.840783 v _096_/A2 (sky130_fd_sc_hd__a211o_1)
     1    0.003181    0.034837    0.179030    1.019812 v _096_/X (sky130_fd_sc_hd__a211o_1)
                                                         _065_ (net)
                      0.034837    0.000145    1.019957 v _124_/B1 (sky130_fd_sc_hd__o2111a_1)
     1    0.002047    0.028512    0.082285    1.102243 v _124_/X (sky130_fd_sc_hd__o2111a_1)
                                                         _044_ (net)
                      0.028512    0.000137    1.102379 v _125_/C (sky130_fd_sc_hd__and4b_1)
     1    0.004913    0.036343    0.120591    1.222970 v _125_/X (sky130_fd_sc_hd__and4b_1)
                                                         _045_ (net)
                      0.036348    0.000377    1.223348 v fanout9/A (sky130_fd_sc_hd__buf_2)
     7    0.037416    0.068452    0.121533    1.344880 v fanout9/X (sky130_fd_sc_hd__buf_2)
                                                         net9 (net)
                      0.068693    0.003192    1.348073 v fanout7/A (sky130_fd_sc_hd__clkbuf_4)
    10    0.052465    0.080276    0.155223    1.503296 v fanout7/X (sky130_fd_sc_hd__clkbuf_4)
                                                         net7 (net)
                      0.080756    0.004927    1.508224 v _151_/S (sky130_fd_sc_hd__mux2_1)
     1    0.002847    0.038149    0.193921    1.702145 v _151_/X (sky130_fd_sc_hd__mux2_1)
                                                         _025_ (net)
                      0.038149    0.000191    1.702336 v _187_/D (sky130_fd_sc_hd__dfrtp_1)
                                              1.702336   data arrival time

                               3125.000000 3125.000000   clock clk_i (rise edge)
                                  0.000000 3125.000000   clock source latency
     1    0.015039    0.055290    0.037517 3125.037598 ^ clk_i (in)
                                                         clk_i (net)
                      0.055306    0.000000 3125.037598 ^ clkbuf_0_clk_i/A (sky130_fd_sc_hd__clkbuf_16)
     4    0.042702    0.047016    0.104592 3125.142090 ^ clkbuf_0_clk_i/X (sky130_fd_sc_hd__clkbuf_16)
                                                         clknet_0_clk_i (net)
                      0.047286    0.002501 3125.144531 ^ clkbuf_2_0__f_clk_i/A (sky130_fd_sc_hd__clkbuf_16)
    11    0.033757    0.040421    0.097089 3125.241699 ^ clkbuf_2_0__f_clk_i/X (sky130_fd_sc_hd__clkbuf_16)
                                                         clknet_2_0__leaf_clk_i (net)
                      0.041061    0.003865 3125.245605 ^ _187_/CLK (sky130_fd_sc_hd__dfrtp_1)
                                 -0.250000 3124.995361   clock uncertainty
                                  0.000000 3124.995361   clock reconvergence pessimism
                                 -0.073768 3124.921875   library setup time
                                           3124.921875   data required time
---------------------------------------------------------------------------------------------
                                           3124.921875   data required time
                                             -1.702336   data arrival time
---------------------------------------------------------------------------------------------
                                           3123.219482   slack (MET)


Startpoint: _163_ (rising edge-triggered flip-flop clocked by clk_i)
Endpoint: _168_ (rising edge-triggered flip-flop clocked by clk_i)
Path Group: clk_i
Path Type: max

Fanout         Cap        Slew       Delay        Time   Description
---------------------------------------------------------------------------------------------
                                  0.000000    0.000000   clock clk_i (rise edge)
                                  0.000000    0.000000   clock source latency
     1    0.015039    0.055290    0.037603    0.037603 ^ clk_i (in)
                                                         clk_i (net)
                      0.055306    0.000000    0.037603 ^ clkbuf_0_clk_i/A (sky130_fd_sc_hd__clkbuf_16)
     4    0.042702    0.047016    0.104601    0.142204 ^ clkbuf_0_clk_i/X (sky130_fd_sc_hd__clkbuf_16)
                                                         clknet_0_clk_i (net)
                      0.047259    0.002348    0.144552 ^ clkbuf_2_2__f_clk_i/A (sky130_fd_sc_hd__clkbuf_16)
    11    0.032167    0.039536    0.096530    0.241083 ^ clkbuf_2_2__f_clk_i/X (sky130_fd_sc_hd__clkbuf_16)
                                                         clknet_2_2__leaf_clk_i (net)
                      0.039768    0.002352    0.243434 ^ _163_/CLK (sky130_fd_sc_hd__dfrtp_1)
     5    0.023236    0.089898    0.285956    0.529391 v _163_/Q (sky130_fd_sc_hd__dfrtp_1)
                                                         rng_rd.cache[1] (net)
                      0.089909    0.001027    0.530418 v fanout11/A (sky130_fd_sc_hd__clkbuf_4)
    10    0.047523    0.073760    0.159893    0.690311 v fanout11/X (sky130_fd_sc_hd__clkbuf_4)
                                                         net11 (net)
                      0.074114    0.004014    0.694325 v _095_/A (sky130_fd_sc_hd__or2_1)
     1    0.003196    0.033807    0.146244    0.840570 v _095_/X (sky130_fd_sc_hd__or2_1)
                                                         _064_ (net)
                      0.033807    0.000213    0.840783 v _096_/A2 (sky130_fd_sc_hd__a211o_1)
     1    0.003181    0.034837    0.179030    1.019812 v _096_/X (sky130_fd_sc_hd__a211o_1)
                                                         _065_ (net)
                      0.034837    0.000145    1.019957 v _124_/B1 (sky130_fd_sc_hd__o2111a_1)
     1    0.002047    0.028512    0.082285    1.102243 v _124_/X (sky130_fd_sc_hd__o2111a_1)
                                                         _044_ (net)
                      0.028512    0.000137    1.102379 v _125_/C (sky130_fd_sc_hd__and4b_1)
     1    0.004913    0.036343    0.120591    1.222970 v _125_/X (sky130_fd_sc_hd__and4b_1)
                                                         _045_ (net)
                      0.036348    0.000377    1.223348 v fanout9/A (sky130_fd_sc_hd__buf_2)
     7    0.037416    0.068452    0.121533    1.344880 v fanout9/X (sky130_fd_sc_hd__buf_2)
                                                         net9 (net)
                      0.068830    0.004043    1.348924 v _134_/S (sky130_fd_sc_hd__mux2_1)
     1    0.004082    0.043348    0.197325    1.546249 v _134_/X (sky130_fd_sc_hd__mux2_1)
                                                         _008_ (net)
                      0.043348    0.000168    1.546417 v _168_/D (sky130_fd_sc_hd__dfrtp_1)
                                              1.546417   data arrival time

                               3125.000000 3125.000000   clock clk_i (rise edge)
                                  0.000000 3125.000000   clock source latency
     1    0.015039    0.055290    0.037517 3125.037598 ^ clk_i (in)
                                                         clk_i (net)
                      0.055306    0.000000 3125.037598 ^ clkbuf_0_clk_i/A (sky130_fd_sc_hd__clkbuf_16)
     4    0.042702    0.047016    0.104592 3125.142090 ^ clkbuf_0_clk_i/X (sky130_fd_sc_hd__clkbuf_16)
                                                         clknet_0_clk_i (net)
                      0.047259    0.002501 3125.144531 ^ clkbuf_2_2__f_clk_i/A (sky130_fd_sc_hd__clkbuf_16)
    11    0.032167    0.039536    0.096406 3125.240967 ^ clkbuf_2_2__f_clk_i/X (sky130_fd_sc_hd__clkbuf_16)
                                                         clknet_2_2__leaf_clk_i (net)
                      0.039824    0.002728 3125.243652 ^ _168_/CLK (sky130_fd_sc_hd__dfrtp_1)
                                 -0.250000 3124.993652   clock uncertainty
                                  0.000000 3124.993652   clock reconvergence pessimism
                                 -0.075743 3124.917969   library setup time
                                           3124.917969   data required time
---------------------------------------------------------------------------------------------
                                           3124.917969   data required time
                                             -1.546417   data arrival time
---------------------------------------------------------------------------------------------
                                           3123.371582   slack (MET)


Startpoint: _163_ (rising edge-triggered flip-flop clocked by clk_i)
Endpoint: _193_ (rising edge-triggered flip-flop clocked by clk_i)
Path Group: clk_i
Path Type: max

Fanout         Cap        Slew       Delay        Time   Description
---------------------------------------------------------------------------------------------
                                  0.000000    0.000000   clock clk_i (rise edge)
                                  0.000000    0.000000   clock source latency
     1    0.015039    0.055290    0.037603    0.037603 ^ clk_i (in)
                                                         clk_i (net)
                      0.055306    0.000000    0.037603 ^ clkbuf_0_clk_i/A (sky130_fd_sc_hd__clkbuf_16)
     4    0.042702    0.047016    0.104601    0.142204 ^ clkbuf_0_clk_i/X (sky130_fd_sc_hd__clkbuf_16)
                                                         clknet_0_clk_i (net)
                      0.047259    0.002348    0.144552 ^ clkbuf_2_2__f_clk_i/A (sky130_fd_sc_hd__clkbuf_16)
    11    0.032167    0.039536    0.096530    0.241083 ^ clkbuf_2_2__f_clk_i/X (sky130_fd_sc_hd__clkbuf_16)
                                                         clknet_2_2__leaf_clk_i (net)
                      0.039768    0.002352    0.243434 ^ _163_/CLK (sky130_fd_sc_hd__dfrtp_1)
     5    0.023236    0.089898    0.285956    0.529391 v _163_/Q (sky130_fd_sc_hd__dfrtp_1)
                                                         rng_rd.cache[1] (net)
                      0.089909    0.001027    0.530418 v fanout11/A (sky130_fd_sc_hd__clkbuf_4)
    10    0.047523    0.073760    0.159893    0.690311 v fanout11/X (sky130_fd_sc_hd__clkbuf_4)
                                                         net11 (net)
                      0.074114    0.004014    0.694325 v _095_/A (sky130_fd_sc_hd__or2_1)
     1    0.003196    0.033807    0.146244    0.840570 v _095_/X (sky130_fd_sc_hd__or2_1)
                                                         _064_ (net)
                      0.033807    0.000213    0.840783 v _096_/A2 (sky130_fd_sc_hd__a211o_1)
     1    0.003181    0.034837    0.179030    1.019812 v _096_/X (sky130_fd_sc_hd__a211o_1)
                                                         _065_ (net)
                      0.034837    0.000145    1.019957 v _124_/B1 (sky130_fd_sc_hd__o2111a_1)
     1    0.002047    0.028512    0.082285    1.102243 v _124_/X (sky130_fd_sc_hd__o2111a_1)
                                                         _044_ (net)
                      0.028512    0.000137    1.102379 v _125_/C (sky130_fd_sc_hd__and4b_1)
     1    0.004913    0.036343    0.120591    1.222970 v _125_/X (sky130_fd_sc_hd__and4b_1)
                                                         _045_ (net)
                      0.036348    0.000377    1.223348 v fanout9/A (sky130_fd_sc_hd__buf_2)
     7    0.037416    0.068452    0.121533    1.344880 v fanout9/X (sky130_fd_sc_hd__buf_2)
                                                         net9 (net)
                      0.068823    0.004004    1.348885 v _159_/S (sky130_fd_sc_hd__mux2_1)
     1    0.003635    0.041649    0.194913    1.543797 v _159_/X (sky130_fd_sc_hd__mux2_1)
                                                         _029_ (net)
                      0.041649    0.000273    1.544071 v _193_/D (sky130_fd_sc_hd__dfrtp_1)
                                              1.544071   data arrival time

                               3125.000000 3125.000000   clock clk_i (rise edge)
                                  0.000000 3125.000000   clock source latency
     1    0.015039    0.055290    0.037517 3125.037598 ^ clk_i (in)
                                                         clk_i (net)
                      0.055306    0.000000 3125.037598 ^ clkbuf_0_clk_i/A (sky130_fd_sc_hd__clkbuf_16)
     4    0.042702    0.047016    0.104592 3125.142090 ^ clkbuf_0_clk_i/X (sky130_fd_sc_hd__clkbuf_16)
                                                         clknet_0_clk_i (net)
                      0.047259    0.002501 3125.144531 ^ clkbuf_2_2__f_clk_i/A (sky130_fd_sc_hd__clkbuf_16)
    11    0.032167    0.039536    0.096406 3125.240967 ^ clkbuf_2_2__f_clk_i/X (sky130_fd_sc_hd__clkbuf_16)
                                                         clknet_2_2__leaf_clk_i (net)
                      0.039826    0.002728 3125.243652 ^ _193_/CLK (sky130_fd_sc_hd__dfrtp_1)
                                 -0.250000 3124.993652   clock uncertainty
                                  0.000000 3124.993652   clock reconvergence pessimism
                                 -0.075136 3124.918701   library setup time
                                           3124.918701   data required time
---------------------------------------------------------------------------------------------
                                           3124.918701   data required time
                                             -1.544071   data arrival time
---------------------------------------------------------------------------------------------
                                           3123.374512   slack (MET)


Startpoint: _163_ (rising edge-triggered flip-flop clocked by clk_i)
Endpoint: _185_ (rising edge-triggered flip-flop clocked by clk_i)
Path Group: clk_i
Path Type: max

Fanout         Cap        Slew       Delay        Time   Description
---------------------------------------------------------------------------------------------
                                  0.000000    0.000000   clock clk_i (rise edge)
                                  0.000000    0.000000   clock source latency
     1    0.015039    0.055290    0.037603    0.037603 ^ clk_i (in)
                                                         clk_i (net)
                      0.055306    0.000000    0.037603 ^ clkbuf_0_clk_i/A (sky130_fd_sc_hd__clkbuf_16)
     4    0.042702    0.047016    0.104601    0.142204 ^ clkbuf_0_clk_i/X (sky130_fd_sc_hd__clkbuf_16)
                                                         clknet_0_clk_i (net)
                      0.047259    0.002348    0.144552 ^ clkbuf_2_2__f_clk_i/A (sky130_fd_sc_hd__clkbuf_16)
    11    0.032167    0.039536    0.096530    0.241083 ^ clkbuf_2_2__f_clk_i/X (sky130_fd_sc_hd__clkbuf_16)
                                                         clknet_2_2__leaf_clk_i (net)
                      0.039768    0.002352    0.243434 ^ _163_/CLK (sky130_fd_sc_hd__dfrtp_1)
     5    0.023236    0.089898    0.285956    0.529391 v _163_/Q (sky130_fd_sc_hd__dfrtp_1)
                                                         rng_rd.cache[1] (net)
                      0.089909    0.001027    0.530418 v fanout11/A (sky130_fd_sc_hd__clkbuf_4)
    10    0.047523    0.073760    0.159893    0.690311 v fanout11/X (sky130_fd_sc_hd__clkbuf_4)
                                                         net11 (net)
                      0.074114    0.004014    0.694325 v _095_/A (sky130_fd_sc_hd__or2_1)
     1    0.003196    0.033807    0.146244    0.840570 v _095_/X (sky130_fd_sc_hd__or2_1)
                                                         _064_ (net)
                      0.033807    0.000213    0.840783 v _096_/A2 (sky130_fd_sc_hd__a211o_1)
     1    0.003181    0.034837    0.179030    1.019812 v _096_/X (sky130_fd_sc_hd__a211o_1)
                                                         _065_ (net)
                      0.034837    0.000145    1.019957 v _124_/B1 (sky130_fd_sc_hd__o2111a_1)
     1    0.002047    0.028512    0.082285    1.102243 v _124_/X (sky130_fd_sc_hd__o2111a_1)
                                                         _044_ (net)
                      0.028512    0.000137    1.102379 v _125_/C (sky130_fd_sc_hd__and4b_1)
     1    0.004913    0.036343    0.120591    1.222970 v _125_/X (sky130_fd_sc_hd__and4b_1)
                                                         _045_ (net)
                      0.036348    0.000377    1.223348 v fanout9/A (sky130_fd_sc_hd__buf_2)
     7    0.037416    0.068452    0.121533    1.344880 v fanout9/X (sky130_fd_sc_hd__buf_2)
                                                         net9 (net)
                      0.068814    0.003957    1.348837 v _149_/S (sky130_fd_sc_hd__mux2_1)
     1    0.002692    0.037556    0.189190    1.538027 v _149_/X (sky130_fd_sc_hd__mux2_1)
                                                         _023_ (net)
                      0.037556    0.000186    1.538213 v _185_/D (sky130_fd_sc_hd__dfrtp_1)
                                              1.538213   data arrival time

                               3125.000000 3125.000000   clock clk_i (rise edge)
                                  0.000000 3125.000000   clock source latency
     1    0.015039    0.055290    0.037517 3125.037598 ^ clk_i (in)
                                                         clk_i (net)
                      0.055306    0.000000 3125.037598 ^ clkbuf_0_clk_i/A (sky130_fd_sc_hd__clkbuf_16)
     4    0.042702    0.047016    0.104592 3125.142090 ^ clkbuf_0_clk_i/X (sky130_fd_sc_hd__clkbuf_16)
                                                         clknet_0_clk_i (net)
                      0.047286    0.002501 3125.144531 ^ clkbuf_2_0__f_clk_i/A (sky130_fd_sc_hd__clkbuf_16)
    11    0.033757    0.040421    0.097089 3125.241699 ^ clkbuf_2_0__f_clk_i/X (sky130_fd_sc_hd__clkbuf_16)
                                                         clknet_2_0__leaf_clk_i (net)
                      0.041006    0.003638 3125.245361 ^ _185_/CLK (sky130_fd_sc_hd__dfrtp_1)
                                 -0.250000 3124.995117   clock uncertainty
                                  0.000000 3124.995117   clock reconvergence pessimism
                                 -0.073562 3124.921631   library setup time
                                           3124.921631   data required time
---------------------------------------------------------------------------------------------
                                           3124.921631   data required time
                                             -1.538213   data arrival time
---------------------------------------------------------------------------------------------
                                           3123.383301   slack (MET)


Startpoint: _163_ (rising edge-triggered flip-flop clocked by clk_i)
Endpoint: _192_ (rising edge-triggered flip-flop clocked by clk_i)
Path Group: clk_i
Path Type: max

Fanout         Cap        Slew       Delay        Time   Description
---------------------------------------------------------------------------------------------
                                  0.000000    0.000000   clock clk_i (rise edge)
                                  0.000000    0.000000   clock source latency
     1    0.015039    0.055290    0.037603    0.037603 ^ clk_i (in)
                                                         clk_i (net)
                      0.055306    0.000000    0.037603 ^ clkbuf_0_clk_i/A (sky130_fd_sc_hd__clkbuf_16)
     4    0.042702    0.047016    0.104601    0.142204 ^ clkbuf_0_clk_i/X (sky130_fd_sc_hd__clkbuf_16)
                                                         clknet_0_clk_i (net)
                      0.047259    0.002348    0.144552 ^ clkbuf_2_2__f_clk_i/A (sky130_fd_sc_hd__clkbuf_16)
    11    0.032167    0.039536    0.096530    0.241083 ^ clkbuf_2_2__f_clk_i/X (sky130_fd_sc_hd__clkbuf_16)
                                                         clknet_2_2__leaf_clk_i (net)
                      0.039768    0.002352    0.243434 ^ _163_/CLK (sky130_fd_sc_hd__dfrtp_1)
     5    0.023236    0.089898    0.285956    0.529391 v _163_/Q (sky130_fd_sc_hd__dfrtp_1)
                                                         rng_rd.cache[1] (net)
                      0.089909    0.001027    0.530418 v fanout11/A (sky130_fd_sc_hd__clkbuf_4)
    10    0.047523    0.073760    0.159893    0.690311 v fanout11/X (sky130_fd_sc_hd__clkbuf_4)
                                                         net11 (net)
                      0.074114    0.004014    0.694325 v _095_/A (sky130_fd_sc_hd__or2_1)
     1    0.003196    0.033807    0.146244    0.840570 v _095_/X (sky130_fd_sc_hd__or2_1)
                                                         _064_ (net)
                      0.033807    0.000213    0.840783 v _096_/A2 (sky130_fd_sc_hd__a211o_1)
     1    0.003181    0.034837    0.179030    1.019812 v _096_/X (sky130_fd_sc_hd__a211o_1)
                                                         _065_ (net)
                      0.034837    0.000145    1.019957 v _124_/B1 (sky130_fd_sc_hd__o2111a_1)
     1    0.002047    0.028512    0.082285    1.102243 v _124_/X (sky130_fd_sc_hd__o2111a_1)
                                                         _044_ (net)
                      0.028512    0.000137    1.102379 v _125_/C (sky130_fd_sc_hd__and4b_1)
     1    0.004913    0.036343    0.120591    1.222970 v _125_/X (sky130_fd_sc_hd__and4b_1)
                                                         _045_ (net)
                      0.036348    0.000377    1.223348 v fanout9/A (sky130_fd_sc_hd__buf_2)
     7    0.037416    0.068452    0.121533    1.344880 v fanout9/X (sky130_fd_sc_hd__buf_2)
                                                         net9 (net)
                      0.068693    0.003192    1.348073 v fanout7/A (sky130_fd_sc_hd__clkbuf_4)
    10    0.052465    0.080276    0.155223    1.503296 v fanout7/X (sky130_fd_sc_hd__clkbuf_4)
                                                         net7 (net)
                      0.080765    0.004970    1.508266 v _126_/A (sky130_fd_sc_hd__inv_2)
     1    0.002661    0.025541    0.041514    1.549780 ^ _126_/Y (sky130_fd_sc_hd__inv_2)
                                                         _000_ (net)
                      0.025542    0.000179    1.549959 ^ _192_/D (sky130_fd_sc_hd__dfrtp_1)
                                              1.549959   data arrival time

                               3125.000000 3125.000000   clock clk_i (rise edge)
                                  0.000000 3125.000000   clock source latency
     1    0.015039    0.055290    0.037517 3125.037598 ^ clk_i (in)
                                                         clk_i (net)
                      0.055306    0.000000 3125.037598 ^ clkbuf_0_clk_i/A (sky130_fd_sc_hd__clkbuf_16)
     4    0.042702    0.047016    0.104592 3125.142090 ^ clkbuf_0_clk_i/X (sky130_fd_sc_hd__clkbuf_16)
                                                         clknet_0_clk_i (net)
                      0.047259    0.002501 3125.144531 ^ clkbuf_2_2__f_clk_i/A (sky130_fd_sc_hd__clkbuf_16)
    11    0.032167    0.039536    0.096406 3125.240967 ^ clkbuf_2_2__f_clk_i/X (sky130_fd_sc_hd__clkbuf_16)
                                                         clknet_2_2__leaf_clk_i (net)
                      0.039798    0.002501 3125.243408 ^ _192_/CLK (sky130_fd_sc_hd__dfrtp_1)
                                 -0.250000 3124.993408   clock uncertainty
                                  0.000000 3124.993408   clock reconvergence pessimism
                                 -0.032985 3124.960449   library setup time
                                           3124.960449   data required time
---------------------------------------------------------------------------------------------
                                           3124.960449   data required time
                                             -1.549959   data arrival time
---------------------------------------------------------------------------------------------
                                           3123.410400   slack (MET)


Startpoint: _181_ (rising edge-triggered flip-flop clocked by clk_i)
Endpoint: _196_ (rising edge-triggered flip-flop clocked by clk_i)
Path Group: clk_i
Path Type: max

Fanout         Cap        Slew       Delay        Time   Description
---------------------------------------------------------------------------------------------
                                  0.000000    0.000000   clock clk_i (rise edge)
                                  0.000000    0.000000   clock source latency
     1    0.015039    0.055290    0.037603    0.037603 ^ clk_i (in)
                                                         clk_i (net)
                      0.055306    0.000000    0.037603 ^ clkbuf_0_clk_i/A (sky130_fd_sc_hd__clkbuf_16)
     4    0.042702    0.047016    0.104601    0.142204 ^ clkbuf_0_clk_i/X (sky130_fd_sc_hd__clkbuf_16)
                                                         clknet_0_clk_i (net)
                      0.047259    0.002348    0.144552 ^ clkbuf_2_2__f_clk_i/A (sky130_fd_sc_hd__clkbuf_16)
    11    0.032167    0.039536    0.096530    0.241083 ^ clkbuf_2_2__f_clk_i/X (sky130_fd_sc_hd__clkbuf_16)
                                                         clknet_2_2__leaf_clk_i (net)
                      0.039755    0.002269    0.243351 ^ _181_/CLK (sky130_fd_sc_hd__dfrtp_1)
     1    0.001915    0.025011    0.218222    0.461573 v _181_/Q (sky130_fd_sc_hd__dfrtp_1)
                                                         rng_rd.wr_ff2 (net)
                      0.025011    0.000086    0.461659 v hold2/A (sky130_fd_sc_hd__dlygate4sd3_1)
     2    0.005358    0.047401    0.370183    0.831842 v hold2/X (sky130_fd_sc_hd__dlygate4sd3_1)
                                                         net18 (net)
                      0.047401    0.000282    0.832124 v _127_/B (sky130_fd_sc_hd__and2b_1)
     1    0.003000    0.025348    0.101205    0.933329 v _127_/X (sky130_fd_sc_hd__and2b_1)
                                                         _001_ (net)
                      0.025349    0.000207    0.933536 v _196_/D (sky130_fd_sc_hd__dfrtp_1)
                                              0.933536   data arrival time

                               3125.000000 3125.000000   clock clk_i (rise edge)
                                  0.000000 3125.000000   clock source latency
     1    0.015039    0.055290    0.037517 3125.037598 ^ clk_i (in)
                                                         clk_i (net)
                      0.055306    0.000000 3125.037598 ^ clkbuf_0_clk_i/A (sky130_fd_sc_hd__clkbuf_16)
     4    0.042702    0.047016    0.104592 3125.142090 ^ clkbuf_0_clk_i/X (sky130_fd_sc_hd__clkbuf_16)
                                                         clknet_0_clk_i (net)
                      0.047237    0.002274 3125.144287 ^ clkbuf_2_3__f_clk_i/A (sky130_fd_sc_hd__clkbuf_16)
     7    0.029959    0.038260    0.095497 3125.239990 ^ clkbuf_2_3__f_clk_i/X (sky130_fd_sc_hd__clkbuf_16)
                                                         clknet_2_3__leaf_clk_i (net)
                      0.038285    0.000909 3125.240723 ^ _196_/CLK (sky130_fd_sc_hd__dfrtp_1)
                                 -0.250000 3124.990723   clock uncertainty
                                  0.000000 3124.990723   clock reconvergence pessimism
                                 -0.069465 3124.921143   library setup time
                                           3124.921143   data required time
---------------------------------------------------------------------------------------------
                                           3124.921143   data required time
                                             -0.933536   data arrival time
---------------------------------------------------------------------------------------------
                                           3123.987549   slack (MET)


Startpoint: _181_ (rising edge-triggered flip-flop clocked by clk_i)
Endpoint: _188_ (rising edge-triggered flip-flop clocked by clk_i)
Path Group: clk_i
Path Type: max

Fanout         Cap        Slew       Delay        Time   Description
---------------------------------------------------------------------------------------------
                                  0.000000    0.000000   clock clk_i (rise edge)
                                  0.000000    0.000000   clock source latency
     1    0.015039    0.055290    0.037603    0.037603 ^ clk_i (in)
                                                         clk_i (net)
                      0.055306    0.000000    0.037603 ^ clkbuf_0_clk_i/A (sky130_fd_sc_hd__clkbuf_16)
     4    0.042702    0.047016    0.104601    0.142204 ^ clkbuf_0_clk_i/X (sky130_fd_sc_hd__clkbuf_16)
                                                         clknet_0_clk_i (net)
                      0.047259    0.002348    0.144552 ^ clkbuf_2_2__f_clk_i/A (sky130_fd_sc_hd__clkbuf_16)
    11    0.032167    0.039536    0.096530    0.241083 ^ clkbuf_2_2__f_clk_i/X (sky130_fd_sc_hd__clkbuf_16)
                                                         clknet_2_2__leaf_clk_i (net)
                      0.039755    0.002269    0.243351 ^ _181_/CLK (sky130_fd_sc_hd__dfrtp_1)
     1    0.001915    0.025011    0.218222    0.461573 v _181_/Q (sky130_fd_sc_hd__dfrtp_1)
                                                         rng_rd.wr_ff2 (net)
                      0.025011    0.000086    0.461659 v hold2/A (sky130_fd_sc_hd__dlygate4sd3_1)
     2    0.005358    0.047401    0.370183    0.831842 v hold2/X (sky130_fd_sc_hd__dlygate4sd3_1)
                                                         net18 (net)
                      0.047401    0.000329    0.832171 v _188_/D (sky130_fd_sc_hd__dfrtp_1)
                                              0.832171   data arrival time

                               3125.000000 3125.000000   clock clk_i (rise edge)
                                  0.000000 3125.000000   clock source latency
     1    0.015039    0.055290    0.037517 3125.037598 ^ clk_i (in)
                                                         clk_i (net)
                      0.055306    0.000000 3125.037598 ^ clkbuf_0_clk_i/A (sky130_fd_sc_hd__clkbuf_16)
     4    0.042702    0.047016    0.104592 3125.142090 ^ clkbuf_0_clk_i/X (sky130_fd_sc_hd__clkbuf_16)
                                                         clknet_0_clk_i (net)
                      0.047237    0.002274 3125.144287 ^ clkbuf_2_3__f_clk_i/A (sky130_fd_sc_hd__clkbuf_16)
     7    0.029959    0.038260    0.095497 3125.239990 ^ clkbuf_2_3__f_clk_i/X (sky130_fd_sc_hd__clkbuf_16)
                                                         clknet_2_3__leaf_clk_i (net)
                      0.038283    0.000909 3125.240723 ^ _188_/CLK (sky130_fd_sc_hd__dfrtp_1)
                                 -0.250000 3124.990723   clock uncertainty
                                  0.000000 3124.990723   clock reconvergence pessimism
                                 -0.077339 3124.913330   library setup time
                                           3124.913330   data required time
---------------------------------------------------------------------------------------------
                                           3124.913330   data required time
                                             -0.832171   data arrival time
---------------------------------------------------------------------------------------------
                                           3124.081299   slack (MET)


Startpoint: _171_ (rising edge-triggered flip-flop clocked by clk_i)
Endpoint: _181_ (rising edge-triggered flip-flop clocked by clk_i)
Path Group: clk_i
Path Type: max

Fanout         Cap        Slew       Delay        Time   Description
---------------------------------------------------------------------------------------------
                                  0.000000    0.000000   clock clk_i (rise edge)
                                  0.000000    0.000000   clock source latency
     1    0.015039    0.055290    0.037603    0.037603 ^ clk_i (in)
                                                         clk_i (net)
                      0.055306    0.000000    0.037603 ^ clkbuf_0_clk_i/A (sky130_fd_sc_hd__clkbuf_16)
     4    0.042702    0.047016    0.104601    0.142204 ^ clkbuf_0_clk_i/X (sky130_fd_sc_hd__clkbuf_16)
                                                         clknet_0_clk_i (net)
                      0.047259    0.002348    0.144552 ^ clkbuf_2_2__f_clk_i/A (sky130_fd_sc_hd__clkbuf_16)
    11    0.032167    0.039536    0.096530    0.241083 ^ clkbuf_2_2__f_clk_i/X (sky130_fd_sc_hd__clkbuf_16)
                                                         clknet_2_2__leaf_clk_i (net)
                      0.039701    0.001884    0.242967 ^ _171_/CLK (sky130_fd_sc_hd__dfrtp_1)
     1    0.003253    0.029442    0.224977    0.467944 v _171_/Q (sky130_fd_sc_hd__dfrtp_1)
                                                         rng_rd.wr_ff1 (net)
                      0.029442    0.000196    0.468140 v hold1/A (sky130_fd_sc_hd__dlygate4sd3_1)
     1    0.002397    0.036716    0.356853    0.824994 v hold1/X (sky130_fd_sc_hd__dlygate4sd3_1)
                                                         net17 (net)
                      0.036716    0.000169    0.825162 v _181_/D (sky130_fd_sc_hd__dfrtp_1)
                                              0.825162   data arrival time

                               3125.000000 3125.000000   clock clk_i (rise edge)
                                  0.000000 3125.000000   clock source latency
     1    0.015039    0.055290    0.037517 3125.037598 ^ clk_i (in)
                                                         clk_i (net)
                      0.055306    0.000000 3125.037598 ^ clkbuf_0_clk_i/A (sky130_fd_sc_hd__clkbuf_16)
     4    0.042702    0.047016    0.104592 3125.142090 ^ clkbuf_0_clk_i/X (sky130_fd_sc_hd__clkbuf_16)
                                                         clknet_0_clk_i (net)
                      0.047259    0.002501 3125.144531 ^ clkbuf_2_2__f_clk_i/A (sky130_fd_sc_hd__clkbuf_16)
    11    0.032167    0.039536    0.096406 3125.240967 ^ clkbuf_2_2__f_clk_i/X (sky130_fd_sc_hd__clkbuf_16)
                                                         clknet_2_2__leaf_clk_i (net)
                      0.039755    0.002274 3125.243408 ^ _181_/CLK (sky130_fd_sc_hd__dfrtp_1)
                                 -0.250000 3124.993164   clock uncertainty
                                  0.000000 3124.993164   clock reconvergence pessimism
                                 -0.073382 3124.919678   library setup time
                                           3124.919678   data required time
---------------------------------------------------------------------------------------------
                                           3124.919678   data required time
                                             -0.825162   data arrival time
---------------------------------------------------------------------------------------------
                                           3124.094727   slack (MET)



