Reading OpenROAD database at '/home/matheus/openframe_user_project/openlane/rng/runs/26_03_09_20_42/41-openroad-repairantennas/1-diodeinsertion/rng_top.odb'…
Reading library file at '/home/matheus/openframe_user_project/dependencies/pdks/sky130A/libs.ref/sky130_fd_sc_hd/lib/sky130_fd_sc_hd__tt_025C_1v80.lib'…
Reading design constraints file at '/nix/store/iah2c26wzpgdvqc1jv2xxg55xq5km74d-python3-3.11.9-env/lib/python3.11/site-packages/librelane/scripts/base.sdc'…
[INFO] Using clock clk_i…
[INFO] Setting output delay to: 625
[INFO] Setting input delay to: 625
[INFO] Setting load to: 0.033442
[INFO] Setting clock uncertainty to: 0.25
[INFO] Setting clock transition to: 0.1499999999999999944488848768742172978818416595458984375
[INFO] Setting timing derate to: 5%
[INFO] Setting RC values…
%OL_CREATE_REPORT min.rpt

===========================================================================
report_checks -path_delay min (Hold)
============================================================================
======================= nom_tt_025C_1v80 Corner ===================================

Startpoint: _184_ (rising edge-triggered flip-flop clocked by clk_i)
Endpoint: _181_ (rising edge-triggered flip-flop clocked by clk_i)
Path Group: clk_i
Path Type: min

Fanout         Cap        Slew       Delay        Time   Description
---------------------------------------------------------------------------------------------
                                  0.000000    0.000000   clock clk_i (rise edge)
                                  0.000000    0.000000   clock source latency
     1    0.012536    0.062558    0.042357    0.042357 ^ clk_i (in)
                                                         clk_i (net)
                      0.062562    0.000000    0.042357 ^ clkbuf_0_clk_i/A (sky130_fd_sc_hd__clkbuf_16)
     4    0.036566    0.056684    0.145518    0.187875 ^ clkbuf_0_clk_i/X (sky130_fd_sc_hd__clkbuf_16)
                                                         clknet_0_clk_i (net)
                      0.056709    0.001024    0.188899 ^ clkbuf_2_2__f_clk_i/A (sky130_fd_sc_hd__clkbuf_16)
    10    0.026804    0.047960    0.135762    0.324661 ^ clkbuf_2_2__f_clk_i/X (sky130_fd_sc_hd__clkbuf_16)
                                                         clknet_2_2__leaf_clk_i (net)
                      0.048000    0.001222    0.325883 ^ _184_/CLK (sky130_fd_sc_hd__dfrtp_1)
     5    0.013125    0.125861    0.383183    0.709066 ^ _184_/Q (sky130_fd_sc_hd__dfrtp_1)
                                                         net6 (net)
                      0.125861    0.000199    0.709266 ^ _147_/A1 (sky130_fd_sc_hd__mux2_1)
     1    0.003731    0.048394    0.151486    0.860752 ^ _147_/X (sky130_fd_sc_hd__mux2_1)
                                                         _022_ (net)
                      0.048420    0.000136    0.860888 ^ _181_/D (sky130_fd_sc_hd__dfrtp_1)
                                              0.860888   data arrival time

                                  0.000000    0.000000   clock clk_i (rise edge)
                                  0.000000    0.000000   clock source latency
     1    0.012536    0.062558    0.042357    0.042357 ^ clk_i (in)
                                                         clk_i (net)
                      0.062562    0.000000    0.042357 ^ clkbuf_0_clk_i/A (sky130_fd_sc_hd__clkbuf_16)
     4    0.036566    0.056684    0.145518    0.187875 ^ clkbuf_0_clk_i/X (sky130_fd_sc_hd__clkbuf_16)
                                                         clknet_0_clk_i (net)
                      0.056709    0.001024    0.188899 ^ clkbuf_2_2__f_clk_i/A (sky130_fd_sc_hd__clkbuf_16)
    10    0.026804    0.047960    0.135762    0.324661 ^ clkbuf_2_2__f_clk_i/X (sky130_fd_sc_hd__clkbuf_16)
                                                         clknet_2_2__leaf_clk_i (net)
                      0.047989    0.001067    0.325728 ^ _181_/CLK (sky130_fd_sc_hd__dfrtp_1)
                                  0.250000    0.575728   clock uncertainty
                                  0.000000    0.575728   clock reconvergence pessimism
                                 -0.035072    0.540655   library hold time
                                              0.540655   data required time
---------------------------------------------------------------------------------------------
                                              0.540655   data required time
                                             -0.860888   data arrival time
---------------------------------------------------------------------------------------------
                                              0.320233   slack (MET)


Startpoint: _183_ (rising edge-triggered flip-flop clocked by clk_i)
Endpoint: _180_ (rising edge-triggered flip-flop clocked by clk_i)
Path Group: clk_i
Path Type: min

Fanout         Cap        Slew       Delay        Time   Description
---------------------------------------------------------------------------------------------
                                  0.000000    0.000000   clock clk_i (rise edge)
                                  0.000000    0.000000   clock source latency
     1    0.012536    0.062558    0.042357    0.042357 ^ clk_i (in)
                                                         clk_i (net)
                      0.062562    0.000000    0.042357 ^ clkbuf_0_clk_i/A (sky130_fd_sc_hd__clkbuf_16)
     4    0.036566    0.056684    0.145518    0.187875 ^ clkbuf_0_clk_i/X (sky130_fd_sc_hd__clkbuf_16)
                                                         clknet_0_clk_i (net)
                      0.056709    0.001024    0.188899 ^ clkbuf_2_2__f_clk_i/A (sky130_fd_sc_hd__clkbuf_16)
    10    0.026804    0.047960    0.135762    0.324661 ^ clkbuf_2_2__f_clk_i/X (sky130_fd_sc_hd__clkbuf_16)
                                                         clknet_2_2__leaf_clk_i (net)
                      0.047982    0.000957    0.325618 ^ _183_/CLK (sky130_fd_sc_hd__dfrtp_1)
     5    0.015180    0.142766    0.395575    0.721193 ^ _183_/Q (sky130_fd_sc_hd__dfrtp_1)
                                                         net5 (net)
                      0.142766    0.000276    0.721469 ^ _146_/A1 (sky130_fd_sc_hd__mux2_1)
     1    0.002338    0.037846    0.144830    0.866299 ^ _146_/X (sky130_fd_sc_hd__mux2_1)
                                                         _021_ (net)
                      0.037846    0.000048    0.866347 ^ _180_/D (sky130_fd_sc_hd__dfrtp_1)
                                              0.866347   data arrival time

                                  0.000000    0.000000   clock clk_i (rise edge)
                                  0.000000    0.000000   clock source latency
     1    0.012536    0.062558    0.042357    0.042357 ^ clk_i (in)
                                                         clk_i (net)
                      0.062562    0.000000    0.042357 ^ clkbuf_0_clk_i/A (sky130_fd_sc_hd__clkbuf_16)
     4    0.036566    0.056684    0.145518    0.187875 ^ clkbuf_0_clk_i/X (sky130_fd_sc_hd__clkbuf_16)
                                                         clknet_0_clk_i (net)
                      0.056709    0.001024    0.188899 ^ clkbuf_2_2__f_clk_i/A (sky130_fd_sc_hd__clkbuf_16)
    10    0.026804    0.047960    0.135762    0.324661 ^ clkbuf_2_2__f_clk_i/X (sky130_fd_sc_hd__clkbuf_16)
                                                         clknet_2_2__leaf_clk_i (net)
                      0.047982    0.000961    0.325622 ^ _180_/CLK (sky130_fd_sc_hd__dfrtp_1)
                                  0.250000    0.575622   clock uncertainty
                                  0.000000    0.575622   clock reconvergence pessimism
                                 -0.032858    0.542764   library hold time
                                              0.542764   data required time
---------------------------------------------------------------------------------------------
                                              0.542764   data required time
                                             -0.866347   data arrival time
---------------------------------------------------------------------------------------------
                                              0.323583   slack (MET)


Startpoint: _183_ (rising edge-triggered flip-flop clocked by clk_i)
Endpoint: _183_ (rising edge-triggered flip-flop clocked by clk_i)
Path Group: clk_i
Path Type: min

Fanout         Cap        Slew       Delay        Time   Description
---------------------------------------------------------------------------------------------
                                  0.000000    0.000000   clock clk_i (rise edge)
                                  0.000000    0.000000   clock source latency
     1    0.012536    0.062558    0.042357    0.042357 ^ clk_i (in)
                                                         clk_i (net)
                      0.062562    0.000000    0.042357 ^ clkbuf_0_clk_i/A (sky130_fd_sc_hd__clkbuf_16)
     4    0.036566    0.056684    0.145518    0.187875 ^ clkbuf_0_clk_i/X (sky130_fd_sc_hd__clkbuf_16)
                                                         clknet_0_clk_i (net)
                      0.056709    0.001024    0.188899 ^ clkbuf_2_2__f_clk_i/A (sky130_fd_sc_hd__clkbuf_16)
    10    0.026804    0.047960    0.135762    0.324661 ^ clkbuf_2_2__f_clk_i/X (sky130_fd_sc_hd__clkbuf_16)
                                                         clknet_2_2__leaf_clk_i (net)
                      0.047982    0.000957    0.325618 ^ _183_/CLK (sky130_fd_sc_hd__dfrtp_1)
     5    0.015180    0.142766    0.395575    0.721193 ^ _183_/Q (sky130_fd_sc_hd__dfrtp_1)
                                                         net5 (net)
                      0.142766    0.000360    0.721553 ^ _149_/A0 (sky130_fd_sc_hd__mux2_1)
     1    0.002940    0.042356    0.147146    0.868699 ^ _149_/X (sky130_fd_sc_hd__mux2_1)
                                                         _024_ (net)
                      0.042356    0.000092    0.868791 ^ _183_/D (sky130_fd_sc_hd__dfrtp_1)
                                              0.868791   data arrival time

                                  0.000000    0.000000   clock clk_i (rise edge)
                                  0.000000    0.000000   clock source latency
     1    0.012536    0.062558    0.042357    0.042357 ^ clk_i (in)
                                                         clk_i (net)
                      0.062562    0.000000    0.042357 ^ clkbuf_0_clk_i/A (sky130_fd_sc_hd__clkbuf_16)
     4    0.036566    0.056684    0.145518    0.187875 ^ clkbuf_0_clk_i/X (sky130_fd_sc_hd__clkbuf_16)
                                                         clknet_0_clk_i (net)
                      0.056709    0.001024    0.188899 ^ clkbuf_2_2__f_clk_i/A (sky130_fd_sc_hd__clkbuf_16)
    10    0.026804    0.047960    0.135762    0.324661 ^ clkbuf_2_2__f_clk_i/X (sky130_fd_sc_hd__clkbuf_16)
                                                         clknet_2_2__leaf_clk_i (net)
                      0.047982    0.000957    0.325618 ^ _183_/CLK (sky130_fd_sc_hd__dfrtp_1)
                                  0.250000    0.575618   clock uncertainty
                                  0.000000    0.575618   clock reconvergence pessimism
                                 -0.033803    0.541815   library hold time
                                              0.541815   data required time
---------------------------------------------------------------------------------------------
                                              0.541815   data required time
                                             -0.868791   data arrival time
---------------------------------------------------------------------------------------------
                                              0.326976   slack (MET)


Startpoint: _189_ (rising edge-triggered flip-flop clocked by clk_i)
Endpoint: _186_ (rising edge-triggered flip-flop clocked by clk_i)
Path Group: clk_i
Path Type: min

Fanout         Cap        Slew       Delay        Time   Description
---------------------------------------------------------------------------------------------
                                  0.000000    0.000000   clock clk_i (rise edge)
                                  0.000000    0.000000   clock source latency
     1    0.012536    0.062558    0.042357    0.042357 ^ clk_i (in)
                                                         clk_i (net)
                      0.062562    0.000000    0.042357 ^ clkbuf_0_clk_i/A (sky130_fd_sc_hd__clkbuf_16)
     4    0.036566    0.056684    0.145518    0.187875 ^ clkbuf_0_clk_i/X (sky130_fd_sc_hd__clkbuf_16)
                                                         clknet_0_clk_i (net)
                      0.056713    0.001104    0.188979 ^ clkbuf_2_0__f_clk_i/A (sky130_fd_sc_hd__clkbuf_16)
    10    0.027498    0.048736    0.136617    0.325596 ^ clkbuf_2_0__f_clk_i/X (sky130_fd_sc_hd__clkbuf_16)
                                                         clknet_2_0__leaf_clk_i (net)
                      0.048741    0.000868    0.326464 ^ _189_/CLK (sky130_fd_sc_hd__dfrtp_1)
     1    0.003496    0.050520    0.321054    0.647518 ^ _189_/Q (sky130_fd_sc_hd__dfrtp_1)
                                                         rng_rd.req_num (net)
                      0.050520    0.000124    0.647642 ^ _081_/B (sky130_fd_sc_hd__or3_1)
     4    0.013068    0.126233    0.160325    0.807967 ^ _081_/X (sky130_fd_sc_hd__or3_1)
                                                         req_num (net)
                      0.126233    0.000420    0.808387 ^ _151_/B (sky130_fd_sc_hd__xor2_1)
     1    0.002163    0.033598    0.075280    0.883667 v _151_/X (sky130_fd_sc_hd__xor2_1)
                                                         _026_ (net)
                      0.033598    0.000043    0.883709 v _186_/D (sky130_fd_sc_hd__dfrtp_1)
                                              0.883709   data arrival time

                                  0.000000    0.000000   clock clk_i (rise edge)
                                  0.000000    0.000000   clock source latency
     1    0.012536    0.062558    0.042357    0.042357 ^ clk_i (in)
                                                         clk_i (net)
                      0.062562    0.000000    0.042357 ^ clkbuf_0_clk_i/A (sky130_fd_sc_hd__clkbuf_16)
     4    0.036566    0.056684    0.145518    0.187875 ^ clkbuf_0_clk_i/X (sky130_fd_sc_hd__clkbuf_16)
                                                         clknet_0_clk_i (net)
                      0.056713    0.001104    0.188979 ^ clkbuf_2_0__f_clk_i/A (sky130_fd_sc_hd__clkbuf_16)
    10    0.027498    0.048736    0.136617    0.325596 ^ clkbuf_2_0__f_clk_i/X (sky130_fd_sc_hd__clkbuf_16)
                                                         clknet_2_0__leaf_clk_i (net)
                      0.048742    0.000930    0.326526 ^ _186_/CLK (sky130_fd_sc_hd__dfrtp_1)
                                  0.250000    0.576526   clock uncertainty
                                  0.000000    0.576526   clock reconvergence pessimism
                                 -0.040280    0.536246   library hold time
                                              0.536246   data required time
---------------------------------------------------------------------------------------------
                                              0.536246   data required time
                                             -0.883709   data arrival time
---------------------------------------------------------------------------------------------
                                              0.347463   slack (MET)


Startpoint: _187_ (rising edge-triggered flip-flop clocked by clk_i)
Endpoint: _187_ (rising edge-triggered flip-flop clocked by clk_i)
Path Group: clk_i
Path Type: min

Fanout         Cap        Slew       Delay        Time   Description
---------------------------------------------------------------------------------------------
                                  0.000000    0.000000   clock clk_i (rise edge)
                                  0.000000    0.000000   clock source latency
     1    0.012536    0.062558    0.042357    0.042357 ^ clk_i (in)
                                                         clk_i (net)
                      0.062562    0.000000    0.042357 ^ clkbuf_0_clk_i/A (sky130_fd_sc_hd__clkbuf_16)
     4    0.036566    0.056684    0.145518    0.187875 ^ clkbuf_0_clk_i/X (sky130_fd_sc_hd__clkbuf_16)
                                                         clknet_0_clk_i (net)
                      0.056713    0.001104    0.188979 ^ clkbuf_2_0__f_clk_i/A (sky130_fd_sc_hd__clkbuf_16)
    10    0.027498    0.048736    0.136617    0.325596 ^ clkbuf_2_0__f_clk_i/X (sky130_fd_sc_hd__clkbuf_16)
                                                         clknet_2_0__leaf_clk_i (net)
                      0.048742    0.000968    0.326563 ^ _187_/CLK (sky130_fd_sc_hd__dfrtp_1)
     2    0.005054    0.062156    0.331591    0.658154 ^ _187_/Q (sky130_fd_sc_hd__dfrtp_1)
                                                         num_i_bar[1] (net)
                      0.062204    0.000168    0.658322 ^ _153_/A (sky130_fd_sc_hd__and3_1)
     2    0.009004    0.102044    0.185663    0.843985 ^ _153_/X (sky130_fd_sc_hd__and3_1)
                                                         _050_ (net)
                      0.102044    0.000137    0.844122 ^ _154_/B (sky130_fd_sc_hd__nor2_1)
     1    0.003144    0.028974    0.051172    0.895294 v _154_/Y (sky130_fd_sc_hd__nor2_1)
                                                         _027_ (net)
                      0.028974    0.000103    0.895397 v _187_/D (sky130_fd_sc_hd__dfrtp_1)
                                              0.895397   data arrival time

                                  0.000000    0.000000   clock clk_i (rise edge)
                                  0.000000    0.000000   clock source latency
     1    0.012536    0.062558    0.042357    0.042357 ^ clk_i (in)
                                                         clk_i (net)
                      0.062562    0.000000    0.042357 ^ clkbuf_0_clk_i/A (sky130_fd_sc_hd__clkbuf_16)
     4    0.036566    0.056684    0.145518    0.187875 ^ clkbuf_0_clk_i/X (sky130_fd_sc_hd__clkbuf_16)
                                                         clknet_0_clk_i (net)
                      0.056713    0.001104    0.188979 ^ clkbuf_2_0__f_clk_i/A (sky130_fd_sc_hd__clkbuf_16)
    10    0.027498    0.048736    0.136617    0.325596 ^ clkbuf_2_0__f_clk_i/X (sky130_fd_sc_hd__clkbuf_16)
                                                         clknet_2_0__leaf_clk_i (net)
                      0.048742    0.000968    0.326563 ^ _187_/CLK (sky130_fd_sc_hd__dfrtp_1)
                                  0.250000    0.576563   clock uncertainty
                                  0.000000    0.576563   clock reconvergence pessimism
                                 -0.038398    0.538166   library hold time
                                              0.538166   data required time
---------------------------------------------------------------------------------------------
                                              0.538166   data required time
                                             -0.895397   data arrival time
---------------------------------------------------------------------------------------------
                                              0.357231   slack (MET)


Startpoint: _187_ (rising edge-triggered flip-flop clocked by clk_i)
Endpoint: _188_ (rising edge-triggered flip-flop clocked by clk_i)
Path Group: clk_i
Path Type: min

Fanout         Cap        Slew       Delay        Time   Description
---------------------------------------------------------------------------------------------
                                  0.000000    0.000000   clock clk_i (rise edge)
                                  0.000000    0.000000   clock source latency
     1    0.012536    0.062558    0.042357    0.042357 ^ clk_i (in)
                                                         clk_i (net)
                      0.062562    0.000000    0.042357 ^ clkbuf_0_clk_i/A (sky130_fd_sc_hd__clkbuf_16)
     4    0.036566    0.056684    0.145518    0.187875 ^ clkbuf_0_clk_i/X (sky130_fd_sc_hd__clkbuf_16)
                                                         clknet_0_clk_i (net)
                      0.056713    0.001104    0.188979 ^ clkbuf_2_0__f_clk_i/A (sky130_fd_sc_hd__clkbuf_16)
    10    0.027498    0.048736    0.136617    0.325596 ^ clkbuf_2_0__f_clk_i/X (sky130_fd_sc_hd__clkbuf_16)
                                                         clknet_2_0__leaf_clk_i (net)
                      0.048742    0.000968    0.326563 ^ _187_/CLK (sky130_fd_sc_hd__dfrtp_1)
     2    0.005054    0.062156    0.331591    0.658154 ^ _187_/Q (sky130_fd_sc_hd__dfrtp_1)
                                                         num_i_bar[1] (net)
                      0.062204    0.000168    0.658322 ^ _153_/A (sky130_fd_sc_hd__and3_1)
     2    0.009004    0.102044    0.185663    0.843985 ^ _153_/X (sky130_fd_sc_hd__and3_1)
                                                         _050_ (net)
                      0.102044    0.000281    0.844266 ^ _155_/B (sky130_fd_sc_hd__xor2_1)
     1    0.002807    0.036289    0.072553    0.916818 v _155_/X (sky130_fd_sc_hd__xor2_1)
                                                         _028_ (net)
                      0.036289    0.000066    0.916885 v _188_/D (sky130_fd_sc_hd__dfrtp_1)
                                              0.916885   data arrival time

                                  0.000000    0.000000   clock clk_i (rise edge)
                                  0.000000    0.000000   clock source latency
     1    0.012536    0.062558    0.042357    0.042357 ^ clk_i (in)
                                                         clk_i (net)
                      0.062562    0.000000    0.042357 ^ clkbuf_0_clk_i/A (sky130_fd_sc_hd__clkbuf_16)
     4    0.036566    0.056684    0.145518    0.187875 ^ clkbuf_0_clk_i/X (sky130_fd_sc_hd__clkbuf_16)
                                                         clknet_0_clk_i (net)
                      0.056713    0.001104    0.188979 ^ clkbuf_2_0__f_clk_i/A (sky130_fd_sc_hd__clkbuf_16)
    10    0.027498    0.048736    0.136617    0.325596 ^ clkbuf_2_0__f_clk_i/X (sky130_fd_sc_hd__clkbuf_16)
                                                         clknet_2_0__leaf_clk_i (net)
                      0.048742    0.000969    0.326565 ^ _188_/CLK (sky130_fd_sc_hd__dfrtp_1)
                                  0.250000    0.576565   clock uncertainty
                                  0.000000    0.576565   clock reconvergence pessimism
                                 -0.041376    0.535189   library hold time
                                              0.535189   data required time
---------------------------------------------------------------------------------------------
                                              0.535189   data required time
                                             -0.916885   data arrival time
---------------------------------------------------------------------------------------------
                                              0.381696   slack (MET)


Startpoint: _161_ (rising edge-triggered flip-flop clocked by clk_i)
Endpoint: _184_ (rising edge-triggered flip-flop clocked by clk_i)
Path Group: clk_i
Path Type: min

Fanout         Cap        Slew       Delay        Time   Description
---------------------------------------------------------------------------------------------
                                  0.000000    0.000000   clock clk_i (rise edge)
                                  0.000000    0.000000   clock source latency
     1    0.012536    0.062558    0.042357    0.042357 ^ clk_i (in)
                                                         clk_i (net)
                      0.062562    0.000000    0.042357 ^ clkbuf_0_clk_i/A (sky130_fd_sc_hd__clkbuf_16)
     4    0.036566    0.056684    0.145518    0.187875 ^ clkbuf_0_clk_i/X (sky130_fd_sc_hd__clkbuf_16)
                                                         clknet_0_clk_i (net)
                      0.056707    0.001005    0.188880 ^ clkbuf_2_1__f_clk_i/A (sky130_fd_sc_hd__clkbuf_16)
     9    0.026726    0.047870    0.135996    0.324876 ^ clkbuf_2_1__f_clk_i/X (sky130_fd_sc_hd__clkbuf_16)
                                                         clknet_2_1__leaf_clk_i (net)
                      0.047878    0.000598    0.325474 ^ _161_/CLK (sky130_fd_sc_hd__dfrtp_1)
     1    0.003278    0.048822    0.318931    0.644405 ^ _161_/Q (sky130_fd_sc_hd__dfrtp_1)
                                                         rng_rd.cache[2] (net)
                      0.048822    0.000108    0.644512 ^ fanout11/A (sky130_fd_sc_hd__clkbuf_2)
     6    0.027081    0.151531    0.181811    0.826323 ^ fanout11/X (sky130_fd_sc_hd__clkbuf_2)
                                                         net11 (net)
                      0.151587    0.000936    0.827259 ^ _150_/A1 (sky130_fd_sc_hd__mux2_1)
     1    0.002374    0.038107    0.147288    0.974547 ^ _150_/X (sky130_fd_sc_hd__mux2_1)
                                                         _025_ (net)
                      0.038107    0.000051    0.974598 ^ _184_/D (sky130_fd_sc_hd__dfrtp_1)
                                              0.974598   data arrival time

                                  0.000000    0.000000   clock clk_i (rise edge)
                                  0.000000    0.000000   clock source latency
     1    0.012536    0.062558    0.042357    0.042357 ^ clk_i (in)
                                                         clk_i (net)
                      0.062562    0.000000    0.042357 ^ clkbuf_0_clk_i/A (sky130_fd_sc_hd__clkbuf_16)
     4    0.036566    0.056684    0.145518    0.187875 ^ clkbuf_0_clk_i/X (sky130_fd_sc_hd__clkbuf_16)
                                                         clknet_0_clk_i (net)
                      0.056709    0.001024    0.188899 ^ clkbuf_2_2__f_clk_i/A (sky130_fd_sc_hd__clkbuf_16)
    10    0.026804    0.047960    0.135762    0.324661 ^ clkbuf_2_2__f_clk_i/X (sky130_fd_sc_hd__clkbuf_16)
                                                         clknet_2_2__leaf_clk_i (net)
                      0.048000    0.001222    0.325883 ^ _184_/CLK (sky130_fd_sc_hd__dfrtp_1)
                                  0.250000    0.575883   clock uncertainty
                                  0.000000    0.575883   clock reconvergence pessimism
                                 -0.032910    0.542973   library hold time
                                              0.542973   data required time
---------------------------------------------------------------------------------------------
                                              0.542973   data required time
                                             -0.974598   data arrival time
---------------------------------------------------------------------------------------------
                                              0.431625   slack (MET)


Startpoint: _161_ (rising edge-triggered flip-flop clocked by clk_i)
Endpoint: _161_ (rising edge-triggered flip-flop clocked by clk_i)
Path Group: clk_i
Path Type: min

Fanout         Cap        Slew       Delay        Time   Description
---------------------------------------------------------------------------------------------
                                  0.000000    0.000000   clock clk_i (rise edge)
                                  0.000000    0.000000   clock source latency
     1    0.012536    0.062558    0.042357    0.042357 ^ clk_i (in)
                                                         clk_i (net)
                      0.062562    0.000000    0.042357 ^ clkbuf_0_clk_i/A (sky130_fd_sc_hd__clkbuf_16)
     4    0.036566    0.056684    0.145518    0.187875 ^ clkbuf_0_clk_i/X (sky130_fd_sc_hd__clkbuf_16)
                                                         clknet_0_clk_i (net)
                      0.056707    0.001005    0.188880 ^ clkbuf_2_1__f_clk_i/A (sky130_fd_sc_hd__clkbuf_16)
     9    0.026726    0.047870    0.135996    0.324876 ^ clkbuf_2_1__f_clk_i/X (sky130_fd_sc_hd__clkbuf_16)
                                                         clknet_2_1__leaf_clk_i (net)
                      0.047878    0.000598    0.325474 ^ _161_/CLK (sky130_fd_sc_hd__dfrtp_1)
     1    0.003278    0.048822    0.318931    0.644405 ^ _161_/Q (sky130_fd_sc_hd__dfrtp_1)
                                                         rng_rd.cache[2] (net)
                      0.048822    0.000108    0.644512 ^ fanout11/A (sky130_fd_sc_hd__clkbuf_2)
     6    0.027081    0.151531    0.181811    0.826323 ^ fanout11/X (sky130_fd_sc_hd__clkbuf_2)
                                                         net11 (net)
                      0.151581    0.000442    0.826765 ^ _129_/A0 (sky130_fd_sc_hd__mux2_1)
     1    0.002988    0.042717    0.149690    0.976455 ^ _129_/X (sky130_fd_sc_hd__mux2_1)
                                                         _004_ (net)
                      0.042717    0.000095    0.976550 ^ _161_/D (sky130_fd_sc_hd__dfrtp_1)
                                              0.976550   data arrival time

                                  0.000000    0.000000   clock clk_i (rise edge)
                                  0.000000    0.000000   clock source latency
     1    0.012536    0.062558    0.042357    0.042357 ^ clk_i (in)
                                                         clk_i (net)
                      0.062562    0.000000    0.042357 ^ clkbuf_0_clk_i/A (sky130_fd_sc_hd__clkbuf_16)
     4    0.036566    0.056684    0.145518    0.187875 ^ clkbuf_0_clk_i/X (sky130_fd_sc_hd__clkbuf_16)
                                                         clknet_0_clk_i (net)
                      0.056707    0.001005    0.188880 ^ clkbuf_2_1__f_clk_i/A (sky130_fd_sc_hd__clkbuf_16)
     9    0.026726    0.047870    0.135996    0.324876 ^ clkbuf_2_1__f_clk_i/X (sky130_fd_sc_hd__clkbuf_16)
                                                         clknet_2_1__leaf_clk_i (net)
                      0.047878    0.000598    0.325474 ^ _161_/CLK (sky130_fd_sc_hd__dfrtp_1)
                                  0.250000    0.575474   clock uncertainty
                                  0.000000    0.575474   clock reconvergence pessimism
                                 -0.033893    0.541581   library hold time
                                              0.541581   data required time
---------------------------------------------------------------------------------------------
                                              0.541581   data required time
                                             -0.976550   data arrival time
---------------------------------------------------------------------------------------------
                                              0.434969   slack (MET)


Startpoint: _159_ (rising edge-triggered flip-flop clocked by clk_i)
Endpoint: _159_ (rising edge-triggered flip-flop clocked by clk_i)
Path Group: clk_i
Path Type: min

Fanout         Cap        Slew       Delay        Time   Description
---------------------------------------------------------------------------------------------
                                  0.000000    0.000000   clock clk_i (rise edge)
                                  0.000000    0.000000   clock source latency
     1    0.012536    0.062558    0.042357    0.042357 ^ clk_i (in)
                                                         clk_i (net)
                      0.062562    0.000000    0.042357 ^ clkbuf_0_clk_i/A (sky130_fd_sc_hd__clkbuf_16)
     4    0.036566    0.056684    0.145518    0.187875 ^ clkbuf_0_clk_i/X (sky130_fd_sc_hd__clkbuf_16)
                                                         clknet_0_clk_i (net)
                      0.056713    0.001104    0.188979 ^ clkbuf_2_0__f_clk_i/A (sky130_fd_sc_hd__clkbuf_16)
    10    0.027498    0.048736    0.136617    0.325596 ^ clkbuf_2_0__f_clk_i/X (sky130_fd_sc_hd__clkbuf_16)
                                                         clknet_2_0__leaf_clk_i (net)
                      0.048740    0.000737    0.326333 ^ _159_/CLK (sky130_fd_sc_hd__dfrtp_1)
     3    0.017209    0.159524    0.407964    0.734296 ^ _159_/Q (sky130_fd_sc_hd__dfrtp_1)
                                                         rng_rd.cache[0] (net)
                      0.159524    0.000268    0.734564 ^ fanout13/A (sky130_fd_sc_hd__clkbuf_4)
    10    0.038750    0.125111    0.234794    0.969359 ^ fanout13/X (sky130_fd_sc_hd__clkbuf_4)
                                                         net13 (net)
                      0.125112    0.000626    0.969984 ^ _127_/A0 (sky130_fd_sc_hd__mux2_1)
     1    0.003151    0.043964    0.144497    1.114481 ^ _127_/X (sky130_fd_sc_hd__mux2_1)
                                                         _002_ (net)
                      0.043964    0.000105    1.114587 ^ _159_/D (sky130_fd_sc_hd__dfrtp_1)
                                              1.114587   data arrival time

                                  0.000000    0.000000   clock clk_i (rise edge)
                                  0.000000    0.000000   clock source latency
     1    0.012536    0.062558    0.042357    0.042357 ^ clk_i (in)
                                                         clk_i (net)
                      0.062562    0.000000    0.042357 ^ clkbuf_0_clk_i/A (sky130_fd_sc_hd__clkbuf_16)
     4    0.036566    0.056684    0.145518    0.187875 ^ clkbuf_0_clk_i/X (sky130_fd_sc_hd__clkbuf_16)
                                                         clknet_0_clk_i (net)
                      0.056713    0.001104    0.188979 ^ clkbuf_2_0__f_clk_i/A (sky130_fd_sc_hd__clkbuf_16)
    10    0.027498    0.048736    0.136617    0.325596 ^ clkbuf_2_0__f_clk_i/X (sky130_fd_sc_hd__clkbuf_16)
                                                         clknet_2_0__leaf_clk_i (net)
                      0.048740    0.000737    0.326333 ^ _159_/CLK (sky130_fd_sc_hd__dfrtp_1)
                                  0.250000    0.576333   clock uncertainty
                                  0.000000    0.576333   clock reconvergence pessimism
                                 -0.034036    0.542296   library hold time
                                              0.542296   data required time
---------------------------------------------------------------------------------------------
                                              0.542296   data required time
                                             -1.114587   data arrival time
---------------------------------------------------------------------------------------------
                                              0.572290   slack (MET)


Startpoint: _159_ (rising edge-triggered flip-flop clocked by clk_i)
Endpoint: _182_ (rising edge-triggered flip-flop clocked by clk_i)
Path Group: clk_i
Path Type: min

Fanout         Cap        Slew       Delay        Time   Description
---------------------------------------------------------------------------------------------
                                  0.000000    0.000000   clock clk_i (rise edge)
                                  0.000000    0.000000   clock source latency
     1    0.012536    0.062558    0.042357    0.042357 ^ clk_i (in)
                                                         clk_i (net)
                      0.062562    0.000000    0.042357 ^ clkbuf_0_clk_i/A (sky130_fd_sc_hd__clkbuf_16)
     4    0.036566    0.056684    0.145518    0.187875 ^ clkbuf_0_clk_i/X (sky130_fd_sc_hd__clkbuf_16)
                                                         clknet_0_clk_i (net)
                      0.056713    0.001104    0.188979 ^ clkbuf_2_0__f_clk_i/A (sky130_fd_sc_hd__clkbuf_16)
    10    0.027498    0.048736    0.136617    0.325596 ^ clkbuf_2_0__f_clk_i/X (sky130_fd_sc_hd__clkbuf_16)
                                                         clknet_2_0__leaf_clk_i (net)
                      0.048740    0.000737    0.326333 ^ _159_/CLK (sky130_fd_sc_hd__dfrtp_1)
     3    0.017209    0.159524    0.407964    0.734296 ^ _159_/Q (sky130_fd_sc_hd__dfrtp_1)
                                                         rng_rd.cache[0] (net)
                      0.159524    0.000268    0.734564 ^ fanout13/A (sky130_fd_sc_hd__clkbuf_4)
    10    0.038750    0.125111    0.234794    0.969359 ^ fanout13/X (sky130_fd_sc_hd__clkbuf_4)
                                                         net13 (net)
                      0.125126    0.001416    0.970774 ^ _148_/A1 (sky130_fd_sc_hd__mux2_1)
     1    0.003237    0.044618    0.147665    1.118439 ^ _148_/X (sky130_fd_sc_hd__mux2_1)
                                                         _023_ (net)
                      0.044618    0.000105    1.118544 ^ _182_/D (sky130_fd_sc_hd__dfrtp_1)
                                              1.118544   data arrival time

                                  0.000000    0.000000   clock clk_i (rise edge)
                                  0.000000    0.000000   clock source latency
     1    0.012536    0.062558    0.042357    0.042357 ^ clk_i (in)
                                                         clk_i (net)
                      0.062562    0.000000    0.042357 ^ clkbuf_0_clk_i/A (sky130_fd_sc_hd__clkbuf_16)
     4    0.036566    0.056684    0.145518    0.187875 ^ clkbuf_0_clk_i/X (sky130_fd_sc_hd__clkbuf_16)
                                                         clknet_0_clk_i (net)
                      0.056709    0.001024    0.188899 ^ clkbuf_2_2__f_clk_i/A (sky130_fd_sc_hd__clkbuf_16)
    10    0.026804    0.047960    0.135762    0.324661 ^ clkbuf_2_2__f_clk_i/X (sky130_fd_sc_hd__clkbuf_16)
                                                         clknet_2_2__leaf_clk_i (net)
                      0.048013    0.001378    0.326039 ^ _182_/CLK (sky130_fd_sc_hd__dfrtp_1)
                                  0.250000    0.576039   clock uncertainty
                                  0.000000    0.576039   clock reconvergence pessimism
                                 -0.034273    0.541767   library hold time
                                              0.541767   data required time
---------------------------------------------------------------------------------------------
                                              0.541767   data required time
                                             -1.118544   data arrival time
---------------------------------------------------------------------------------------------
                                              0.576778   slack (MET)


Startpoint: _160_ (rising edge-triggered flip-flop clocked by clk_i)
Endpoint: _160_ (rising edge-triggered flip-flop clocked by clk_i)
Path Group: clk_i
Path Type: min

Fanout         Cap        Slew       Delay        Time   Description
---------------------------------------------------------------------------------------------
                                  0.000000    0.000000   clock clk_i (rise edge)
                                  0.000000    0.000000   clock source latency
     1    0.012536    0.062558    0.042357    0.042357 ^ clk_i (in)
                                                         clk_i (net)
                      0.062562    0.000000    0.042357 ^ clkbuf_0_clk_i/A (sky130_fd_sc_hd__clkbuf_16)
     4    0.036566    0.056684    0.145518    0.187875 ^ clkbuf_0_clk_i/X (sky130_fd_sc_hd__clkbuf_16)
                                                         clknet_0_clk_i (net)
                      0.056713    0.001104    0.188979 ^ clkbuf_2_0__f_clk_i/A (sky130_fd_sc_hd__clkbuf_16)
    10    0.027498    0.048736    0.136617    0.325596 ^ clkbuf_2_0__f_clk_i/X (sky130_fd_sc_hd__clkbuf_16)
                                                         clknet_2_0__leaf_clk_i (net)
                      0.048738    0.000530    0.326126 ^ _160_/CLK (sky130_fd_sc_hd__dfrtp_1)
     4    0.015657    0.146780    0.398419    0.724545 ^ _160_/Q (sky130_fd_sc_hd__dfrtp_1)
                                                         rng_rd.cache[1] (net)
                      0.146780    0.000539    0.725083 ^ fanout12/A (sky130_fd_sc_hd__clkbuf_4)
    10    0.047508    0.149733    0.249052    0.974135 ^ fanout12/X (sky130_fd_sc_hd__clkbuf_4)
                                                         net12 (net)
                      0.149735    0.000810    0.974946 ^ _128_/A0 (sky130_fd_sc_hd__mux2_1)
     1    0.002722    0.040698    0.147099    1.122045 ^ _128_/X (sky130_fd_sc_hd__mux2_1)
                                                         _003_ (net)
                      0.040698    0.000062    1.122106 ^ _160_/D (sky130_fd_sc_hd__dfrtp_1)
                                              1.122106   data arrival time

                                  0.000000    0.000000   clock clk_i (rise edge)
                                  0.000000    0.000000   clock source latency
     1    0.012536    0.062558    0.042357    0.042357 ^ clk_i (in)
                                                         clk_i (net)
                      0.062562    0.000000    0.042357 ^ clkbuf_0_clk_i/A (sky130_fd_sc_hd__clkbuf_16)
     4    0.036566    0.056684    0.145518    0.187875 ^ clkbuf_0_clk_i/X (sky130_fd_sc_hd__clkbuf_16)
                                                         clknet_0_clk_i (net)
                      0.056713    0.001104    0.188979 ^ clkbuf_2_0__f_clk_i/A (sky130_fd_sc_hd__clkbuf_16)
    10    0.027498    0.048736    0.136617    0.325596 ^ clkbuf_2_0__f_clk_i/X (sky130_fd_sc_hd__clkbuf_16)
                                                         clknet_2_0__leaf_clk_i (net)
                      0.048738    0.000530    0.326126 ^ _160_/CLK (sky130_fd_sc_hd__dfrtp_1)
                                  0.250000    0.576126   clock uncertainty
                                  0.000000    0.576126   clock reconvergence pessimism
                                 -0.033352    0.542774   library hold time
                                              0.542774   data required time
---------------------------------------------------------------------------------------------
                                              0.542774   data required time
                                             -1.122106   data arrival time
---------------------------------------------------------------------------------------------
                                              0.579332   slack (MET)


Startpoint: _193_ (rising edge-triggered flip-flop clocked by clk_i)
Endpoint: _166_ (rising edge-triggered flip-flop clocked by clk_i)
Path Group: clk_i
Path Type: min

Fanout         Cap        Slew       Delay        Time   Description
---------------------------------------------------------------------------------------------
                                  0.000000    0.000000   clock clk_i (rise edge)
                                  0.000000    0.000000   clock source latency
     1    0.012536    0.062558    0.042357    0.042357 ^ clk_i (in)
                                                         clk_i (net)
                      0.062562    0.000000    0.042357 ^ clkbuf_0_clk_i/A (sky130_fd_sc_hd__clkbuf_16)
     4    0.036566    0.056684    0.145518    0.187875 ^ clkbuf_0_clk_i/X (sky130_fd_sc_hd__clkbuf_16)
                                                         clknet_0_clk_i (net)
                      0.056713    0.001104    0.188979 ^ clkbuf_2_0__f_clk_i/A (sky130_fd_sc_hd__clkbuf_16)
    10    0.027498    0.048736    0.136617    0.325596 ^ clkbuf_2_0__f_clk_i/X (sky130_fd_sc_hd__clkbuf_16)
                                                         clknet_2_0__leaf_clk_i (net)
                      0.048738    0.000526    0.326122 ^ _193_/CLK (sky130_fd_sc_hd__dfrtp_1)
     1    0.003068    0.047203    0.317515    0.643637 ^ _193_/Q (sky130_fd_sc_hd__dfrtp_1)
                                                         rng_rd.wr_pulse (net)
                      0.047203    0.000106    0.643743 ^ _124_/C (sky130_fd_sc_hd__and4b_1)
     1    0.003752    0.064081    0.187624    0.831367 ^ _124_/X (sky130_fd_sc_hd__and4b_1)
                                                         _048_ (net)
                      0.064081    0.000132    0.831499 ^ fanout9/A (sky130_fd_sc_hd__buf_2)
     7    0.028369    0.142775    0.185479    1.016979 ^ fanout9/X (sky130_fd_sc_hd__buf_2)
                                                         net9 (net)
                      0.142775    0.000514    1.017493 ^ _134_/S (sky130_fd_sc_hd__mux2_1)
     1    0.002475    0.038841    0.148215    1.165708 ^ _134_/X (sky130_fd_sc_hd__mux2_1)
                                                         _009_ (net)
                      0.038841    0.000052    1.165760 ^ _166_/D (sky130_fd_sc_hd__dfrtp_1)
                                              1.165760   data arrival time

                                  0.000000    0.000000   clock clk_i (rise edge)
                                  0.000000    0.000000   clock source latency
     1    0.012536    0.062558    0.042357    0.042357 ^ clk_i (in)
                                                         clk_i (net)
                      0.062562    0.000000    0.042357 ^ clkbuf_0_clk_i/A (sky130_fd_sc_hd__clkbuf_16)
     4    0.036566    0.056684    0.145518    0.187875 ^ clkbuf_0_clk_i/X (sky130_fd_sc_hd__clkbuf_16)
                                                         clknet_0_clk_i (net)
                      0.056700    0.000868    0.188742 ^ clkbuf_2_3__f_clk_i/A (sky130_fd_sc_hd__clkbuf_16)
     8    0.025516    0.046767    0.134796    0.323539 ^ clkbuf_2_3__f_clk_i/X (sky130_fd_sc_hd__clkbuf_16)
                                                         clknet_2_3__leaf_clk_i (net)
                      0.046773    0.000513    0.324051 ^ _166_/CLK (sky130_fd_sc_hd__dfrtp_1)
                                  0.250000    0.574051   clock uncertainty
                                  0.000000    0.574051   clock reconvergence pessimism
                                 -0.033231    0.540820   library hold time
                                              0.540820   data required time
---------------------------------------------------------------------------------------------
                                              0.540820   data required time
                                             -1.165760   data arrival time
---------------------------------------------------------------------------------------------
                                              0.624940   slack (MET)


Startpoint: _193_ (rising edge-triggered flip-flop clocked by clk_i)
Endpoint: _174_ (rising edge-triggered flip-flop clocked by clk_i)
Path Group: clk_i
Path Type: min

Fanout         Cap        Slew       Delay        Time   Description
---------------------------------------------------------------------------------------------
                                  0.000000    0.000000   clock clk_i (rise edge)
                                  0.000000    0.000000   clock source latency
     1    0.012536    0.062558    0.042357    0.042357 ^ clk_i (in)
                                                         clk_i (net)
                      0.062562    0.000000    0.042357 ^ clkbuf_0_clk_i/A (sky130_fd_sc_hd__clkbuf_16)
     4    0.036566    0.056684    0.145518    0.187875 ^ clkbuf_0_clk_i/X (sky130_fd_sc_hd__clkbuf_16)
                                                         clknet_0_clk_i (net)
                      0.056713    0.001104    0.188979 ^ clkbuf_2_0__f_clk_i/A (sky130_fd_sc_hd__clkbuf_16)
    10    0.027498    0.048736    0.136617    0.325596 ^ clkbuf_2_0__f_clk_i/X (sky130_fd_sc_hd__clkbuf_16)
                                                         clknet_2_0__leaf_clk_i (net)
                      0.048738    0.000526    0.326122 ^ _193_/CLK (sky130_fd_sc_hd__dfrtp_1)
     1    0.003068    0.047203    0.317515    0.643637 ^ _193_/Q (sky130_fd_sc_hd__dfrtp_1)
                                                         rng_rd.wr_pulse (net)
                      0.047203    0.000106    0.643743 ^ _124_/C (sky130_fd_sc_hd__and4b_1)
     1    0.003752    0.064081    0.187624    0.831367 ^ _124_/X (sky130_fd_sc_hd__and4b_1)
                                                         _048_ (net)
                      0.064081    0.000132    0.831499 ^ fanout9/A (sky130_fd_sc_hd__buf_2)
     7    0.028369    0.142775    0.185479    1.016979 ^ fanout9/X (sky130_fd_sc_hd__buf_2)
                                                         net9 (net)
                      0.142778    0.000882    1.017861 ^ _141_/S (sky130_fd_sc_hd__mux2_1)
     1    0.002452    0.038677    0.148046    1.165907 ^ _141_/X (sky130_fd_sc_hd__mux2_1)
                                                         _016_ (net)
                      0.038677    0.000053    1.165960 ^ _174_/D (sky130_fd_sc_hd__dfrtp_1)
                                              1.165960   data arrival time

                                  0.000000    0.000000   clock clk_i (rise edge)
                                  0.000000    0.000000   clock source latency
     1    0.012536    0.062558    0.042357    0.042357 ^ clk_i (in)
                                                         clk_i (net)
                      0.062562    0.000000    0.042357 ^ clkbuf_0_clk_i/A (sky130_fd_sc_hd__clkbuf_16)
     4    0.036566    0.056684    0.145518    0.187875 ^ clkbuf_0_clk_i/X (sky130_fd_sc_hd__clkbuf_16)
                                                         clknet_0_clk_i (net)
                      0.056700    0.000868    0.188742 ^ clkbuf_2_3__f_clk_i/A (sky130_fd_sc_hd__clkbuf_16)
     8    0.025516    0.046767    0.134796    0.323539 ^ clkbuf_2_3__f_clk_i/X (sky130_fd_sc_hd__clkbuf_16)
                                                         clknet_2_3__leaf_clk_i (net)
                      0.046777    0.000644    0.324183 ^ _174_/CLK (sky130_fd_sc_hd__dfrtp_1)
                                  0.250000    0.574183   clock uncertainty
                                  0.000000    0.574183   clock reconvergence pessimism
                                 -0.033196    0.540987   library hold time
                                              0.540987   data required time
---------------------------------------------------------------------------------------------
                                              0.540987   data required time
                                             -1.165960   data arrival time
---------------------------------------------------------------------------------------------
                                              0.624973   slack (MET)


Startpoint: _193_ (rising edge-triggered flip-flop clocked by clk_i)
Endpoint: _171_ (rising edge-triggered flip-flop clocked by clk_i)
Path Group: clk_i
Path Type: min

Fanout         Cap        Slew       Delay        Time   Description
---------------------------------------------------------------------------------------------
                                  0.000000    0.000000   clock clk_i (rise edge)
                                  0.000000    0.000000   clock source latency
     1    0.012536    0.062558    0.042357    0.042357 ^ clk_i (in)
                                                         clk_i (net)
                      0.062562    0.000000    0.042357 ^ clkbuf_0_clk_i/A (sky130_fd_sc_hd__clkbuf_16)
     4    0.036566    0.056684    0.145518    0.187875 ^ clkbuf_0_clk_i/X (sky130_fd_sc_hd__clkbuf_16)
                                                         clknet_0_clk_i (net)
                      0.056713    0.001104    0.188979 ^ clkbuf_2_0__f_clk_i/A (sky130_fd_sc_hd__clkbuf_16)
    10    0.027498    0.048736    0.136617    0.325596 ^ clkbuf_2_0__f_clk_i/X (sky130_fd_sc_hd__clkbuf_16)
                                                         clknet_2_0__leaf_clk_i (net)
                      0.048738    0.000526    0.326122 ^ _193_/CLK (sky130_fd_sc_hd__dfrtp_1)
     1    0.003068    0.047203    0.317515    0.643637 ^ _193_/Q (sky130_fd_sc_hd__dfrtp_1)
                                                         rng_rd.wr_pulse (net)
                      0.047203    0.000106    0.643743 ^ _124_/C (sky130_fd_sc_hd__and4b_1)
     1    0.003752    0.064081    0.187624    0.831367 ^ _124_/X (sky130_fd_sc_hd__and4b_1)
                                                         _048_ (net)
                      0.064081    0.000132    0.831499 ^ fanout9/A (sky130_fd_sc_hd__buf_2)
     7    0.028369    0.142775    0.185479    1.016979 ^ fanout9/X (sky130_fd_sc_hd__buf_2)
                                                         net9 (net)
                      0.142778    0.000825    1.017804 ^ _138_/S (sky130_fd_sc_hd__mux2_1)
     1    0.002629    0.040000    0.149377    1.167181 ^ _138_/X (sky130_fd_sc_hd__mux2_1)
                                                         _013_ (net)
                      0.040000    0.000058    1.167238 ^ _171_/D (sky130_fd_sc_hd__dfrtp_1)
                                              1.167238   data arrival time

                                  0.000000    0.000000   clock clk_i (rise edge)
                                  0.000000    0.000000   clock source latency
     1    0.012536    0.062558    0.042357    0.042357 ^ clk_i (in)
                                                         clk_i (net)
                      0.062562    0.000000    0.042357 ^ clkbuf_0_clk_i/A (sky130_fd_sc_hd__clkbuf_16)
     4    0.036566    0.056684    0.145518    0.187875 ^ clkbuf_0_clk_i/X (sky130_fd_sc_hd__clkbuf_16)
                                                         clknet_0_clk_i (net)
                      0.056700    0.000868    0.188742 ^ clkbuf_2_3__f_clk_i/A (sky130_fd_sc_hd__clkbuf_16)
     8    0.025516    0.046767    0.134796    0.323539 ^ clkbuf_2_3__f_clk_i/X (sky130_fd_sc_hd__clkbuf_16)
                                                         clknet_2_3__leaf_clk_i (net)
                      0.046775    0.000584    0.324123 ^ _171_/CLK (sky130_fd_sc_hd__dfrtp_1)
                                  0.250000    0.574123   clock uncertainty
                                  0.000000    0.574123   clock reconvergence pessimism
                                 -0.033474    0.540649   library hold time
                                              0.540649   data required time
---------------------------------------------------------------------------------------------
                                              0.540649   data required time
                                             -1.167238   data arrival time
---------------------------------------------------------------------------------------------
                                              0.626589   slack (MET)


Startpoint: _193_ (rising edge-triggered flip-flop clocked by clk_i)
Endpoint: _167_ (rising edge-triggered flip-flop clocked by clk_i)
Path Group: clk_i
Path Type: min

Fanout         Cap        Slew       Delay        Time   Description
---------------------------------------------------------------------------------------------
                                  0.000000    0.000000   clock clk_i (rise edge)
                                  0.000000    0.000000   clock source latency
     1    0.012536    0.062558    0.042357    0.042357 ^ clk_i (in)
                                                         clk_i (net)
                      0.062562    0.000000    0.042357 ^ clkbuf_0_clk_i/A (sky130_fd_sc_hd__clkbuf_16)
     4    0.036566    0.056684    0.145518    0.187875 ^ clkbuf_0_clk_i/X (sky130_fd_sc_hd__clkbuf_16)
                                                         clknet_0_clk_i (net)
                      0.056713    0.001104    0.188979 ^ clkbuf_2_0__f_clk_i/A (sky130_fd_sc_hd__clkbuf_16)
    10    0.027498    0.048736    0.136617    0.325596 ^ clkbuf_2_0__f_clk_i/X (sky130_fd_sc_hd__clkbuf_16)
                                                         clknet_2_0__leaf_clk_i (net)
                      0.048738    0.000526    0.326122 ^ _193_/CLK (sky130_fd_sc_hd__dfrtp_1)
     1    0.003068    0.047203    0.317515    0.643637 ^ _193_/Q (sky130_fd_sc_hd__dfrtp_1)
                                                         rng_rd.wr_pulse (net)
                      0.047203    0.000106    0.643743 ^ _124_/C (sky130_fd_sc_hd__and4b_1)
     1    0.003752    0.064081    0.187624    0.831367 ^ _124_/X (sky130_fd_sc_hd__and4b_1)
                                                         _048_ (net)
                      0.064081    0.000132    0.831499 ^ fanout9/A (sky130_fd_sc_hd__buf_2)
     7    0.028369    0.142775    0.185479    1.016979 ^ fanout9/X (sky130_fd_sc_hd__buf_2)
                                                         net9 (net)
                      0.142775    0.000522    1.017501 ^ _135_/S (sky130_fd_sc_hd__mux2_1)
     1    0.003251    0.044720    0.154031    1.171532 ^ _135_/X (sky130_fd_sc_hd__mux2_1)
                                                         _010_ (net)
                      0.044720    0.000108    1.171639 ^ _167_/D (sky130_fd_sc_hd__dfrtp_1)
                                              1.171639   data arrival time

                                  0.000000    0.000000   clock clk_i (rise edge)
                                  0.000000    0.000000   clock source latency
     1    0.012536    0.062558    0.042357    0.042357 ^ clk_i (in)
                                                         clk_i (net)
                      0.062562    0.000000    0.042357 ^ clkbuf_0_clk_i/A (sky130_fd_sc_hd__clkbuf_16)
     4    0.036566    0.056684    0.145518    0.187875 ^ clkbuf_0_clk_i/X (sky130_fd_sc_hd__clkbuf_16)
                                                         clknet_0_clk_i (net)
                      0.056700    0.000868    0.188742 ^ clkbuf_2_3__f_clk_i/A (sky130_fd_sc_hd__clkbuf_16)
     8    0.025516    0.046767    0.134796    0.323539 ^ clkbuf_2_3__f_clk_i/X (sky130_fd_sc_hd__clkbuf_16)
                                                         clknet_2_3__leaf_clk_i (net)
                      0.046769    0.000352    0.323891 ^ _167_/CLK (sky130_fd_sc_hd__dfrtp_1)
                                  0.250000    0.573891   clock uncertainty
                                  0.000000    0.573891   clock reconvergence pessimism
                                 -0.034464    0.539427   library hold time
                                              0.539427   data required time
---------------------------------------------------------------------------------------------
                                              0.539427   data required time
                                             -1.171639   data arrival time
---------------------------------------------------------------------------------------------
                                              0.632212   slack (MET)


Startpoint: _168_ (rising edge-triggered flip-flop clocked by clk_i)
Endpoint: _178_ (rising edge-triggered flip-flop clocked by clk_i)
Path Group: clk_i
Path Type: min

Fanout         Cap        Slew       Delay        Time   Description
---------------------------------------------------------------------------------------------
                                  0.000000    0.000000   clock clk_i (rise edge)
                                  0.000000    0.000000   clock source latency
     1    0.012536    0.062558    0.042357    0.042357 ^ clk_i (in)
                                                         clk_i (net)
                      0.062562    0.000000    0.042357 ^ clkbuf_0_clk_i/A (sky130_fd_sc_hd__clkbuf_16)
     4    0.036566    0.056684    0.145518    0.187875 ^ clkbuf_0_clk_i/X (sky130_fd_sc_hd__clkbuf_16)
                                                         clknet_0_clk_i (net)
                      0.056713    0.001104    0.188979 ^ clkbuf_2_0__f_clk_i/A (sky130_fd_sc_hd__clkbuf_16)
    10    0.027498    0.048736    0.136617    0.325596 ^ clkbuf_2_0__f_clk_i/X (sky130_fd_sc_hd__clkbuf_16)
                                                         clknet_2_0__leaf_clk_i (net)
                      0.048740    0.000737    0.326333 ^ _168_/CLK (sky130_fd_sc_hd__dfrtp_1)
     1    0.002677    0.044217    0.314285    0.640618 ^ _168_/Q (sky130_fd_sc_hd__dfrtp_1)
                                                         rng_rd.wr_ff1 (net)
                      0.044217    0.000082    0.640701 ^ hold1/A (sky130_fd_sc_hd__dlygate4sd3_1)
     1    0.003631    0.059943    0.541979    1.182680 ^ hold1/X (sky130_fd_sc_hd__dlygate4sd3_1)
                                                         net18 (net)
                      0.059943    0.000130    1.182811 ^ _178_/D (sky130_fd_sc_hd__dfrtp_1)
                                              1.182811   data arrival time

                                  0.000000    0.000000   clock clk_i (rise edge)
                                  0.000000    0.000000   clock source latency
     1    0.012536    0.062558    0.042357    0.042357 ^ clk_i (in)
                                                         clk_i (net)
                      0.062562    0.000000    0.042357 ^ clkbuf_0_clk_i/A (sky130_fd_sc_hd__clkbuf_16)
     4    0.036566    0.056684    0.145518    0.187875 ^ clkbuf_0_clk_i/X (sky130_fd_sc_hd__clkbuf_16)
                                                         clknet_0_clk_i (net)
                      0.056713    0.001104    0.188979 ^ clkbuf_2_0__f_clk_i/A (sky130_fd_sc_hd__clkbuf_16)
    10    0.027498    0.048736    0.136617    0.325596 ^ clkbuf_2_0__f_clk_i/X (sky130_fd_sc_hd__clkbuf_16)
                                                         clknet_2_0__leaf_clk_i (net)
                      0.048740    0.000727    0.326323 ^ _178_/CLK (sky130_fd_sc_hd__dfrtp_1)
                                  0.250000    0.576323   clock uncertainty
                                  0.000000    0.576323   clock reconvergence pessimism
                                 -0.037384    0.538939   library hold time
                                              0.538939   data required time
---------------------------------------------------------------------------------------------
                                              0.538939   data required time
                                             -1.182811   data arrival time
---------------------------------------------------------------------------------------------
                                              0.643872   slack (MET)


Startpoint: _178_ (rising edge-triggered flip-flop clocked by clk_i)
Endpoint: _185_ (rising edge-triggered flip-flop clocked by clk_i)
Path Group: clk_i
Path Type: min

Fanout         Cap        Slew       Delay        Time   Description
---------------------------------------------------------------------------------------------
                                  0.000000    0.000000   clock clk_i (rise edge)
                                  0.000000    0.000000   clock source latency
     1    0.012536    0.062558    0.042357    0.042357 ^ clk_i (in)
                                                         clk_i (net)
                      0.062562    0.000000    0.042357 ^ clkbuf_0_clk_i/A (sky130_fd_sc_hd__clkbuf_16)
     4    0.036566    0.056684    0.145518    0.187875 ^ clkbuf_0_clk_i/X (sky130_fd_sc_hd__clkbuf_16)
                                                         clknet_0_clk_i (net)
                      0.056713    0.001104    0.188979 ^ clkbuf_2_0__f_clk_i/A (sky130_fd_sc_hd__clkbuf_16)
    10    0.027498    0.048736    0.136617    0.325596 ^ clkbuf_2_0__f_clk_i/X (sky130_fd_sc_hd__clkbuf_16)
                                                         clknet_2_0__leaf_clk_i (net)
                      0.048740    0.000727    0.326323 ^ _178_/CLK (sky130_fd_sc_hd__dfrtp_1)
     1    0.003084    0.047326    0.317659    0.643982 ^ _178_/Q (sky130_fd_sc_hd__dfrtp_1)
                                                         rng_rd.wr_ff2 (net)
                      0.047326    0.000079    0.644061 ^ hold2/A (sky130_fd_sc_hd__dlygate4sd3_1)
     2    0.006077    0.081461    0.561799    1.205860 ^ hold2/X (sky130_fd_sc_hd__dlygate4sd3_1)
                                                         net19 (net)
                      0.081461    0.000169    1.206029 ^ _185_/D (sky130_fd_sc_hd__dfrtp_1)
                                              1.206029   data arrival time

                                  0.000000    0.000000   clock clk_i (rise edge)
                                  0.000000    0.000000   clock source latency
     1    0.012536    0.062558    0.042357    0.042357 ^ clk_i (in)
                                                         clk_i (net)
                      0.062562    0.000000    0.042357 ^ clkbuf_0_clk_i/A (sky130_fd_sc_hd__clkbuf_16)
     4    0.036566    0.056684    0.145518    0.187875 ^ clkbuf_0_clk_i/X (sky130_fd_sc_hd__clkbuf_16)
                                                         clknet_0_clk_i (net)
                      0.056713    0.001104    0.188979 ^ clkbuf_2_0__f_clk_i/A (sky130_fd_sc_hd__clkbuf_16)
    10    0.027498    0.048736    0.136617    0.325596 ^ clkbuf_2_0__f_clk_i/X (sky130_fd_sc_hd__clkbuf_16)
                                                         clknet_2_0__leaf_clk_i (net)
                      0.048741    0.000818    0.326414 ^ _185_/CLK (sky130_fd_sc_hd__dfrtp_1)
                                  0.250000    0.576414   clock uncertainty
                                  0.000000    0.576414   clock reconvergence pessimism
                                 -0.041892    0.534522   library hold time
                                              0.534522   data required time
---------------------------------------------------------------------------------------------
                                              0.534522   data required time
                                             -1.206029   data arrival time
---------------------------------------------------------------------------------------------
                                              0.671507   slack (MET)


Startpoint: _193_ (rising edge-triggered flip-flop clocked by clk_i)
Endpoint: _189_ (rising edge-triggered flip-flop clocked by clk_i)
Path Group: clk_i
Path Type: min

Fanout         Cap        Slew       Delay        Time   Description
---------------------------------------------------------------------------------------------
                                  0.000000    0.000000   clock clk_i (rise edge)
                                  0.000000    0.000000   clock source latency
     1    0.012536    0.062558    0.042357    0.042357 ^ clk_i (in)
                                                         clk_i (net)
                      0.062562    0.000000    0.042357 ^ clkbuf_0_clk_i/A (sky130_fd_sc_hd__clkbuf_16)
     4    0.036566    0.056684    0.145518    0.187875 ^ clkbuf_0_clk_i/X (sky130_fd_sc_hd__clkbuf_16)
                                                         clknet_0_clk_i (net)
                      0.056713    0.001104    0.188979 ^ clkbuf_2_0__f_clk_i/A (sky130_fd_sc_hd__clkbuf_16)
    10    0.027498    0.048736    0.136617    0.325596 ^ clkbuf_2_0__f_clk_i/X (sky130_fd_sc_hd__clkbuf_16)
                                                         clknet_2_0__leaf_clk_i (net)
                      0.048738    0.000526    0.326122 ^ _193_/CLK (sky130_fd_sc_hd__dfrtp_1)
     1    0.003008    0.040278    0.355248    0.681370 v _193_/Q (sky130_fd_sc_hd__dfrtp_1)
                                                         rng_rd.wr_pulse (net)
                      0.040278    0.000103    0.681473 v _124_/C (sky130_fd_sc_hd__and4b_1)
     1    0.003592    0.039208    0.182569    0.864042 v _124_/X (sky130_fd_sc_hd__and4b_1)
                                                         _048_ (net)
                      0.039208    0.000125    0.864166 v fanout9/A (sky130_fd_sc_hd__buf_2)
     7    0.026706    0.073415    0.163477    1.027643 v fanout9/X (sky130_fd_sc_hd__buf_2)
                                                         net9 (net)
                      0.073426    0.000919    1.028563 v fanout7/A (sky130_fd_sc_hd__clkbuf_4)
    10    0.043595    0.096471    0.209131    1.237693 v fanout7/X (sky130_fd_sc_hd__clkbuf_4)
                                                         net7 (net)
                      0.096488    0.001255    1.238949 v _125_/A (sky130_fd_sc_hd__inv_2)
     1    0.003770    0.036075    0.062340    1.301289 ^ _125_/Y (sky130_fd_sc_hd__inv_2)
                                                         _000_ (net)
                      0.036075    0.000138    1.301426 ^ _189_/D (sky130_fd_sc_hd__dfrtp_1)
                                              1.301426   data arrival time

                                  0.000000    0.000000   clock clk_i (rise edge)
                                  0.000000    0.000000   clock source latency
     1    0.012536    0.062558    0.042357    0.042357 ^ clk_i (in)
                                                         clk_i (net)
                      0.062562    0.000000    0.042357 ^ clkbuf_0_clk_i/A (sky130_fd_sc_hd__clkbuf_16)
     4    0.036566    0.056684    0.145518    0.187875 ^ clkbuf_0_clk_i/X (sky130_fd_sc_hd__clkbuf_16)
                                                         clknet_0_clk_i (net)
                      0.056713    0.001104    0.188979 ^ clkbuf_2_0__f_clk_i/A (sky130_fd_sc_hd__clkbuf_16)
    10    0.027498    0.048736    0.136617    0.325596 ^ clkbuf_2_0__f_clk_i/X (sky130_fd_sc_hd__clkbuf_16)
                                                         clknet_2_0__leaf_clk_i (net)
                      0.048741    0.000868    0.326464 ^ _189_/CLK (sky130_fd_sc_hd__dfrtp_1)
                                  0.250000    0.576464   clock uncertainty
                                  0.000000    0.576464   clock reconvergence pessimism
                                 -0.032383    0.544081   library hold time
                                              0.544081   data required time
---------------------------------------------------------------------------------------------
                                              0.544081   data required time
                                             -1.301426   data arrival time
---------------------------------------------------------------------------------------------
                                              0.757346   slack (MET)


Startpoint: _178_ (rising edge-triggered flip-flop clocked by clk_i)
Endpoint: _193_ (rising edge-triggered flip-flop clocked by clk_i)
Path Group: clk_i
Path Type: min

Fanout         Cap        Slew       Delay        Time   Description
---------------------------------------------------------------------------------------------
                                  0.000000    0.000000   clock clk_i (rise edge)
                                  0.000000    0.000000   clock source latency
     1    0.012536    0.062558    0.042357    0.042357 ^ clk_i (in)
                                                         clk_i (net)
                      0.062562    0.000000    0.042357 ^ clkbuf_0_clk_i/A (sky130_fd_sc_hd__clkbuf_16)
     4    0.036566    0.056684    0.145518    0.187875 ^ clkbuf_0_clk_i/X (sky130_fd_sc_hd__clkbuf_16)
                                                         clknet_0_clk_i (net)
                      0.056713    0.001104    0.188979 ^ clkbuf_2_0__f_clk_i/A (sky130_fd_sc_hd__clkbuf_16)
    10    0.027498    0.048736    0.136617    0.325596 ^ clkbuf_2_0__f_clk_i/X (sky130_fd_sc_hd__clkbuf_16)
                                                         clknet_2_0__leaf_clk_i (net)
                      0.048740    0.000727    0.326323 ^ _178_/CLK (sky130_fd_sc_hd__dfrtp_1)
     1    0.003084    0.047326    0.317659    0.643982 ^ _178_/Q (sky130_fd_sc_hd__dfrtp_1)
                                                         rng_rd.wr_ff2 (net)
                      0.047326    0.000079    0.644061 ^ hold2/A (sky130_fd_sc_hd__dlygate4sd3_1)
     2    0.006077    0.081461    0.561799    1.205860 ^ hold2/X (sky130_fd_sc_hd__dlygate4sd3_1)
                                                         net19 (net)
                      0.081461    0.000104    1.205964 ^ _126_/B (sky130_fd_sc_hd__and2b_1)
     1    0.003090    0.043719    0.124649    1.330613 ^ _126_/X (sky130_fd_sc_hd__and2b_1)
                                                         _001_ (net)
                      0.043719    0.000099    1.330712 ^ _193_/D (sky130_fd_sc_hd__dfrtp_1)
                                              1.330712   data arrival time

                                  0.000000    0.000000   clock clk_i (rise edge)
                                  0.000000    0.000000   clock source latency
     1    0.012536    0.062558    0.042357    0.042357 ^ clk_i (in)
                                                         clk_i (net)
                      0.062562    0.000000    0.042357 ^ clkbuf_0_clk_i/A (sky130_fd_sc_hd__clkbuf_16)
     4    0.036566    0.056684    0.145518    0.187875 ^ clkbuf_0_clk_i/X (sky130_fd_sc_hd__clkbuf_16)
                                                         clknet_0_clk_i (net)
                      0.056713    0.001104    0.188979 ^ clkbuf_2_0__f_clk_i/A (sky130_fd_sc_hd__clkbuf_16)
    10    0.027498    0.048736    0.136617    0.325596 ^ clkbuf_2_0__f_clk_i/X (sky130_fd_sc_hd__clkbuf_16)
                                                         clknet_2_0__leaf_clk_i (net)
                      0.048738    0.000526    0.326122 ^ _193_/CLK (sky130_fd_sc_hd__dfrtp_1)
                                  0.250000    0.576122   clock uncertainty
                                  0.000000    0.576122   clock reconvergence pessimism
                                 -0.033985    0.542137   library hold time
                                              0.542137   data required time
---------------------------------------------------------------------------------------------
                                              0.542137   data required time
                                             -1.330712   data arrival time
---------------------------------------------------------------------------------------------
                                              0.788575   slack (MET)


Startpoint: _172_ (rising edge-triggered flip-flop clocked by clk_i)
Endpoint: _172_ (rising edge-triggered flip-flop clocked by clk_i)
Path Group: clk_i
Path Type: min

Fanout         Cap        Slew       Delay        Time   Description
---------------------------------------------------------------------------------------------
                                  0.000000    0.000000   clock clk_i (rise edge)
                                  0.000000    0.000000   clock source latency
     1    0.012536    0.062558    0.042357    0.042357 ^ clk_i (in)
                                                         clk_i (net)
                      0.062562    0.000000    0.042357 ^ clkbuf_0_clk_i/A (sky130_fd_sc_hd__clkbuf_16)
     4    0.036566    0.056684    0.145518    0.187875 ^ clkbuf_0_clk_i/X (sky130_fd_sc_hd__clkbuf_16)
                                                         clknet_0_clk_i (net)
                      0.056709    0.001024    0.188899 ^ clkbuf_2_2__f_clk_i/A (sky130_fd_sc_hd__clkbuf_16)
    10    0.026804    0.047960    0.135762    0.324661 ^ clkbuf_2_2__f_clk_i/X (sky130_fd_sc_hd__clkbuf_16)
                                                         clknet_2_2__leaf_clk_i (net)
                      0.048017    0.001424    0.326085 ^ _172_/CLK (sky130_fd_sc_hd__dfrtp_1)
     3    0.010543    0.104730    0.367508    0.693593 ^ _172_/Q (sky130_fd_sc_hd__dfrtp_1)
                                                         rng_rd.ram_3[0] (net)
                      0.104730    0.000139    0.693732 ^ hold34/A (sky130_fd_sc_hd__dlygate4sd3_1)
     1    0.002648    0.051632    0.550931    1.244663 ^ hold34/X (sky130_fd_sc_hd__dlygate4sd3_1)
                                                         net51 (net)
                      0.051632    0.000062    1.244725 ^ _139_/A0 (sky130_fd_sc_hd__mux2_1)
     1    0.002566    0.039515    0.114814    1.359540 ^ _139_/X (sky130_fd_sc_hd__mux2_1)
                                                         _014_ (net)
                      0.039515    0.000055    1.359595 ^ _172_/D (sky130_fd_sc_hd__dfrtp_1)
                                              1.359595   data arrival time

                                  0.000000    0.000000   clock clk_i (rise edge)
                                  0.000000    0.000000   clock source latency
     1    0.012536    0.062558    0.042357    0.042357 ^ clk_i (in)
                                                         clk_i (net)
                      0.062562    0.000000    0.042357 ^ clkbuf_0_clk_i/A (sky130_fd_sc_hd__clkbuf_16)
     4    0.036566    0.056684    0.145518    0.187875 ^ clkbuf_0_clk_i/X (sky130_fd_sc_hd__clkbuf_16)
                                                         clknet_0_clk_i (net)
                      0.056709    0.001024    0.188899 ^ clkbuf_2_2__f_clk_i/A (sky130_fd_sc_hd__clkbuf_16)
    10    0.026804    0.047960    0.135762    0.324661 ^ clkbuf_2_2__f_clk_i/X (sky130_fd_sc_hd__clkbuf_16)
                                                         clknet_2_2__leaf_clk_i (net)
                      0.048017    0.001424    0.326085 ^ _172_/CLK (sky130_fd_sc_hd__dfrtp_1)
                                  0.250000    0.576085   clock uncertainty
                                  0.000000    0.576085   clock reconvergence pessimism
                                 -0.033203    0.542882   library hold time
                                              0.542882   data required time
---------------------------------------------------------------------------------------------
                                              0.542882   data required time
                                             -1.359595   data arrival time
---------------------------------------------------------------------------------------------
                                              0.816713   slack (MET)


Startpoint: _190_ (rising edge-triggered flip-flop clocked by clk_i)
Endpoint: _190_ (rising edge-triggered flip-flop clocked by clk_i)
Path Group: clk_i
Path Type: min

Fanout         Cap        Slew       Delay        Time   Description
---------------------------------------------------------------------------------------------
                                  0.000000    0.000000   clock clk_i (rise edge)
                                  0.000000    0.000000   clock source latency
     1    0.012536    0.062558    0.042357    0.042357 ^ clk_i (in)
                                                         clk_i (net)
                      0.062562    0.000000    0.042357 ^ clkbuf_0_clk_i/A (sky130_fd_sc_hd__clkbuf_16)
     4    0.036566    0.056684    0.145518    0.187875 ^ clkbuf_0_clk_i/X (sky130_fd_sc_hd__clkbuf_16)
                                                         clknet_0_clk_i (net)
                      0.056707    0.001005    0.188880 ^ clkbuf_2_1__f_clk_i/A (sky130_fd_sc_hd__clkbuf_16)
     9    0.026726    0.047870    0.135996    0.324876 ^ clkbuf_2_1__f_clk_i/X (sky130_fd_sc_hd__clkbuf_16)
                                                         clknet_2_1__leaf_clk_i (net)
                      0.047874    0.000495    0.325371 ^ _190_/CLK (sky130_fd_sc_hd__dfrtp_1)
     4    0.011142    0.109621    0.371085    0.696456 ^ _190_/Q (sky130_fd_sc_hd__dfrtp_1)
                                                         rng_rd.ram_6[0] (net)
                      0.109621    0.000183    0.696639 ^ hold26/A (sky130_fd_sc_hd__dlygate4sd3_1)
     1    0.002280    0.048646    0.548900    1.245539 ^ hold26/X (sky130_fd_sc_hd__dlygate4sd3_1)
                                                         net43 (net)
                      0.048646    0.000050    1.245588 ^ _156_/A0 (sky130_fd_sc_hd__mux2_1)
     1    0.002915    0.042162    0.116579    1.362168 ^ _156_/X (sky130_fd_sc_hd__mux2_1)
                                                         _029_ (net)
                      0.042162    0.000070    1.362237 ^ _190_/D (sky130_fd_sc_hd__dfrtp_1)
                                              1.362237   data arrival time

                                  0.000000    0.000000   clock clk_i (rise edge)
                                  0.000000    0.000000   clock source latency
     1    0.012536    0.062558    0.042357    0.042357 ^ clk_i (in)
                                                         clk_i (net)
                      0.062562    0.000000    0.042357 ^ clkbuf_0_clk_i/A (sky130_fd_sc_hd__clkbuf_16)
     4    0.036566    0.056684    0.145518    0.187875 ^ clkbuf_0_clk_i/X (sky130_fd_sc_hd__clkbuf_16)
                                                         clknet_0_clk_i (net)
                      0.056707    0.001005    0.188880 ^ clkbuf_2_1__f_clk_i/A (sky130_fd_sc_hd__clkbuf_16)
     9    0.026726    0.047870    0.135996    0.324876 ^ clkbuf_2_1__f_clk_i/X (sky130_fd_sc_hd__clkbuf_16)
                                                         clknet_2_1__leaf_clk_i (net)
                      0.047874    0.000495    0.325371 ^ _190_/CLK (sky130_fd_sc_hd__dfrtp_1)
                                  0.250000    0.575371   clock uncertainty
                                  0.000000    0.575371   clock reconvergence pessimism
                                 -0.033777    0.541594   library hold time
                                              0.541594   data required time
---------------------------------------------------------------------------------------------
                                              0.541594   data required time
                                             -1.362237   data arrival time
---------------------------------------------------------------------------------------------
                                              0.820644   slack (MET)


Startpoint: _191_ (rising edge-triggered flip-flop clocked by clk_i)
Endpoint: _163_ (rising edge-triggered flip-flop clocked by clk_i)
Path Group: clk_i
Path Type: min

Fanout         Cap        Slew       Delay        Time   Description
---------------------------------------------------------------------------------------------
                                  0.000000    0.000000   clock clk_i (rise edge)
                                  0.000000    0.000000   clock source latency
     1    0.012536    0.062558    0.042357    0.042357 ^ clk_i (in)
                                                         clk_i (net)
                      0.062562    0.000000    0.042357 ^ clkbuf_0_clk_i/A (sky130_fd_sc_hd__clkbuf_16)
     4    0.036566    0.056684    0.145518    0.187875 ^ clkbuf_0_clk_i/X (sky130_fd_sc_hd__clkbuf_16)
                                                         clknet_0_clk_i (net)
                      0.056707    0.001005    0.188880 ^ clkbuf_2_1__f_clk_i/A (sky130_fd_sc_hd__clkbuf_16)
     9    0.026726    0.047870    0.135996    0.324876 ^ clkbuf_2_1__f_clk_i/X (sky130_fd_sc_hd__clkbuf_16)
                                                         clknet_2_1__leaf_clk_i (net)
                      0.047873    0.000429    0.325305 ^ _191_/CLK (sky130_fd_sc_hd__dfrtp_1)
     3    0.011096    0.109242    0.370823    0.696127 ^ _191_/Q (sky130_fd_sc_hd__dfrtp_1)
                                                         rng_rd.ram_6[1] (net)
                      0.109242    0.000241    0.696368 ^ _131_/A1 (sky130_fd_sc_hd__mux2_1)
     1    0.002406    0.038335    0.135898    0.832266 ^ _131_/X (sky130_fd_sc_hd__mux2_1)
                                                         _006_ (net)
                      0.038335    0.000053    0.832319 ^ hold6/A (sky130_fd_sc_hd__dlygate4sd3_1)
     1    0.002458    0.050014    0.529456    1.361776 ^ hold6/X (sky130_fd_sc_hd__dlygate4sd3_1)
                                                         net23 (net)
                      0.050014    0.000052    1.361827 ^ _163_/D (sky130_fd_sc_hd__dfrtp_1)
                                              1.361827   data arrival time

                                  0.000000    0.000000   clock clk_i (rise edge)
                                  0.000000    0.000000   clock source latency
     1    0.012536    0.062558    0.042357    0.042357 ^ clk_i (in)
                                                         clk_i (net)
                      0.062562    0.000000    0.042357 ^ clkbuf_0_clk_i/A (sky130_fd_sc_hd__clkbuf_16)
     4    0.036566    0.056684    0.145518    0.187875 ^ clkbuf_0_clk_i/X (sky130_fd_sc_hd__clkbuf_16)
                                                         clknet_0_clk_i (net)
                      0.056707    0.001005    0.188880 ^ clkbuf_2_1__f_clk_i/A (sky130_fd_sc_hd__clkbuf_16)
     9    0.026726    0.047870    0.135996    0.324876 ^ clkbuf_2_1__f_clk_i/X (sky130_fd_sc_hd__clkbuf_16)
                                                         clknet_2_1__leaf_clk_i (net)
                      0.047874    0.000463    0.325339 ^ _163_/CLK (sky130_fd_sc_hd__dfrtp_1)
                                  0.250000    0.575339   clock uncertainty
                                  0.000000    0.575339   clock reconvergence pessimism
                                 -0.035422    0.539917   library hold time
                                              0.539917   data required time
---------------------------------------------------------------------------------------------
                                              0.539917   data required time
                                             -1.361827   data arrival time
---------------------------------------------------------------------------------------------
                                              0.821910   slack (MET)


Startpoint: _167_ (rising edge-triggered flip-flop clocked by clk_i)
Endpoint: _192_ (rising edge-triggered flip-flop clocked by clk_i)
Path Group: clk_i
Path Type: min

Fanout         Cap        Slew       Delay        Time   Description
---------------------------------------------------------------------------------------------
                                  0.000000    0.000000   clock clk_i (rise edge)
                                  0.000000    0.000000   clock source latency
     1    0.012536    0.062558    0.042357    0.042357 ^ clk_i (in)
                                                         clk_i (net)
                      0.062562    0.000000    0.042357 ^ clkbuf_0_clk_i/A (sky130_fd_sc_hd__clkbuf_16)
     4    0.036566    0.056684    0.145518    0.187875 ^ clkbuf_0_clk_i/X (sky130_fd_sc_hd__clkbuf_16)
                                                         clknet_0_clk_i (net)
                      0.056700    0.000868    0.188742 ^ clkbuf_2_3__f_clk_i/A (sky130_fd_sc_hd__clkbuf_16)
     8    0.025516    0.046767    0.134796    0.323539 ^ clkbuf_2_3__f_clk_i/X (sky130_fd_sc_hd__clkbuf_16)
                                                         clknet_2_3__leaf_clk_i (net)
                      0.046769    0.000352    0.323891 ^ _167_/CLK (sky130_fd_sc_hd__dfrtp_1)
     4    0.011461    0.112241    0.372543    0.696435 ^ _167_/Q (sky130_fd_sc_hd__dfrtp_1)
                                                         rng_rd.ram_5[2] (net)
                      0.112241    0.000321    0.696756 ^ _158_/A1 (sky130_fd_sc_hd__mux2_1)
     1    0.001995    0.035394    0.133643    0.830399 ^ _158_/X (sky130_fd_sc_hd__mux2_1)
                                                         _031_ (net)
                      0.035394    0.000040    0.830439 ^ hold32/A (sky130_fd_sc_hd__dlygate4sd3_1)
     1    0.002745    0.052432    0.531188    1.361627 ^ hold32/X (sky130_fd_sc_hd__dlygate4sd3_1)
                                                         net49 (net)
                      0.052432    0.000064    1.361691 ^ _192_/D (sky130_fd_sc_hd__dfrtp_1)
                                              1.361691   data arrival time

                                  0.000000    0.000000   clock clk_i (rise edge)
                                  0.000000    0.000000   clock source latency
     1    0.012536    0.062558    0.042357    0.042357 ^ clk_i (in)
                                                         clk_i (net)
                      0.062562    0.000000    0.042357 ^ clkbuf_0_clk_i/A (sky130_fd_sc_hd__clkbuf_16)
     4    0.036566    0.056684    0.145518    0.187875 ^ clkbuf_0_clk_i/X (sky130_fd_sc_hd__clkbuf_16)
                                                         clknet_0_clk_i (net)
                      0.056707    0.001005    0.188880 ^ clkbuf_2_1__f_clk_i/A (sky130_fd_sc_hd__clkbuf_16)
     9    0.026726    0.047870    0.135996    0.324876 ^ clkbuf_2_1__f_clk_i/X (sky130_fd_sc_hd__clkbuf_16)
                                                         clknet_2_1__leaf_clk_i (net)
                      0.047873    0.000429    0.325305 ^ _192_/CLK (sky130_fd_sc_hd__dfrtp_1)
                                  0.250000    0.575305   clock uncertainty
                                  0.000000    0.575305   clock reconvergence pessimism
                                 -0.035929    0.539376   library hold time
                                              0.539376   data required time
---------------------------------------------------------------------------------------------
                                              0.539376   data required time
                                             -1.361691   data arrival time
---------------------------------------------------------------------------------------------
                                              0.822314   slack (MET)


Startpoint: _175_ (rising edge-triggered flip-flop clocked by clk_i)
Endpoint: _175_ (rising edge-triggered flip-flop clocked by clk_i)
Path Group: clk_i
Path Type: min

Fanout         Cap        Slew       Delay        Time   Description
---------------------------------------------------------------------------------------------
                                  0.000000    0.000000   clock clk_i (rise edge)
                                  0.000000    0.000000   clock source latency
     1    0.012536    0.062558    0.042357    0.042357 ^ clk_i (in)
                                                         clk_i (net)
                      0.062562    0.000000    0.042357 ^ clkbuf_0_clk_i/A (sky130_fd_sc_hd__clkbuf_16)
     4    0.036566    0.056684    0.145518    0.187875 ^ clkbuf_0_clk_i/X (sky130_fd_sc_hd__clkbuf_16)
                                                         clknet_0_clk_i (net)
                      0.056709    0.001024    0.188899 ^ clkbuf_2_2__f_clk_i/A (sky130_fd_sc_hd__clkbuf_16)
    10    0.026804    0.047960    0.135762    0.324661 ^ clkbuf_2_2__f_clk_i/X (sky130_fd_sc_hd__clkbuf_16)
                                                         clknet_2_2__leaf_clk_i (net)
                      0.048016    0.001409    0.326069 ^ _175_/CLK (sky130_fd_sc_hd__dfrtp_1)
     2    0.007987    0.085278    0.351075    0.677144 ^ _175_/Q (sky130_fd_sc_hd__dfrtp_1)
                                                         rng_rd.ram_2[0] (net)
                      0.085278    0.000127    0.677271 ^ hold30/A (sky130_fd_sc_hd__dlygate4sd3_1)
     2    0.005333    0.074957    0.567237    1.244508 ^ hold30/X (sky130_fd_sc_hd__dlygate4sd3_1)
                                                         net47 (net)
                      0.074957    0.000089    1.244597 ^ _142_/A0 (sky130_fd_sc_hd__mux2_1)
     1    0.002861    0.041750    0.125197    1.369794 ^ _142_/X (sky130_fd_sc_hd__mux2_1)
                                                         _017_ (net)
                      0.041750    0.000067    1.369861 ^ _175_/D (sky130_fd_sc_hd__dfrtp_1)
                                              1.369861   data arrival time

                                  0.000000    0.000000   clock clk_i (rise edge)
                                  0.000000    0.000000   clock source latency
     1    0.012536    0.062558    0.042357    0.042357 ^ clk_i (in)
                                                         clk_i (net)
                      0.062562    0.000000    0.042357 ^ clkbuf_0_clk_i/A (sky130_fd_sc_hd__clkbuf_16)
     4    0.036566    0.056684    0.145518    0.187875 ^ clkbuf_0_clk_i/X (sky130_fd_sc_hd__clkbuf_16)
                                                         clknet_0_clk_i (net)
                      0.056709    0.001024    0.188899 ^ clkbuf_2_2__f_clk_i/A (sky130_fd_sc_hd__clkbuf_16)
    10    0.026804    0.047960    0.135762    0.324661 ^ clkbuf_2_2__f_clk_i/X (sky130_fd_sc_hd__clkbuf_16)
                                                         clknet_2_2__leaf_clk_i (net)
                      0.048016    0.001409    0.326069 ^ _175_/CLK (sky130_fd_sc_hd__dfrtp_1)
                                  0.250000    0.576069   clock uncertainty
                                  0.000000    0.576069   clock reconvergence pessimism
                                 -0.033671    0.542398   library hold time
                                              0.542398   data required time
---------------------------------------------------------------------------------------------
                                              0.542398   data required time
                                             -1.369861   data arrival time
---------------------------------------------------------------------------------------------
                                              0.827463   slack (MET)


Startpoint: _169_ (rising edge-triggered flip-flop clocked by clk_i)
Endpoint: _165_ (rising edge-triggered flip-flop clocked by clk_i)
Path Group: clk_i
Path Type: min

Fanout         Cap        Slew       Delay        Time   Description
---------------------------------------------------------------------------------------------
                                  0.000000    0.000000   clock clk_i (rise edge)
                                  0.000000    0.000000   clock source latency
     1    0.012536    0.062558    0.042357    0.042357 ^ clk_i (in)
                                                         clk_i (net)
                      0.062562    0.000000    0.042357 ^ clkbuf_0_clk_i/A (sky130_fd_sc_hd__clkbuf_16)
     4    0.036566    0.056684    0.145518    0.187875 ^ clkbuf_0_clk_i/X (sky130_fd_sc_hd__clkbuf_16)
                                                         clknet_0_clk_i (net)
                      0.056700    0.000868    0.188742 ^ clkbuf_2_3__f_clk_i/A (sky130_fd_sc_hd__clkbuf_16)
     8    0.025516    0.046767    0.134796    0.323539 ^ clkbuf_2_3__f_clk_i/X (sky130_fd_sc_hd__clkbuf_16)
                                                         clknet_2_3__leaf_clk_i (net)
                      0.046773    0.000530    0.324069 ^ _169_/CLK (sky130_fd_sc_hd__dfrtp_1)
     2    0.007855    0.084213    0.349750    0.673818 ^ _169_/Q (sky130_fd_sc_hd__dfrtp_1)
                                                         rng_rd.ram_4[0] (net)
                      0.084213    0.000114    0.673933 ^ hold22/A (sky130_fd_sc_hd__dlygate4sd3_1)
     2    0.005333    0.074958    0.566930    1.240863 ^ hold22/X (sky130_fd_sc_hd__dlygate4sd3_1)
                                                         net39 (net)
                      0.074958    0.000111    1.240974 ^ _133_/A1 (sky130_fd_sc_hd__mux2_1)
     1    0.003262    0.044806    0.131043    1.372016 ^ _133_/X (sky130_fd_sc_hd__mux2_1)
                                                         _008_ (net)
                      0.044806    0.000107    1.372123 ^ _165_/D (sky130_fd_sc_hd__dfrtp_1)
                                              1.372123   data arrival time

                                  0.000000    0.000000   clock clk_i (rise edge)
                                  0.000000    0.000000   clock source latency
     1    0.012536    0.062558    0.042357    0.042357 ^ clk_i (in)
                                                         clk_i (net)
                      0.062562    0.000000    0.042357 ^ clkbuf_0_clk_i/A (sky130_fd_sc_hd__clkbuf_16)
     4    0.036566    0.056684    0.145518    0.187875 ^ clkbuf_0_clk_i/X (sky130_fd_sc_hd__clkbuf_16)
                                                         clknet_0_clk_i (net)
                      0.056707    0.001005    0.188880 ^ clkbuf_2_1__f_clk_i/A (sky130_fd_sc_hd__clkbuf_16)
     9    0.026726    0.047870    0.135996    0.324876 ^ clkbuf_2_1__f_clk_i/X (sky130_fd_sc_hd__clkbuf_16)
                                                         clknet_2_1__leaf_clk_i (net)
                      0.047876    0.000557    0.325433 ^ _165_/CLK (sky130_fd_sc_hd__dfrtp_1)
                                  0.250000    0.575433   clock uncertainty
                                  0.000000    0.575433   clock reconvergence pessimism
                                 -0.034331    0.541102   library hold time
                                              0.541102   data required time
---------------------------------------------------------------------------------------------
                                              0.541102   data required time
                                             -1.372123   data arrival time
---------------------------------------------------------------------------------------------
                                              0.831021   slack (MET)


Startpoint: _181_ (rising edge-triggered flip-flop clocked by clk_i)
Endpoint: _177_ (rising edge-triggered flip-flop clocked by clk_i)
Path Group: clk_i
Path Type: min

Fanout         Cap        Slew       Delay        Time   Description
---------------------------------------------------------------------------------------------
                                  0.000000    0.000000   clock clk_i (rise edge)
                                  0.000000    0.000000   clock source latency
     1    0.012536    0.062558    0.042357    0.042357 ^ clk_i (in)
                                                         clk_i (net)
                      0.062562    0.000000    0.042357 ^ clkbuf_0_clk_i/A (sky130_fd_sc_hd__clkbuf_16)
     4    0.036566    0.056684    0.145518    0.187875 ^ clkbuf_0_clk_i/X (sky130_fd_sc_hd__clkbuf_16)
                                                         clknet_0_clk_i (net)
                      0.056709    0.001024    0.188899 ^ clkbuf_2_2__f_clk_i/A (sky130_fd_sc_hd__clkbuf_16)
    10    0.026804    0.047960    0.135762    0.324661 ^ clkbuf_2_2__f_clk_i/X (sky130_fd_sc_hd__clkbuf_16)
                                                         clknet_2_2__leaf_clk_i (net)
                      0.047989    0.001067    0.325728 ^ _181_/CLK (sky130_fd_sc_hd__dfrtp_1)
     3    0.010813    0.106950    0.369062    0.694790 ^ _181_/Q (sky130_fd_sc_hd__dfrtp_1)
                                                         rng_rd.ram_1[2] (net)
                      0.106950    0.000337    0.695127 ^ _144_/A1 (sky130_fd_sc_hd__mux2_1)
     1    0.003343    0.045429    0.142568    0.837695 ^ _144_/X (sky130_fd_sc_hd__mux2_1)
                                                         _019_ (net)
                      0.045429    0.000114    0.837810 ^ hold14/A (sky130_fd_sc_hd__dlygate4sd3_1)
     1    0.002955    0.054253    0.536442    1.374252 ^ hold14/X (sky130_fd_sc_hd__dlygate4sd3_1)
                                                         net31 (net)
                      0.054253    0.000095    1.374347 ^ _177_/D (sky130_fd_sc_hd__dfrtp_1)
                                              1.374347   data arrival time

                                  0.000000    0.000000   clock clk_i (rise edge)
                                  0.000000    0.000000   clock source latency
     1    0.012536    0.062558    0.042357    0.042357 ^ clk_i (in)
                                                         clk_i (net)
                      0.062562    0.000000    0.042357 ^ clkbuf_0_clk_i/A (sky130_fd_sc_hd__clkbuf_16)
     4    0.036566    0.056684    0.145518    0.187875 ^ clkbuf_0_clk_i/X (sky130_fd_sc_hd__clkbuf_16)
                                                         clknet_0_clk_i (net)
                      0.056709    0.001024    0.188899 ^ clkbuf_2_2__f_clk_i/A (sky130_fd_sc_hd__clkbuf_16)
    10    0.026804    0.047960    0.135762    0.324661 ^ clkbuf_2_2__f_clk_i/X (sky130_fd_sc_hd__clkbuf_16)
                                                         clknet_2_2__leaf_clk_i (net)
                      0.047962    0.000472    0.325133 ^ _177_/CLK (sky130_fd_sc_hd__dfrtp_1)
                                  0.250000    0.575133   clock uncertainty
                                  0.000000    0.575133   clock reconvergence pessimism
                                 -0.036298    0.538835   library hold time
                                              0.538835   data required time
---------------------------------------------------------------------------------------------
                                              0.538835   data required time
                                             -1.374347   data arrival time
---------------------------------------------------------------------------------------------
                                              0.835512   slack (MET)


Startpoint: _176_ (rising edge-triggered flip-flop clocked by clk_i)
Endpoint: _173_ (rising edge-triggered flip-flop clocked by clk_i)
Path Group: clk_i
Path Type: min

Fanout         Cap        Slew       Delay        Time   Description
---------------------------------------------------------------------------------------------
                                  0.000000    0.000000   clock clk_i (rise edge)
                                  0.000000    0.000000   clock source latency
     1    0.012536    0.062558    0.042357    0.042357 ^ clk_i (in)
                                                         clk_i (net)
                      0.062562    0.000000    0.042357 ^ clkbuf_0_clk_i/A (sky130_fd_sc_hd__clkbuf_16)
     4    0.036566    0.056684    0.145518    0.187875 ^ clkbuf_0_clk_i/X (sky130_fd_sc_hd__clkbuf_16)
                                                         clknet_0_clk_i (net)
                      0.056709    0.001024    0.188899 ^ clkbuf_2_2__f_clk_i/A (sky130_fd_sc_hd__clkbuf_16)
    10    0.026804    0.047960    0.135762    0.324661 ^ clkbuf_2_2__f_clk_i/X (sky130_fd_sc_hd__clkbuf_16)
                                                         clknet_2_2__leaf_clk_i (net)
                      0.047975    0.000830    0.325491 ^ _176_/CLK (sky130_fd_sc_hd__dfrtp_1)
     3    0.011283    0.110781    0.371966    0.697457 ^ _176_/Q (sky130_fd_sc_hd__dfrtp_1)
                                                         rng_rd.ram_2[1] (net)
                      0.110781    0.000163    0.697621 ^ _140_/A1 (sky130_fd_sc_hd__mux2_1)
     1    0.002836    0.041564    0.139836    0.837457 ^ _140_/X (sky130_fd_sc_hd__mux2_1)
                                                         _015_ (net)
                      0.041564    0.000093    0.837551 ^ hold18/A (sky130_fd_sc_hd__dlygate4sd3_1)
     1    0.003013    0.054752    0.535721    1.373272 ^ hold18/X (sky130_fd_sc_hd__dlygate4sd3_1)
                                                         net35 (net)
                      0.054752    0.000096    1.373367 ^ _173_/D (sky130_fd_sc_hd__dfrtp_1)
                                              1.373367   data arrival time

                                  0.000000    0.000000   clock clk_i (rise edge)
                                  0.000000    0.000000   clock source latency
     1    0.012536    0.062558    0.042357    0.042357 ^ clk_i (in)
                                                         clk_i (net)
                      0.062562    0.000000    0.042357 ^ clkbuf_0_clk_i/A (sky130_fd_sc_hd__clkbuf_16)
     4    0.036566    0.056684    0.145518    0.187875 ^ clkbuf_0_clk_i/X (sky130_fd_sc_hd__clkbuf_16)
                                                         clknet_0_clk_i (net)
                      0.056700    0.000868    0.188742 ^ clkbuf_2_3__f_clk_i/A (sky130_fd_sc_hd__clkbuf_16)
     8    0.025516    0.046767    0.134796    0.323539 ^ clkbuf_2_3__f_clk_i/X (sky130_fd_sc_hd__clkbuf_16)
                                                         clknet_2_3__leaf_clk_i (net)
                      0.046776    0.000609    0.324148 ^ _173_/CLK (sky130_fd_sc_hd__dfrtp_1)
                                  0.250000    0.574148   clock uncertainty
                                  0.000000    0.574148   clock reconvergence pessimism
                                 -0.036565    0.537582   library hold time
                                              0.537582   data required time
---------------------------------------------------------------------------------------------
                                              0.537582   data required time
                                             -1.373367   data arrival time
---------------------------------------------------------------------------------------------
                                              0.835785   slack (MET)


Startpoint: _166_ (rising edge-triggered flip-flop clocked by clk_i)
Endpoint: _191_ (rising edge-triggered flip-flop clocked by clk_i)
Path Group: clk_i
Path Type: min

Fanout         Cap        Slew       Delay        Time   Description
---------------------------------------------------------------------------------------------
                                  0.000000    0.000000   clock clk_i (rise edge)
                                  0.000000    0.000000   clock source latency
     1    0.012536    0.062558    0.042357    0.042357 ^ clk_i (in)
                                                         clk_i (net)
                      0.062562    0.000000    0.042357 ^ clkbuf_0_clk_i/A (sky130_fd_sc_hd__clkbuf_16)
     4    0.036566    0.056684    0.145518    0.187875 ^ clkbuf_0_clk_i/X (sky130_fd_sc_hd__clkbuf_16)
                                                         clknet_0_clk_i (net)
                      0.056700    0.000868    0.188742 ^ clkbuf_2_3__f_clk_i/A (sky130_fd_sc_hd__clkbuf_16)
     8    0.025516    0.046767    0.134796    0.323539 ^ clkbuf_2_3__f_clk_i/X (sky130_fd_sc_hd__clkbuf_16)
                                                         clknet_2_3__leaf_clk_i (net)
                      0.046773    0.000513    0.324051 ^ _166_/CLK (sky130_fd_sc_hd__dfrtp_1)
     3    0.011003    0.108478    0.369857    0.693908 ^ _166_/Q (sky130_fd_sc_hd__dfrtp_1)
                                                         rng_rd.ram_5[1] (net)
                      0.108478    0.000201    0.694109 ^ _157_/A1 (sky130_fd_sc_hd__mux2_1)
     1    0.003265    0.044832    0.142465    0.836574 ^ _157_/X (sky130_fd_sc_hd__mux2_1)
                                                         _030_ (net)
                      0.044832    0.000114    0.836688 ^ hold36/A (sky130_fd_sc_hd__dlygate4sd3_1)
     1    0.003238    0.056740    0.538909    1.375598 ^ hold36/X (sky130_fd_sc_hd__dlygate4sd3_1)
                                                         net53 (net)
                      0.056740    0.000107    1.375705 ^ _191_/D (sky130_fd_sc_hd__dfrtp_1)
                                              1.375705   data arrival time

                                  0.000000    0.000000   clock clk_i (rise edge)
                                  0.000000    0.000000   clock source latency
     1    0.012536    0.062558    0.042357    0.042357 ^ clk_i (in)
                                                         clk_i (net)
                      0.062562    0.000000    0.042357 ^ clkbuf_0_clk_i/A (sky130_fd_sc_hd__clkbuf_16)
     4    0.036566    0.056684    0.145518    0.187875 ^ clkbuf_0_clk_i/X (sky130_fd_sc_hd__clkbuf_16)
                                                         clknet_0_clk_i (net)
                      0.056707    0.001005    0.188880 ^ clkbuf_2_1__f_clk_i/A (sky130_fd_sc_hd__clkbuf_16)
     9    0.026726    0.047870    0.135996    0.324876 ^ clkbuf_2_1__f_clk_i/X (sky130_fd_sc_hd__clkbuf_16)
                                                         clknet_2_1__leaf_clk_i (net)
                      0.047873    0.000429    0.325305 ^ _191_/CLK (sky130_fd_sc_hd__dfrtp_1)
                                  0.250000    0.575305   clock uncertainty
                                  0.000000    0.575305   clock reconvergence pessimism
                                 -0.036832    0.538473   library hold time
                                              0.538473   data required time
---------------------------------------------------------------------------------------------
                                              0.538473   data required time
                                             -1.375705   data arrival time
---------------------------------------------------------------------------------------------
                                              0.837232   slack (MET)


Startpoint: _172_ (rising edge-triggered flip-flop clocked by clk_i)
Endpoint: _169_ (rising edge-triggered flip-flop clocked by clk_i)
Path Group: clk_i
Path Type: min

Fanout         Cap        Slew       Delay        Time   Description
---------------------------------------------------------------------------------------------
                                  0.000000    0.000000   clock clk_i (rise edge)
                                  0.000000    0.000000   clock source latency
     1    0.012536    0.062558    0.042357    0.042357 ^ clk_i (in)
                                                         clk_i (net)
                      0.062562    0.000000    0.042357 ^ clkbuf_0_clk_i/A (sky130_fd_sc_hd__clkbuf_16)
     4    0.036566    0.056684    0.145518    0.187875 ^ clkbuf_0_clk_i/X (sky130_fd_sc_hd__clkbuf_16)
                                                         clknet_0_clk_i (net)
                      0.056709    0.001024    0.188899 ^ clkbuf_2_2__f_clk_i/A (sky130_fd_sc_hd__clkbuf_16)
    10    0.026804    0.047960    0.135762    0.324661 ^ clkbuf_2_2__f_clk_i/X (sky130_fd_sc_hd__clkbuf_16)
                                                         clknet_2_2__leaf_clk_i (net)
                      0.048017    0.001424    0.326085 ^ _172_/CLK (sky130_fd_sc_hd__dfrtp_1)
     3    0.010543    0.104730    0.367508    0.693593 ^ _172_/Q (sky130_fd_sc_hd__dfrtp_1)
                                                         rng_rd.ram_3[0] (net)
                      0.104730    0.000196    0.693790 ^ _136_/A1 (sky130_fd_sc_hd__mux2_1)
     1    0.003656    0.047819    0.144113    0.837902 ^ _136_/X (sky130_fd_sc_hd__mux2_1)
                                                         _011_ (net)
                      0.047843    0.000127    0.838029 ^ hold23/A (sky130_fd_sc_hd__dlygate4sd3_1)
     1    0.003024    0.054854    0.537881    1.375910 ^ hold23/X (sky130_fd_sc_hd__dlygate4sd3_1)
                                                         net40 (net)
                      0.054854    0.000095    1.376005 ^ _169_/D (sky130_fd_sc_hd__dfrtp_1)
                                              1.376005   data arrival time

                                  0.000000    0.000000   clock clk_i (rise edge)
                                  0.000000    0.000000   clock source latency
     1    0.012536    0.062558    0.042357    0.042357 ^ clk_i (in)
                                                         clk_i (net)
                      0.062562    0.000000    0.042357 ^ clkbuf_0_clk_i/A (sky130_fd_sc_hd__clkbuf_16)
     4    0.036566    0.056684    0.145518    0.187875 ^ clkbuf_0_clk_i/X (sky130_fd_sc_hd__clkbuf_16)
                                                         clknet_0_clk_i (net)
                      0.056700    0.000868    0.188742 ^ clkbuf_2_3__f_clk_i/A (sky130_fd_sc_hd__clkbuf_16)
     8    0.025516    0.046767    0.134796    0.323539 ^ clkbuf_2_3__f_clk_i/X (sky130_fd_sc_hd__clkbuf_16)
                                                         clknet_2_3__leaf_clk_i (net)
                      0.046773    0.000530    0.324069 ^ _169_/CLK (sky130_fd_sc_hd__dfrtp_1)
                                  0.250000    0.574069   clock uncertainty
                                  0.000000    0.574069   clock reconvergence pessimism
                                 -0.036587    0.537482   library hold time
                                              0.537482   data required time
---------------------------------------------------------------------------------------------
                                              0.537482   data required time
                                             -1.376005   data arrival time
---------------------------------------------------------------------------------------------
                                              0.838524   slack (MET)


Startpoint: _173_ (rising edge-triggered flip-flop clocked by clk_i)
Endpoint: _170_ (rising edge-triggered flip-flop clocked by clk_i)
Path Group: clk_i
Path Type: min

Fanout         Cap        Slew       Delay        Time   Description
---------------------------------------------------------------------------------------------
                                  0.000000    0.000000   clock clk_i (rise edge)
                                  0.000000    0.000000   clock source latency
     1    0.012536    0.062558    0.042357    0.042357 ^ clk_i (in)
                                                         clk_i (net)
                      0.062562    0.000000    0.042357 ^ clkbuf_0_clk_i/A (sky130_fd_sc_hd__clkbuf_16)
     4    0.036566    0.056684    0.145518    0.187875 ^ clkbuf_0_clk_i/X (sky130_fd_sc_hd__clkbuf_16)
                                                         clknet_0_clk_i (net)
                      0.056700    0.000868    0.188742 ^ clkbuf_2_3__f_clk_i/A (sky130_fd_sc_hd__clkbuf_16)
     8    0.025516    0.046767    0.134796    0.323539 ^ clkbuf_2_3__f_clk_i/X (sky130_fd_sc_hd__clkbuf_16)
                                                         clknet_2_3__leaf_clk_i (net)
                      0.046776    0.000609    0.324148 ^ _173_/CLK (sky130_fd_sc_hd__dfrtp_1)
     2    0.009231    0.094196    0.358967    0.683115 ^ _173_/Q (sky130_fd_sc_hd__dfrtp_1)
                                                         rng_rd.ram_3[1] (net)
                      0.094196    0.000254    0.683369 ^ hold17/A (sky130_fd_sc_hd__dlygate4sd3_1)
     2    0.005720    0.078334    0.572745    1.256114 ^ hold17/X (sky130_fd_sc_hd__dlygate4sd3_1)
                                                         net34 (net)
                      0.078334    0.000180    1.256294 ^ _137_/A1 (sky130_fd_sc_hd__mux2_1)
     1    0.002279    0.037427    0.124390    1.380684 ^ _137_/X (sky130_fd_sc_hd__mux2_1)
                                                         _012_ (net)
                      0.037427    0.000046    1.380730 ^ _170_/D (sky130_fd_sc_hd__dfrtp_1)
                                              1.380730   data arrival time

                                  0.000000    0.000000   clock clk_i (rise edge)
                                  0.000000    0.000000   clock source latency
     1    0.012536    0.062558    0.042357    0.042357 ^ clk_i (in)
                                                         clk_i (net)
                      0.062562    0.000000    0.042357 ^ clkbuf_0_clk_i/A (sky130_fd_sc_hd__clkbuf_16)
     4    0.036566    0.056684    0.145518    0.187875 ^ clkbuf_0_clk_i/X (sky130_fd_sc_hd__clkbuf_16)
                                                         clknet_0_clk_i (net)
                      0.056700    0.000868    0.188742 ^ clkbuf_2_3__f_clk_i/A (sky130_fd_sc_hd__clkbuf_16)
     8    0.025516    0.046767    0.134796    0.323539 ^ clkbuf_2_3__f_clk_i/X (sky130_fd_sc_hd__clkbuf_16)
                                                         clknet_2_3__leaf_clk_i (net)
                      0.046775    0.000587    0.324126 ^ _170_/CLK (sky130_fd_sc_hd__dfrtp_1)
                                  0.250000    0.574126   clock uncertainty
                                  0.000000    0.574126   clock reconvergence pessimism
                                 -0.032935    0.541191   library hold time
                                              0.541191   data required time
---------------------------------------------------------------------------------------------
                                              0.541191   data required time
                                             -1.380730   data arrival time
---------------------------------------------------------------------------------------------
                                              0.839539   slack (MET)


Startpoint: _190_ (rising edge-triggered flip-flop clocked by clk_i)
Endpoint: _162_ (rising edge-triggered flip-flop clocked by clk_i)
Path Group: clk_i
Path Type: min

Fanout         Cap        Slew       Delay        Time   Description
---------------------------------------------------------------------------------------------
                                  0.000000    0.000000   clock clk_i (rise edge)
                                  0.000000    0.000000   clock source latency
     1    0.012536    0.062558    0.042357    0.042357 ^ clk_i (in)
                                                         clk_i (net)
                      0.062562    0.000000    0.042357 ^ clkbuf_0_clk_i/A (sky130_fd_sc_hd__clkbuf_16)
     4    0.036566    0.056684    0.145518    0.187875 ^ clkbuf_0_clk_i/X (sky130_fd_sc_hd__clkbuf_16)
                                                         clknet_0_clk_i (net)
                      0.056707    0.001005    0.188880 ^ clkbuf_2_1__f_clk_i/A (sky130_fd_sc_hd__clkbuf_16)
     9    0.026726    0.047870    0.135996    0.324876 ^ clkbuf_2_1__f_clk_i/X (sky130_fd_sc_hd__clkbuf_16)
                                                         clknet_2_1__leaf_clk_i (net)
                      0.047874    0.000495    0.325371 ^ _190_/CLK (sky130_fd_sc_hd__dfrtp_1)
     4    0.011142    0.109621    0.371085    0.696456 ^ _190_/Q (sky130_fd_sc_hd__dfrtp_1)
                                                         rng_rd.ram_6[0] (net)
                      0.109621    0.000215    0.696670 ^ _130_/A1 (sky130_fd_sc_hd__mux2_1)
     1    0.002745    0.040870    0.138717    0.835387 ^ _130_/X (sky130_fd_sc_hd__mux2_1)
                                                         _005_ (net)
                      0.040870    0.000085    0.835473 ^ hold11/A (sky130_fd_sc_hd__dlygate4sd3_1)
     1    0.003984    0.063476    0.543603    1.379076 ^ hold11/X (sky130_fd_sc_hd__dlygate4sd3_1)
                                                         net28 (net)
                      0.063476    0.000117    1.379193 ^ _162_/D (sky130_fd_sc_hd__dfrtp_1)
                                              1.379193   data arrival time

                                  0.000000    0.000000   clock clk_i (rise edge)
                                  0.000000    0.000000   clock source latency
     1    0.012536    0.062558    0.042357    0.042357 ^ clk_i (in)
                                                         clk_i (net)
                      0.062562    0.000000    0.042357 ^ clkbuf_0_clk_i/A (sky130_fd_sc_hd__clkbuf_16)
     4    0.036566    0.056684    0.145518    0.187875 ^ clkbuf_0_clk_i/X (sky130_fd_sc_hd__clkbuf_16)
                                                         clknet_0_clk_i (net)
                      0.056707    0.001005    0.188880 ^ clkbuf_2_1__f_clk_i/A (sky130_fd_sc_hd__clkbuf_16)
     9    0.026726    0.047870    0.135996    0.324876 ^ clkbuf_2_1__f_clk_i/X (sky130_fd_sc_hd__clkbuf_16)
                                                         clknet_2_1__leaf_clk_i (net)
                      0.047877    0.000581    0.325457 ^ _162_/CLK (sky130_fd_sc_hd__dfrtp_1)
                                  0.250000    0.575457   clock uncertainty
                                  0.000000    0.575457   clock reconvergence pessimism
                                 -0.038242    0.537215   library hold time
                                              0.537215   data required time
---------------------------------------------------------------------------------------------
                                              0.537215   data required time
                                             -1.379193   data arrival time
---------------------------------------------------------------------------------------------
                                              0.841979   slack (MET)


Startpoint: _192_ (rising edge-triggered flip-flop clocked by clk_i)
Endpoint: _164_ (rising edge-triggered flip-flop clocked by clk_i)
Path Group: clk_i
Path Type: min

Fanout         Cap        Slew       Delay        Time   Description
---------------------------------------------------------------------------------------------
                                  0.000000    0.000000   clock clk_i (rise edge)
                                  0.000000    0.000000   clock source latency
     1    0.012536    0.062558    0.042357    0.042357 ^ clk_i (in)
                                                         clk_i (net)
                      0.062562    0.000000    0.042357 ^ clkbuf_0_clk_i/A (sky130_fd_sc_hd__clkbuf_16)
     4    0.036566    0.056684    0.145518    0.187875 ^ clkbuf_0_clk_i/X (sky130_fd_sc_hd__clkbuf_16)
                                                         clknet_0_clk_i (net)
                      0.056707    0.001005    0.188880 ^ clkbuf_2_1__f_clk_i/A (sky130_fd_sc_hd__clkbuf_16)
     9    0.026726    0.047870    0.135996    0.324876 ^ clkbuf_2_1__f_clk_i/X (sky130_fd_sc_hd__clkbuf_16)
                                                         clknet_2_1__leaf_clk_i (net)
                      0.047873    0.000429    0.325305 ^ _192_/CLK (sky130_fd_sc_hd__dfrtp_1)
     4    0.011715    0.114320    0.374532    0.699837 ^ _192_/Q (sky130_fd_sc_hd__dfrtp_1)
                                                         rng_rd.ram_6[2] (net)
                      0.114320    0.000258    0.700095 ^ _132_/A1 (sky130_fd_sc_hd__mux2_1)
     1    0.002933    0.042299    0.141810    0.841905 ^ _132_/X (sky130_fd_sc_hd__mux2_1)
                                                         _007_ (net)
                      0.042299    0.000096    0.842001 ^ hold8/A (sky130_fd_sc_hd__dlygate4sd3_1)
     1    0.003386    0.058061    0.539469    1.381470 ^ hold8/X (sky130_fd_sc_hd__dlygate4sd3_1)
                                                         net25 (net)
                      0.058061    0.000115    1.381585 ^ _164_/D (sky130_fd_sc_hd__dfrtp_1)
                                              1.381585   data arrival time

                                  0.000000    0.000000   clock clk_i (rise edge)
                                  0.000000    0.000000   clock source latency
     1    0.012536    0.062558    0.042357    0.042357 ^ clk_i (in)
                                                         clk_i (net)
                      0.062562    0.000000    0.042357 ^ clkbuf_0_clk_i/A (sky130_fd_sc_hd__clkbuf_16)
     4    0.036566    0.056684    0.145518    0.187875 ^ clkbuf_0_clk_i/X (sky130_fd_sc_hd__clkbuf_16)
                                                         clknet_0_clk_i (net)
                      0.056707    0.001005    0.188880 ^ clkbuf_2_1__f_clk_i/A (sky130_fd_sc_hd__clkbuf_16)
     9    0.026726    0.047870    0.135996    0.324876 ^ clkbuf_2_1__f_clk_i/X (sky130_fd_sc_hd__clkbuf_16)
                                                         clknet_2_1__leaf_clk_i (net)
                      0.047874    0.000464    0.325340 ^ _164_/CLK (sky130_fd_sc_hd__dfrtp_1)
                                  0.250000    0.575340   clock uncertainty
                                  0.000000    0.575340   clock reconvergence pessimism
                                 -0.037108    0.538232   library hold time
                                              0.538232   data required time
---------------------------------------------------------------------------------------------
                                              0.538232   data required time
                                             -1.381585   data arrival time
---------------------------------------------------------------------------------------------
                                              0.843353   slack (MET)


Startpoint: _182_ (rising edge-triggered flip-flop clocked by clk_i)
Endpoint: _179_ (rising edge-triggered flip-flop clocked by clk_i)
Path Group: clk_i
Path Type: min

Fanout         Cap        Slew       Delay        Time   Description
---------------------------------------------------------------------------------------------
                                  0.000000    0.000000   clock clk_i (rise edge)
                                  0.000000    0.000000   clock source latency
     1    0.012536    0.062558    0.042357    0.042357 ^ clk_i (in)
                                                         clk_i (net)
                      0.062562    0.000000    0.042357 ^ clkbuf_0_clk_i/A (sky130_fd_sc_hd__clkbuf_16)
     4    0.036566    0.056684    0.145518    0.187875 ^ clkbuf_0_clk_i/X (sky130_fd_sc_hd__clkbuf_16)
                                                         clknet_0_clk_i (net)
                      0.056709    0.001024    0.188899 ^ clkbuf_2_2__f_clk_i/A (sky130_fd_sc_hd__clkbuf_16)
    10    0.026804    0.047960    0.135762    0.324661 ^ clkbuf_2_2__f_clk_i/X (sky130_fd_sc_hd__clkbuf_16)
                                                         clknet_2_2__leaf_clk_i (net)
                      0.048013    0.001378    0.326039 ^ _182_/CLK (sky130_fd_sc_hd__dfrtp_1)
     4    0.012936    0.124333    0.381975    0.708015 ^ _182_/Q (sky130_fd_sc_hd__dfrtp_1)
                                                         net4 (net)
                      0.124333    0.000360    0.708374 ^ _145_/A1 (sky130_fd_sc_hd__mux2_1)
     1    0.002995    0.042775    0.145549    0.853923 ^ _145_/X (sky130_fd_sc_hd__mux2_1)
                                                         _020_ (net)
                      0.042775    0.000076    0.853999 ^ hold21/A (sky130_fd_sc_hd__dlygate4sd3_1)
     1    0.002993    0.054583    0.535933    1.389932 ^ hold21/X (sky130_fd_sc_hd__dlygate4sd3_1)
                                                         net38 (net)
                      0.054583    0.000096    1.390028 ^ _179_/D (sky130_fd_sc_hd__dfrtp_1)
                                              1.390028   data arrival time

                                  0.000000    0.000000   clock clk_i (rise edge)
                                  0.000000    0.000000   clock source latency
     1    0.012536    0.062558    0.042357    0.042357 ^ clk_i (in)
                                                         clk_i (net)
                      0.062562    0.000000    0.042357 ^ clkbuf_0_clk_i/A (sky130_fd_sc_hd__clkbuf_16)
     4    0.036566    0.056684    0.145518    0.187875 ^ clkbuf_0_clk_i/X (sky130_fd_sc_hd__clkbuf_16)
                                                         clknet_0_clk_i (net)
                      0.056709    0.001024    0.188899 ^ clkbuf_2_2__f_clk_i/A (sky130_fd_sc_hd__clkbuf_16)
    10    0.026804    0.047960    0.135762    0.324661 ^ clkbuf_2_2__f_clk_i/X (sky130_fd_sc_hd__clkbuf_16)
                                                         clknet_2_2__leaf_clk_i (net)
                      0.048013    0.001378    0.326039 ^ _179_/CLK (sky130_fd_sc_hd__dfrtp_1)
                                  0.250000    0.576039   clock uncertainty
                                  0.000000    0.576039   clock reconvergence pessimism
                                 -0.036360    0.539678   library hold time
                                              0.539678   data required time
---------------------------------------------------------------------------------------------
                                              0.539678   data required time
                                             -1.390028   data arrival time
---------------------------------------------------------------------------------------------
                                              0.850350   slack (MET)


Startpoint: _180_ (rising edge-triggered flip-flop clocked by clk_i)
Endpoint: _176_ (rising edge-triggered flip-flop clocked by clk_i)
Path Group: clk_i
Path Type: min

Fanout         Cap        Slew       Delay        Time   Description
---------------------------------------------------------------------------------------------
                                  0.000000    0.000000   clock clk_i (rise edge)
                                  0.000000    0.000000   clock source latency
     1    0.012536    0.062558    0.042357    0.042357 ^ clk_i (in)
                                                         clk_i (net)
                      0.062562    0.000000    0.042357 ^ clkbuf_0_clk_i/A (sky130_fd_sc_hd__clkbuf_16)
     4    0.036566    0.056684    0.145518    0.187875 ^ clkbuf_0_clk_i/X (sky130_fd_sc_hd__clkbuf_16)
                                                         clknet_0_clk_i (net)
                      0.056709    0.001024    0.188899 ^ clkbuf_2_2__f_clk_i/A (sky130_fd_sc_hd__clkbuf_16)
    10    0.026804    0.047960    0.135762    0.324661 ^ clkbuf_2_2__f_clk_i/X (sky130_fd_sc_hd__clkbuf_16)
                                                         clknet_2_2__leaf_clk_i (net)
                      0.047982    0.000961    0.325622 ^ _180_/CLK (sky130_fd_sc_hd__dfrtp_1)
     4    0.012514    0.120857    0.379433    0.705054 ^ _180_/Q (sky130_fd_sc_hd__dfrtp_1)
                                                         rng_rd.ram_1[1] (net)
                      0.120857    0.000183    0.705237 ^ _143_/A1 (sky130_fd_sc_hd__mux2_1)
     1    0.002749    0.040905    0.142567    0.847804 ^ _143_/X (sky130_fd_sc_hd__mux2_1)
                                                         _018_ (net)
                      0.040905    0.000089    0.847893 ^ hold28/A (sky130_fd_sc_hd__dlygate4sd3_1)
     1    0.003915    0.062910    0.543079    1.390972 ^ hold28/X (sky130_fd_sc_hd__dlygate4sd3_1)
                                                         net45 (net)
                      0.062910    0.000143    1.391115 ^ _176_/D (sky130_fd_sc_hd__dfrtp_1)
                                              1.391115   data arrival time

                                  0.000000    0.000000   clock clk_i (rise edge)
                                  0.000000    0.000000   clock source latency
     1    0.012536    0.062558    0.042357    0.042357 ^ clk_i (in)
                                                         clk_i (net)
                      0.062562    0.000000    0.042357 ^ clkbuf_0_clk_i/A (sky130_fd_sc_hd__clkbuf_16)
     4    0.036566    0.056684    0.145518    0.187875 ^ clkbuf_0_clk_i/X (sky130_fd_sc_hd__clkbuf_16)
                                                         clknet_0_clk_i (net)
                      0.056709    0.001024    0.188899 ^ clkbuf_2_2__f_clk_i/A (sky130_fd_sc_hd__clkbuf_16)
    10    0.026804    0.047960    0.135762    0.324661 ^ clkbuf_2_2__f_clk_i/X (sky130_fd_sc_hd__clkbuf_16)
                                                         clknet_2_2__leaf_clk_i (net)
                      0.047975    0.000830    0.325491 ^ _176_/CLK (sky130_fd_sc_hd__dfrtp_1)
                                  0.250000    0.575491   clock uncertainty
                                  0.000000    0.575491   clock reconvergence pessimism
                                 -0.038110    0.537381   library hold time
                                              0.537381   data required time
---------------------------------------------------------------------------------------------
                                              0.537381   data required time
                                             -1.391115   data arrival time
---------------------------------------------------------------------------------------------
                                              0.853734   slack (MET)


Startpoint: rst_i (input port clocked by clk_i)
Endpoint: _166_ (removal check against rising-edge clock clk_i)
Path Group: asynchronous
Path Type: min

Fanout         Cap        Slew       Delay        Time   Description
---------------------------------------------------------------------------------------------
                                  0.000000    0.000000   clock clk_i (rise edge)
                                  0.000000    0.000000   clock network delay (propagated)
                                625.000000  625.000000 ^ input external delay
     1    0.003604    0.023220    0.013131  625.013123 ^ rst_i (in)
                                                         rst_i (net)
                      0.023228    0.000000  625.013123 ^ input2/A (sky130_fd_sc_hd__buf_1)
     3    0.011920    0.146479    0.145064  625.158203 ^ input2/X (sky130_fd_sc_hd__buf_1)
                                                         net2 (net)
                      0.146481    0.000455  625.158630 ^ fanout17/A (sky130_fd_sc_hd__buf_2)
     7    0.031998    0.160081    0.225498  625.384155 ^ fanout17/X (sky130_fd_sc_hd__buf_2)
                                                         net17 (net)
                      0.160081    0.000398  625.384521 ^ _166_/RESET_B (sky130_fd_sc_hd__dfrtp_1)
                                            625.384521   data arrival time

                                  0.000000    0.000000   clock clk_i (rise edge)
                                  0.000000    0.000000   clock source latency
     1    0.012536    0.062558    0.042357    0.042357 ^ clk_i (in)
                                                         clk_i (net)
                      0.062562    0.000000    0.042357 ^ clkbuf_0_clk_i/A (sky130_fd_sc_hd__clkbuf_16)
     4    0.036566    0.056684    0.145518    0.187875 ^ clkbuf_0_clk_i/X (sky130_fd_sc_hd__clkbuf_16)
                                                         clknet_0_clk_i (net)
                      0.056700    0.000868    0.188742 ^ clkbuf_2_3__f_clk_i/A (sky130_fd_sc_hd__clkbuf_16)
     8    0.025516    0.046767    0.134796    0.323539 ^ clkbuf_2_3__f_clk_i/X (sky130_fd_sc_hd__clkbuf_16)
                                                         clknet_2_3__leaf_clk_i (net)
                      0.046773    0.000513    0.324051 ^ _166_/CLK (sky130_fd_sc_hd__dfrtp_1)
                                  0.250000    0.574051   clock uncertainty
                                  0.000000    0.574051   clock reconvergence pessimism
                                  0.352392    0.926443   library removal time
                                              0.926443   data required time
---------------------------------------------------------------------------------------------
                                              0.926443   data required time
                                           -625.384521   data arrival time
---------------------------------------------------------------------------------------------
                                            624.458130   slack (MET)


Startpoint: rst_i (input port clocked by clk_i)
Endpoint: _167_ (removal check against rising-edge clock clk_i)
Path Group: asynchronous
Path Type: min

Fanout         Cap        Slew       Delay        Time   Description
---------------------------------------------------------------------------------------------
                                  0.000000    0.000000   clock clk_i (rise edge)
                                  0.000000    0.000000   clock network delay (propagated)
                                625.000000  625.000000 ^ input external delay
     1    0.003604    0.023220    0.013131  625.013123 ^ rst_i (in)
                                                         rst_i (net)
                      0.023228    0.000000  625.013123 ^ input2/A (sky130_fd_sc_hd__buf_1)
     3    0.011920    0.146479    0.145064  625.158203 ^ input2/X (sky130_fd_sc_hd__buf_1)
                                                         net2 (net)
                      0.146481    0.000455  625.158630 ^ fanout17/A (sky130_fd_sc_hd__buf_2)
     7    0.031998    0.160081    0.225498  625.384155 ^ fanout17/X (sky130_fd_sc_hd__buf_2)
                                                         net17 (net)
                      0.160083    0.000853  625.385010 ^ _167_/RESET_B (sky130_fd_sc_hd__dfrtp_1)
                                            625.385010   data arrival time

                                  0.000000    0.000000   clock clk_i (rise edge)
                                  0.000000    0.000000   clock source latency
     1    0.012536    0.062558    0.042357    0.042357 ^ clk_i (in)
                                                         clk_i (net)
                      0.062562    0.000000    0.042357 ^ clkbuf_0_clk_i/A (sky130_fd_sc_hd__clkbuf_16)
     4    0.036566    0.056684    0.145518    0.187875 ^ clkbuf_0_clk_i/X (sky130_fd_sc_hd__clkbuf_16)
                                                         clknet_0_clk_i (net)
                      0.056700    0.000868    0.188742 ^ clkbuf_2_3__f_clk_i/A (sky130_fd_sc_hd__clkbuf_16)
     8    0.025516    0.046767    0.134796    0.323539 ^ clkbuf_2_3__f_clk_i/X (sky130_fd_sc_hd__clkbuf_16)
                                                         clknet_2_3__leaf_clk_i (net)
                      0.046769    0.000352    0.323891 ^ _167_/CLK (sky130_fd_sc_hd__dfrtp_1)
                                  0.250000    0.573891   clock uncertainty
                                  0.000000    0.573891   clock reconvergence pessimism
                                  0.352391    0.926283   library removal time
                                              0.926283   data required time
---------------------------------------------------------------------------------------------
                                              0.926283   data required time
                                           -625.385010   data arrival time
---------------------------------------------------------------------------------------------
                                            624.458740   slack (MET)


Startpoint: rst_i (input port clocked by clk_i)
Endpoint: _169_ (removal check against rising-edge clock clk_i)
Path Group: asynchronous
Path Type: min

Fanout         Cap        Slew       Delay        Time   Description
---------------------------------------------------------------------------------------------
                                  0.000000    0.000000   clock clk_i (rise edge)
                                  0.000000    0.000000   clock network delay (propagated)
                                625.000000  625.000000 ^ input external delay
     1    0.003604    0.023220    0.013131  625.013123 ^ rst_i (in)
                                                         rst_i (net)
                      0.023228    0.000000  625.013123 ^ input2/A (sky130_fd_sc_hd__buf_1)
     3    0.011920    0.146479    0.145064  625.158203 ^ input2/X (sky130_fd_sc_hd__buf_1)
                                                         net2 (net)
                      0.146481    0.000455  625.158630 ^ fanout17/A (sky130_fd_sc_hd__buf_2)
     7    0.031998    0.160081    0.225498  625.384155 ^ fanout17/X (sky130_fd_sc_hd__buf_2)
                                                         net17 (net)
                      0.160081    0.000625  625.384766 ^ _169_/RESET_B (sky130_fd_sc_hd__dfrtp_1)
                                            625.384766   data arrival time

                                  0.000000    0.000000   clock clk_i (rise edge)
                                  0.000000    0.000000   clock source latency
     1    0.012536    0.062558    0.042357    0.042357 ^ clk_i (in)
                                                         clk_i (net)
                      0.062562    0.000000    0.042357 ^ clkbuf_0_clk_i/A (sky130_fd_sc_hd__clkbuf_16)
     4    0.036566    0.056684    0.145518    0.187875 ^ clkbuf_0_clk_i/X (sky130_fd_sc_hd__clkbuf_16)
                                                         clknet_0_clk_i (net)
                      0.056700    0.000868    0.188742 ^ clkbuf_2_3__f_clk_i/A (sky130_fd_sc_hd__clkbuf_16)
     8    0.025516    0.046767    0.134796    0.323539 ^ clkbuf_2_3__f_clk_i/X (sky130_fd_sc_hd__clkbuf_16)
                                                         clknet_2_3__leaf_clk_i (net)
                      0.046773    0.000530    0.324069 ^ _169_/CLK (sky130_fd_sc_hd__dfrtp_1)
                                  0.250000    0.574069   clock uncertainty
                                  0.000000    0.574069   clock reconvergence pessimism
                                  0.352392    0.926461   library removal time
                                              0.926461   data required time
---------------------------------------------------------------------------------------------
                                              0.926461   data required time
                                           -625.384766   data arrival time
---------------------------------------------------------------------------------------------
                                            624.458313   slack (MET)


Startpoint: rst_i (input port clocked by clk_i)
Endpoint: _170_ (removal check against rising-edge clock clk_i)
Path Group: asynchronous
Path Type: min

Fanout         Cap        Slew       Delay        Time   Description
---------------------------------------------------------------------------------------------
                                  0.000000    0.000000   clock clk_i (rise edge)
                                  0.000000    0.000000   clock network delay (propagated)
                                625.000000  625.000000 ^ input external delay
     1    0.003604    0.023220    0.013131  625.013123 ^ rst_i (in)
                                                         rst_i (net)
                      0.023228    0.000000  625.013123 ^ input2/A (sky130_fd_sc_hd__buf_1)
     3    0.011920    0.146479    0.145064  625.158203 ^ input2/X (sky130_fd_sc_hd__buf_1)
                                                         net2 (net)
                      0.146481    0.000455  625.158630 ^ fanout17/A (sky130_fd_sc_hd__buf_2)
     7    0.031998    0.160081    0.225498  625.384155 ^ fanout17/X (sky130_fd_sc_hd__buf_2)
                                                         net17 (net)
                      0.160084    0.000966  625.385132 ^ _170_/RESET_B (sky130_fd_sc_hd__dfrtp_1)
                                            625.385132   data arrival time

                                  0.000000    0.000000   clock clk_i (rise edge)
                                  0.000000    0.000000   clock source latency
     1    0.012536    0.062558    0.042357    0.042357 ^ clk_i (in)
                                                         clk_i (net)
                      0.062562    0.000000    0.042357 ^ clkbuf_0_clk_i/A (sky130_fd_sc_hd__clkbuf_16)
     4    0.036566    0.056684    0.145518    0.187875 ^ clkbuf_0_clk_i/X (sky130_fd_sc_hd__clkbuf_16)
                                                         clknet_0_clk_i (net)
                      0.056700    0.000868    0.188742 ^ clkbuf_2_3__f_clk_i/A (sky130_fd_sc_hd__clkbuf_16)
     8    0.025516    0.046767    0.134796    0.323539 ^ clkbuf_2_3__f_clk_i/X (sky130_fd_sc_hd__clkbuf_16)
                                                         clknet_2_3__leaf_clk_i (net)
                      0.046775    0.000587    0.324126 ^ _170_/CLK (sky130_fd_sc_hd__dfrtp_1)
                                  0.250000    0.574126   clock uncertainty
                                  0.000000    0.574126   clock reconvergence pessimism
                                  0.352393    0.926520   library removal time
                                              0.926520   data required time
---------------------------------------------------------------------------------------------
                                              0.926520   data required time
                                           -625.385132   data arrival time
---------------------------------------------------------------------------------------------
                                            624.458557   slack (MET)


Startpoint: rst_i (input port clocked by clk_i)
Endpoint: _171_ (removal check against rising-edge clock clk_i)
Path Group: asynchronous
Path Type: min

Fanout         Cap        Slew       Delay        Time   Description
---------------------------------------------------------------------------------------------
                                  0.000000    0.000000   clock clk_i (rise edge)
                                  0.000000    0.000000   clock network delay (propagated)
                                625.000000  625.000000 ^ input external delay
     1    0.003604    0.023220    0.013131  625.013123 ^ rst_i (in)
                                                         rst_i (net)
                      0.023228    0.000000  625.013123 ^ input2/A (sky130_fd_sc_hd__buf_1)
     3    0.011920    0.146479    0.145064  625.158203 ^ input2/X (sky130_fd_sc_hd__buf_1)
                                                         net2 (net)
                      0.146481    0.000455  625.158630 ^ fanout17/A (sky130_fd_sc_hd__buf_2)
     7    0.031998    0.160081    0.225498  625.384155 ^ fanout17/X (sky130_fd_sc_hd__buf_2)
                                                         net17 (net)
                      0.160084    0.000909  625.385071 ^ _171_/RESET_B (sky130_fd_sc_hd__dfrtp_1)
                                            625.385071   data arrival time

                                  0.000000    0.000000   clock clk_i (rise edge)
                                  0.000000    0.000000   clock source latency
     1    0.012536    0.062558    0.042357    0.042357 ^ clk_i (in)
                                                         clk_i (net)
                      0.062562    0.000000    0.042357 ^ clkbuf_0_clk_i/A (sky130_fd_sc_hd__clkbuf_16)
     4    0.036566    0.056684    0.145518    0.187875 ^ clkbuf_0_clk_i/X (sky130_fd_sc_hd__clkbuf_16)
                                                         clknet_0_clk_i (net)
                      0.056700    0.000868    0.188742 ^ clkbuf_2_3__f_clk_i/A (sky130_fd_sc_hd__clkbuf_16)
     8    0.025516    0.046767    0.134796    0.323539 ^ clkbuf_2_3__f_clk_i/X (sky130_fd_sc_hd__clkbuf_16)
                                                         clknet_2_3__leaf_clk_i (net)
                      0.046775    0.000584    0.324123 ^ _171_/CLK (sky130_fd_sc_hd__dfrtp_1)
                                  0.250000    0.574123   clock uncertainty
                                  0.000000    0.574123   clock reconvergence pessimism
                                  0.352393    0.926516   library removal time
                                              0.926516   data required time
---------------------------------------------------------------------------------------------
                                              0.926516   data required time
                                           -625.385071   data arrival time
---------------------------------------------------------------------------------------------
                                            624.458557   slack (MET)


Startpoint: rst_i (input port clocked by clk_i)
Endpoint: _173_ (removal check against rising-edge clock clk_i)
Path Group: asynchronous
Path Type: min

Fanout         Cap        Slew       Delay        Time   Description
---------------------------------------------------------------------------------------------
                                  0.000000    0.000000   clock clk_i (rise edge)
                                  0.000000    0.000000   clock network delay (propagated)
                                625.000000  625.000000 ^ input external delay
     1    0.003604    0.023220    0.013131  625.013123 ^ rst_i (in)
                                                         rst_i (net)
                      0.023228    0.000000  625.013123 ^ input2/A (sky130_fd_sc_hd__buf_1)
     3    0.011920    0.146479    0.145064  625.158203 ^ input2/X (sky130_fd_sc_hd__buf_1)
                                                         net2 (net)
                      0.146481    0.000455  625.158630 ^ fanout17/A (sky130_fd_sc_hd__buf_2)
     7    0.031998    0.160081    0.225498  625.384155 ^ fanout17/X (sky130_fd_sc_hd__buf_2)
                                                         net17 (net)
                      0.160085    0.001023  625.385193 ^ _173_/RESET_B (sky130_fd_sc_hd__dfrtp_1)
                                            625.385193   data arrival time

                                  0.000000    0.000000   clock clk_i (rise edge)
                                  0.000000    0.000000   clock source latency
     1    0.012536    0.062558    0.042357    0.042357 ^ clk_i (in)
                                                         clk_i (net)
                      0.062562    0.000000    0.042357 ^ clkbuf_0_clk_i/A (sky130_fd_sc_hd__clkbuf_16)
     4    0.036566    0.056684    0.145518    0.187875 ^ clkbuf_0_clk_i/X (sky130_fd_sc_hd__clkbuf_16)
                                                         clknet_0_clk_i (net)
                      0.056700    0.000868    0.188742 ^ clkbuf_2_3__f_clk_i/A (sky130_fd_sc_hd__clkbuf_16)
     8    0.025516    0.046767    0.134796    0.323539 ^ clkbuf_2_3__f_clk_i/X (sky130_fd_sc_hd__clkbuf_16)
                                                         clknet_2_3__leaf_clk_i (net)
                      0.046776    0.000609    0.324148 ^ _173_/CLK (sky130_fd_sc_hd__dfrtp_1)
                                  0.250000    0.574148   clock uncertainty
                                  0.000000    0.574148   clock reconvergence pessimism
                                  0.352394    0.926541   library removal time
                                              0.926541   data required time
---------------------------------------------------------------------------------------------
                                              0.926541   data required time
                                           -625.385193   data arrival time
---------------------------------------------------------------------------------------------
                                            624.458618   slack (MET)


Startpoint: rst_i (input port clocked by clk_i)
Endpoint: _174_ (removal check against rising-edge clock clk_i)
Path Group: asynchronous
Path Type: min

Fanout         Cap        Slew       Delay        Time   Description
---------------------------------------------------------------------------------------------
                                  0.000000    0.000000   clock clk_i (rise edge)
                                  0.000000    0.000000   clock network delay (propagated)
                                625.000000  625.000000 ^ input external delay
     1    0.003604    0.023220    0.013131  625.013123 ^ rst_i (in)
                                                         rst_i (net)
                      0.023228    0.000000  625.013123 ^ input2/A (sky130_fd_sc_hd__buf_1)
     3    0.011920    0.146479    0.145064  625.158203 ^ input2/X (sky130_fd_sc_hd__buf_1)
                                                         net2 (net)
                      0.146481    0.000455  625.158630 ^ fanout17/A (sky130_fd_sc_hd__buf_2)
     7    0.031998    0.160081    0.225498  625.384155 ^ fanout17/X (sky130_fd_sc_hd__buf_2)
                                                         net17 (net)
                      0.160084    0.000966  625.385132 ^ _174_/RESET_B (sky130_fd_sc_hd__dfrtp_1)
                                            625.385132   data arrival time

                                  0.000000    0.000000   clock clk_i (rise edge)
                                  0.000000    0.000000   clock source latency
     1    0.012536    0.062558    0.042357    0.042357 ^ clk_i (in)
                                                         clk_i (net)
                      0.062562    0.000000    0.042357 ^ clkbuf_0_clk_i/A (sky130_fd_sc_hd__clkbuf_16)
     4    0.036566    0.056684    0.145518    0.187875 ^ clkbuf_0_clk_i/X (sky130_fd_sc_hd__clkbuf_16)
                                                         clknet_0_clk_i (net)
                      0.056700    0.000868    0.188742 ^ clkbuf_2_3__f_clk_i/A (sky130_fd_sc_hd__clkbuf_16)
     8    0.025516    0.046767    0.134796    0.323539 ^ clkbuf_2_3__f_clk_i/X (sky130_fd_sc_hd__clkbuf_16)
                                                         clknet_2_3__leaf_clk_i (net)
                      0.046777    0.000644    0.324183 ^ _174_/CLK (sky130_fd_sc_hd__dfrtp_1)
                                  0.250000    0.574183   clock uncertainty
                                  0.000000    0.574183   clock reconvergence pessimism
                                  0.352394    0.926577   library removal time
                                              0.926577   data required time
---------------------------------------------------------------------------------------------
                                              0.926577   data required time
                                           -625.385132   data arrival time
---------------------------------------------------------------------------------------------
                                            624.458496   slack (MET)


Startpoint: rst_i (input port clocked by clk_i)
Endpoint: _193_ (removal check against rising-edge clock clk_i)
Path Group: asynchronous
Path Type: min

Fanout         Cap        Slew       Delay        Time   Description
---------------------------------------------------------------------------------------------
                                  0.000000    0.000000   clock clk_i (rise edge)
                                  0.000000    0.000000   clock network delay (propagated)
                                625.000000  625.000000 ^ input external delay
     1    0.003604    0.023220    0.013131  625.013123 ^ rst_i (in)
                                                         rst_i (net)
                      0.023228    0.000000  625.013123 ^ input2/A (sky130_fd_sc_hd__buf_1)
     3    0.011920    0.146479    0.145064  625.158203 ^ input2/X (sky130_fd_sc_hd__buf_1)
                                                         net2 (net)
                      0.146481    0.000398  625.158569 ^ fanout15/A (sky130_fd_sc_hd__buf_2)
     9    0.040513    0.199562    0.253237  625.411804 ^ fanout15/X (sky130_fd_sc_hd__buf_2)
                                                         net15 (net)
                      0.199571    0.001535  625.413391 ^ _193_/RESET_B (sky130_fd_sc_hd__dfrtp_1)
                                            625.413391   data arrival time

                                  0.000000    0.000000   clock clk_i (rise edge)
                                  0.000000    0.000000   clock source latency
     1    0.012536    0.062558    0.042357    0.042357 ^ clk_i (in)
                                                         clk_i (net)
                      0.062562    0.000000    0.042357 ^ clkbuf_0_clk_i/A (sky130_fd_sc_hd__clkbuf_16)
     4    0.036566    0.056684    0.145518    0.187875 ^ clkbuf_0_clk_i/X (sky130_fd_sc_hd__clkbuf_16)
                                                         clknet_0_clk_i (net)
                      0.056713    0.001104    0.188979 ^ clkbuf_2_0__f_clk_i/A (sky130_fd_sc_hd__clkbuf_16)
    10    0.027498    0.048736    0.136617    0.325596 ^ clkbuf_2_0__f_clk_i/X (sky130_fd_sc_hd__clkbuf_16)
                                                         clknet_2_0__leaf_clk_i (net)
                      0.048738    0.000526    0.326122 ^ _193_/CLK (sky130_fd_sc_hd__dfrtp_1)
                                  0.250000    0.576122   clock uncertainty
                                  0.000000    0.576122   clock reconvergence pessimism
                                  0.363790    0.939912   library removal time
                                              0.939912   data required time
---------------------------------------------------------------------------------------------
                                              0.939912   data required time
                                           -625.413391   data arrival time
---------------------------------------------------------------------------------------------
                                            624.473450   slack (MET)


Startpoint: rst_i (input port clocked by clk_i)
Endpoint: _162_ (removal check against rising-edge clock clk_i)
Path Group: asynchronous
Path Type: min

Fanout         Cap        Slew       Delay        Time   Description
---------------------------------------------------------------------------------------------
                                  0.000000    0.000000   clock clk_i (rise edge)
                                  0.000000    0.000000   clock network delay (propagated)
                                625.000000  625.000000 ^ input external delay
     1    0.003604    0.023220    0.013131  625.013123 ^ rst_i (in)
                                                         rst_i (net)
                      0.023228    0.000000  625.013123 ^ input2/A (sky130_fd_sc_hd__buf_1)
     3    0.011920    0.146479    0.145064  625.158203 ^ input2/X (sky130_fd_sc_hd__buf_1)
                                                         net2 (net)
                      0.146481    0.000398  625.158569 ^ fanout15/A (sky130_fd_sc_hd__buf_2)
     9    0.040513    0.199562    0.253237  625.411804 ^ fanout15/X (sky130_fd_sc_hd__buf_2)
                                                         net15 (net)
                      0.199569    0.001364  625.413208 ^ _162_/RESET_B (sky130_fd_sc_hd__dfrtp_1)
                                            625.413208   data arrival time

                                  0.000000    0.000000   clock clk_i (rise edge)
                                  0.000000    0.000000   clock source latency
     1    0.012536    0.062558    0.042357    0.042357 ^ clk_i (in)
                                                         clk_i (net)
                      0.062562    0.000000    0.042357 ^ clkbuf_0_clk_i/A (sky130_fd_sc_hd__clkbuf_16)
     4    0.036566    0.056684    0.145518    0.187875 ^ clkbuf_0_clk_i/X (sky130_fd_sc_hd__clkbuf_16)
                                                         clknet_0_clk_i (net)
                      0.056707    0.001005    0.188880 ^ clkbuf_2_1__f_clk_i/A (sky130_fd_sc_hd__clkbuf_16)
     9    0.026726    0.047870    0.135996    0.324876 ^ clkbuf_2_1__f_clk_i/X (sky130_fd_sc_hd__clkbuf_16)
                                                         clknet_2_1__leaf_clk_i (net)
                      0.047877    0.000581    0.325457 ^ _162_/CLK (sky130_fd_sc_hd__dfrtp_1)
                                  0.250000    0.575457   clock uncertainty
                                  0.000000    0.575457   clock reconvergence pessimism
                                  0.363555    0.939013   library removal time
                                              0.939013   data required time
---------------------------------------------------------------------------------------------
                                              0.939013   data required time
                                           -625.413208   data arrival time
---------------------------------------------------------------------------------------------
                                            624.474182   slack (MET)


Startpoint: rst_i (input port clocked by clk_i)
Endpoint: _163_ (removal check against rising-edge clock clk_i)
Path Group: asynchronous
Path Type: min

Fanout         Cap        Slew       Delay        Time   Description
---------------------------------------------------------------------------------------------
                                  0.000000    0.000000   clock clk_i (rise edge)
                                  0.000000    0.000000   clock network delay (propagated)
                                625.000000  625.000000 ^ input external delay
     1    0.003604    0.023220    0.013131  625.013123 ^ rst_i (in)
                                                         rst_i (net)
                      0.023228    0.000000  625.013123 ^ input2/A (sky130_fd_sc_hd__buf_1)
     3    0.011920    0.146479    0.145064  625.158203 ^ input2/X (sky130_fd_sc_hd__buf_1)
                                                         net2 (net)
                      0.146481    0.000398  625.158569 ^ fanout15/A (sky130_fd_sc_hd__buf_2)
     9    0.040513    0.199562    0.253237  625.411804 ^ fanout15/X (sky130_fd_sc_hd__buf_2)
                                                         net15 (net)
                      0.199568    0.001364  625.413208 ^ _163_/RESET_B (sky130_fd_sc_hd__dfrtp_1)
                                            625.413208   data arrival time

                                  0.000000    0.000000   clock clk_i (rise edge)
                                  0.000000    0.000000   clock source latency
     1    0.012536    0.062558    0.042357    0.042357 ^ clk_i (in)
                                                         clk_i (net)
                      0.062562    0.000000    0.042357 ^ clkbuf_0_clk_i/A (sky130_fd_sc_hd__clkbuf_16)
     4    0.036566    0.056684    0.145518    0.187875 ^ clkbuf_0_clk_i/X (sky130_fd_sc_hd__clkbuf_16)
                                                         clknet_0_clk_i (net)
                      0.056707    0.001005    0.188880 ^ clkbuf_2_1__f_clk_i/A (sky130_fd_sc_hd__clkbuf_16)
     9    0.026726    0.047870    0.135996    0.324876 ^ clkbuf_2_1__f_clk_i/X (sky130_fd_sc_hd__clkbuf_16)
                                                         clknet_2_1__leaf_clk_i (net)
                      0.047874    0.000463    0.325339 ^ _163_/CLK (sky130_fd_sc_hd__dfrtp_1)
                                  0.250000    0.575339   clock uncertainty
                                  0.000000    0.575339   clock reconvergence pessimism
                                  0.363554    0.938894   library removal time
                                              0.938894   data required time
---------------------------------------------------------------------------------------------
                                              0.938894   data required time
                                           -625.413208   data arrival time
---------------------------------------------------------------------------------------------
                                            624.474304   slack (MET)


Startpoint: rst_i (input port clocked by clk_i)
Endpoint: _164_ (removal check against rising-edge clock clk_i)
Path Group: asynchronous
Path Type: min

Fanout         Cap        Slew       Delay        Time   Description
---------------------------------------------------------------------------------------------
                                  0.000000    0.000000   clock clk_i (rise edge)
                                  0.000000    0.000000   clock network delay (propagated)
                                625.000000  625.000000 ^ input external delay
     1    0.003604    0.023220    0.013131  625.013123 ^ rst_i (in)
                                                         rst_i (net)
                      0.023228    0.000000  625.013123 ^ input2/A (sky130_fd_sc_hd__buf_1)
     3    0.011920    0.146479    0.145064  625.158203 ^ input2/X (sky130_fd_sc_hd__buf_1)
                                                         net2 (net)
                      0.146481    0.000398  625.158569 ^ fanout15/A (sky130_fd_sc_hd__buf_2)
     9    0.040513    0.199562    0.253237  625.411804 ^ fanout15/X (sky130_fd_sc_hd__buf_2)
                                                         net15 (net)
                      0.199564    0.000966  625.412781 ^ _164_/RESET_B (sky130_fd_sc_hd__dfrtp_1)
                                            625.412781   data arrival time

                                  0.000000    0.000000   clock clk_i (rise edge)
                                  0.000000    0.000000   clock source latency
     1    0.012536    0.062558    0.042357    0.042357 ^ clk_i (in)
                                                         clk_i (net)
                      0.062562    0.000000    0.042357 ^ clkbuf_0_clk_i/A (sky130_fd_sc_hd__clkbuf_16)
     4    0.036566    0.056684    0.145518    0.187875 ^ clkbuf_0_clk_i/X (sky130_fd_sc_hd__clkbuf_16)
                                                         clknet_0_clk_i (net)
                      0.056707    0.001005    0.188880 ^ clkbuf_2_1__f_clk_i/A (sky130_fd_sc_hd__clkbuf_16)
     9    0.026726    0.047870    0.135996    0.324876 ^ clkbuf_2_1__f_clk_i/X (sky130_fd_sc_hd__clkbuf_16)
                                                         clknet_2_1__leaf_clk_i (net)
                      0.047874    0.000464    0.325340 ^ _164_/CLK (sky130_fd_sc_hd__dfrtp_1)
                                  0.250000    0.575340   clock uncertainty
                                  0.000000    0.575340   clock reconvergence pessimism
                                  0.363553    0.938894   library removal time
                                              0.938894   data required time
---------------------------------------------------------------------------------------------
                                              0.938894   data required time
                                           -625.412781   data arrival time
---------------------------------------------------------------------------------------------
                                            624.473938   slack (MET)


Startpoint: rst_i (input port clocked by clk_i)
Endpoint: _165_ (removal check against rising-edge clock clk_i)
Path Group: asynchronous
Path Type: min

Fanout         Cap        Slew       Delay        Time   Description
---------------------------------------------------------------------------------------------
                                  0.000000    0.000000   clock clk_i (rise edge)
                                  0.000000    0.000000   clock network delay (propagated)
                                625.000000  625.000000 ^ input external delay
     1    0.003604    0.023220    0.013131  625.013123 ^ rst_i (in)
                                                         rst_i (net)
                      0.023228    0.000000  625.013123 ^ input2/A (sky130_fd_sc_hd__buf_1)
     3    0.011920    0.146479    0.145064  625.158203 ^ input2/X (sky130_fd_sc_hd__buf_1)
                                                         net2 (net)
                      0.146481    0.000398  625.158569 ^ fanout15/A (sky130_fd_sc_hd__buf_2)
     9    0.040513    0.199562    0.253237  625.411804 ^ fanout15/X (sky130_fd_sc_hd__buf_2)
                                                         net15 (net)
                      0.199572    0.001592  625.413452 ^ _165_/RESET_B (sky130_fd_sc_hd__dfrtp_1)
                                            625.413452   data arrival time

                                  0.000000    0.000000   clock clk_i (rise edge)
                                  0.000000    0.000000   clock source latency
     1    0.012536    0.062558    0.042357    0.042357 ^ clk_i (in)
                                                         clk_i (net)
                      0.062562    0.000000    0.042357 ^ clkbuf_0_clk_i/A (sky130_fd_sc_hd__clkbuf_16)
     4    0.036566    0.056684    0.145518    0.187875 ^ clkbuf_0_clk_i/X (sky130_fd_sc_hd__clkbuf_16)
                                                         clknet_0_clk_i (net)
                      0.056707    0.001005    0.188880 ^ clkbuf_2_1__f_clk_i/A (sky130_fd_sc_hd__clkbuf_16)
     9    0.026726    0.047870    0.135996    0.324876 ^ clkbuf_2_1__f_clk_i/X (sky130_fd_sc_hd__clkbuf_16)
                                                         clknet_2_1__leaf_clk_i (net)
                      0.047876    0.000557    0.325433 ^ _165_/CLK (sky130_fd_sc_hd__dfrtp_1)
                                  0.250000    0.575433   clock uncertainty
                                  0.000000    0.575433   clock reconvergence pessimism
                                  0.363556    0.938989   library removal time
                                              0.938989   data required time
---------------------------------------------------------------------------------------------
                                              0.938989   data required time
                                           -625.413452   data arrival time
---------------------------------------------------------------------------------------------
                                            624.474426   slack (MET)


Startpoint: rst_i (input port clocked by clk_i)
Endpoint: _190_ (removal check against rising-edge clock clk_i)
Path Group: asynchronous
Path Type: min

Fanout         Cap        Slew       Delay        Time   Description
---------------------------------------------------------------------------------------------
                                  0.000000    0.000000   clock clk_i (rise edge)
                                  0.000000    0.000000   clock network delay (propagated)
                                625.000000  625.000000 ^ input external delay
     1    0.003604    0.023220    0.013131  625.013123 ^ rst_i (in)
                                                         rst_i (net)
                      0.023228    0.000000  625.013123 ^ input2/A (sky130_fd_sc_hd__buf_1)
     3    0.011920    0.146479    0.145064  625.158203 ^ input2/X (sky130_fd_sc_hd__buf_1)
                                                         net2 (net)
                      0.146481    0.000398  625.158569 ^ fanout15/A (sky130_fd_sc_hd__buf_2)
     9    0.040513    0.199562    0.253237  625.411804 ^ fanout15/X (sky130_fd_sc_hd__buf_2)
                                                         net15 (net)
                      0.199568    0.001364  625.413208 ^ _190_/RESET_B (sky130_fd_sc_hd__dfrtp_1)
                                            625.413208   data arrival time

                                  0.000000    0.000000   clock clk_i (rise edge)
                                  0.000000    0.000000   clock source latency
     1    0.012536    0.062558    0.042357    0.042357 ^ clk_i (in)
                                                         clk_i (net)
                      0.062562    0.000000    0.042357 ^ clkbuf_0_clk_i/A (sky130_fd_sc_hd__clkbuf_16)
     4    0.036566    0.056684    0.145518    0.187875 ^ clkbuf_0_clk_i/X (sky130_fd_sc_hd__clkbuf_16)
                                                         clknet_0_clk_i (net)
                      0.056707    0.001005    0.188880 ^ clkbuf_2_1__f_clk_i/A (sky130_fd_sc_hd__clkbuf_16)
     9    0.026726    0.047870    0.135996    0.324876 ^ clkbuf_2_1__f_clk_i/X (sky130_fd_sc_hd__clkbuf_16)
                                                         clknet_2_1__leaf_clk_i (net)
                      0.047874    0.000495    0.325371 ^ _190_/CLK (sky130_fd_sc_hd__dfrtp_1)
                                  0.250000    0.575371   clock uncertainty
                                  0.000000    0.575371   clock reconvergence pessimism
                                  0.363555    0.938925   library removal time
                                              0.938925   data required time
---------------------------------------------------------------------------------------------
                                              0.938925   data required time
                                           -625.413208   data arrival time
---------------------------------------------------------------------------------------------
                                            624.474243   slack (MET)


Startpoint: rst_i (input port clocked by clk_i)
Endpoint: _191_ (removal check against rising-edge clock clk_i)
Path Group: asynchronous
Path Type: min

Fanout         Cap        Slew       Delay        Time   Description
---------------------------------------------------------------------------------------------
                                  0.000000    0.000000   clock clk_i (rise edge)
                                  0.000000    0.000000   clock network delay (propagated)
                                625.000000  625.000000 ^ input external delay
     1    0.003604    0.023220    0.013131  625.013123 ^ rst_i (in)
                                                         rst_i (net)
                      0.023228    0.000000  625.013123 ^ input2/A (sky130_fd_sc_hd__buf_1)
     3    0.011920    0.146479    0.145064  625.158203 ^ input2/X (sky130_fd_sc_hd__buf_1)
                                                         net2 (net)
                      0.146481    0.000398  625.158569 ^ fanout15/A (sky130_fd_sc_hd__buf_2)
     9    0.040513    0.199562    0.253237  625.411804 ^ fanout15/X (sky130_fd_sc_hd__buf_2)
                                                         net15 (net)
                      0.199565    0.001080  625.412903 ^ _191_/RESET_B (sky130_fd_sc_hd__dfrtp_1)
                                            625.412903   data arrival time

                                  0.000000    0.000000   clock clk_i (rise edge)
                                  0.000000    0.000000   clock source latency
     1    0.012536    0.062558    0.042357    0.042357 ^ clk_i (in)
                                                         clk_i (net)
                      0.062562    0.000000    0.042357 ^ clkbuf_0_clk_i/A (sky130_fd_sc_hd__clkbuf_16)
     4    0.036566    0.056684    0.145518    0.187875 ^ clkbuf_0_clk_i/X (sky130_fd_sc_hd__clkbuf_16)
                                                         clknet_0_clk_i (net)
                      0.056707    0.001005    0.188880 ^ clkbuf_2_1__f_clk_i/A (sky130_fd_sc_hd__clkbuf_16)
     9    0.026726    0.047870    0.135996    0.324876 ^ clkbuf_2_1__f_clk_i/X (sky130_fd_sc_hd__clkbuf_16)
                                                         clknet_2_1__leaf_clk_i (net)
                      0.047873    0.000429    0.325305 ^ _191_/CLK (sky130_fd_sc_hd__dfrtp_1)
                                  0.250000    0.575305   clock uncertainty
                                  0.000000    0.575305   clock reconvergence pessimism
                                  0.363553    0.938858   library removal time
                                              0.938858   data required time
---------------------------------------------------------------------------------------------
                                              0.938858   data required time
                                           -625.412903   data arrival time
---------------------------------------------------------------------------------------------
                                            624.474060   slack (MET)


Startpoint: rst_i (input port clocked by clk_i)
Endpoint: _192_ (removal check against rising-edge clock clk_i)
Path Group: asynchronous
Path Type: min

Fanout         Cap        Slew       Delay        Time   Description
---------------------------------------------------------------------------------------------
                                  0.000000    0.000000   clock clk_i (rise edge)
                                  0.000000    0.000000   clock network delay (propagated)
                                625.000000  625.000000 ^ input external delay
     1    0.003604    0.023220    0.013131  625.013123 ^ rst_i (in)
                                                         rst_i (net)
                      0.023228    0.000000  625.013123 ^ input2/A (sky130_fd_sc_hd__buf_1)
     3    0.011920    0.146479    0.145064  625.158203 ^ input2/X (sky130_fd_sc_hd__buf_1)
                                                         net2 (net)
                      0.146481    0.000398  625.158569 ^ fanout15/A (sky130_fd_sc_hd__buf_2)
     9    0.040513    0.199562    0.253237  625.411804 ^ fanout15/X (sky130_fd_sc_hd__buf_2)
                                                         net15 (net)
                      0.199565    0.001080  625.412903 ^ _192_/RESET_B (sky130_fd_sc_hd__dfrtp_1)
                                            625.412903   data arrival time

                                  0.000000    0.000000   clock clk_i (rise edge)
                                  0.000000    0.000000   clock source latency
     1    0.012536    0.062558    0.042357    0.042357 ^ clk_i (in)
                                                         clk_i (net)
                      0.062562    0.000000    0.042357 ^ clkbuf_0_clk_i/A (sky130_fd_sc_hd__clkbuf_16)
     4    0.036566    0.056684    0.145518    0.187875 ^ clkbuf_0_clk_i/X (sky130_fd_sc_hd__clkbuf_16)
                                                         clknet_0_clk_i (net)
                      0.056707    0.001005    0.188880 ^ clkbuf_2_1__f_clk_i/A (sky130_fd_sc_hd__clkbuf_16)
     9    0.026726    0.047870    0.135996    0.324876 ^ clkbuf_2_1__f_clk_i/X (sky130_fd_sc_hd__clkbuf_16)
                                                         clknet_2_1__leaf_clk_i (net)
                      0.047873    0.000429    0.325305 ^ _192_/CLK (sky130_fd_sc_hd__dfrtp_1)
                                  0.250000    0.575305   clock uncertainty
                                  0.000000    0.575305   clock reconvergence pessimism
                                  0.363553    0.938858   library removal time
                                              0.938858   data required time
---------------------------------------------------------------------------------------------
                                              0.938858   data required time
                                           -625.412903   data arrival time
---------------------------------------------------------------------------------------------
                                            624.474060   slack (MET)


Startpoint: rst_i (input port clocked by clk_i)
Endpoint: _172_ (removal check against rising-edge clock clk_i)
Path Group: asynchronous
Path Type: min

Fanout         Cap        Slew       Delay        Time   Description
---------------------------------------------------------------------------------------------
                                  0.000000    0.000000   clock clk_i (rise edge)
                                  0.000000    0.000000   clock network delay (propagated)
                                625.000000  625.000000 ^ input external delay
     1    0.003604    0.023220    0.013131  625.013123 ^ rst_i (in)
                                                         rst_i (net)
                      0.023228    0.000000  625.013123 ^ input2/A (sky130_fd_sc_hd__buf_1)
     3    0.011920    0.146479    0.145064  625.158203 ^ input2/X (sky130_fd_sc_hd__buf_1)
                                                         net2 (net)
                      0.146482    0.000568  625.158752 ^ fanout16/A (sky130_fd_sc_hd__clkbuf_4)
    10    0.044418    0.141149    0.242380  625.401123 ^ fanout16/X (sky130_fd_sc_hd__clkbuf_4)
                                                         net16 (net)
                      0.141153    0.000966  625.402100 ^ _172_/RESET_B (sky130_fd_sc_hd__dfrtp_1)
                                            625.402100   data arrival time

                                  0.000000    0.000000   clock clk_i (rise edge)
                                  0.000000    0.000000   clock source latency
     1    0.012536    0.062558    0.042357    0.042357 ^ clk_i (in)
                                                         clk_i (net)
                      0.062562    0.000000    0.042357 ^ clkbuf_0_clk_i/A (sky130_fd_sc_hd__clkbuf_16)
     4    0.036566    0.056684    0.145518    0.187875 ^ clkbuf_0_clk_i/X (sky130_fd_sc_hd__clkbuf_16)
                                                         clknet_0_clk_i (net)
                      0.056709    0.001024    0.188899 ^ clkbuf_2_2__f_clk_i/A (sky130_fd_sc_hd__clkbuf_16)
    10    0.026804    0.047960    0.135762    0.324661 ^ clkbuf_2_2__f_clk_i/X (sky130_fd_sc_hd__clkbuf_16)
                                                         clknet_2_2__leaf_clk_i (net)
                      0.048017    0.001424    0.326085 ^ _172_/CLK (sky130_fd_sc_hd__dfrtp_1)
                                  0.250000    0.576085   clock uncertainty
                                  0.000000    0.576085   clock reconvergence pessimism
                                  0.347523    0.923608   library removal time
                                              0.923608   data required time
---------------------------------------------------------------------------------------------
                                              0.923608   data required time
                                           -625.402100   data arrival time
---------------------------------------------------------------------------------------------
                                            624.478516   slack (MET)


Startpoint: rst_i (input port clocked by clk_i)
Endpoint: _175_ (removal check against rising-edge clock clk_i)
Path Group: asynchronous
Path Type: min

Fanout         Cap        Slew       Delay        Time   Description
---------------------------------------------------------------------------------------------
                                  0.000000    0.000000   clock clk_i (rise edge)
                                  0.000000    0.000000   clock network delay (propagated)
                                625.000000  625.000000 ^ input external delay
     1    0.003604    0.023220    0.013131  625.013123 ^ rst_i (in)
                                                         rst_i (net)
                      0.023228    0.000000  625.013123 ^ input2/A (sky130_fd_sc_hd__buf_1)
     3    0.011920    0.146479    0.145064  625.158203 ^ input2/X (sky130_fd_sc_hd__buf_1)
                                                         net2 (net)
                      0.146482    0.000568  625.158752 ^ fanout16/A (sky130_fd_sc_hd__clkbuf_4)
    10    0.044418    0.141149    0.242380  625.401123 ^ fanout16/X (sky130_fd_sc_hd__clkbuf_4)
                                                         net16 (net)
                      0.141155    0.001080  625.402222 ^ _175_/RESET_B (sky130_fd_sc_hd__dfrtp_1)
                                            625.402222   data arrival time

                                  0.000000    0.000000   clock clk_i (rise edge)
                                  0.000000    0.000000   clock source latency
     1    0.012536    0.062558    0.042357    0.042357 ^ clk_i (in)
                                                         clk_i (net)
                      0.062562    0.000000    0.042357 ^ clkbuf_0_clk_i/A (sky130_fd_sc_hd__clkbuf_16)
     4    0.036566    0.056684    0.145518    0.187875 ^ clkbuf_0_clk_i/X (sky130_fd_sc_hd__clkbuf_16)
                                                         clknet_0_clk_i (net)
                      0.056709    0.001024    0.188899 ^ clkbuf_2_2__f_clk_i/A (sky130_fd_sc_hd__clkbuf_16)
    10    0.026804    0.047960    0.135762    0.324661 ^ clkbuf_2_2__f_clk_i/X (sky130_fd_sc_hd__clkbuf_16)
                                                         clknet_2_2__leaf_clk_i (net)
                      0.048016    0.001409    0.326069 ^ _175_/CLK (sky130_fd_sc_hd__dfrtp_1)
                                  0.250000    0.576069   clock uncertainty
                                  0.000000    0.576069   clock reconvergence pessimism
                                  0.347523    0.923593   library removal time
                                              0.923593   data required time
---------------------------------------------------------------------------------------------
                                              0.923593   data required time
                                           -625.402222   data arrival time
---------------------------------------------------------------------------------------------
                                            624.478638   slack (MET)


Startpoint: rst_i (input port clocked by clk_i)
Endpoint: _179_ (removal check against rising-edge clock clk_i)
Path Group: asynchronous
Path Type: min

Fanout         Cap        Slew       Delay        Time   Description
---------------------------------------------------------------------------------------------
                                  0.000000    0.000000   clock clk_i (rise edge)
                                  0.000000    0.000000   clock network delay (propagated)
                                625.000000  625.000000 ^ input external delay
     1    0.003604    0.023220    0.013131  625.013123 ^ rst_i (in)
                                                         rst_i (net)
                      0.023228    0.000000  625.013123 ^ input2/A (sky130_fd_sc_hd__buf_1)
     3    0.011920    0.146479    0.145064  625.158203 ^ input2/X (sky130_fd_sc_hd__buf_1)
                                                         net2 (net)
                      0.146482    0.000568  625.158752 ^ fanout16/A (sky130_fd_sc_hd__clkbuf_4)
    10    0.044418    0.141149    0.242380  625.401123 ^ fanout16/X (sky130_fd_sc_hd__clkbuf_4)
                                                         net16 (net)
                      0.141156    0.001137  625.402283 ^ _179_/RESET_B (sky130_fd_sc_hd__dfrtp_1)
                                            625.402283   data arrival time

                                  0.000000    0.000000   clock clk_i (rise edge)
                                  0.000000    0.000000   clock source latency
     1    0.012536    0.062558    0.042357    0.042357 ^ clk_i (in)
                                                         clk_i (net)
                      0.062562    0.000000    0.042357 ^ clkbuf_0_clk_i/A (sky130_fd_sc_hd__clkbuf_16)
     4    0.036566    0.056684    0.145518    0.187875 ^ clkbuf_0_clk_i/X (sky130_fd_sc_hd__clkbuf_16)
                                                         clknet_0_clk_i (net)
                      0.056709    0.001024    0.188899 ^ clkbuf_2_2__f_clk_i/A (sky130_fd_sc_hd__clkbuf_16)
    10    0.026804    0.047960    0.135762    0.324661 ^ clkbuf_2_2__f_clk_i/X (sky130_fd_sc_hd__clkbuf_16)
                                                         clknet_2_2__leaf_clk_i (net)
                      0.048013    0.001378    0.326039 ^ _179_/CLK (sky130_fd_sc_hd__dfrtp_1)
                                  0.250000    0.576039   clock uncertainty
                                  0.000000    0.576039   clock reconvergence pessimism
                                  0.347523    0.923562   library removal time
                                              0.923562   data required time
---------------------------------------------------------------------------------------------
                                              0.923562   data required time
                                           -625.402283   data arrival time
---------------------------------------------------------------------------------------------
                                            624.478760   slack (MET)


Startpoint: rst_i (input port clocked by clk_i)
Endpoint: _182_ (removal check against rising-edge clock clk_i)
Path Group: asynchronous
Path Type: min

Fanout         Cap        Slew       Delay        Time   Description
---------------------------------------------------------------------------------------------
                                  0.000000    0.000000   clock clk_i (rise edge)
                                  0.000000    0.000000   clock network delay (propagated)
                                625.000000  625.000000 ^ input external delay
     1    0.003604    0.023220    0.013131  625.013123 ^ rst_i (in)
                                                         rst_i (net)
                      0.023228    0.000000  625.013123 ^ input2/A (sky130_fd_sc_hd__buf_1)
     3    0.011920    0.146479    0.145064  625.158203 ^ input2/X (sky130_fd_sc_hd__buf_1)
                                                         net2 (net)
                      0.146482    0.000568  625.158752 ^ fanout16/A (sky130_fd_sc_hd__clkbuf_4)
    10    0.044418    0.141149    0.242380  625.401123 ^ fanout16/X (sky130_fd_sc_hd__clkbuf_4)
                                                         net16 (net)
                      0.141156    0.001137  625.402283 ^ _182_/RESET_B (sky130_fd_sc_hd__dfrtp_1)
                                            625.402283   data arrival time

                                  0.000000    0.000000   clock clk_i (rise edge)
                                  0.000000    0.000000   clock source latency
     1    0.012536    0.062558    0.042357    0.042357 ^ clk_i (in)
                                                         clk_i (net)
                      0.062562    0.000000    0.042357 ^ clkbuf_0_clk_i/A (sky130_fd_sc_hd__clkbuf_16)
     4    0.036566    0.056684    0.145518    0.187875 ^ clkbuf_0_clk_i/X (sky130_fd_sc_hd__clkbuf_16)
                                                         clknet_0_clk_i (net)
                      0.056709    0.001024    0.188899 ^ clkbuf_2_2__f_clk_i/A (sky130_fd_sc_hd__clkbuf_16)
    10    0.026804    0.047960    0.135762    0.324661 ^ clkbuf_2_2__f_clk_i/X (sky130_fd_sc_hd__clkbuf_16)
                                                         clknet_2_2__leaf_clk_i (net)
                      0.048013    0.001378    0.326039 ^ _182_/CLK (sky130_fd_sc_hd__dfrtp_1)
                                  0.250000    0.576039   clock uncertainty
                                  0.000000    0.576039   clock reconvergence pessimism
                                  0.347523    0.923562   library removal time
                                              0.923562   data required time
---------------------------------------------------------------------------------------------
                                              0.923562   data required time
                                           -625.402283   data arrival time
---------------------------------------------------------------------------------------------
                                            624.478760   slack (MET)


Startpoint: rst_i (input port clocked by clk_i)
Endpoint: _176_ (removal check against rising-edge clock clk_i)
Path Group: asynchronous
Path Type: min

Fanout         Cap        Slew       Delay        Time   Description
---------------------------------------------------------------------------------------------
                                  0.000000    0.000000   clock clk_i (rise edge)
                                  0.000000    0.000000   clock network delay (propagated)
                                625.000000  625.000000 ^ input external delay
     1    0.003604    0.023220    0.013131  625.013123 ^ rst_i (in)
                                                         rst_i (net)
                      0.023228    0.000000  625.013123 ^ input2/A (sky130_fd_sc_hd__buf_1)
     3    0.011920    0.146479    0.145064  625.158203 ^ input2/X (sky130_fd_sc_hd__buf_1)
                                                         net2 (net)
                      0.146482    0.000568  625.158752 ^ fanout16/A (sky130_fd_sc_hd__clkbuf_4)
    10    0.044418    0.141149    0.242380  625.401123 ^ fanout16/X (sky130_fd_sc_hd__clkbuf_4)
                                                         net16 (net)
                      0.141162    0.001421  625.402588 ^ _176_/RESET_B (sky130_fd_sc_hd__dfrtp_1)
                                            625.402588   data arrival time

                                  0.000000    0.000000   clock clk_i (rise edge)
                                  0.000000    0.000000   clock source latency
     1    0.012536    0.062558    0.042357    0.042357 ^ clk_i (in)
                                                         clk_i (net)
                      0.062562    0.000000    0.042357 ^ clkbuf_0_clk_i/A (sky130_fd_sc_hd__clkbuf_16)
     4    0.036566    0.056684    0.145518    0.187875 ^ clkbuf_0_clk_i/X (sky130_fd_sc_hd__clkbuf_16)
                                                         clknet_0_clk_i (net)
                      0.056709    0.001024    0.188899 ^ clkbuf_2_2__f_clk_i/A (sky130_fd_sc_hd__clkbuf_16)
    10    0.026804    0.047960    0.135762    0.324661 ^ clkbuf_2_2__f_clk_i/X (sky130_fd_sc_hd__clkbuf_16)
                                                         clknet_2_2__leaf_clk_i (net)
                      0.047975    0.000830    0.325491 ^ _176_/CLK (sky130_fd_sc_hd__dfrtp_1)
                                  0.250000    0.575491   clock uncertainty
                                  0.000000    0.575491   clock reconvergence pessimism
                                  0.347514    0.923005   library removal time
                                              0.923005   data required time
---------------------------------------------------------------------------------------------
                                              0.923005   data required time
                                           -625.402588   data arrival time
---------------------------------------------------------------------------------------------
                                            624.479553   slack (MET)


Startpoint: rst_i (input port clocked by clk_i)
Endpoint: _177_ (removal check against rising-edge clock clk_i)
Path Group: asynchronous
Path Type: min

Fanout         Cap        Slew       Delay        Time   Description
---------------------------------------------------------------------------------------------
                                  0.000000    0.000000   clock clk_i (rise edge)
                                  0.000000    0.000000   clock network delay (propagated)
                                625.000000  625.000000 ^ input external delay
     1    0.003604    0.023220    0.013131  625.013123 ^ rst_i (in)
                                                         rst_i (net)
                      0.023228    0.000000  625.013123 ^ input2/A (sky130_fd_sc_hd__buf_1)
     3    0.011920    0.146479    0.145064  625.158203 ^ input2/X (sky130_fd_sc_hd__buf_1)
                                                         net2 (net)
                      0.146482    0.000568  625.158752 ^ fanout16/A (sky130_fd_sc_hd__clkbuf_4)
    10    0.044418    0.141149    0.242380  625.401123 ^ fanout16/X (sky130_fd_sc_hd__clkbuf_4)
                                                         net16 (net)
                      0.141159    0.001307  625.402466 ^ _177_/RESET_B (sky130_fd_sc_hd__dfrtp_1)
                                            625.402466   data arrival time

                                  0.000000    0.000000   clock clk_i (rise edge)
                                  0.000000    0.000000   clock source latency
     1    0.012536    0.062558    0.042357    0.042357 ^ clk_i (in)
                                                         clk_i (net)
                      0.062562    0.000000    0.042357 ^ clkbuf_0_clk_i/A (sky130_fd_sc_hd__clkbuf_16)
     4    0.036566    0.056684    0.145518    0.187875 ^ clkbuf_0_clk_i/X (sky130_fd_sc_hd__clkbuf_16)
                                                         clknet_0_clk_i (net)
                      0.056709    0.001024    0.188899 ^ clkbuf_2_2__f_clk_i/A (sky130_fd_sc_hd__clkbuf_16)
    10    0.026804    0.047960    0.135762    0.324661 ^ clkbuf_2_2__f_clk_i/X (sky130_fd_sc_hd__clkbuf_16)
                                                         clknet_2_2__leaf_clk_i (net)
                      0.047962    0.000472    0.325133 ^ _177_/CLK (sky130_fd_sc_hd__dfrtp_1)
                                  0.250000    0.575133   clock uncertainty
                                  0.000000    0.575133   clock reconvergence pessimism
                                  0.347510    0.922643   library removal time
                                              0.922643   data required time
---------------------------------------------------------------------------------------------
                                              0.922643   data required time
                                           -625.402466   data arrival time
---------------------------------------------------------------------------------------------
                                            624.479797   slack (MET)


Startpoint: rst_i (input port clocked by clk_i)
Endpoint: _180_ (removal check against rising-edge clock clk_i)
Path Group: asynchronous
Path Type: min

Fanout         Cap        Slew       Delay        Time   Description
---------------------------------------------------------------------------------------------
                                  0.000000    0.000000   clock clk_i (rise edge)
                                  0.000000    0.000000   clock network delay (propagated)
                                625.000000  625.000000 ^ input external delay
     1    0.003604    0.023220    0.013131  625.013123 ^ rst_i (in)
                                                         rst_i (net)
                      0.023228    0.000000  625.013123 ^ input2/A (sky130_fd_sc_hd__buf_1)
     3    0.011920    0.146479    0.145064  625.158203 ^ input2/X (sky130_fd_sc_hd__buf_1)
                                                         net2 (net)
                      0.146482    0.000568  625.158752 ^ fanout16/A (sky130_fd_sc_hd__clkbuf_4)
    10    0.044418    0.141149    0.242380  625.401123 ^ fanout16/X (sky130_fd_sc_hd__clkbuf_4)
                                                         net16 (net)
                      0.141166    0.001592  625.402710 ^ _180_/RESET_B (sky130_fd_sc_hd__dfrtp_1)
                                            625.402710   data arrival time

                                  0.000000    0.000000   clock clk_i (rise edge)
                                  0.000000    0.000000   clock source latency
     1    0.012536    0.062558    0.042357    0.042357 ^ clk_i (in)
                                                         clk_i (net)
                      0.062562    0.000000    0.042357 ^ clkbuf_0_clk_i/A (sky130_fd_sc_hd__clkbuf_16)
     4    0.036566    0.056684    0.145518    0.187875 ^ clkbuf_0_clk_i/X (sky130_fd_sc_hd__clkbuf_16)
                                                         clknet_0_clk_i (net)
                      0.056709    0.001024    0.188899 ^ clkbuf_2_2__f_clk_i/A (sky130_fd_sc_hd__clkbuf_16)
    10    0.026804    0.047960    0.135762    0.324661 ^ clkbuf_2_2__f_clk_i/X (sky130_fd_sc_hd__clkbuf_16)
                                                         clknet_2_2__leaf_clk_i (net)
                      0.047982    0.000961    0.325622 ^ _180_/CLK (sky130_fd_sc_hd__dfrtp_1)
                                  0.250000    0.575622   clock uncertainty
                                  0.000000    0.575622   clock reconvergence pessimism
                                  0.347517    0.923139   library removal time
                                              0.923139   data required time
---------------------------------------------------------------------------------------------
                                              0.923139   data required time
                                           -625.402710   data arrival time
---------------------------------------------------------------------------------------------
                                            624.479614   slack (MET)


Startpoint: rst_i (input port clocked by clk_i)
Endpoint: _181_ (removal check against rising-edge clock clk_i)
Path Group: asynchronous
Path Type: min

Fanout         Cap        Slew       Delay        Time   Description
---------------------------------------------------------------------------------------------
                                  0.000000    0.000000   clock clk_i (rise edge)
                                  0.000000    0.000000   clock network delay (propagated)
                                625.000000  625.000000 ^ input external delay
     1    0.003604    0.023220    0.013131  625.013123 ^ rst_i (in)
                                                         rst_i (net)
                      0.023228    0.000000  625.013123 ^ input2/A (sky130_fd_sc_hd__buf_1)
     3    0.011920    0.146479    0.145064  625.158203 ^ input2/X (sky130_fd_sc_hd__buf_1)
                                                         net2 (net)
                      0.146482    0.000568  625.158752 ^ fanout16/A (sky130_fd_sc_hd__clkbuf_4)
    10    0.044418    0.141149    0.242380  625.401123 ^ fanout16/X (sky130_fd_sc_hd__clkbuf_4)
                                                         net16 (net)
                      0.141170    0.001705  625.402832 ^ _181_/RESET_B (sky130_fd_sc_hd__dfrtp_1)
                                            625.402832   data arrival time

                                  0.000000    0.000000   clock clk_i (rise edge)
                                  0.000000    0.000000   clock source latency
     1    0.012536    0.062558    0.042357    0.042357 ^ clk_i (in)
                                                         clk_i (net)
                      0.062562    0.000000    0.042357 ^ clkbuf_0_clk_i/A (sky130_fd_sc_hd__clkbuf_16)
     4    0.036566    0.056684    0.145518    0.187875 ^ clkbuf_0_clk_i/X (sky130_fd_sc_hd__clkbuf_16)
                                                         clknet_0_clk_i (net)
                      0.056709    0.001024    0.188899 ^ clkbuf_2_2__f_clk_i/A (sky130_fd_sc_hd__clkbuf_16)
    10    0.026804    0.047960    0.135762    0.324661 ^ clkbuf_2_2__f_clk_i/X (sky130_fd_sc_hd__clkbuf_16)
                                                         clknet_2_2__leaf_clk_i (net)
                      0.047989    0.001067    0.325728 ^ _181_/CLK (sky130_fd_sc_hd__dfrtp_1)
                                  0.250000    0.575728   clock uncertainty
                                  0.000000    0.575728   clock reconvergence pessimism
                                  0.347520    0.923248   library removal time
                                              0.923248   data required time
---------------------------------------------------------------------------------------------
                                              0.923248   data required time
                                           -625.402832   data arrival time
---------------------------------------------------------------------------------------------
                                            624.479614   slack (MET)


Startpoint: rst_i (input port clocked by clk_i)
Endpoint: _183_ (removal check against rising-edge clock clk_i)
Path Group: asynchronous
Path Type: min

Fanout         Cap        Slew       Delay        Time   Description
---------------------------------------------------------------------------------------------
                                  0.000000    0.000000   clock clk_i (rise edge)
                                  0.000000    0.000000   clock network delay (propagated)
                                625.000000  625.000000 ^ input external delay
     1    0.003604    0.023220    0.013131  625.013123 ^ rst_i (in)
                                                         rst_i (net)
                      0.023228    0.000000  625.013123 ^ input2/A (sky130_fd_sc_hd__buf_1)
     3    0.011920    0.146479    0.145064  625.158203 ^ input2/X (sky130_fd_sc_hd__buf_1)
                                                         net2 (net)
                      0.146482    0.000568  625.158752 ^ fanout16/A (sky130_fd_sc_hd__clkbuf_4)
    10    0.044418    0.141149    0.242380  625.401123 ^ fanout16/X (sky130_fd_sc_hd__clkbuf_4)
                                                         net16 (net)
                      0.141169    0.001705  625.402832 ^ _183_/RESET_B (sky130_fd_sc_hd__dfrtp_1)
                                            625.402832   data arrival time

                                  0.000000    0.000000   clock clk_i (rise edge)
                                  0.000000    0.000000   clock source latency
     1    0.012536    0.062558    0.042357    0.042357 ^ clk_i (in)
                                                         clk_i (net)
                      0.062562    0.000000    0.042357 ^ clkbuf_0_clk_i/A (sky130_fd_sc_hd__clkbuf_16)
     4    0.036566    0.056684    0.145518    0.187875 ^ clkbuf_0_clk_i/X (sky130_fd_sc_hd__clkbuf_16)
                                                         clknet_0_clk_i (net)
                      0.056709    0.001024    0.188899 ^ clkbuf_2_2__f_clk_i/A (sky130_fd_sc_hd__clkbuf_16)
    10    0.026804    0.047960    0.135762    0.324661 ^ clkbuf_2_2__f_clk_i/X (sky130_fd_sc_hd__clkbuf_16)
                                                         clknet_2_2__leaf_clk_i (net)
                      0.047982    0.000957    0.325618 ^ _183_/CLK (sky130_fd_sc_hd__dfrtp_1)
                                  0.250000    0.575618   clock uncertainty
                                  0.000000    0.575618   clock reconvergence pessimism
                                  0.347518    0.923136   library removal time
                                              0.923136   data required time
---------------------------------------------------------------------------------------------
                                              0.923136   data required time
                                           -625.402832   data arrival time
---------------------------------------------------------------------------------------------
                                            624.479736   slack (MET)


Startpoint: rst_i (input port clocked by clk_i)
Endpoint: _184_ (removal check against rising-edge clock clk_i)
Path Group: asynchronous
Path Type: min

Fanout         Cap        Slew       Delay        Time   Description
---------------------------------------------------------------------------------------------
                                  0.000000    0.000000   clock clk_i (rise edge)
                                  0.000000    0.000000   clock network delay (propagated)
                                625.000000  625.000000 ^ input external delay
     1    0.003604    0.023220    0.013131  625.013123 ^ rst_i (in)
                                                         rst_i (net)
                      0.023228    0.000000  625.013123 ^ input2/A (sky130_fd_sc_hd__buf_1)
     3    0.011920    0.146479    0.145064  625.158203 ^ input2/X (sky130_fd_sc_hd__buf_1)
                                                         net2 (net)
                      0.146482    0.000568  625.158752 ^ fanout16/A (sky130_fd_sc_hd__clkbuf_4)
    10    0.044418    0.141149    0.242380  625.401123 ^ fanout16/X (sky130_fd_sc_hd__clkbuf_4)
                                                         net16 (net)
                      0.141171    0.001762  625.402893 ^ _184_/RESET_B (sky130_fd_sc_hd__dfrtp_1)
                                            625.402893   data arrival time

                                  0.000000    0.000000   clock clk_i (rise edge)
                                  0.000000    0.000000   clock source latency
     1    0.012536    0.062558    0.042357    0.042357 ^ clk_i (in)
                                                         clk_i (net)
                      0.062562    0.000000    0.042357 ^ clkbuf_0_clk_i/A (sky130_fd_sc_hd__clkbuf_16)
     4    0.036566    0.056684    0.145518    0.187875 ^ clkbuf_0_clk_i/X (sky130_fd_sc_hd__clkbuf_16)
                                                         clknet_0_clk_i (net)
                      0.056709    0.001024    0.188899 ^ clkbuf_2_2__f_clk_i/A (sky130_fd_sc_hd__clkbuf_16)
    10    0.026804    0.047960    0.135762    0.324661 ^ clkbuf_2_2__f_clk_i/X (sky130_fd_sc_hd__clkbuf_16)
                                                         clknet_2_2__leaf_clk_i (net)
                      0.048000    0.001222    0.325883 ^ _184_/CLK (sky130_fd_sc_hd__dfrtp_1)
                                  0.250000    0.575883   clock uncertainty
                                  0.000000    0.575883   clock reconvergence pessimism
                                  0.347524    0.923407   library removal time
                                              0.923407   data required time
---------------------------------------------------------------------------------------------
                                              0.923407   data required time
                                           -625.402893   data arrival time
---------------------------------------------------------------------------------------------
                                            624.479492   slack (MET)


Startpoint: wr_i (input port clocked by clk_i)
Endpoint: _168_ (rising edge-triggered flip-flop clocked by clk_i)
Path Group: clk_i
Path Type: min

Fanout         Cap        Slew       Delay        Time   Description
---------------------------------------------------------------------------------------------
                                  0.000000    0.000000   clock clk_i (rise edge)
                                  0.000000    0.000000   clock network delay (propagated)
                                625.000000  625.000000 v input external delay
     1    0.003234    0.009640    0.005173  625.005188 v wr_i (in)
                                                         wr_i (net)
                      0.009640    0.000000  625.005188 v input3/A (sky130_fd_sc_hd__buf_1)
     4    0.016304    0.099453    0.131763  625.136963 v input3/X (sky130_fd_sc_hd__buf_1)
                                                         net3 (net)
                      0.099453    0.000284  625.137207 v _168_/D (sky130_fd_sc_hd__dfrtp_1)
                                            625.137207   data arrival time

                                  0.000000    0.000000   clock clk_i (rise edge)
                                  0.000000    0.000000   clock source latency
     1    0.012536    0.062558    0.042357    0.042357 ^ clk_i (in)
                                                         clk_i (net)
                      0.062562    0.000000    0.042357 ^ clkbuf_0_clk_i/A (sky130_fd_sc_hd__clkbuf_16)
     4    0.036566    0.056684    0.145518    0.187875 ^ clkbuf_0_clk_i/X (sky130_fd_sc_hd__clkbuf_16)
                                                         clknet_0_clk_i (net)
                      0.056713    0.001104    0.188979 ^ clkbuf_2_0__f_clk_i/A (sky130_fd_sc_hd__clkbuf_16)
    10    0.027498    0.048736    0.136617    0.325596 ^ clkbuf_2_0__f_clk_i/X (sky130_fd_sc_hd__clkbuf_16)
                                                         clknet_2_0__leaf_clk_i (net)
                      0.048740    0.000737    0.326333 ^ _168_/CLK (sky130_fd_sc_hd__dfrtp_1)
                                  0.250000    0.576333   clock uncertainty
                                  0.000000    0.576333   clock reconvergence pessimism
                                 -0.067090    0.509243   library hold time
                                              0.509243   data required time
---------------------------------------------------------------------------------------------
                                              0.509243   data required time
                                           -625.137207   data arrival time
---------------------------------------------------------------------------------------------
                                            624.627991   slack (MET)


Startpoint: rst_i (input port clocked by clk_i)
Endpoint: _188_ (removal check against rising-edge clock clk_i)
Path Group: asynchronous
Path Type: min

Fanout         Cap        Slew       Delay        Time   Description
---------------------------------------------------------------------------------------------
                                  0.000000    0.000000   clock clk_i (rise edge)
                                  0.000000    0.000000   clock network delay (propagated)
                                625.000000  625.000000 ^ input external delay
     1    0.003604    0.023220    0.013131  625.013123 ^ rst_i (in)
                                                         rst_i (net)
                      0.023228    0.000000  625.013123 ^ input2/A (sky130_fd_sc_hd__buf_1)
     3    0.011920    0.146479    0.145064  625.158203 ^ input2/X (sky130_fd_sc_hd__buf_1)
                                                         net2 (net)
                      0.146481    0.000398  625.158569 ^ fanout15/A (sky130_fd_sc_hd__buf_2)
     9    0.040513    0.199562    0.253237  625.411804 ^ fanout15/X (sky130_fd_sc_hd__buf_2)
                                                         net15 (net)
                      0.199569    0.001421  625.413269 ^ fanout14/A (sky130_fd_sc_hd__clkbuf_4)
    10    0.043798    0.139777    0.258751  625.671997 ^ fanout14/X (sky130_fd_sc_hd__clkbuf_4)
                                                         net14 (net)
                      0.139791    0.001478  625.673462 ^ _188_/RESET_B (sky130_fd_sc_hd__dfrtp_1)
                                            625.673462   data arrival time

                                  0.000000    0.000000   clock clk_i (rise edge)
                                  0.000000    0.000000   clock source latency
     1    0.012536    0.062558    0.042357    0.042357 ^ clk_i (in)
                                                         clk_i (net)
                      0.062562    0.000000    0.042357 ^ clkbuf_0_clk_i/A (sky130_fd_sc_hd__clkbuf_16)
     4    0.036566    0.056684    0.145518    0.187875 ^ clkbuf_0_clk_i/X (sky130_fd_sc_hd__clkbuf_16)
                                                         clknet_0_clk_i (net)
                      0.056713    0.001104    0.188979 ^ clkbuf_2_0__f_clk_i/A (sky130_fd_sc_hd__clkbuf_16)
    10    0.027498    0.048736    0.136617    0.325596 ^ clkbuf_2_0__f_clk_i/X (sky130_fd_sc_hd__clkbuf_16)
                                                         clknet_2_0__leaf_clk_i (net)
                      0.048742    0.000969    0.326565 ^ _188_/CLK (sky130_fd_sc_hd__dfrtp_1)
                                  0.250000    0.576565   clock uncertainty
                                  0.000000    0.576565   clock reconvergence pessimism
                                  0.347346    0.923910   library removal time
                                              0.923910   data required time
---------------------------------------------------------------------------------------------
                                              0.923910   data required time
                                           -625.673462   data arrival time
---------------------------------------------------------------------------------------------
                                            624.749573   slack (MET)


Startpoint: rst_i (input port clocked by clk_i)
Endpoint: _159_ (removal check against rising-edge clock clk_i)
Path Group: asynchronous
Path Type: min

Fanout         Cap        Slew       Delay        Time   Description
---------------------------------------------------------------------------------------------
                                  0.000000    0.000000   clock clk_i (rise edge)
                                  0.000000    0.000000   clock network delay (propagated)
                                625.000000  625.000000 ^ input external delay
     1    0.003604    0.023220    0.013131  625.013123 ^ rst_i (in)
                                                         rst_i (net)
                      0.023228    0.000000  625.013123 ^ input2/A (sky130_fd_sc_hd__buf_1)
     3    0.011920    0.146479    0.145064  625.158203 ^ input2/X (sky130_fd_sc_hd__buf_1)
                                                         net2 (net)
                      0.146481    0.000398  625.158569 ^ fanout15/A (sky130_fd_sc_hd__buf_2)
     9    0.040513    0.199562    0.253237  625.411804 ^ fanout15/X (sky130_fd_sc_hd__buf_2)
                                                         net15 (net)
                      0.199569    0.001421  625.413269 ^ fanout14/A (sky130_fd_sc_hd__clkbuf_4)
    10    0.043798    0.139777    0.258751  625.671997 ^ fanout14/X (sky130_fd_sc_hd__clkbuf_4)
                                                         net14 (net)
                      0.139804    0.001876  625.673889 ^ _159_/RESET_B (sky130_fd_sc_hd__dfrtp_1)
                                            625.673889   data arrival time

                                  0.000000    0.000000   clock clk_i (rise edge)
                                  0.000000    0.000000   clock source latency
     1    0.012536    0.062558    0.042357    0.042357 ^ clk_i (in)
                                                         clk_i (net)
                      0.062562    0.000000    0.042357 ^ clkbuf_0_clk_i/A (sky130_fd_sc_hd__clkbuf_16)
     4    0.036566    0.056684    0.145518    0.187875 ^ clkbuf_0_clk_i/X (sky130_fd_sc_hd__clkbuf_16)
                                                         clknet_0_clk_i (net)
                      0.056713    0.001104    0.188979 ^ clkbuf_2_0__f_clk_i/A (sky130_fd_sc_hd__clkbuf_16)
    10    0.027498    0.048736    0.136617    0.325596 ^ clkbuf_2_0__f_clk_i/X (sky130_fd_sc_hd__clkbuf_16)
                                                         clknet_2_0__leaf_clk_i (net)
                      0.048740    0.000737    0.326333 ^ _159_/CLK (sky130_fd_sc_hd__dfrtp_1)
                                  0.250000    0.576333   clock uncertainty
                                  0.000000    0.576333   clock reconvergence pessimism
                                  0.347349    0.923681   library removal time
                                              0.923681   data required time
---------------------------------------------------------------------------------------------
                                              0.923681   data required time
                                           -625.673889   data arrival time
---------------------------------------------------------------------------------------------
                                            624.750183   slack (MET)


Startpoint: rst_i (input port clocked by clk_i)
Endpoint: _160_ (removal check against rising-edge clock clk_i)
Path Group: asynchronous
Path Type: min

Fanout         Cap        Slew       Delay        Time   Description
---------------------------------------------------------------------------------------------
                                  0.000000    0.000000   clock clk_i (rise edge)
                                  0.000000    0.000000   clock network delay (propagated)
                                625.000000  625.000000 ^ input external delay
     1    0.003604    0.023220    0.013131  625.013123 ^ rst_i (in)
                                                         rst_i (net)
                      0.023228    0.000000  625.013123 ^ input2/A (sky130_fd_sc_hd__buf_1)
     3    0.011920    0.146479    0.145064  625.158203 ^ input2/X (sky130_fd_sc_hd__buf_1)
                                                         net2 (net)
                      0.146481    0.000398  625.158569 ^ fanout15/A (sky130_fd_sc_hd__buf_2)
     9    0.040513    0.199562    0.253237  625.411804 ^ fanout15/X (sky130_fd_sc_hd__buf_2)
                                                         net15 (net)
                      0.199569    0.001421  625.413269 ^ fanout14/A (sky130_fd_sc_hd__clkbuf_4)
    10    0.043798    0.139777    0.258751  625.671997 ^ fanout14/X (sky130_fd_sc_hd__clkbuf_4)
                                                         net14 (net)
                      0.139783    0.001137  625.673157 ^ _160_/RESET_B (sky130_fd_sc_hd__dfrtp_1)
                                            625.673157   data arrival time

                                  0.000000    0.000000   clock clk_i (rise edge)
                                  0.000000    0.000000   clock source latency
     1    0.012536    0.062558    0.042357    0.042357 ^ clk_i (in)
                                                         clk_i (net)
                      0.062562    0.000000    0.042357 ^ clkbuf_0_clk_i/A (sky130_fd_sc_hd__clkbuf_16)
     4    0.036566    0.056684    0.145518    0.187875 ^ clkbuf_0_clk_i/X (sky130_fd_sc_hd__clkbuf_16)
                                                         clknet_0_clk_i (net)
                      0.056713    0.001104    0.188979 ^ clkbuf_2_0__f_clk_i/A (sky130_fd_sc_hd__clkbuf_16)
    10    0.027498    0.048736    0.136617    0.325596 ^ clkbuf_2_0__f_clk_i/X (sky130_fd_sc_hd__clkbuf_16)
                                                         clknet_2_0__leaf_clk_i (net)
                      0.048738    0.000530    0.326126 ^ _160_/CLK (sky130_fd_sc_hd__dfrtp_1)
                                  0.250000    0.576126   clock uncertainty
                                  0.000000    0.576126   clock reconvergence pessimism
                                  0.347342    0.923469   library removal time
                                              0.923469   data required time
---------------------------------------------------------------------------------------------
                                              0.923469   data required time
                                           -625.673157   data arrival time
---------------------------------------------------------------------------------------------
                                            624.749634   slack (MET)


Startpoint: rst_i (input port clocked by clk_i)
Endpoint: _178_ (removal check against rising-edge clock clk_i)
Path Group: asynchronous
Path Type: min

Fanout         Cap        Slew       Delay        Time   Description
---------------------------------------------------------------------------------------------
                                  0.000000    0.000000   clock clk_i (rise edge)
                                  0.000000    0.000000   clock network delay (propagated)
                                625.000000  625.000000 ^ input external delay
     1    0.003604    0.023220    0.013131  625.013123 ^ rst_i (in)
                                                         rst_i (net)
                      0.023228    0.000000  625.013123 ^ input2/A (sky130_fd_sc_hd__buf_1)
     3    0.011920    0.146479    0.145064  625.158203 ^ input2/X (sky130_fd_sc_hd__buf_1)
                                                         net2 (net)
                      0.146481    0.000398  625.158569 ^ fanout15/A (sky130_fd_sc_hd__buf_2)
     9    0.040513    0.199562    0.253237  625.411804 ^ fanout15/X (sky130_fd_sc_hd__buf_2)
                                                         net15 (net)
                      0.199569    0.001421  625.413269 ^ fanout14/A (sky130_fd_sc_hd__clkbuf_4)
    10    0.043798    0.139777    0.258751  625.671997 ^ fanout14/X (sky130_fd_sc_hd__clkbuf_4)
                                                         net14 (net)
                      0.139803    0.001876  625.673889 ^ _178_/RESET_B (sky130_fd_sc_hd__dfrtp_1)
                                            625.673889   data arrival time

                                  0.000000    0.000000   clock clk_i (rise edge)
                                  0.000000    0.000000   clock source latency
     1    0.012536    0.062558    0.042357    0.042357 ^ clk_i (in)
                                                         clk_i (net)
                      0.062562    0.000000    0.042357 ^ clkbuf_0_clk_i/A (sky130_fd_sc_hd__clkbuf_16)
     4    0.036566    0.056684    0.145518    0.187875 ^ clkbuf_0_clk_i/X (sky130_fd_sc_hd__clkbuf_16)
                                                         clknet_0_clk_i (net)
                      0.056713    0.001104    0.188979 ^ clkbuf_2_0__f_clk_i/A (sky130_fd_sc_hd__clkbuf_16)
    10    0.027498    0.048736    0.136617    0.325596 ^ clkbuf_2_0__f_clk_i/X (sky130_fd_sc_hd__clkbuf_16)
                                                         clknet_2_0__leaf_clk_i (net)
                      0.048740    0.000727    0.326323 ^ _178_/CLK (sky130_fd_sc_hd__dfrtp_1)
                                  0.250000    0.576323   clock uncertainty
                                  0.000000    0.576323   clock reconvergence pessimism
                                  0.347348    0.923672   library removal time
                                              0.923672   data required time
---------------------------------------------------------------------------------------------
                                              0.923672   data required time
                                           -625.673889   data arrival time
---------------------------------------------------------------------------------------------
                                            624.750244   slack (MET)


Startpoint: rst_i (input port clocked by clk_i)
Endpoint: _185_ (removal check against rising-edge clock clk_i)
Path Group: asynchronous
Path Type: min

Fanout         Cap        Slew       Delay        Time   Description
---------------------------------------------------------------------------------------------
                                  0.000000    0.000000   clock clk_i (rise edge)
                                  0.000000    0.000000   clock network delay (propagated)
                                625.000000  625.000000 ^ input external delay
     1    0.003604    0.023220    0.013131  625.013123 ^ rst_i (in)
                                                         rst_i (net)
                      0.023228    0.000000  625.013123 ^ input2/A (sky130_fd_sc_hd__buf_1)
     3    0.011920    0.146479    0.145064  625.158203 ^ input2/X (sky130_fd_sc_hd__buf_1)
                                                         net2 (net)
                      0.146481    0.000398  625.158569 ^ fanout15/A (sky130_fd_sc_hd__buf_2)
     9    0.040513    0.199562    0.253237  625.411804 ^ fanout15/X (sky130_fd_sc_hd__buf_2)
                                                         net15 (net)
                      0.199569    0.001421  625.413269 ^ fanout14/A (sky130_fd_sc_hd__clkbuf_4)
    10    0.043798    0.139777    0.258751  625.671997 ^ fanout14/X (sky130_fd_sc_hd__clkbuf_4)
                                                         net14 (net)
                      0.139804    0.001933  625.673950 ^ _185_/RESET_B (sky130_fd_sc_hd__dfrtp_1)
                                            625.673950   data arrival time

                                  0.000000    0.000000   clock clk_i (rise edge)
                                  0.000000    0.000000   clock source latency
     1    0.012536    0.062558    0.042357    0.042357 ^ clk_i (in)
                                                         clk_i (net)
                      0.062562    0.000000    0.042357 ^ clkbuf_0_clk_i/A (sky130_fd_sc_hd__clkbuf_16)
     4    0.036566    0.056684    0.145518    0.187875 ^ clkbuf_0_clk_i/X (sky130_fd_sc_hd__clkbuf_16)
                                                         clknet_0_clk_i (net)
                      0.056713    0.001104    0.188979 ^ clkbuf_2_0__f_clk_i/A (sky130_fd_sc_hd__clkbuf_16)
    10    0.027498    0.048736    0.136617    0.325596 ^ clkbuf_2_0__f_clk_i/X (sky130_fd_sc_hd__clkbuf_16)
                                                         clknet_2_0__leaf_clk_i (net)
                      0.048741    0.000818    0.326414 ^ _185_/CLK (sky130_fd_sc_hd__dfrtp_1)
                                  0.250000    0.576414   clock uncertainty
                                  0.000000    0.576414   clock reconvergence pessimism
                                  0.347349    0.923763   library removal time
                                              0.923763   data required time
---------------------------------------------------------------------------------------------
                                              0.923763   data required time
                                           -625.673950   data arrival time
---------------------------------------------------------------------------------------------
                                            624.750183   slack (MET)


Startpoint: rst_i (input port clocked by clk_i)
Endpoint: _186_ (removal check against rising-edge clock clk_i)
Path Group: asynchronous
Path Type: min

Fanout         Cap        Slew       Delay        Time   Description
---------------------------------------------------------------------------------------------
                                  0.000000    0.000000   clock clk_i (rise edge)
                                  0.000000    0.000000   clock network delay (propagated)
                                625.000000  625.000000 ^ input external delay
     1    0.003604    0.023220    0.013131  625.013123 ^ rst_i (in)
                                                         rst_i (net)
                      0.023228    0.000000  625.013123 ^ input2/A (sky130_fd_sc_hd__buf_1)
     3    0.011920    0.146479    0.145064  625.158203 ^ input2/X (sky130_fd_sc_hd__buf_1)
                                                         net2 (net)
                      0.146481    0.000398  625.158569 ^ fanout15/A (sky130_fd_sc_hd__buf_2)
     9    0.040513    0.199562    0.253237  625.411804 ^ fanout15/X (sky130_fd_sc_hd__buf_2)
                                                         net15 (net)
                      0.199569    0.001421  625.413269 ^ fanout14/A (sky130_fd_sc_hd__clkbuf_4)
    10    0.043798    0.139777    0.258751  625.671997 ^ fanout14/X (sky130_fd_sc_hd__clkbuf_4)
                                                         net14 (net)
                      0.139801    0.001819  625.673828 ^ _186_/RESET_B (sky130_fd_sc_hd__dfrtp_1)
                                            625.673828   data arrival time

                                  0.000000    0.000000   clock clk_i (rise edge)
                                  0.000000    0.000000   clock source latency
     1    0.012536    0.062558    0.042357    0.042357 ^ clk_i (in)
                                                         clk_i (net)
                      0.062562    0.000000    0.042357 ^ clkbuf_0_clk_i/A (sky130_fd_sc_hd__clkbuf_16)
     4    0.036566    0.056684    0.145518    0.187875 ^ clkbuf_0_clk_i/X (sky130_fd_sc_hd__clkbuf_16)
                                                         clknet_0_clk_i (net)
                      0.056713    0.001104    0.188979 ^ clkbuf_2_0__f_clk_i/A (sky130_fd_sc_hd__clkbuf_16)
    10    0.027498    0.048736    0.136617    0.325596 ^ clkbuf_2_0__f_clk_i/X (sky130_fd_sc_hd__clkbuf_16)
                                                         clknet_2_0__leaf_clk_i (net)
                      0.048742    0.000930    0.326526 ^ _186_/CLK (sky130_fd_sc_hd__dfrtp_1)
                                  0.250000    0.576526   clock uncertainty
                                  0.000000    0.576526   clock reconvergence pessimism
                                  0.347348    0.923874   library removal time
                                              0.923874   data required time
---------------------------------------------------------------------------------------------
                                              0.923874   data required time
                                           -625.673828   data arrival time
---------------------------------------------------------------------------------------------
                                            624.749939   slack (MET)


Startpoint: rst_i (input port clocked by clk_i)
Endpoint: _187_ (removal check against rising-edge clock clk_i)
Path Group: asynchronous
Path Type: min

Fanout         Cap        Slew       Delay        Time   Description
---------------------------------------------------------------------------------------------
                                  0.000000    0.000000   clock clk_i (rise edge)
                                  0.000000    0.000000   clock network delay (propagated)
                                625.000000  625.000000 ^ input external delay
     1    0.003604    0.023220    0.013131  625.013123 ^ rst_i (in)
                                                         rst_i (net)
                      0.023228    0.000000  625.013123 ^ input2/A (sky130_fd_sc_hd__buf_1)
     3    0.011920    0.146479    0.145064  625.158203 ^ input2/X (sky130_fd_sc_hd__buf_1)
                                                         net2 (net)
                      0.146481    0.000398  625.158569 ^ fanout15/A (sky130_fd_sc_hd__buf_2)
     9    0.040513    0.199562    0.253237  625.411804 ^ fanout15/X (sky130_fd_sc_hd__buf_2)
                                                         net15 (net)
                      0.199569    0.001421  625.413269 ^ fanout14/A (sky130_fd_sc_hd__clkbuf_4)
    10    0.043798    0.139777    0.258751  625.671997 ^ fanout14/X (sky130_fd_sc_hd__clkbuf_4)
                                                         net14 (net)
                      0.139801    0.001819  625.673828 ^ _187_/RESET_B (sky130_fd_sc_hd__dfrtp_1)
                                            625.673828   data arrival time

                                  0.000000    0.000000   clock clk_i (rise edge)
                                  0.000000    0.000000   clock source latency
     1    0.012536    0.062558    0.042357    0.042357 ^ clk_i (in)
                                                         clk_i (net)
                      0.062562    0.000000    0.042357 ^ clkbuf_0_clk_i/A (sky130_fd_sc_hd__clkbuf_16)
     4    0.036566    0.056684    0.145518    0.187875 ^ clkbuf_0_clk_i/X (sky130_fd_sc_hd__clkbuf_16)
                                                         clknet_0_clk_i (net)
                      0.056713    0.001104    0.188979 ^ clkbuf_2_0__f_clk_i/A (sky130_fd_sc_hd__clkbuf_16)
    10    0.027498    0.048736    0.136617    0.325596 ^ clkbuf_2_0__f_clk_i/X (sky130_fd_sc_hd__clkbuf_16)
                                                         clknet_2_0__leaf_clk_i (net)
                      0.048742    0.000968    0.326563 ^ _187_/CLK (sky130_fd_sc_hd__dfrtp_1)
                                  0.250000    0.576563   clock uncertainty
                                  0.000000    0.576563   clock reconvergence pessimism
                                  0.347348    0.923912   library removal time
                                              0.923912   data required time
---------------------------------------------------------------------------------------------
                                              0.923912   data required time
                                           -625.673828   data arrival time
---------------------------------------------------------------------------------------------
                                            624.749878   slack (MET)


Startpoint: rst_i (input port clocked by clk_i)
Endpoint: _161_ (removal check against rising-edge clock clk_i)
Path Group: asynchronous
Path Type: min

Fanout         Cap        Slew       Delay        Time   Description
---------------------------------------------------------------------------------------------
                                  0.000000    0.000000   clock clk_i (rise edge)
                                  0.000000    0.000000   clock network delay (propagated)
                                625.000000  625.000000 ^ input external delay
     1    0.003604    0.023220    0.013131  625.013123 ^ rst_i (in)
                                                         rst_i (net)
                      0.023228    0.000000  625.013123 ^ input2/A (sky130_fd_sc_hd__buf_1)
     3    0.011920    0.146479    0.145064  625.158203 ^ input2/X (sky130_fd_sc_hd__buf_1)
                                                         net2 (net)
                      0.146481    0.000398  625.158569 ^ fanout15/A (sky130_fd_sc_hd__buf_2)
     9    0.040513    0.199562    0.253237  625.411804 ^ fanout15/X (sky130_fd_sc_hd__buf_2)
                                                         net15 (net)
                      0.199569    0.001421  625.413269 ^ fanout14/A (sky130_fd_sc_hd__clkbuf_4)
    10    0.043798    0.139777    0.258751  625.671997 ^ fanout14/X (sky130_fd_sc_hd__clkbuf_4)
                                                         net14 (net)
                      0.139783    0.001080  625.673096 ^ _161_/RESET_B (sky130_fd_sc_hd__dfrtp_1)
                                            625.673096   data arrival time

                                  0.000000    0.000000   clock clk_i (rise edge)
                                  0.000000    0.000000   clock source latency
     1    0.012536    0.062558    0.042357    0.042357 ^ clk_i (in)
                                                         clk_i (net)
                      0.062562    0.000000    0.042357 ^ clkbuf_0_clk_i/A (sky130_fd_sc_hd__clkbuf_16)
     4    0.036566    0.056684    0.145518    0.187875 ^ clkbuf_0_clk_i/X (sky130_fd_sc_hd__clkbuf_16)
                                                         clknet_0_clk_i (net)
                      0.056707    0.001005    0.188880 ^ clkbuf_2_1__f_clk_i/A (sky130_fd_sc_hd__clkbuf_16)
     9    0.026726    0.047870    0.135996    0.324876 ^ clkbuf_2_1__f_clk_i/X (sky130_fd_sc_hd__clkbuf_16)
                                                         clknet_2_1__leaf_clk_i (net)
                      0.047878    0.000598    0.325474 ^ _161_/CLK (sky130_fd_sc_hd__dfrtp_1)
                                  0.250000    0.575474   clock uncertainty
                                  0.000000    0.575474   clock reconvergence pessimism
                                  0.347108    0.922582   library removal time
                                              0.922582   data required time
---------------------------------------------------------------------------------------------
                                              0.922582   data required time
                                           -625.673096   data arrival time
---------------------------------------------------------------------------------------------
                                            624.750488   slack (MET)


Startpoint: rst_i (input port clocked by clk_i)
Endpoint: _168_ (removal check against rising-edge clock clk_i)
Path Group: asynchronous
Path Type: min

Fanout         Cap        Slew       Delay        Time   Description
---------------------------------------------------------------------------------------------
                                  0.000000    0.000000   clock clk_i (rise edge)
                                  0.000000    0.000000   clock network delay (propagated)
                                625.000000  625.000000 ^ input external delay
     1    0.003604    0.023220    0.013131  625.013123 ^ rst_i (in)
                                                         rst_i (net)
                      0.023228    0.000000  625.013123 ^ input2/A (sky130_fd_sc_hd__buf_1)
     3    0.011920    0.146479    0.145064  625.158203 ^ input2/X (sky130_fd_sc_hd__buf_1)
                                                         net2 (net)
                      0.146481    0.000398  625.158569 ^ fanout15/A (sky130_fd_sc_hd__buf_2)
     9    0.040513    0.199562    0.253237  625.411804 ^ fanout15/X (sky130_fd_sc_hd__buf_2)
                                                         net15 (net)
                      0.199569    0.001421  625.413269 ^ fanout14/A (sky130_fd_sc_hd__clkbuf_4)
    10    0.043798    0.139777    0.258751  625.671997 ^ fanout14/X (sky130_fd_sc_hd__clkbuf_4)
                                                         net14 (net)
                      0.139804    0.001876  625.673889 ^ _168_/RESET_B (sky130_fd_sc_hd__dfrtp_1)
                                            625.673889   data arrival time

                                  0.000000    0.000000   clock clk_i (rise edge)
                                  0.000000    0.000000   clock source latency
     1    0.012536    0.062558    0.042357    0.042357 ^ clk_i (in)
                                                         clk_i (net)
                      0.062562    0.000000    0.042357 ^ clkbuf_0_clk_i/A (sky130_fd_sc_hd__clkbuf_16)
     4    0.036566    0.056684    0.145518    0.187875 ^ clkbuf_0_clk_i/X (sky130_fd_sc_hd__clkbuf_16)
                                                         clknet_0_clk_i (net)
                      0.056713    0.001104    0.188979 ^ clkbuf_2_0__f_clk_i/A (sky130_fd_sc_hd__clkbuf_16)
    10    0.027498    0.048736    0.136617    0.325596 ^ clkbuf_2_0__f_clk_i/X (sky130_fd_sc_hd__clkbuf_16)
                                                         clknet_2_0__leaf_clk_i (net)
                      0.048740    0.000737    0.326333 ^ _168_/CLK (sky130_fd_sc_hd__dfrtp_1)
                                  0.250000    0.576333   clock uncertainty
                                  0.000000    0.576333   clock reconvergence pessimism
                                  0.347348    0.923681   library removal time
                                              0.923681   data required time
---------------------------------------------------------------------------------------------
                                              0.923681   data required time
                                           -625.673889   data arrival time
---------------------------------------------------------------------------------------------
                                            624.750183   slack (MET)


Startpoint: rst_i (input port clocked by clk_i)
Endpoint: _189_ (removal check against rising-edge clock clk_i)
Path Group: asynchronous
Path Type: min

Fanout         Cap        Slew       Delay        Time   Description
---------------------------------------------------------------------------------------------
                                  0.000000    0.000000   clock clk_i (rise edge)
                                  0.000000    0.000000   clock network delay (propagated)
                                625.000000  625.000000 ^ input external delay
     1    0.003604    0.023220    0.013131  625.013123 ^ rst_i (in)
                                                         rst_i (net)
                      0.023228    0.000000  625.013123 ^ input2/A (sky130_fd_sc_hd__buf_1)
     3    0.011920    0.146479    0.145064  625.158203 ^ input2/X (sky130_fd_sc_hd__buf_1)
                                                         net2 (net)
                      0.146481    0.000398  625.158569 ^ fanout15/A (sky130_fd_sc_hd__buf_2)
     9    0.040513    0.199562    0.253237  625.411804 ^ fanout15/X (sky130_fd_sc_hd__buf_2)
                                                         net15 (net)
                      0.199569    0.001421  625.413269 ^ fanout14/A (sky130_fd_sc_hd__clkbuf_4)
    10    0.043798    0.139777    0.258751  625.671997 ^ fanout14/X (sky130_fd_sc_hd__clkbuf_4)
                                                         net14 (net)
                      0.139800    0.001819  625.673828 ^ _189_/RESET_B (sky130_fd_sc_hd__dfrtp_1)
                                            625.673828   data arrival time

                                  0.000000    0.000000   clock clk_i (rise edge)
                                  0.000000    0.000000   clock source latency
     1    0.012536    0.062558    0.042357    0.042357 ^ clk_i (in)
                                                         clk_i (net)
                      0.062562    0.000000    0.042357 ^ clkbuf_0_clk_i/A (sky130_fd_sc_hd__clkbuf_16)
     4    0.036566    0.056684    0.145518    0.187875 ^ clkbuf_0_clk_i/X (sky130_fd_sc_hd__clkbuf_16)
                                                         clknet_0_clk_i (net)
                      0.056713    0.001104    0.188979 ^ clkbuf_2_0__f_clk_i/A (sky130_fd_sc_hd__clkbuf_16)
    10    0.027498    0.048736    0.136617    0.325596 ^ clkbuf_2_0__f_clk_i/X (sky130_fd_sc_hd__clkbuf_16)
                                                         clknet_2_0__leaf_clk_i (net)
                      0.048741    0.000868    0.326464 ^ _189_/CLK (sky130_fd_sc_hd__dfrtp_1)
                                  0.250000    0.576464   clock uncertainty
                                  0.000000    0.576464   clock reconvergence pessimism
                                  0.347348    0.923812   library removal time
                                              0.923812   data required time
---------------------------------------------------------------------------------------------
                                              0.923812   data required time
                                           -625.673828   data arrival time
---------------------------------------------------------------------------------------------
                                            624.750000   slack (MET)


Startpoint: _182_ (rising edge-triggered flip-flop clocked by clk_i)
Endpoint: num_to_send_o[0] (output port clocked by clk_i)
Path Group: clk_i
Path Type: min

Fanout         Cap        Slew       Delay        Time   Description
---------------------------------------------------------------------------------------------
                                  0.000000    0.000000   clock clk_i (rise edge)
                                  0.000000    0.000000   clock source latency
     1    0.012536    0.062558    0.042357    0.042357 ^ clk_i (in)
                                                         clk_i (net)
                      0.062562    0.000000    0.042357 ^ clkbuf_0_clk_i/A (sky130_fd_sc_hd__clkbuf_16)
     4    0.036566    0.056684    0.145518    0.187875 ^ clkbuf_0_clk_i/X (sky130_fd_sc_hd__clkbuf_16)
                                                         clknet_0_clk_i (net)
                      0.056709    0.001024    0.188899 ^ clkbuf_2_2__f_clk_i/A (sky130_fd_sc_hd__clkbuf_16)
    10    0.026804    0.047960    0.135762    0.324661 ^ clkbuf_2_2__f_clk_i/X (sky130_fd_sc_hd__clkbuf_16)
                                                         clknet_2_2__leaf_clk_i (net)
                      0.048013    0.001378    0.326039 ^ _182_/CLK (sky130_fd_sc_hd__dfrtp_1)
     4    0.012118    0.079578    0.401337    0.727376 v _182_/Q (sky130_fd_sc_hd__dfrtp_1)
                                                         net4 (net)
                      0.079578    0.000224    0.727600 v output4/A (sky130_fd_sc_hd__buf_2)
     1    0.035087    0.091405    0.196871    0.924471 v output4/X (sky130_fd_sc_hd__buf_2)
                                                         num_to_send_o[0] (net)
                      0.091417    0.001028    0.925499 v num_to_send_o[0] (out)
                                              0.925499   data arrival time

                                  0.000000    0.000000   clock clk_i (rise edge)
                                  0.000000    0.000000   clock network delay (propagated)
                                  0.250000    0.250000   clock uncertainty
                                  0.000000    0.250000   clock reconvergence pessimism
                               -625.000000 -624.750000   output external delay
                                           -624.750000   data required time
---------------------------------------------------------------------------------------------
                                           -624.750000   data required time
                                             -0.925499   data arrival time
---------------------------------------------------------------------------------------------
                                            625.675537   slack (MET)


Startpoint: _184_ (rising edge-triggered flip-flop clocked by clk_i)
Endpoint: num_to_send_o[2] (output port clocked by clk_i)
Path Group: clk_i
Path Type: min

Fanout         Cap        Slew       Delay        Time   Description
---------------------------------------------------------------------------------------------
                                  0.000000    0.000000   clock clk_i (rise edge)
                                  0.000000    0.000000   clock source latency
     1    0.012536    0.062558    0.042357    0.042357 ^ clk_i (in)
                                                         clk_i (net)
                      0.062562    0.000000    0.042357 ^ clkbuf_0_clk_i/A (sky130_fd_sc_hd__clkbuf_16)
     4    0.036566    0.056684    0.145518    0.187875 ^ clkbuf_0_clk_i/X (sky130_fd_sc_hd__clkbuf_16)
                                                         clknet_0_clk_i (net)
                      0.056709    0.001024    0.188899 ^ clkbuf_2_2__f_clk_i/A (sky130_fd_sc_hd__clkbuf_16)
    10    0.026804    0.047960    0.135762    0.324661 ^ clkbuf_2_2__f_clk_i/X (sky130_fd_sc_hd__clkbuf_16)
                                                         clknet_2_2__leaf_clk_i (net)
                      0.048000    0.001222    0.325883 ^ _184_/CLK (sky130_fd_sc_hd__dfrtp_1)
     5    0.012226    0.080015    0.401829    0.727713 v _184_/Q (sky130_fd_sc_hd__dfrtp_1)
                                                         net6 (net)
                      0.080015    0.000194    0.727906 v output6/A (sky130_fd_sc_hd__buf_2)
     1    0.034670    0.090465    0.196374    0.924280 v output6/X (sky130_fd_sc_hd__buf_2)
                                                         num_to_send_o[2] (net)
                      0.090474    0.000921    0.925202 v num_to_send_o[2] (out)
                                              0.925202   data arrival time

                                  0.000000    0.000000   clock clk_i (rise edge)
                                  0.000000    0.000000   clock network delay (propagated)
                                  0.250000    0.250000   clock uncertainty
                                  0.000000    0.250000   clock reconvergence pessimism
                               -625.000000 -624.750000   output external delay
                                           -624.750000   data required time
---------------------------------------------------------------------------------------------
                                           -624.750000   data required time
                                             -0.925202   data arrival time
---------------------------------------------------------------------------------------------
                                            625.675171   slack (MET)


Startpoint: _183_ (rising edge-triggered flip-flop clocked by clk_i)
Endpoint: num_to_send_o[1] (output port clocked by clk_i)
Path Group: clk_i
Path Type: min

Fanout         Cap        Slew       Delay        Time   Description
---------------------------------------------------------------------------------------------
                                  0.000000    0.000000   clock clk_i (rise edge)
                                  0.000000    0.000000   clock source latency
     1    0.012536    0.062558    0.042357    0.042357 ^ clk_i (in)
                                                         clk_i (net)
                      0.062562    0.000000    0.042357 ^ clkbuf_0_clk_i/A (sky130_fd_sc_hd__clkbuf_16)
     4    0.036566    0.056684    0.145518    0.187875 ^ clkbuf_0_clk_i/X (sky130_fd_sc_hd__clkbuf_16)
                                                         clknet_0_clk_i (net)
                      0.056709    0.001024    0.188899 ^ clkbuf_2_2__f_clk_i/A (sky130_fd_sc_hd__clkbuf_16)
    10    0.026804    0.047960    0.135762    0.324661 ^ clkbuf_2_2__f_clk_i/X (sky130_fd_sc_hd__clkbuf_16)
                                                         clknet_2_2__leaf_clk_i (net)
                      0.047982    0.000957    0.325618 ^ _183_/CLK (sky130_fd_sc_hd__dfrtp_1)
     5    0.014344    0.089351    0.410316    0.735934 v _183_/Q (sky130_fd_sc_hd__dfrtp_1)
                                                         net5 (net)
                      0.089351    0.000325    0.736258 v output5/A (sky130_fd_sc_hd__buf_2)
     1    0.034359    0.089767    0.200114    0.936372 v output5/X (sky130_fd_sc_hd__buf_2)
                                                         num_to_send_o[1] (net)
                      0.089774    0.000824    0.937196 v num_to_send_o[1] (out)
                                              0.937196   data arrival time

                                  0.000000    0.000000   clock clk_i (rise edge)
                                  0.000000    0.000000   clock network delay (propagated)
                                  0.250000    0.250000   clock uncertainty
                                  0.000000    0.250000   clock reconvergence pessimism
                               -625.000000 -624.750000   output external delay
                                           -624.750000   data required time
---------------------------------------------------------------------------------------------
                                           -624.750000   data required time
                                             -0.937196   data arrival time
---------------------------------------------------------------------------------------------
                                            625.687195   slack (MET)



%OL_END_REPORT
%OL_CREATE_REPORT max.rpt

===========================================================================
report_checks -path_delay max (Setup)
============================================================================
======================= nom_tt_025C_1v80 Corner ===================================

Startpoint: req_num_i (input port clocked by clk_i)
Endpoint: _187_ (rising edge-triggered flip-flop clocked by clk_i)
Path Group: clk_i
Path Type: max

Fanout         Cap        Slew       Delay        Time   Description
---------------------------------------------------------------------------------------------
                                  0.000000    0.000000   clock clk_i (rise edge)
                                  0.000000    0.000000   clock network delay (propagated)
                                625.000000  625.000000 v input external delay
     1    0.003049    0.009209    0.004889  625.004883 v req_num_i (in)
                                                         req_num_i (net)
                      0.009209    0.000000  625.004883 v input1/A (sky130_fd_sc_hd__clkbuf_1)
     1    0.001896    0.021895    0.067416  625.072327 v input1/X (sky130_fd_sc_hd__clkbuf_1)
                                                         net1 (net)
                      0.021895    0.000057  625.072388 v _081_/A (sky130_fd_sc_hd__or3_1)
     4    0.012194    0.113188    0.421665  625.494019 v _081_/X (sky130_fd_sc_hd__or3_1)
                                                         req_num (net)
                      0.113188    0.000398  625.494446 v _152_/A2 (sky130_fd_sc_hd__a21oi_1)
     1    0.002841    0.104953    0.162856  625.657288 ^ _152_/Y (sky130_fd_sc_hd__a21oi_1)
                                                         _049_ (net)
                      0.104953    0.000057  625.657349 ^ hold16/A (sky130_fd_sc_hd__dlygate4sd3_1)
     1    0.004151    0.064883    0.563773  626.221130 ^ hold16/X (sky130_fd_sc_hd__dlygate4sd3_1)
                                                         net33 (net)
                      0.064883    0.000171  626.221252 ^ _154_/A (sky130_fd_sc_hd__nor2_1)
     1    0.003144    0.033376    0.047805  626.269104 v _154_/Y (sky130_fd_sc_hd__nor2_1)
                                                         _027_ (net)
                      0.033376    0.000114  626.269226 v _187_/D (sky130_fd_sc_hd__dfrtp_1)
                                            626.269226   data arrival time

                               3125.000000 3125.000000   clock clk_i (rise edge)
                                  0.000000 3125.000000   clock source latency
     1    0.012536    0.062558    0.042292 3125.042236 ^ clk_i (in)
                                                         clk_i (net)
                      0.062562    0.000000 3125.042236 ^ clkbuf_0_clk_i/A (sky130_fd_sc_hd__clkbuf_16)
     4    0.036566    0.056684    0.145519 3125.187744 ^ clkbuf_0_clk_i/X (sky130_fd_sc_hd__clkbuf_16)
                                                         clknet_0_clk_i (net)
                      0.056713    0.001137 3125.188965 ^ clkbuf_2_0__f_clk_i/A (sky130_fd_sc_hd__clkbuf_16)
    10    0.027498    0.048736    0.136652 3125.325684 ^ clkbuf_2_0__f_clk_i/X (sky130_fd_sc_hd__clkbuf_16)
                                                         clknet_2_0__leaf_clk_i (net)
                      0.048742    0.000909 3125.326416 ^ _187_/CLK (sky130_fd_sc_hd__dfrtp_1)
                                 -0.250000 3125.076416   clock uncertainty
                                  0.000000 3125.076416   clock reconvergence pessimism
                                 -0.108347 3124.968018   library setup time
                                           3124.968018   data required time
---------------------------------------------------------------------------------------------
                                           3124.968018   data required time
                                           -626.269226   data arrival time
---------------------------------------------------------------------------------------------
                                           2498.698730   slack (MET)


Startpoint: _183_ (rising edge-triggered flip-flop clocked by clk_i)
Endpoint: num_to_send_o[1] (output port clocked by clk_i)
Path Group: clk_i
Path Type: max

Fanout         Cap        Slew       Delay        Time   Description
---------------------------------------------------------------------------------------------
                                  0.000000    0.000000   clock clk_i (rise edge)
                                  0.000000    0.000000   clock source latency
     1    0.012536    0.062558    0.042357    0.042357 ^ clk_i (in)
                                                         clk_i (net)
                      0.062562    0.000000    0.042357 ^ clkbuf_0_clk_i/A (sky130_fd_sc_hd__clkbuf_16)
     4    0.036566    0.056684    0.145518    0.187875 ^ clkbuf_0_clk_i/X (sky130_fd_sc_hd__clkbuf_16)
                                                         clknet_0_clk_i (net)
                      0.056709    0.001024    0.188899 ^ clkbuf_2_2__f_clk_i/A (sky130_fd_sc_hd__clkbuf_16)
    10    0.026804    0.047960    0.135762    0.324661 ^ clkbuf_2_2__f_clk_i/X (sky130_fd_sc_hd__clkbuf_16)
                                                         clknet_2_2__leaf_clk_i (net)
                      0.047982    0.000957    0.325618 ^ _183_/CLK (sky130_fd_sc_hd__dfrtp_1)
     5    0.015180    0.142766    0.395575    0.721193 ^ _183_/Q (sky130_fd_sc_hd__dfrtp_1)
                                                         net5 (net)
                      0.142766    0.000344    0.721537 ^ output5/A (sky130_fd_sc_hd__buf_2)
     1    0.034359    0.171080    0.232307    0.953844 ^ output5/X (sky130_fd_sc_hd__buf_2)
                                                         num_to_send_o[1] (net)
                      0.171082    0.000825    0.954669 ^ num_to_send_o[1] (out)
                                              0.954669   data arrival time

                               3125.000000 3125.000000   clock clk_i (rise edge)
                                  0.000000 3125.000000   clock network delay (propagated)
                                 -0.250000 3124.750000   clock uncertainty
                                  0.000000 3124.750000   clock reconvergence pessimism
                               -625.000000 2499.750000   output external delay
                                           2499.750000   data required time
---------------------------------------------------------------------------------------------
                                           2499.750000   data required time
                                             -0.954669   data arrival time
---------------------------------------------------------------------------------------------
                                           2498.795166   slack (MET)


Startpoint: _182_ (rising edge-triggered flip-flop clocked by clk_i)
Endpoint: num_to_send_o[0] (output port clocked by clk_i)
Path Group: clk_i
Path Type: max

Fanout         Cap        Slew       Delay        Time   Description
---------------------------------------------------------------------------------------------
                                  0.000000    0.000000   clock clk_i (rise edge)
                                  0.000000    0.000000   clock source latency
     1    0.012536    0.062558    0.042357    0.042357 ^ clk_i (in)
                                                         clk_i (net)
                      0.062562    0.000000    0.042357 ^ clkbuf_0_clk_i/A (sky130_fd_sc_hd__clkbuf_16)
     4    0.036566    0.056684    0.145518    0.187875 ^ clkbuf_0_clk_i/X (sky130_fd_sc_hd__clkbuf_16)
                                                         clknet_0_clk_i (net)
                      0.056709    0.001024    0.188899 ^ clkbuf_2_2__f_clk_i/A (sky130_fd_sc_hd__clkbuf_16)
    10    0.026804    0.047960    0.135762    0.324661 ^ clkbuf_2_2__f_clk_i/X (sky130_fd_sc_hd__clkbuf_16)
                                                         clknet_2_2__leaf_clk_i (net)
                      0.048013    0.001378    0.326039 ^ _182_/CLK (sky130_fd_sc_hd__dfrtp_1)
     4    0.012936    0.124333    0.381975    0.708015 ^ _182_/Q (sky130_fd_sc_hd__dfrtp_1)
                                                         net4 (net)
                      0.124333    0.000240    0.708254 ^ output4/A (sky130_fd_sc_hd__buf_2)
     1    0.035087    0.174494    0.229600    0.937854 ^ output4/X (sky130_fd_sc_hd__buf_2)
                                                         num_to_send_o[0] (net)
                      0.174497    0.001029    0.938883 ^ num_to_send_o[0] (out)
                                              0.938883   data arrival time

                               3125.000000 3125.000000   clock clk_i (rise edge)
                                  0.000000 3125.000000   clock network delay (propagated)
                                 -0.250000 3124.750000   clock uncertainty
                                  0.000000 3124.750000   clock reconvergence pessimism
                               -625.000000 2499.750000   output external delay
                                           2499.750000   data required time
---------------------------------------------------------------------------------------------
                                           2499.750000   data required time
                                             -0.938883   data arrival time
---------------------------------------------------------------------------------------------
                                           2498.811035   slack (MET)


Startpoint: _184_ (rising edge-triggered flip-flop clocked by clk_i)
Endpoint: num_to_send_o[2] (output port clocked by clk_i)
Path Group: clk_i
Path Type: max

Fanout         Cap        Slew       Delay        Time   Description
---------------------------------------------------------------------------------------------
                                  0.000000    0.000000   clock clk_i (rise edge)
                                  0.000000    0.000000   clock source latency
     1    0.012536    0.062558    0.042357    0.042357 ^ clk_i (in)
                                                         clk_i (net)
                      0.062562    0.000000    0.042357 ^ clkbuf_0_clk_i/A (sky130_fd_sc_hd__clkbuf_16)
     4    0.036566    0.056684    0.145518    0.187875 ^ clkbuf_0_clk_i/X (sky130_fd_sc_hd__clkbuf_16)
                                                         clknet_0_clk_i (net)
                      0.056709    0.001024    0.188899 ^ clkbuf_2_2__f_clk_i/A (sky130_fd_sc_hd__clkbuf_16)
    10    0.026804    0.047960    0.135762    0.324661 ^ clkbuf_2_2__f_clk_i/X (sky130_fd_sc_hd__clkbuf_16)
                                                         clknet_2_2__leaf_clk_i (net)
                      0.048000    0.001222    0.325883 ^ _184_/CLK (sky130_fd_sc_hd__dfrtp_1)
     5    0.013125    0.125861    0.383183    0.709066 ^ _184_/Q (sky130_fd_sc_hd__dfrtp_1)
                                                         net6 (net)
                      0.125861    0.000209    0.709275 ^ output6/A (sky130_fd_sc_hd__buf_2)
     1    0.034670    0.172529    0.228702    0.937977 ^ output6/X (sky130_fd_sc_hd__buf_2)
                                                         num_to_send_o[2] (net)
                      0.172531    0.000922    0.938899 ^ num_to_send_o[2] (out)
                                              0.938899   data arrival time

                               3125.000000 3125.000000   clock clk_i (rise edge)
                                  0.000000 3125.000000   clock network delay (propagated)
                                 -0.250000 3124.750000   clock uncertainty
                                  0.000000 3124.750000   clock reconvergence pessimism
                               -625.000000 2499.750000   output external delay
                                           2499.750000   data required time
---------------------------------------------------------------------------------------------
                                           2499.750000   data required time
                                             -0.938899   data arrival time
---------------------------------------------------------------------------------------------
                                           2498.811035   slack (MET)


Startpoint: req_num_i (input port clocked by clk_i)
Endpoint: _188_ (rising edge-triggered flip-flop clocked by clk_i)
Path Group: clk_i
Path Type: max

Fanout         Cap        Slew       Delay        Time   Description
---------------------------------------------------------------------------------------------
                                  0.000000    0.000000   clock clk_i (rise edge)
                                  0.000000    0.000000   clock network delay (propagated)
                                625.000000  625.000000 v input external delay
     1    0.003049    0.009209    0.004889  625.004883 v req_num_i (in)
                                                         req_num_i (net)
                      0.009209    0.000000  625.004883 v input1/A (sky130_fd_sc_hd__clkbuf_1)
     1    0.001896    0.021895    0.067416  625.072327 v input1/X (sky130_fd_sc_hd__clkbuf_1)
                                                         net1 (net)
                      0.021895    0.000057  625.072388 v _081_/A (sky130_fd_sc_hd__or3_1)
     4    0.012194    0.113188    0.421665  625.494019 v _081_/X (sky130_fd_sc_hd__or3_1)
                                                         req_num (net)
                      0.113188    0.000284  625.494324 v _153_/C (sky130_fd_sc_hd__and3_1)
     2    0.008370    0.060706    0.232376  625.726685 v _153_/X (sky130_fd_sc_hd__and3_1)
                                                         _050_ (net)
                      0.060706    0.000284  625.726990 v _155_/B (sky130_fd_sc_hd__xor2_1)
     1    0.002807    0.049666    0.141483  625.868469 v _155_/X (sky130_fd_sc_hd__xor2_1)
                                                         _028_ (net)
                      0.049666    0.000057  625.868530 v _188_/D (sky130_fd_sc_hd__dfrtp_1)
                                            625.868530   data arrival time

                               3125.000000 3125.000000   clock clk_i (rise edge)
                                  0.000000 3125.000000   clock source latency
     1    0.012536    0.062558    0.042292 3125.042236 ^ clk_i (in)
                                                         clk_i (net)
                      0.062562    0.000000 3125.042236 ^ clkbuf_0_clk_i/A (sky130_fd_sc_hd__clkbuf_16)
     4    0.036566    0.056684    0.145519 3125.187744 ^ clkbuf_0_clk_i/X (sky130_fd_sc_hd__clkbuf_16)
                                                         clknet_0_clk_i (net)
                      0.056713    0.001137 3125.188965 ^ clkbuf_2_0__f_clk_i/A (sky130_fd_sc_hd__clkbuf_16)
    10    0.027498    0.048736    0.136652 3125.325684 ^ clkbuf_2_0__f_clk_i/X (sky130_fd_sc_hd__clkbuf_16)
                                                         clknet_2_0__leaf_clk_i (net)
                      0.048742    0.000909 3125.326416 ^ _188_/CLK (sky130_fd_sc_hd__dfrtp_1)
                                 -0.250000 3125.076416   clock uncertainty
                                  0.000000 3125.076416   clock reconvergence pessimism
                                 -0.115453 3124.960938   library setup time
                                           3124.960938   data required time
---------------------------------------------------------------------------------------------
                                           3124.960938   data required time
                                           -625.868530   data arrival time
---------------------------------------------------------------------------------------------
                                           2499.092285   slack (MET)


Startpoint: req_num_i (input port clocked by clk_i)
Endpoint: _186_ (rising edge-triggered flip-flop clocked by clk_i)
Path Group: clk_i
Path Type: max

Fanout         Cap        Slew       Delay        Time   Description
---------------------------------------------------------------------------------------------
                                  0.000000    0.000000   clock clk_i (rise edge)
                                  0.000000    0.000000   clock network delay (propagated)
                                625.000000  625.000000 v input external delay
     1    0.003049    0.009209    0.004889  625.004883 v req_num_i (in)
                                                         req_num_i (net)
                      0.009209    0.000000  625.004883 v input1/A (sky130_fd_sc_hd__clkbuf_1)
     1    0.001896    0.021895    0.067416  625.072327 v input1/X (sky130_fd_sc_hd__clkbuf_1)
                                                         net1 (net)
                      0.021895    0.000057  625.072388 v _081_/A (sky130_fd_sc_hd__or3_1)
     4    0.012194    0.113188    0.421665  625.494019 v _081_/X (sky130_fd_sc_hd__or3_1)
                                                         req_num (net)
                      0.113188    0.000398  625.494446 v _151_/B (sky130_fd_sc_hd__xor2_1)
     1    0.002163    0.050574    0.158536  625.652954 v _151_/X (sky130_fd_sc_hd__xor2_1)
                                                         _026_ (net)
                      0.050574    0.000057  625.653015 v _186_/D (sky130_fd_sc_hd__dfrtp_1)
                                            625.653015   data arrival time

                               3125.000000 3125.000000   clock clk_i (rise edge)
                                  0.000000 3125.000000   clock source latency
     1    0.012536    0.062558    0.042292 3125.042236 ^ clk_i (in)
                                                         clk_i (net)
                      0.062562    0.000000 3125.042236 ^ clkbuf_0_clk_i/A (sky130_fd_sc_hd__clkbuf_16)
     4    0.036566    0.056684    0.145519 3125.187744 ^ clkbuf_0_clk_i/X (sky130_fd_sc_hd__clkbuf_16)
                                                         clknet_0_clk_i (net)
                      0.056713    0.001137 3125.188965 ^ clkbuf_2_0__f_clk_i/A (sky130_fd_sc_hd__clkbuf_16)
    10    0.027498    0.048736    0.136652 3125.325684 ^ clkbuf_2_0__f_clk_i/X (sky130_fd_sc_hd__clkbuf_16)
                                                         clknet_2_0__leaf_clk_i (net)
                      0.048742    0.000909 3125.326416 ^ _186_/CLK (sky130_fd_sc_hd__dfrtp_1)
                                 -0.250000 3125.076416   clock uncertainty
                                  0.000000 3125.076416   clock reconvergence pessimism
                                 -0.115849 3124.960449   library setup time
                                           3124.960449   data required time
---------------------------------------------------------------------------------------------
                                           3124.960449   data required time
                                           -625.653015   data arrival time
---------------------------------------------------------------------------------------------
                                           2499.307373   slack (MET)


Startpoint: wr_i (input port clocked by clk_i)
Endpoint: _159_ (rising edge-triggered flip-flop clocked by clk_i)
Path Group: clk_i
Path Type: max

Fanout         Cap        Slew       Delay        Time   Description
---------------------------------------------------------------------------------------------
                                  0.000000    0.000000   clock clk_i (rise edge)
                                  0.000000    0.000000   clock network delay (propagated)
                                625.000000  625.000000 ^ input external delay
     1    0.003410    0.022374    0.012449  625.012451 ^ wr_i (in)
                                                         wr_i (net)
                      0.022374    0.000000  625.012451 ^ input3/A (sky130_fd_sc_hd__buf_1)
     4    0.017066    0.204918    0.185196  625.197632 ^ input3/X (sky130_fd_sc_hd__buf_1)
                                                         net3 (net)
                      0.204919    0.000398  625.198059 ^ _127_/S (sky130_fd_sc_hd__mux2_1)
     1    0.003094    0.056869    0.344357  625.542419 v _127_/X (sky130_fd_sc_hd__mux2_1)
                                                         _002_ (net)
                      0.056869    0.000114  625.542542 v _159_/D (sky130_fd_sc_hd__dfrtp_1)
                                            625.542542   data arrival time

                               3125.000000 3125.000000   clock clk_i (rise edge)
                                  0.000000 3125.000000   clock source latency
     1    0.012536    0.062558    0.042292 3125.042236 ^ clk_i (in)
                                                         clk_i (net)
                      0.062562    0.000000 3125.042236 ^ clkbuf_0_clk_i/A (sky130_fd_sc_hd__clkbuf_16)
     4    0.036566    0.056684    0.145519 3125.187744 ^ clkbuf_0_clk_i/X (sky130_fd_sc_hd__clkbuf_16)
                                                         clknet_0_clk_i (net)
                      0.056713    0.001137 3125.188965 ^ clkbuf_2_0__f_clk_i/A (sky130_fd_sc_hd__clkbuf_16)
    10    0.027498    0.048736    0.136652 3125.325684 ^ clkbuf_2_0__f_clk_i/X (sky130_fd_sc_hd__clkbuf_16)
                                                         clknet_2_0__leaf_clk_i (net)
                      0.048740    0.000682 3125.326172 ^ _159_/CLK (sky130_fd_sc_hd__dfrtp_1)
                                 -0.250000 3125.076172   clock uncertainty
                                  0.000000 3125.076172   clock reconvergence pessimism
                                 -0.118595 3124.957520   library setup time
                                           3124.957520   data required time
---------------------------------------------------------------------------------------------
                                           3124.957520   data required time
                                           -625.542542   data arrival time
---------------------------------------------------------------------------------------------
                                           2499.415039   slack (MET)


Startpoint: wr_i (input port clocked by clk_i)
Endpoint: _161_ (rising edge-triggered flip-flop clocked by clk_i)
Path Group: clk_i
Path Type: max

Fanout         Cap        Slew       Delay        Time   Description
---------------------------------------------------------------------------------------------
                                  0.000000    0.000000   clock clk_i (rise edge)
                                  0.000000    0.000000   clock network delay (propagated)
                                625.000000  625.000000 ^ input external delay
     1    0.003410    0.022374    0.012449  625.012451 ^ wr_i (in)
                                                         wr_i (net)
                      0.022374    0.000000  625.012451 ^ input3/A (sky130_fd_sc_hd__buf_1)
     4    0.017066    0.204918    0.185196  625.197632 ^ input3/X (sky130_fd_sc_hd__buf_1)
                                                         net3 (net)
                      0.204919    0.000284  625.197937 ^ _129_/S (sky130_fd_sc_hd__mux2_1)
     1    0.002931    0.055916    0.342823  625.540771 v _129_/X (sky130_fd_sc_hd__mux2_1)
                                                         _004_ (net)
                      0.055916    0.000114  625.540894 v _161_/D (sky130_fd_sc_hd__dfrtp_1)
                                            625.540894   data arrival time

                               3125.000000 3125.000000   clock clk_i (rise edge)
                                  0.000000 3125.000000   clock source latency
     1    0.012536    0.062558    0.042292 3125.042236 ^ clk_i (in)
                                                         clk_i (net)
                      0.062562    0.000000 3125.042236 ^ clkbuf_0_clk_i/A (sky130_fd_sc_hd__clkbuf_16)
     4    0.036566    0.056684    0.145519 3125.187744 ^ clkbuf_0_clk_i/X (sky130_fd_sc_hd__clkbuf_16)
                                                         clknet_0_clk_i (net)
                      0.056707    0.001137 3125.188965 ^ clkbuf_2_1__f_clk_i/A (sky130_fd_sc_hd__clkbuf_16)
     9    0.026726    0.047870    0.135969 3125.324951 ^ clkbuf_2_1__f_clk_i/X (sky130_fd_sc_hd__clkbuf_16)
                                                         clknet_2_1__leaf_clk_i (net)
                      0.047878    0.000455 3125.325439 ^ _161_/CLK (sky130_fd_sc_hd__dfrtp_1)
                                 -0.250000 3125.075195   clock uncertainty
                                  0.000000 3125.075195   clock reconvergence pessimism
                                 -0.118377 3124.956787   library setup time
                                           3124.956787   data required time
---------------------------------------------------------------------------------------------
                                           3124.956787   data required time
                                           -625.540894   data arrival time
---------------------------------------------------------------------------------------------
                                           2499.415771   slack (MET)


Startpoint: wr_i (input port clocked by clk_i)
Endpoint: _160_ (rising edge-triggered flip-flop clocked by clk_i)
Path Group: clk_i
Path Type: max

Fanout         Cap        Slew       Delay        Time   Description
---------------------------------------------------------------------------------------------
                                  0.000000    0.000000   clock clk_i (rise edge)
                                  0.000000    0.000000   clock network delay (propagated)
                                625.000000  625.000000 ^ input external delay
     1    0.003410    0.022374    0.012449  625.012451 ^ wr_i (in)
                                                         wr_i (net)
                      0.022374    0.000000  625.012451 ^ input3/A (sky130_fd_sc_hd__buf_1)
     4    0.017066    0.204918    0.185196  625.197632 ^ input3/X (sky130_fd_sc_hd__buf_1)
                                                         net3 (net)
                      0.204919    0.000455  625.198120 ^ _128_/S (sky130_fd_sc_hd__mux2_1)
     1    0.002665    0.054262    0.340322  625.538452 v _128_/X (sky130_fd_sc_hd__mux2_1)
                                                         _003_ (net)
                      0.054262    0.000057  625.538452 v _160_/D (sky130_fd_sc_hd__dfrtp_1)
                                            625.538452   data arrival time

                               3125.000000 3125.000000   clock clk_i (rise edge)
                                  0.000000 3125.000000   clock source latency
     1    0.012536    0.062558    0.042292 3125.042236 ^ clk_i (in)
                                                         clk_i (net)
                      0.062562    0.000000 3125.042236 ^ clkbuf_0_clk_i/A (sky130_fd_sc_hd__clkbuf_16)
     4    0.036566    0.056684    0.145519 3125.187744 ^ clkbuf_0_clk_i/X (sky130_fd_sc_hd__clkbuf_16)
                                                         clknet_0_clk_i (net)
                      0.056713    0.001137 3125.188965 ^ clkbuf_2_0__f_clk_i/A (sky130_fd_sc_hd__clkbuf_16)
    10    0.027498    0.048736    0.136652 3125.325684 ^ clkbuf_2_0__f_clk_i/X (sky130_fd_sc_hd__clkbuf_16)
                                                         clknet_2_0__leaf_clk_i (net)
                      0.048738    0.000455 3125.326172 ^ _160_/CLK (sky130_fd_sc_hd__dfrtp_1)
                                 -0.250000 3125.075928   clock uncertainty
                                  0.000000 3125.075928   clock reconvergence pessimism
                                 -0.117458 3124.958496   library setup time
                                           3124.958496   data required time
---------------------------------------------------------------------------------------------
                                           3124.958496   data required time
                                           -625.538452   data arrival time
---------------------------------------------------------------------------------------------
                                           2499.419922   slack (MET)


Startpoint: rst_i (input port clocked by clk_i)
Endpoint: _159_ (recovery check against rising-edge clock clk_i)
Path Group: asynchronous
Path Type: max

Fanout         Cap        Slew       Delay        Time   Description
---------------------------------------------------------------------------------------------
                                  0.000000    0.000000   clock clk_i (rise edge)
                                  0.000000    0.000000   clock network delay (propagated)
                                625.000000  625.000000 ^ input external delay
     1    0.003604    0.023220    0.013131  625.013123 ^ rst_i (in)
                                                         rst_i (net)
                      0.023228    0.000000  625.013123 ^ input2/A (sky130_fd_sc_hd__buf_1)
     3    0.011920    0.146479    0.145064  625.158203 ^ input2/X (sky130_fd_sc_hd__buf_1)
                                                         net2 (net)
                      0.146481    0.000398  625.158569 ^ fanout15/A (sky130_fd_sc_hd__buf_2)
     9    0.040513    0.199562    0.253237  625.411804 ^ fanout15/X (sky130_fd_sc_hd__buf_2)
                                                         net15 (net)
                      0.199569    0.001421  625.413269 ^ fanout14/A (sky130_fd_sc_hd__clkbuf_4)
    10    0.043798    0.139777    0.258751  625.671997 ^ fanout14/X (sky130_fd_sc_hd__clkbuf_4)
                                                         net14 (net)
                      0.139804    0.001876  625.673889 ^ _159_/RESET_B (sky130_fd_sc_hd__dfrtp_1)
                                            625.673889   data arrival time

                               3125.000000 3125.000000   clock clk_i (rise edge)
                                  0.000000 3125.000000   clock source latency
     1    0.012536    0.062558    0.042292 3125.042236 ^ clk_i (in)
                                                         clk_i (net)
                      0.062562    0.000000 3125.042236 ^ clkbuf_0_clk_i/A (sky130_fd_sc_hd__clkbuf_16)
     4    0.036566    0.056684    0.145519 3125.187744 ^ clkbuf_0_clk_i/X (sky130_fd_sc_hd__clkbuf_16)
                                                         clknet_0_clk_i (net)
                      0.056713    0.001137 3125.188965 ^ clkbuf_2_0__f_clk_i/A (sky130_fd_sc_hd__clkbuf_16)
    10    0.027498    0.048736    0.136652 3125.325684 ^ clkbuf_2_0__f_clk_i/X (sky130_fd_sc_hd__clkbuf_16)
                                                         clknet_2_0__leaf_clk_i (net)
                      0.048740    0.000682 3125.326172 ^ _159_/CLK (sky130_fd_sc_hd__dfrtp_1)
                                 -0.250000 3125.076172   clock uncertainty
                                  0.000000 3125.076172   clock reconvergence pessimism
                                  0.206949 3125.283203   library recovery time
                                           3125.283203   data required time
---------------------------------------------------------------------------------------------
                                           3125.283203   data required time
                                           -625.673889   data arrival time
---------------------------------------------------------------------------------------------
                                           2499.609131   slack (MET)


Startpoint: rst_i (input port clocked by clk_i)
Endpoint: _160_ (recovery check against rising-edge clock clk_i)
Path Group: asynchronous
Path Type: max

Fanout         Cap        Slew       Delay        Time   Description
---------------------------------------------------------------------------------------------
                                  0.000000    0.000000   clock clk_i (rise edge)
                                  0.000000    0.000000   clock network delay (propagated)
                                625.000000  625.000000 ^ input external delay
     1    0.003604    0.023220    0.013131  625.013123 ^ rst_i (in)
                                                         rst_i (net)
                      0.023228    0.000000  625.013123 ^ input2/A (sky130_fd_sc_hd__buf_1)
     3    0.011920    0.146479    0.145064  625.158203 ^ input2/X (sky130_fd_sc_hd__buf_1)
                                                         net2 (net)
                      0.146481    0.000398  625.158569 ^ fanout15/A (sky130_fd_sc_hd__buf_2)
     9    0.040513    0.199562    0.253237  625.411804 ^ fanout15/X (sky130_fd_sc_hd__buf_2)
                                                         net15 (net)
                      0.199569    0.001421  625.413269 ^ fanout14/A (sky130_fd_sc_hd__clkbuf_4)
    10    0.043798    0.139777    0.258751  625.671997 ^ fanout14/X (sky130_fd_sc_hd__clkbuf_4)
                                                         net14 (net)
                      0.139783    0.001137  625.673157 ^ _160_/RESET_B (sky130_fd_sc_hd__dfrtp_1)
                                            625.673157   data arrival time

                               3125.000000 3125.000000   clock clk_i (rise edge)
                                  0.000000 3125.000000   clock source latency
     1    0.012536    0.062558    0.042292 3125.042236 ^ clk_i (in)
                                                         clk_i (net)
                      0.062562    0.000000 3125.042236 ^ clkbuf_0_clk_i/A (sky130_fd_sc_hd__clkbuf_16)
     4    0.036566    0.056684    0.145519 3125.187744 ^ clkbuf_0_clk_i/X (sky130_fd_sc_hd__clkbuf_16)
                                                         clknet_0_clk_i (net)
                      0.056713    0.001137 3125.188965 ^ clkbuf_2_0__f_clk_i/A (sky130_fd_sc_hd__clkbuf_16)
    10    0.027498    0.048736    0.136652 3125.325684 ^ clkbuf_2_0__f_clk_i/X (sky130_fd_sc_hd__clkbuf_16)
                                                         clknet_2_0__leaf_clk_i (net)
                      0.048738    0.000455 3125.326172 ^ _160_/CLK (sky130_fd_sc_hd__dfrtp_1)
                                 -0.250000 3125.075928   clock uncertainty
                                  0.000000 3125.075928   clock reconvergence pessimism
                                  0.206954 3125.282959   library recovery time
                                           3125.282959   data required time
---------------------------------------------------------------------------------------------
                                           3125.282959   data required time
                                           -625.673157   data arrival time
---------------------------------------------------------------------------------------------
                                           2499.609863   slack (MET)


Startpoint: rst_i (input port clocked by clk_i)
Endpoint: _161_ (recovery check against rising-edge clock clk_i)
Path Group: asynchronous
Path Type: max

Fanout         Cap        Slew       Delay        Time   Description
---------------------------------------------------------------------------------------------
                                  0.000000    0.000000   clock clk_i (rise edge)
                                  0.000000    0.000000   clock network delay (propagated)
                                625.000000  625.000000 ^ input external delay
     1    0.003604    0.023220    0.013131  625.013123 ^ rst_i (in)
                                                         rst_i (net)
                      0.023228    0.000000  625.013123 ^ input2/A (sky130_fd_sc_hd__buf_1)
     3    0.011920    0.146479    0.145064  625.158203 ^ input2/X (sky130_fd_sc_hd__buf_1)
                                                         net2 (net)
                      0.146481    0.000398  625.158569 ^ fanout15/A (sky130_fd_sc_hd__buf_2)
     9    0.040513    0.199562    0.253237  625.411804 ^ fanout15/X (sky130_fd_sc_hd__buf_2)
                                                         net15 (net)
                      0.199569    0.001421  625.413269 ^ fanout14/A (sky130_fd_sc_hd__clkbuf_4)
    10    0.043798    0.139777    0.258751  625.671997 ^ fanout14/X (sky130_fd_sc_hd__clkbuf_4)
                                                         net14 (net)
                      0.139783    0.001080  625.673096 ^ _161_/RESET_B (sky130_fd_sc_hd__dfrtp_1)
                                            625.673096   data arrival time

                               3125.000000 3125.000000   clock clk_i (rise edge)
                                  0.000000 3125.000000   clock source latency
     1    0.012536    0.062558    0.042292 3125.042236 ^ clk_i (in)
                                                         clk_i (net)
                      0.062562    0.000000 3125.042236 ^ clkbuf_0_clk_i/A (sky130_fd_sc_hd__clkbuf_16)
     4    0.036566    0.056684    0.145519 3125.187744 ^ clkbuf_0_clk_i/X (sky130_fd_sc_hd__clkbuf_16)
                                                         clknet_0_clk_i (net)
                      0.056707    0.001137 3125.188965 ^ clkbuf_2_1__f_clk_i/A (sky130_fd_sc_hd__clkbuf_16)
     9    0.026726    0.047870    0.135969 3125.324951 ^ clkbuf_2_1__f_clk_i/X (sky130_fd_sc_hd__clkbuf_16)
                                                         clknet_2_1__leaf_clk_i (net)
                      0.047878    0.000455 3125.325439 ^ _161_/CLK (sky130_fd_sc_hd__dfrtp_1)
                                 -0.250000 3125.075195   clock uncertainty
                                  0.000000 3125.075195   clock reconvergence pessimism
                                  0.206687 3125.281982   library recovery time
                                           3125.281982   data required time
---------------------------------------------------------------------------------------------
                                           3125.281982   data required time
                                           -625.673096   data arrival time
---------------------------------------------------------------------------------------------
                                           2499.608887   slack (MET)


Startpoint: rst_i (input port clocked by clk_i)
Endpoint: _168_ (recovery check against rising-edge clock clk_i)
Path Group: asynchronous
Path Type: max

Fanout         Cap        Slew       Delay        Time   Description
---------------------------------------------------------------------------------------------
                                  0.000000    0.000000   clock clk_i (rise edge)
                                  0.000000    0.000000   clock network delay (propagated)
                                625.000000  625.000000 ^ input external delay
     1    0.003604    0.023220    0.013131  625.013123 ^ rst_i (in)
                                                         rst_i (net)
                      0.023228    0.000000  625.013123 ^ input2/A (sky130_fd_sc_hd__buf_1)
     3    0.011920    0.146479    0.145064  625.158203 ^ input2/X (sky130_fd_sc_hd__buf_1)
                                                         net2 (net)
                      0.146481    0.000398  625.158569 ^ fanout15/A (sky130_fd_sc_hd__buf_2)
     9    0.040513    0.199562    0.253237  625.411804 ^ fanout15/X (sky130_fd_sc_hd__buf_2)
                                                         net15 (net)
                      0.199569    0.001421  625.413269 ^ fanout14/A (sky130_fd_sc_hd__clkbuf_4)
    10    0.043798    0.139777    0.258751  625.671997 ^ fanout14/X (sky130_fd_sc_hd__clkbuf_4)
                                                         net14 (net)
                      0.139804    0.001876  625.673889 ^ _168_/RESET_B (sky130_fd_sc_hd__dfrtp_1)
                                            625.673889   data arrival time

                               3125.000000 3125.000000   clock clk_i (rise edge)
                                  0.000000 3125.000000   clock source latency
     1    0.012536    0.062558    0.042292 3125.042236 ^ clk_i (in)
                                                         clk_i (net)
                      0.062562    0.000000 3125.042236 ^ clkbuf_0_clk_i/A (sky130_fd_sc_hd__clkbuf_16)
     4    0.036566    0.056684    0.145519 3125.187744 ^ clkbuf_0_clk_i/X (sky130_fd_sc_hd__clkbuf_16)
                                                         clknet_0_clk_i (net)
                      0.056713    0.001137 3125.188965 ^ clkbuf_2_0__f_clk_i/A (sky130_fd_sc_hd__clkbuf_16)
    10    0.027498    0.048736    0.136652 3125.325684 ^ clkbuf_2_0__f_clk_i/X (sky130_fd_sc_hd__clkbuf_16)
                                                         clknet_2_0__leaf_clk_i (net)
                      0.048740    0.000682 3125.326172 ^ _168_/CLK (sky130_fd_sc_hd__dfrtp_1)
                                 -0.250000 3125.076172   clock uncertainty
                                  0.000000 3125.076172   clock reconvergence pessimism
                                  0.206949 3125.283203   library recovery time
                                           3125.283203   data required time
---------------------------------------------------------------------------------------------
                                           3125.283203   data required time
                                           -625.673889   data arrival time
---------------------------------------------------------------------------------------------
                                           2499.609131   slack (MET)


Startpoint: rst_i (input port clocked by clk_i)
Endpoint: _178_ (recovery check against rising-edge clock clk_i)
Path Group: asynchronous
Path Type: max

Fanout         Cap        Slew       Delay        Time   Description
---------------------------------------------------------------------------------------------
                                  0.000000    0.000000   clock clk_i (rise edge)
                                  0.000000    0.000000   clock network delay (propagated)
                                625.000000  625.000000 ^ input external delay
     1    0.003604    0.023220    0.013131  625.013123 ^ rst_i (in)
                                                         rst_i (net)
                      0.023228    0.000000  625.013123 ^ input2/A (sky130_fd_sc_hd__buf_1)
     3    0.011920    0.146479    0.145064  625.158203 ^ input2/X (sky130_fd_sc_hd__buf_1)
                                                         net2 (net)
                      0.146481    0.000398  625.158569 ^ fanout15/A (sky130_fd_sc_hd__buf_2)
     9    0.040513    0.199562    0.253237  625.411804 ^ fanout15/X (sky130_fd_sc_hd__buf_2)
                                                         net15 (net)
                      0.199569    0.001421  625.413269 ^ fanout14/A (sky130_fd_sc_hd__clkbuf_4)
    10    0.043798    0.139777    0.258751  625.671997 ^ fanout14/X (sky130_fd_sc_hd__clkbuf_4)
                                                         net14 (net)
                      0.139803    0.001876  625.673889 ^ _178_/RESET_B (sky130_fd_sc_hd__dfrtp_1)
                                            625.673889   data arrival time

                               3125.000000 3125.000000   clock clk_i (rise edge)
                                  0.000000 3125.000000   clock source latency
     1    0.012536    0.062558    0.042292 3125.042236 ^ clk_i (in)
                                                         clk_i (net)
                      0.062562    0.000000 3125.042236 ^ clkbuf_0_clk_i/A (sky130_fd_sc_hd__clkbuf_16)
     4    0.036566    0.056684    0.145519 3125.187744 ^ clkbuf_0_clk_i/X (sky130_fd_sc_hd__clkbuf_16)
                                                         clknet_0_clk_i (net)
                      0.056713    0.001137 3125.188965 ^ clkbuf_2_0__f_clk_i/A (sky130_fd_sc_hd__clkbuf_16)
    10    0.027498    0.048736    0.136652 3125.325684 ^ clkbuf_2_0__f_clk_i/X (sky130_fd_sc_hd__clkbuf_16)
                                                         clknet_2_0__leaf_clk_i (net)
                      0.048740    0.000682 3125.326172 ^ _178_/CLK (sky130_fd_sc_hd__dfrtp_1)
                                 -0.250000 3125.076172   clock uncertainty
                                  0.000000 3125.076172   clock reconvergence pessimism
                                  0.206949 3125.283203   library recovery time
                                           3125.283203   data required time
---------------------------------------------------------------------------------------------
                                           3125.283203   data required time
                                           -625.673889   data arrival time
---------------------------------------------------------------------------------------------
                                           2499.609131   slack (MET)


Startpoint: rst_i (input port clocked by clk_i)
Endpoint: _185_ (recovery check against rising-edge clock clk_i)
Path Group: asynchronous
Path Type: max

Fanout         Cap        Slew       Delay        Time   Description
---------------------------------------------------------------------------------------------
                                  0.000000    0.000000   clock clk_i (rise edge)
                                  0.000000    0.000000   clock network delay (propagated)
                                625.000000  625.000000 ^ input external delay
     1    0.003604    0.023220    0.013131  625.013123 ^ rst_i (in)
                                                         rst_i (net)
                      0.023228    0.000000  625.013123 ^ input2/A (sky130_fd_sc_hd__buf_1)
     3    0.011920    0.146479    0.145064  625.158203 ^ input2/X (sky130_fd_sc_hd__buf_1)
                                                         net2 (net)
                      0.146481    0.000398  625.158569 ^ fanout15/A (sky130_fd_sc_hd__buf_2)
     9    0.040513    0.199562    0.253237  625.411804 ^ fanout15/X (sky130_fd_sc_hd__buf_2)
                                                         net15 (net)
                      0.199569    0.001421  625.413269 ^ fanout14/A (sky130_fd_sc_hd__clkbuf_4)
    10    0.043798    0.139777    0.258751  625.671997 ^ fanout14/X (sky130_fd_sc_hd__clkbuf_4)
                                                         net14 (net)
                      0.139804    0.001933  625.673950 ^ _185_/RESET_B (sky130_fd_sc_hd__dfrtp_1)
                                            625.673950   data arrival time

                               3125.000000 3125.000000   clock clk_i (rise edge)
                                  0.000000 3125.000000   clock source latency
     1    0.012536    0.062558    0.042292 3125.042236 ^ clk_i (in)
                                                         clk_i (net)
                      0.062562    0.000000 3125.042236 ^ clkbuf_0_clk_i/A (sky130_fd_sc_hd__clkbuf_16)
     4    0.036566    0.056684    0.145519 3125.187744 ^ clkbuf_0_clk_i/X (sky130_fd_sc_hd__clkbuf_16)
                                                         clknet_0_clk_i (net)
                      0.056713    0.001137 3125.188965 ^ clkbuf_2_0__f_clk_i/A (sky130_fd_sc_hd__clkbuf_16)
    10    0.027498    0.048736    0.136652 3125.325684 ^ clkbuf_2_0__f_clk_i/X (sky130_fd_sc_hd__clkbuf_16)
                                                         clknet_2_0__leaf_clk_i (net)
                      0.048741    0.000909 3125.326416 ^ _185_/CLK (sky130_fd_sc_hd__dfrtp_1)
                                 -0.250000 3125.076416   clock uncertainty
                                  0.000000 3125.076416   clock reconvergence pessimism
                                  0.206949 3125.283203   library recovery time
                                           3125.283203   data required time
---------------------------------------------------------------------------------------------
                                           3125.283203   data required time
                                           -625.673950   data arrival time
---------------------------------------------------------------------------------------------
                                           2499.609375   slack (MET)


Startpoint: rst_i (input port clocked by clk_i)
Endpoint: _186_ (recovery check against rising-edge clock clk_i)
Path Group: asynchronous
Path Type: max

Fanout         Cap        Slew       Delay        Time   Description
---------------------------------------------------------------------------------------------
                                  0.000000    0.000000   clock clk_i (rise edge)
                                  0.000000    0.000000   clock network delay (propagated)
                                625.000000  625.000000 ^ input external delay
     1    0.003604    0.023220    0.013131  625.013123 ^ rst_i (in)
                                                         rst_i (net)
                      0.023228    0.000000  625.013123 ^ input2/A (sky130_fd_sc_hd__buf_1)
     3    0.011920    0.146479    0.145064  625.158203 ^ input2/X (sky130_fd_sc_hd__buf_1)
                                                         net2 (net)
                      0.146481    0.000398  625.158569 ^ fanout15/A (sky130_fd_sc_hd__buf_2)
     9    0.040513    0.199562    0.253237  625.411804 ^ fanout15/X (sky130_fd_sc_hd__buf_2)
                                                         net15 (net)
                      0.199569    0.001421  625.413269 ^ fanout14/A (sky130_fd_sc_hd__clkbuf_4)
    10    0.043798    0.139777    0.258751  625.671997 ^ fanout14/X (sky130_fd_sc_hd__clkbuf_4)
                                                         net14 (net)
                      0.139801    0.001819  625.673828 ^ _186_/RESET_B (sky130_fd_sc_hd__dfrtp_1)
                                            625.673828   data arrival time

                               3125.000000 3125.000000   clock clk_i (rise edge)
                                  0.000000 3125.000000   clock source latency
     1    0.012536    0.062558    0.042292 3125.042236 ^ clk_i (in)
                                                         clk_i (net)
                      0.062562    0.000000 3125.042236 ^ clkbuf_0_clk_i/A (sky130_fd_sc_hd__clkbuf_16)
     4    0.036566    0.056684    0.145519 3125.187744 ^ clkbuf_0_clk_i/X (sky130_fd_sc_hd__clkbuf_16)
                                                         clknet_0_clk_i (net)
                      0.056713    0.001137 3125.188965 ^ clkbuf_2_0__f_clk_i/A (sky130_fd_sc_hd__clkbuf_16)
    10    0.027498    0.048736    0.136652 3125.325684 ^ clkbuf_2_0__f_clk_i/X (sky130_fd_sc_hd__clkbuf_16)
                                                         clknet_2_0__leaf_clk_i (net)
                      0.048742    0.000909 3125.326416 ^ _186_/CLK (sky130_fd_sc_hd__dfrtp_1)
                                 -0.250000 3125.076416   clock uncertainty
                                  0.000000 3125.076416   clock reconvergence pessimism
                                  0.206951 3125.283203   library recovery time
                                           3125.283203   data required time
---------------------------------------------------------------------------------------------
                                           3125.283203   data required time
                                           -625.673828   data arrival time
---------------------------------------------------------------------------------------------
                                           2499.609375   slack (MET)


Startpoint: rst_i (input port clocked by clk_i)
Endpoint: _187_ (recovery check against rising-edge clock clk_i)
Path Group: asynchronous
Path Type: max

Fanout         Cap        Slew       Delay        Time   Description
---------------------------------------------------------------------------------------------
                                  0.000000    0.000000   clock clk_i (rise edge)
                                  0.000000    0.000000   clock network delay (propagated)
                                625.000000  625.000000 ^ input external delay
     1    0.003604    0.023220    0.013131  625.013123 ^ rst_i (in)
                                                         rst_i (net)
                      0.023228    0.000000  625.013123 ^ input2/A (sky130_fd_sc_hd__buf_1)
     3    0.011920    0.146479    0.145064  625.158203 ^ input2/X (sky130_fd_sc_hd__buf_1)
                                                         net2 (net)
                      0.146481    0.000398  625.158569 ^ fanout15/A (sky130_fd_sc_hd__buf_2)
     9    0.040513    0.199562    0.253237  625.411804 ^ fanout15/X (sky130_fd_sc_hd__buf_2)
                                                         net15 (net)
                      0.199569    0.001421  625.413269 ^ fanout14/A (sky130_fd_sc_hd__clkbuf_4)
    10    0.043798    0.139777    0.258751  625.671997 ^ fanout14/X (sky130_fd_sc_hd__clkbuf_4)
                                                         net14 (net)
                      0.139801    0.001819  625.673828 ^ _187_/RESET_B (sky130_fd_sc_hd__dfrtp_1)
                                            625.673828   data arrival time

                               3125.000000 3125.000000   clock clk_i (rise edge)
                                  0.000000 3125.000000   clock source latency
     1    0.012536    0.062558    0.042292 3125.042236 ^ clk_i (in)
                                                         clk_i (net)
                      0.062562    0.000000 3125.042236 ^ clkbuf_0_clk_i/A (sky130_fd_sc_hd__clkbuf_16)
     4    0.036566    0.056684    0.145519 3125.187744 ^ clkbuf_0_clk_i/X (sky130_fd_sc_hd__clkbuf_16)
                                                         clknet_0_clk_i (net)
                      0.056713    0.001137 3125.188965 ^ clkbuf_2_0__f_clk_i/A (sky130_fd_sc_hd__clkbuf_16)
    10    0.027498    0.048736    0.136652 3125.325684 ^ clkbuf_2_0__f_clk_i/X (sky130_fd_sc_hd__clkbuf_16)
                                                         clknet_2_0__leaf_clk_i (net)
                      0.048742    0.000909 3125.326416 ^ _187_/CLK (sky130_fd_sc_hd__dfrtp_1)
                                 -0.250000 3125.076416   clock uncertainty
                                  0.000000 3125.076416   clock reconvergence pessimism
                                  0.206951 3125.283203   library recovery time
                                           3125.283203   data required time
---------------------------------------------------------------------------------------------
                                           3125.283203   data required time
                                           -625.673828   data arrival time
---------------------------------------------------------------------------------------------
                                           2499.609375   slack (MET)


Startpoint: rst_i (input port clocked by clk_i)
Endpoint: _188_ (recovery check against rising-edge clock clk_i)
Path Group: asynchronous
Path Type: max

Fanout         Cap        Slew       Delay        Time   Description
---------------------------------------------------------------------------------------------
                                  0.000000    0.000000   clock clk_i (rise edge)
                                  0.000000    0.000000   clock network delay (propagated)
                                625.000000  625.000000 ^ input external delay
     1    0.003604    0.023220    0.013131  625.013123 ^ rst_i (in)
                                                         rst_i (net)
                      0.023228    0.000000  625.013123 ^ input2/A (sky130_fd_sc_hd__buf_1)
     3    0.011920    0.146479    0.145064  625.158203 ^ input2/X (sky130_fd_sc_hd__buf_1)
                                                         net2 (net)
                      0.146481    0.000398  625.158569 ^ fanout15/A (sky130_fd_sc_hd__buf_2)
     9    0.040513    0.199562    0.253237  625.411804 ^ fanout15/X (sky130_fd_sc_hd__buf_2)
                                                         net15 (net)
                      0.199569    0.001421  625.413269 ^ fanout14/A (sky130_fd_sc_hd__clkbuf_4)
    10    0.043798    0.139777    0.258751  625.671997 ^ fanout14/X (sky130_fd_sc_hd__clkbuf_4)
                                                         net14 (net)
                      0.139791    0.001478  625.673462 ^ _188_/RESET_B (sky130_fd_sc_hd__dfrtp_1)
                                            625.673462   data arrival time

                               3125.000000 3125.000000   clock clk_i (rise edge)
                                  0.000000 3125.000000   clock source latency
     1    0.012536    0.062558    0.042292 3125.042236 ^ clk_i (in)
                                                         clk_i (net)
                      0.062562    0.000000 3125.042236 ^ clkbuf_0_clk_i/A (sky130_fd_sc_hd__clkbuf_16)
     4    0.036566    0.056684    0.145519 3125.187744 ^ clkbuf_0_clk_i/X (sky130_fd_sc_hd__clkbuf_16)
                                                         clknet_0_clk_i (net)
                      0.056713    0.001137 3125.188965 ^ clkbuf_2_0__f_clk_i/A (sky130_fd_sc_hd__clkbuf_16)
    10    0.027498    0.048736    0.136652 3125.325684 ^ clkbuf_2_0__f_clk_i/X (sky130_fd_sc_hd__clkbuf_16)
                                                         clknet_2_0__leaf_clk_i (net)
                      0.048742    0.000909 3125.326416 ^ _188_/CLK (sky130_fd_sc_hd__dfrtp_1)
                                 -0.250000 3125.076416   clock uncertainty
                                  0.000000 3125.076416   clock reconvergence pessimism
                                  0.206953 3125.283203   library recovery time
                                           3125.283203   data required time
---------------------------------------------------------------------------------------------
                                           3125.283203   data required time
                                           -625.673462   data arrival time
---------------------------------------------------------------------------------------------
                                           2499.609863   slack (MET)


Startpoint: rst_i (input port clocked by clk_i)
Endpoint: _189_ (recovery check against rising-edge clock clk_i)
Path Group: asynchronous
Path Type: max

Fanout         Cap        Slew       Delay        Time   Description
---------------------------------------------------------------------------------------------
                                  0.000000    0.000000   clock clk_i (rise edge)
                                  0.000000    0.000000   clock network delay (propagated)
                                625.000000  625.000000 ^ input external delay
     1    0.003604    0.023220    0.013131  625.013123 ^ rst_i (in)
                                                         rst_i (net)
                      0.023228    0.000000  625.013123 ^ input2/A (sky130_fd_sc_hd__buf_1)
     3    0.011920    0.146479    0.145064  625.158203 ^ input2/X (sky130_fd_sc_hd__buf_1)
                                                         net2 (net)
                      0.146481    0.000398  625.158569 ^ fanout15/A (sky130_fd_sc_hd__buf_2)
     9    0.040513    0.199562    0.253237  625.411804 ^ fanout15/X (sky130_fd_sc_hd__buf_2)
                                                         net15 (net)
                      0.199569    0.001421  625.413269 ^ fanout14/A (sky130_fd_sc_hd__clkbuf_4)
    10    0.043798    0.139777    0.258751  625.671997 ^ fanout14/X (sky130_fd_sc_hd__clkbuf_4)
                                                         net14 (net)
                      0.139800    0.001819  625.673828 ^ _189_/RESET_B (sky130_fd_sc_hd__dfrtp_1)
                                            625.673828   data arrival time

                               3125.000000 3125.000000   clock clk_i (rise edge)
                                  0.000000 3125.000000   clock source latency
     1    0.012536    0.062558    0.042292 3125.042236 ^ clk_i (in)
                                                         clk_i (net)
                      0.062562    0.000000 3125.042236 ^ clkbuf_0_clk_i/A (sky130_fd_sc_hd__clkbuf_16)
     4    0.036566    0.056684    0.145519 3125.187744 ^ clkbuf_0_clk_i/X (sky130_fd_sc_hd__clkbuf_16)
                                                         clknet_0_clk_i (net)
                      0.056713    0.001137 3125.188965 ^ clkbuf_2_0__f_clk_i/A (sky130_fd_sc_hd__clkbuf_16)
    10    0.027498    0.048736    0.136652 3125.325684 ^ clkbuf_2_0__f_clk_i/X (sky130_fd_sc_hd__clkbuf_16)
                                                         clknet_2_0__leaf_clk_i (net)
                      0.048741    0.000909 3125.326416 ^ _189_/CLK (sky130_fd_sc_hd__dfrtp_1)
                                 -0.250000 3125.076416   clock uncertainty
                                  0.000000 3125.076416   clock reconvergence pessimism
                                  0.206950 3125.283203   library recovery time
                                           3125.283203   data required time
---------------------------------------------------------------------------------------------
                                           3125.283203   data required time
                                           -625.673828   data arrival time
---------------------------------------------------------------------------------------------
                                           2499.609375   slack (MET)


Startpoint: wr_i (input port clocked by clk_i)
Endpoint: _168_ (rising edge-triggered flip-flop clocked by clk_i)
Path Group: clk_i
Path Type: max

Fanout         Cap        Slew       Delay        Time   Description
---------------------------------------------------------------------------------------------
                                  0.000000    0.000000   clock clk_i (rise edge)
                                  0.000000    0.000000   clock network delay (propagated)
                                625.000000  625.000000 ^ input external delay
     1    0.003410    0.022374    0.012449  625.012451 ^ wr_i (in)
                                                         wr_i (net)
                      0.022374    0.000000  625.012451 ^ input3/A (sky130_fd_sc_hd__buf_1)
     4    0.017066    0.204918    0.185196  625.197632 ^ input3/X (sky130_fd_sc_hd__buf_1)
                                                         net3 (net)
                      0.204919    0.000341  625.197998 ^ _168_/D (sky130_fd_sc_hd__dfrtp_1)
                                            625.197998   data arrival time

                               3125.000000 3125.000000   clock clk_i (rise edge)
                                  0.000000 3125.000000   clock source latency
     1    0.012536    0.062558    0.042292 3125.042236 ^ clk_i (in)
                                                         clk_i (net)
                      0.062562    0.000000 3125.042236 ^ clkbuf_0_clk_i/A (sky130_fd_sc_hd__clkbuf_16)
     4    0.036566    0.056684    0.145519 3125.187744 ^ clkbuf_0_clk_i/X (sky130_fd_sc_hd__clkbuf_16)
                                                         clknet_0_clk_i (net)
                      0.056713    0.001137 3125.188965 ^ clkbuf_2_0__f_clk_i/A (sky130_fd_sc_hd__clkbuf_16)
    10    0.027498    0.048736    0.136652 3125.325684 ^ clkbuf_2_0__f_clk_i/X (sky130_fd_sc_hd__clkbuf_16)
                                                         clknet_2_0__leaf_clk_i (net)
                      0.048740    0.000682 3125.326172 ^ _168_/CLK (sky130_fd_sc_hd__dfrtp_1)
                                 -0.250000 3125.076172   clock uncertainty
                                  0.000000 3125.076172   clock reconvergence pessimism
                                 -0.096167 3124.979980   library setup time
                                           3124.979980   data required time
---------------------------------------------------------------------------------------------
                                           3124.979980   data required time
                                           -625.197998   data arrival time
---------------------------------------------------------------------------------------------
                                           2499.781982   slack (MET)


Startpoint: rst_i (input port clocked by clk_i)
Endpoint: _162_ (recovery check against rising-edge clock clk_i)
Path Group: asynchronous
Path Type: max

Fanout         Cap        Slew       Delay        Time   Description
---------------------------------------------------------------------------------------------
                                  0.000000    0.000000   clock clk_i (rise edge)
                                  0.000000    0.000000   clock network delay (propagated)
                                625.000000  625.000000 ^ input external delay
     1    0.003604    0.023220    0.013131  625.013123 ^ rst_i (in)
                                                         rst_i (net)
                      0.023228    0.000000  625.013123 ^ input2/A (sky130_fd_sc_hd__buf_1)
     3    0.011920    0.146479    0.145064  625.158203 ^ input2/X (sky130_fd_sc_hd__buf_1)
                                                         net2 (net)
                      0.146481    0.000398  625.158569 ^ fanout15/A (sky130_fd_sc_hd__buf_2)
     9    0.040513    0.199562    0.253237  625.411804 ^ fanout15/X (sky130_fd_sc_hd__buf_2)
                                                         net15 (net)
                      0.199569    0.001364  625.413208 ^ _162_/RESET_B (sky130_fd_sc_hd__dfrtp_1)
                                            625.413208   data arrival time

                               3125.000000 3125.000000   clock clk_i (rise edge)
                                  0.000000 3125.000000   clock source latency
     1    0.012536    0.062558    0.042292 3125.042236 ^ clk_i (in)
                                                         clk_i (net)
                      0.062562    0.000000 3125.042236 ^ clkbuf_0_clk_i/A (sky130_fd_sc_hd__clkbuf_16)
     4    0.036566    0.056684    0.145519 3125.187744 ^ clkbuf_0_clk_i/X (sky130_fd_sc_hd__clkbuf_16)
                                                         clknet_0_clk_i (net)
                      0.056707    0.001137 3125.188965 ^ clkbuf_2_1__f_clk_i/A (sky130_fd_sc_hd__clkbuf_16)
     9    0.026726    0.047870    0.135969 3125.324951 ^ clkbuf_2_1__f_clk_i/X (sky130_fd_sc_hd__clkbuf_16)
                                                         clknet_2_1__leaf_clk_i (net)
                      0.047877    0.000455 3125.325439 ^ _162_/CLK (sky130_fd_sc_hd__dfrtp_1)
                                 -0.250000 3125.075195   clock uncertainty
                                  0.000000 3125.075195   clock reconvergence pessimism
                                  0.191216 3125.266602   library recovery time
                                           3125.266602   data required time
---------------------------------------------------------------------------------------------
                                           3125.266602   data required time
                                           -625.413208   data arrival time
---------------------------------------------------------------------------------------------
                                           2499.853271   slack (MET)


Startpoint: rst_i (input port clocked by clk_i)
Endpoint: _163_ (recovery check against rising-edge clock clk_i)
Path Group: asynchronous
Path Type: max

Fanout         Cap        Slew       Delay        Time   Description
---------------------------------------------------------------------------------------------
                                  0.000000    0.000000   clock clk_i (rise edge)
                                  0.000000    0.000000   clock network delay (propagated)
                                625.000000  625.000000 ^ input external delay
     1    0.003604    0.023220    0.013131  625.013123 ^ rst_i (in)
                                                         rst_i (net)
                      0.023228    0.000000  625.013123 ^ input2/A (sky130_fd_sc_hd__buf_1)
     3    0.011920    0.146479    0.145064  625.158203 ^ input2/X (sky130_fd_sc_hd__buf_1)
                                                         net2 (net)
                      0.146481    0.000398  625.158569 ^ fanout15/A (sky130_fd_sc_hd__buf_2)
     9    0.040513    0.199562    0.253237  625.411804 ^ fanout15/X (sky130_fd_sc_hd__buf_2)
                                                         net15 (net)
                      0.199568    0.001364  625.413208 ^ _163_/RESET_B (sky130_fd_sc_hd__dfrtp_1)
                                            625.413208   data arrival time

                               3125.000000 3125.000000   clock clk_i (rise edge)
                                  0.000000 3125.000000   clock source latency
     1    0.012536    0.062558    0.042292 3125.042236 ^ clk_i (in)
                                                         clk_i (net)
                      0.062562    0.000000 3125.042236 ^ clkbuf_0_clk_i/A (sky130_fd_sc_hd__clkbuf_16)
     4    0.036566    0.056684    0.145519 3125.187744 ^ clkbuf_0_clk_i/X (sky130_fd_sc_hd__clkbuf_16)
                                                         clknet_0_clk_i (net)
                      0.056707    0.001137 3125.188965 ^ clkbuf_2_1__f_clk_i/A (sky130_fd_sc_hd__clkbuf_16)
     9    0.026726    0.047870    0.135969 3125.324951 ^ clkbuf_2_1__f_clk_i/X (sky130_fd_sc_hd__clkbuf_16)
                                                         clknet_2_1__leaf_clk_i (net)
                      0.047874    0.000455 3125.325439 ^ _163_/CLK (sky130_fd_sc_hd__dfrtp_1)
                                 -0.250000 3125.075195   clock uncertainty
                                  0.000000 3125.075195   clock reconvergence pessimism
                                  0.191215 3125.266602   library recovery time
                                           3125.266602   data required time
---------------------------------------------------------------------------------------------
                                           3125.266602   data required time
                                           -625.413208   data arrival time
---------------------------------------------------------------------------------------------
                                           2499.853271   slack (MET)


Startpoint: rst_i (input port clocked by clk_i)
Endpoint: _164_ (recovery check against rising-edge clock clk_i)
Path Group: asynchronous
Path Type: max

Fanout         Cap        Slew       Delay        Time   Description
---------------------------------------------------------------------------------------------
                                  0.000000    0.000000   clock clk_i (rise edge)
                                  0.000000    0.000000   clock network delay (propagated)
                                625.000000  625.000000 ^ input external delay
     1    0.003604    0.023220    0.013131  625.013123 ^ rst_i (in)
                                                         rst_i (net)
                      0.023228    0.000000  625.013123 ^ input2/A (sky130_fd_sc_hd__buf_1)
     3    0.011920    0.146479    0.145064  625.158203 ^ input2/X (sky130_fd_sc_hd__buf_1)
                                                         net2 (net)
                      0.146481    0.000398  625.158569 ^ fanout15/A (sky130_fd_sc_hd__buf_2)
     9    0.040513    0.199562    0.253237  625.411804 ^ fanout15/X (sky130_fd_sc_hd__buf_2)
                                                         net15 (net)
                      0.199564    0.000966  625.412781 ^ _164_/RESET_B (sky130_fd_sc_hd__dfrtp_1)
                                            625.412781   data arrival time

                               3125.000000 3125.000000   clock clk_i (rise edge)
                                  0.000000 3125.000000   clock source latency
     1    0.012536    0.062558    0.042292 3125.042236 ^ clk_i (in)
                                                         clk_i (net)
                      0.062562    0.000000 3125.042236 ^ clkbuf_0_clk_i/A (sky130_fd_sc_hd__clkbuf_16)
     4    0.036566    0.056684    0.145519 3125.187744 ^ clkbuf_0_clk_i/X (sky130_fd_sc_hd__clkbuf_16)
                                                         clknet_0_clk_i (net)
                      0.056707    0.001137 3125.188965 ^ clkbuf_2_1__f_clk_i/A (sky130_fd_sc_hd__clkbuf_16)
     9    0.026726    0.047870    0.135969 3125.324951 ^ clkbuf_2_1__f_clk_i/X (sky130_fd_sc_hd__clkbuf_16)
                                                         clknet_2_1__leaf_clk_i (net)
                      0.047874    0.000455 3125.325439 ^ _164_/CLK (sky130_fd_sc_hd__dfrtp_1)
                                 -0.250000 3125.075195   clock uncertainty
                                  0.000000 3125.075195   clock reconvergence pessimism
                                  0.191216 3125.266602   library recovery time
                                           3125.266602   data required time
---------------------------------------------------------------------------------------------
                                           3125.266602   data required time
                                           -625.412781   data arrival time
---------------------------------------------------------------------------------------------
                                           2499.853516   slack (MET)


Startpoint: rst_i (input port clocked by clk_i)
Endpoint: _165_ (recovery check against rising-edge clock clk_i)
Path Group: asynchronous
Path Type: max

Fanout         Cap        Slew       Delay        Time   Description
---------------------------------------------------------------------------------------------
                                  0.000000    0.000000   clock clk_i (rise edge)
                                  0.000000    0.000000   clock network delay (propagated)
                                625.000000  625.000000 ^ input external delay
     1    0.003604    0.023220    0.013131  625.013123 ^ rst_i (in)
                                                         rst_i (net)
                      0.023228    0.000000  625.013123 ^ input2/A (sky130_fd_sc_hd__buf_1)
     3    0.011920    0.146479    0.145064  625.158203 ^ input2/X (sky130_fd_sc_hd__buf_1)
                                                         net2 (net)
                      0.146481    0.000398  625.158569 ^ fanout15/A (sky130_fd_sc_hd__buf_2)
     9    0.040513    0.199562    0.253237  625.411804 ^ fanout15/X (sky130_fd_sc_hd__buf_2)
                                                         net15 (net)
                      0.199572    0.001592  625.413452 ^ _165_/RESET_B (sky130_fd_sc_hd__dfrtp_1)
                                            625.413452   data arrival time

                               3125.000000 3125.000000   clock clk_i (rise edge)
                                  0.000000 3125.000000   clock source latency
     1    0.012536    0.062558    0.042292 3125.042236 ^ clk_i (in)
                                                         clk_i (net)
                      0.062562    0.000000 3125.042236 ^ clkbuf_0_clk_i/A (sky130_fd_sc_hd__clkbuf_16)
     4    0.036566    0.056684    0.145519 3125.187744 ^ clkbuf_0_clk_i/X (sky130_fd_sc_hd__clkbuf_16)
                                                         clknet_0_clk_i (net)
                      0.056707    0.001137 3125.188965 ^ clkbuf_2_1__f_clk_i/A (sky130_fd_sc_hd__clkbuf_16)
     9    0.026726    0.047870    0.135969 3125.324951 ^ clkbuf_2_1__f_clk_i/X (sky130_fd_sc_hd__clkbuf_16)
                                                         clknet_2_1__leaf_clk_i (net)
                      0.047876    0.000455 3125.325439 ^ _165_/CLK (sky130_fd_sc_hd__dfrtp_1)
                                 -0.250000 3125.075195   clock uncertainty
                                  0.000000 3125.075195   clock reconvergence pessimism
                                  0.191215 3125.266602   library recovery time
                                           3125.266602   data required time
---------------------------------------------------------------------------------------------
                                           3125.266602   data required time
                                           -625.413452   data arrival time
---------------------------------------------------------------------------------------------
                                           2499.853027   slack (MET)


Startpoint: rst_i (input port clocked by clk_i)
Endpoint: _190_ (recovery check against rising-edge clock clk_i)
Path Group: asynchronous
Path Type: max

Fanout         Cap        Slew       Delay        Time   Description
---------------------------------------------------------------------------------------------
                                  0.000000    0.000000   clock clk_i (rise edge)
                                  0.000000    0.000000   clock network delay (propagated)
                                625.000000  625.000000 ^ input external delay
     1    0.003604    0.023220    0.013131  625.013123 ^ rst_i (in)
                                                         rst_i (net)
                      0.023228    0.000000  625.013123 ^ input2/A (sky130_fd_sc_hd__buf_1)
     3    0.011920    0.146479    0.145064  625.158203 ^ input2/X (sky130_fd_sc_hd__buf_1)
                                                         net2 (net)
                      0.146481    0.000398  625.158569 ^ fanout15/A (sky130_fd_sc_hd__buf_2)
     9    0.040513    0.199562    0.253237  625.411804 ^ fanout15/X (sky130_fd_sc_hd__buf_2)
                                                         net15 (net)
                      0.199568    0.001364  625.413208 ^ _190_/RESET_B (sky130_fd_sc_hd__dfrtp_1)
                                            625.413208   data arrival time

                               3125.000000 3125.000000   clock clk_i (rise edge)
                                  0.000000 3125.000000   clock source latency
     1    0.012536    0.062558    0.042292 3125.042236 ^ clk_i (in)
                                                         clk_i (net)
                      0.062562    0.000000 3125.042236 ^ clkbuf_0_clk_i/A (sky130_fd_sc_hd__clkbuf_16)
     4    0.036566    0.056684    0.145519 3125.187744 ^ clkbuf_0_clk_i/X (sky130_fd_sc_hd__clkbuf_16)
                                                         clknet_0_clk_i (net)
                      0.056707    0.001137 3125.188965 ^ clkbuf_2_1__f_clk_i/A (sky130_fd_sc_hd__clkbuf_16)
     9    0.026726    0.047870    0.135969 3125.324951 ^ clkbuf_2_1__f_clk_i/X (sky130_fd_sc_hd__clkbuf_16)
                                                         clknet_2_1__leaf_clk_i (net)
                      0.047874    0.000455 3125.325439 ^ _190_/CLK (sky130_fd_sc_hd__dfrtp_1)
                                 -0.250000 3125.075195   clock uncertainty
                                  0.000000 3125.075195   clock reconvergence pessimism
                                  0.191215 3125.266602   library recovery time
                                           3125.266602   data required time
---------------------------------------------------------------------------------------------
                                           3125.266602   data required time
                                           -625.413208   data arrival time
---------------------------------------------------------------------------------------------
                                           2499.853271   slack (MET)


Startpoint: rst_i (input port clocked by clk_i)
Endpoint: _191_ (recovery check against rising-edge clock clk_i)
Path Group: asynchronous
Path Type: max

Fanout         Cap        Slew       Delay        Time   Description
---------------------------------------------------------------------------------------------
                                  0.000000    0.000000   clock clk_i (rise edge)
                                  0.000000    0.000000   clock network delay (propagated)
                                625.000000  625.000000 ^ input external delay
     1    0.003604    0.023220    0.013131  625.013123 ^ rst_i (in)
                                                         rst_i (net)
                      0.023228    0.000000  625.013123 ^ input2/A (sky130_fd_sc_hd__buf_1)
     3    0.011920    0.146479    0.145064  625.158203 ^ input2/X (sky130_fd_sc_hd__buf_1)
                                                         net2 (net)
                      0.146481    0.000398  625.158569 ^ fanout15/A (sky130_fd_sc_hd__buf_2)
     9    0.040513    0.199562    0.253237  625.411804 ^ fanout15/X (sky130_fd_sc_hd__buf_2)
                                                         net15 (net)
                      0.199565    0.001080  625.412903 ^ _191_/RESET_B (sky130_fd_sc_hd__dfrtp_1)
                                            625.412903   data arrival time

                               3125.000000 3125.000000   clock clk_i (rise edge)
                                  0.000000 3125.000000   clock source latency
     1    0.012536    0.062558    0.042292 3125.042236 ^ clk_i (in)
                                                         clk_i (net)
                      0.062562    0.000000 3125.042236 ^ clkbuf_0_clk_i/A (sky130_fd_sc_hd__clkbuf_16)
     4    0.036566    0.056684    0.145519 3125.187744 ^ clkbuf_0_clk_i/X (sky130_fd_sc_hd__clkbuf_16)
                                                         clknet_0_clk_i (net)
                      0.056707    0.001137 3125.188965 ^ clkbuf_2_1__f_clk_i/A (sky130_fd_sc_hd__clkbuf_16)
     9    0.026726    0.047870    0.135969 3125.324951 ^ clkbuf_2_1__f_clk_i/X (sky130_fd_sc_hd__clkbuf_16)
                                                         clknet_2_1__leaf_clk_i (net)
                      0.047873    0.000455 3125.325439 ^ _191_/CLK (sky130_fd_sc_hd__dfrtp_1)
                                 -0.250000 3125.075195   clock uncertainty
                                  0.000000 3125.075195   clock reconvergence pessimism
                                  0.191215 3125.266602   library recovery time
                                           3125.266602   data required time
---------------------------------------------------------------------------------------------
                                           3125.266602   data required time
                                           -625.412903   data arrival time
---------------------------------------------------------------------------------------------
                                           2499.853516   slack (MET)


Startpoint: rst_i (input port clocked by clk_i)
Endpoint: _192_ (recovery check against rising-edge clock clk_i)
Path Group: asynchronous
Path Type: max

Fanout         Cap        Slew       Delay        Time   Description
---------------------------------------------------------------------------------------------
                                  0.000000    0.000000   clock clk_i (rise edge)
                                  0.000000    0.000000   clock network delay (propagated)
                                625.000000  625.000000 ^ input external delay
     1    0.003604    0.023220    0.013131  625.013123 ^ rst_i (in)
                                                         rst_i (net)
                      0.023228    0.000000  625.013123 ^ input2/A (sky130_fd_sc_hd__buf_1)
     3    0.011920    0.146479    0.145064  625.158203 ^ input2/X (sky130_fd_sc_hd__buf_1)
                                                         net2 (net)
                      0.146481    0.000398  625.158569 ^ fanout15/A (sky130_fd_sc_hd__buf_2)
     9    0.040513    0.199562    0.253237  625.411804 ^ fanout15/X (sky130_fd_sc_hd__buf_2)
                                                         net15 (net)
                      0.199565    0.001080  625.412903 ^ _192_/RESET_B (sky130_fd_sc_hd__dfrtp_1)
                                            625.412903   data arrival time

                               3125.000000 3125.000000   clock clk_i (rise edge)
                                  0.000000 3125.000000   clock source latency
     1    0.012536    0.062558    0.042292 3125.042236 ^ clk_i (in)
                                                         clk_i (net)
                      0.062562    0.000000 3125.042236 ^ clkbuf_0_clk_i/A (sky130_fd_sc_hd__clkbuf_16)
     4    0.036566    0.056684    0.145519 3125.187744 ^ clkbuf_0_clk_i/X (sky130_fd_sc_hd__clkbuf_16)
                                                         clknet_0_clk_i (net)
                      0.056707    0.001137 3125.188965 ^ clkbuf_2_1__f_clk_i/A (sky130_fd_sc_hd__clkbuf_16)
     9    0.026726    0.047870    0.135969 3125.324951 ^ clkbuf_2_1__f_clk_i/X (sky130_fd_sc_hd__clkbuf_16)
                                                         clknet_2_1__leaf_clk_i (net)
                      0.047873    0.000455 3125.325439 ^ _192_/CLK (sky130_fd_sc_hd__dfrtp_1)
                                 -0.250000 3125.075195   clock uncertainty
                                  0.000000 3125.075195   clock reconvergence pessimism
                                  0.191215 3125.266602   library recovery time
                                           3125.266602   data required time
---------------------------------------------------------------------------------------------
                                           3125.266602   data required time
                                           -625.412903   data arrival time
---------------------------------------------------------------------------------------------
                                           2499.853516   slack (MET)


Startpoint: rst_i (input port clocked by clk_i)
Endpoint: _193_ (recovery check against rising-edge clock clk_i)
Path Group: asynchronous
Path Type: max

Fanout         Cap        Slew       Delay        Time   Description
---------------------------------------------------------------------------------------------
                                  0.000000    0.000000   clock clk_i (rise edge)
                                  0.000000    0.000000   clock network delay (propagated)
                                625.000000  625.000000 ^ input external delay
     1    0.003604    0.023220    0.013131  625.013123 ^ rst_i (in)
                                                         rst_i (net)
                      0.023228    0.000000  625.013123 ^ input2/A (sky130_fd_sc_hd__buf_1)
     3    0.011920    0.146479    0.145064  625.158203 ^ input2/X (sky130_fd_sc_hd__buf_1)
                                                         net2 (net)
                      0.146481    0.000398  625.158569 ^ fanout15/A (sky130_fd_sc_hd__buf_2)
     9    0.040513    0.199562    0.253237  625.411804 ^ fanout15/X (sky130_fd_sc_hd__buf_2)
                                                         net15 (net)
                      0.199571    0.001535  625.413391 ^ _193_/RESET_B (sky130_fd_sc_hd__dfrtp_1)
                                            625.413391   data arrival time

                               3125.000000 3125.000000   clock clk_i (rise edge)
                                  0.000000 3125.000000   clock source latency
     1    0.012536    0.062558    0.042292 3125.042236 ^ clk_i (in)
                                                         clk_i (net)
                      0.062562    0.000000 3125.042236 ^ clkbuf_0_clk_i/A (sky130_fd_sc_hd__clkbuf_16)
     4    0.036566    0.056684    0.145519 3125.187744 ^ clkbuf_0_clk_i/X (sky130_fd_sc_hd__clkbuf_16)
                                                         clknet_0_clk_i (net)
                      0.056713    0.001137 3125.188965 ^ clkbuf_2_0__f_clk_i/A (sky130_fd_sc_hd__clkbuf_16)
    10    0.027498    0.048736    0.136652 3125.325684 ^ clkbuf_2_0__f_clk_i/X (sky130_fd_sc_hd__clkbuf_16)
                                                         clknet_2_0__leaf_clk_i (net)
                      0.048738    0.000455 3125.326172 ^ _193_/CLK (sky130_fd_sc_hd__dfrtp_1)
                                 -0.250000 3125.075928   clock uncertainty
                                  0.000000 3125.075928   clock reconvergence pessimism
                                  0.191484 3125.267334   library recovery time
                                           3125.267334   data required time
---------------------------------------------------------------------------------------------
                                           3125.267334   data required time
                                           -625.413391   data arrival time
---------------------------------------------------------------------------------------------
                                           2499.854004   slack (MET)


Startpoint: rst_i (input port clocked by clk_i)
Endpoint: _172_ (recovery check against rising-edge clock clk_i)
Path Group: asynchronous
Path Type: max

Fanout         Cap        Slew       Delay        Time   Description
---------------------------------------------------------------------------------------------
                                  0.000000    0.000000   clock clk_i (rise edge)
                                  0.000000    0.000000   clock network delay (propagated)
                                625.000000  625.000000 ^ input external delay
     1    0.003604    0.023220    0.013131  625.013123 ^ rst_i (in)
                                                         rst_i (net)
                      0.023228    0.000000  625.013123 ^ input2/A (sky130_fd_sc_hd__buf_1)
     3    0.011920    0.146479    0.145064  625.158203 ^ input2/X (sky130_fd_sc_hd__buf_1)
                                                         net2 (net)
                      0.146482    0.000568  625.158752 ^ fanout16/A (sky130_fd_sc_hd__clkbuf_4)
    10    0.044418    0.141149    0.242380  625.401123 ^ fanout16/X (sky130_fd_sc_hd__clkbuf_4)
                                                         net16 (net)
                      0.141153    0.000966  625.402100 ^ _172_/RESET_B (sky130_fd_sc_hd__dfrtp_1)
                                            625.402100   data arrival time

                               3125.000000 3125.000000   clock clk_i (rise edge)
                                  0.000000 3125.000000   clock source latency
     1    0.012536    0.062558    0.042292 3125.042236 ^ clk_i (in)
                                                         clk_i (net)
                      0.062562    0.000000 3125.042236 ^ clkbuf_0_clk_i/A (sky130_fd_sc_hd__clkbuf_16)
     4    0.036566    0.056684    0.145519 3125.187744 ^ clkbuf_0_clk_i/X (sky130_fd_sc_hd__clkbuf_16)
                                                         clknet_0_clk_i (net)
                      0.056709    0.001137 3125.188965 ^ clkbuf_2_2__f_clk_i/A (sky130_fd_sc_hd__clkbuf_16)
    10    0.026804    0.047960    0.135742 3125.324707 ^ clkbuf_2_2__f_clk_i/X (sky130_fd_sc_hd__clkbuf_16)
                                                         clknet_2_2__leaf_clk_i (net)
                      0.048017    0.001364 3125.326172 ^ _172_/CLK (sky130_fd_sc_hd__dfrtp_1)
                                 -0.250000 3125.075928   clock uncertainty
                                  0.000000 3125.075928   clock reconvergence pessimism
                                  0.206376 3125.282471   library recovery time
                                           3125.282471   data required time
---------------------------------------------------------------------------------------------
                                           3125.282471   data required time
                                           -625.402100   data arrival time
---------------------------------------------------------------------------------------------
                                           2499.880371   slack (MET)


Startpoint: rst_i (input port clocked by clk_i)
Endpoint: _175_ (recovery check against rising-edge clock clk_i)
Path Group: asynchronous
Path Type: max

Fanout         Cap        Slew       Delay        Time   Description
---------------------------------------------------------------------------------------------
                                  0.000000    0.000000   clock clk_i (rise edge)
                                  0.000000    0.000000   clock network delay (propagated)
                                625.000000  625.000000 ^ input external delay
     1    0.003604    0.023220    0.013131  625.013123 ^ rst_i (in)
                                                         rst_i (net)
                      0.023228    0.000000  625.013123 ^ input2/A (sky130_fd_sc_hd__buf_1)
     3    0.011920    0.146479    0.145064  625.158203 ^ input2/X (sky130_fd_sc_hd__buf_1)
                                                         net2 (net)
                      0.146482    0.000568  625.158752 ^ fanout16/A (sky130_fd_sc_hd__clkbuf_4)
    10    0.044418    0.141149    0.242380  625.401123 ^ fanout16/X (sky130_fd_sc_hd__clkbuf_4)
                                                         net16 (net)
                      0.141155    0.001080  625.402222 ^ _175_/RESET_B (sky130_fd_sc_hd__dfrtp_1)
                                            625.402222   data arrival time

                               3125.000000 3125.000000   clock clk_i (rise edge)
                                  0.000000 3125.000000   clock source latency
     1    0.012536    0.062558    0.042292 3125.042236 ^ clk_i (in)
                                                         clk_i (net)
                      0.062562    0.000000 3125.042236 ^ clkbuf_0_clk_i/A (sky130_fd_sc_hd__clkbuf_16)
     4    0.036566    0.056684    0.145519 3125.187744 ^ clkbuf_0_clk_i/X (sky130_fd_sc_hd__clkbuf_16)
                                                         clknet_0_clk_i (net)
                      0.056709    0.001137 3125.188965 ^ clkbuf_2_2__f_clk_i/A (sky130_fd_sc_hd__clkbuf_16)
    10    0.026804    0.047960    0.135742 3125.324707 ^ clkbuf_2_2__f_clk_i/X (sky130_fd_sc_hd__clkbuf_16)
                                                         clknet_2_2__leaf_clk_i (net)
                      0.048016    0.001364 3125.326172 ^ _175_/CLK (sky130_fd_sc_hd__dfrtp_1)
                                 -0.250000 3125.075928   clock uncertainty
                                  0.000000 3125.075928   clock reconvergence pessimism
                                  0.206375 3125.282471   library recovery time
                                           3125.282471   data required time
---------------------------------------------------------------------------------------------
                                           3125.282471   data required time
                                           -625.402222   data arrival time
---------------------------------------------------------------------------------------------
                                           2499.880127   slack (MET)


Startpoint: rst_i (input port clocked by clk_i)
Endpoint: _176_ (recovery check against rising-edge clock clk_i)
Path Group: asynchronous
Path Type: max

Fanout         Cap        Slew       Delay        Time   Description
---------------------------------------------------------------------------------------------
                                  0.000000    0.000000   clock clk_i (rise edge)
                                  0.000000    0.000000   clock network delay (propagated)
                                625.000000  625.000000 ^ input external delay
     1    0.003604    0.023220    0.013131  625.013123 ^ rst_i (in)
                                                         rst_i (net)
                      0.023228    0.000000  625.013123 ^ input2/A (sky130_fd_sc_hd__buf_1)
     3    0.011920    0.146479    0.145064  625.158203 ^ input2/X (sky130_fd_sc_hd__buf_1)
                                                         net2 (net)
                      0.146482    0.000568  625.158752 ^ fanout16/A (sky130_fd_sc_hd__clkbuf_4)
    10    0.044418    0.141149    0.242380  625.401123 ^ fanout16/X (sky130_fd_sc_hd__clkbuf_4)
                                                         net16 (net)
                      0.141162    0.001421  625.402588 ^ _176_/RESET_B (sky130_fd_sc_hd__dfrtp_1)
                                            625.402588   data arrival time

                               3125.000000 3125.000000   clock clk_i (rise edge)
                                  0.000000 3125.000000   clock source latency
     1    0.012536    0.062558    0.042292 3125.042236 ^ clk_i (in)
                                                         clk_i (net)
                      0.062562    0.000000 3125.042236 ^ clkbuf_0_clk_i/A (sky130_fd_sc_hd__clkbuf_16)
     4    0.036566    0.056684    0.145519 3125.187744 ^ clkbuf_0_clk_i/X (sky130_fd_sc_hd__clkbuf_16)
                                                         clknet_0_clk_i (net)
                      0.056709    0.001137 3125.188965 ^ clkbuf_2_2__f_clk_i/A (sky130_fd_sc_hd__clkbuf_16)
    10    0.026804    0.047960    0.135742 3125.324707 ^ clkbuf_2_2__f_clk_i/X (sky130_fd_sc_hd__clkbuf_16)
                                                         clknet_2_2__leaf_clk_i (net)
                      0.047975    0.000909 3125.325684 ^ _176_/CLK (sky130_fd_sc_hd__dfrtp_1)
                                 -0.250000 3125.075439   clock uncertainty
                                  0.000000 3125.075439   clock reconvergence pessimism
                                  0.206360 3125.281982   library recovery time
                                           3125.281982   data required time
---------------------------------------------------------------------------------------------
                                           3125.281982   data required time
                                           -625.402588   data arrival time
---------------------------------------------------------------------------------------------
                                           2499.879395   slack (MET)


Startpoint: rst_i (input port clocked by clk_i)
Endpoint: _177_ (recovery check against rising-edge clock clk_i)
Path Group: asynchronous
Path Type: max

Fanout         Cap        Slew       Delay        Time   Description
---------------------------------------------------------------------------------------------
                                  0.000000    0.000000   clock clk_i (rise edge)
                                  0.000000    0.000000   clock network delay (propagated)
                                625.000000  625.000000 ^ input external delay
     1    0.003604    0.023220    0.013131  625.013123 ^ rst_i (in)
                                                         rst_i (net)
                      0.023228    0.000000  625.013123 ^ input2/A (sky130_fd_sc_hd__buf_1)
     3    0.011920    0.146479    0.145064  625.158203 ^ input2/X (sky130_fd_sc_hd__buf_1)
                                                         net2 (net)
                      0.146482    0.000568  625.158752 ^ fanout16/A (sky130_fd_sc_hd__clkbuf_4)
    10    0.044418    0.141149    0.242380  625.401123 ^ fanout16/X (sky130_fd_sc_hd__clkbuf_4)
                                                         net16 (net)
                      0.141159    0.001307  625.402466 ^ _177_/RESET_B (sky130_fd_sc_hd__dfrtp_1)
                                            625.402466   data arrival time

                               3125.000000 3125.000000   clock clk_i (rise edge)
                                  0.000000 3125.000000   clock source latency
     1    0.012536    0.062558    0.042292 3125.042236 ^ clk_i (in)
                                                         clk_i (net)
                      0.062562    0.000000 3125.042236 ^ clkbuf_0_clk_i/A (sky130_fd_sc_hd__clkbuf_16)
     4    0.036566    0.056684    0.145519 3125.187744 ^ clkbuf_0_clk_i/X (sky130_fd_sc_hd__clkbuf_16)
                                                         clknet_0_clk_i (net)
                      0.056709    0.001137 3125.188965 ^ clkbuf_2_2__f_clk_i/A (sky130_fd_sc_hd__clkbuf_16)
    10    0.026804    0.047960    0.135742 3125.324707 ^ clkbuf_2_2__f_clk_i/X (sky130_fd_sc_hd__clkbuf_16)
                                                         clknet_2_2__leaf_clk_i (net)
                      0.047962    0.000455 3125.325195 ^ _177_/CLK (sky130_fd_sc_hd__dfrtp_1)
                                 -0.250000 3125.074951   clock uncertainty
                                  0.000000 3125.074951   clock reconvergence pessimism
                                  0.206357 3125.281494   library recovery time
                                           3125.281494   data required time
---------------------------------------------------------------------------------------------
                                           3125.281494   data required time
                                           -625.402466   data arrival time
---------------------------------------------------------------------------------------------
                                           2499.879150   slack (MET)


Startpoint: rst_i (input port clocked by clk_i)
Endpoint: _179_ (recovery check against rising-edge clock clk_i)
Path Group: asynchronous
Path Type: max

Fanout         Cap        Slew       Delay        Time   Description
---------------------------------------------------------------------------------------------
                                  0.000000    0.000000   clock clk_i (rise edge)
                                  0.000000    0.000000   clock network delay (propagated)
                                625.000000  625.000000 ^ input external delay
     1    0.003604    0.023220    0.013131  625.013123 ^ rst_i (in)
                                                         rst_i (net)
                      0.023228    0.000000  625.013123 ^ input2/A (sky130_fd_sc_hd__buf_1)
     3    0.011920    0.146479    0.145064  625.158203 ^ input2/X (sky130_fd_sc_hd__buf_1)
                                                         net2 (net)
                      0.146482    0.000568  625.158752 ^ fanout16/A (sky130_fd_sc_hd__clkbuf_4)
    10    0.044418    0.141149    0.242380  625.401123 ^ fanout16/X (sky130_fd_sc_hd__clkbuf_4)
                                                         net16 (net)
                      0.141156    0.001137  625.402283 ^ _179_/RESET_B (sky130_fd_sc_hd__dfrtp_1)
                                            625.402283   data arrival time

                               3125.000000 3125.000000   clock clk_i (rise edge)
                                  0.000000 3125.000000   clock source latency
     1    0.012536    0.062558    0.042292 3125.042236 ^ clk_i (in)
                                                         clk_i (net)
                      0.062562    0.000000 3125.042236 ^ clkbuf_0_clk_i/A (sky130_fd_sc_hd__clkbuf_16)
     4    0.036566    0.056684    0.145519 3125.187744 ^ clkbuf_0_clk_i/X (sky130_fd_sc_hd__clkbuf_16)
                                                         clknet_0_clk_i (net)
                      0.056709    0.001137 3125.188965 ^ clkbuf_2_2__f_clk_i/A (sky130_fd_sc_hd__clkbuf_16)
    10    0.026804    0.047960    0.135742 3125.324707 ^ clkbuf_2_2__f_clk_i/X (sky130_fd_sc_hd__clkbuf_16)
                                                         clknet_2_2__leaf_clk_i (net)
                      0.048013    0.001364 3125.326172 ^ _179_/CLK (sky130_fd_sc_hd__dfrtp_1)
                                 -0.250000 3125.075928   clock uncertainty
                                  0.000000 3125.075928   clock reconvergence pessimism
                                  0.206374 3125.282471   library recovery time
                                           3125.282471   data required time
---------------------------------------------------------------------------------------------
                                           3125.282471   data required time
                                           -625.402283   data arrival time
---------------------------------------------------------------------------------------------
                                           2499.880127   slack (MET)


Startpoint: rst_i (input port clocked by clk_i)
Endpoint: _180_ (recovery check against rising-edge clock clk_i)
Path Group: asynchronous
Path Type: max

Fanout         Cap        Slew       Delay        Time   Description
---------------------------------------------------------------------------------------------
                                  0.000000    0.000000   clock clk_i (rise edge)
                                  0.000000    0.000000   clock network delay (propagated)
                                625.000000  625.000000 ^ input external delay
     1    0.003604    0.023220    0.013131  625.013123 ^ rst_i (in)
                                                         rst_i (net)
                      0.023228    0.000000  625.013123 ^ input2/A (sky130_fd_sc_hd__buf_1)
     3    0.011920    0.146479    0.145064  625.158203 ^ input2/X (sky130_fd_sc_hd__buf_1)
                                                         net2 (net)
                      0.146482    0.000568  625.158752 ^ fanout16/A (sky130_fd_sc_hd__clkbuf_4)
    10    0.044418    0.141149    0.242380  625.401123 ^ fanout16/X (sky130_fd_sc_hd__clkbuf_4)
                                                         net16 (net)
                      0.141166    0.001592  625.402710 ^ _180_/RESET_B (sky130_fd_sc_hd__dfrtp_1)
                                            625.402710   data arrival time

                               3125.000000 3125.000000   clock clk_i (rise edge)
                                  0.000000 3125.000000   clock source latency
     1    0.012536    0.062558    0.042292 3125.042236 ^ clk_i (in)
                                                         clk_i (net)
                      0.062562    0.000000 3125.042236 ^ clkbuf_0_clk_i/A (sky130_fd_sc_hd__clkbuf_16)
     4    0.036566    0.056684    0.145519 3125.187744 ^ clkbuf_0_clk_i/X (sky130_fd_sc_hd__clkbuf_16)
                                                         clknet_0_clk_i (net)
                      0.056709    0.001137 3125.188965 ^ clkbuf_2_2__f_clk_i/A (sky130_fd_sc_hd__clkbuf_16)
    10    0.026804    0.047960    0.135742 3125.324707 ^ clkbuf_2_2__f_clk_i/X (sky130_fd_sc_hd__clkbuf_16)
                                                         clknet_2_2__leaf_clk_i (net)
                      0.047982    0.000909 3125.325684 ^ _180_/CLK (sky130_fd_sc_hd__dfrtp_1)
                                 -0.250000 3125.075439   clock uncertainty
                                  0.000000 3125.075439   clock reconvergence pessimism
                                  0.206361 3125.281982   library recovery time
                                           3125.281982   data required time
---------------------------------------------------------------------------------------------
                                           3125.281982   data required time
                                           -625.402710   data arrival time
---------------------------------------------------------------------------------------------
                                           2499.879150   slack (MET)


Startpoint: rst_i (input port clocked by clk_i)
Endpoint: _181_ (recovery check against rising-edge clock clk_i)
Path Group: asynchronous
Path Type: max

Fanout         Cap        Slew       Delay        Time   Description
---------------------------------------------------------------------------------------------
                                  0.000000    0.000000   clock clk_i (rise edge)
                                  0.000000    0.000000   clock network delay (propagated)
                                625.000000  625.000000 ^ input external delay
     1    0.003604    0.023220    0.013131  625.013123 ^ rst_i (in)
                                                         rst_i (net)
                      0.023228    0.000000  625.013123 ^ input2/A (sky130_fd_sc_hd__buf_1)
     3    0.011920    0.146479    0.145064  625.158203 ^ input2/X (sky130_fd_sc_hd__buf_1)
                                                         net2 (net)
                      0.146482    0.000568  625.158752 ^ fanout16/A (sky130_fd_sc_hd__clkbuf_4)
    10    0.044418    0.141149    0.242380  625.401123 ^ fanout16/X (sky130_fd_sc_hd__clkbuf_4)
                                                         net16 (net)
                      0.141170    0.001705  625.402832 ^ _181_/RESET_B (sky130_fd_sc_hd__dfrtp_1)
                                            625.402832   data arrival time

                               3125.000000 3125.000000   clock clk_i (rise edge)
                                  0.000000 3125.000000   clock source latency
     1    0.012536    0.062558    0.042292 3125.042236 ^ clk_i (in)
                                                         clk_i (net)
                      0.062562    0.000000 3125.042236 ^ clkbuf_0_clk_i/A (sky130_fd_sc_hd__clkbuf_16)
     4    0.036566    0.056684    0.145519 3125.187744 ^ clkbuf_0_clk_i/X (sky130_fd_sc_hd__clkbuf_16)
                                                         clknet_0_clk_i (net)
                      0.056709    0.001137 3125.188965 ^ clkbuf_2_2__f_clk_i/A (sky130_fd_sc_hd__clkbuf_16)
    10    0.026804    0.047960    0.135742 3125.324707 ^ clkbuf_2_2__f_clk_i/X (sky130_fd_sc_hd__clkbuf_16)
                                                         clknet_2_2__leaf_clk_i (net)
                      0.047989    0.001137 3125.325928 ^ _181_/CLK (sky130_fd_sc_hd__dfrtp_1)
                                 -0.250000 3125.075684   clock uncertainty
                                  0.000000 3125.075684   clock reconvergence pessimism
                                  0.206362 3125.282227   library recovery time
                                           3125.282227   data required time
---------------------------------------------------------------------------------------------
                                           3125.282227   data required time
                                           -625.402832   data arrival time
---------------------------------------------------------------------------------------------
                                           2499.879150   slack (MET)


Startpoint: rst_i (input port clocked by clk_i)
Endpoint: _182_ (recovery check against rising-edge clock clk_i)
Path Group: asynchronous
Path Type: max

Fanout         Cap        Slew       Delay        Time   Description
---------------------------------------------------------------------------------------------
                                  0.000000    0.000000   clock clk_i (rise edge)
                                  0.000000    0.000000   clock network delay (propagated)
                                625.000000  625.000000 ^ input external delay
     1    0.003604    0.023220    0.013131  625.013123 ^ rst_i (in)
                                                         rst_i (net)
                      0.023228    0.000000  625.013123 ^ input2/A (sky130_fd_sc_hd__buf_1)
     3    0.011920    0.146479    0.145064  625.158203 ^ input2/X (sky130_fd_sc_hd__buf_1)
                                                         net2 (net)
                      0.146482    0.000568  625.158752 ^ fanout16/A (sky130_fd_sc_hd__clkbuf_4)
    10    0.044418    0.141149    0.242380  625.401123 ^ fanout16/X (sky130_fd_sc_hd__clkbuf_4)
                                                         net16 (net)
                      0.141156    0.001137  625.402283 ^ _182_/RESET_B (sky130_fd_sc_hd__dfrtp_1)
                                            625.402283   data arrival time

                               3125.000000 3125.000000   clock clk_i (rise edge)
                                  0.000000 3125.000000   clock source latency
     1    0.012536    0.062558    0.042292 3125.042236 ^ clk_i (in)
                                                         clk_i (net)
                      0.062562    0.000000 3125.042236 ^ clkbuf_0_clk_i/A (sky130_fd_sc_hd__clkbuf_16)
     4    0.036566    0.056684    0.145519 3125.187744 ^ clkbuf_0_clk_i/X (sky130_fd_sc_hd__clkbuf_16)
                                                         clknet_0_clk_i (net)
                      0.056709    0.001137 3125.188965 ^ clkbuf_2_2__f_clk_i/A (sky130_fd_sc_hd__clkbuf_16)
    10    0.026804    0.047960    0.135742 3125.324707 ^ clkbuf_2_2__f_clk_i/X (sky130_fd_sc_hd__clkbuf_16)
                                                         clknet_2_2__leaf_clk_i (net)
                      0.048013    0.001364 3125.326172 ^ _182_/CLK (sky130_fd_sc_hd__dfrtp_1)
                                 -0.250000 3125.075928   clock uncertainty
                                  0.000000 3125.075928   clock reconvergence pessimism
                                  0.206374 3125.282471   library recovery time
                                           3125.282471   data required time
---------------------------------------------------------------------------------------------
                                           3125.282471   data required time
                                           -625.402283   data arrival time
---------------------------------------------------------------------------------------------
                                           2499.880127   slack (MET)


Startpoint: rst_i (input port clocked by clk_i)
Endpoint: _183_ (recovery check against rising-edge clock clk_i)
Path Group: asynchronous
Path Type: max

Fanout         Cap        Slew       Delay        Time   Description
---------------------------------------------------------------------------------------------
                                  0.000000    0.000000   clock clk_i (rise edge)
                                  0.000000    0.000000   clock network delay (propagated)
                                625.000000  625.000000 ^ input external delay
     1    0.003604    0.023220    0.013131  625.013123 ^ rst_i (in)
                                                         rst_i (net)
                      0.023228    0.000000  625.013123 ^ input2/A (sky130_fd_sc_hd__buf_1)
     3    0.011920    0.146479    0.145064  625.158203 ^ input2/X (sky130_fd_sc_hd__buf_1)
                                                         net2 (net)
                      0.146482    0.000568  625.158752 ^ fanout16/A (sky130_fd_sc_hd__clkbuf_4)
    10    0.044418    0.141149    0.242380  625.401123 ^ fanout16/X (sky130_fd_sc_hd__clkbuf_4)
                                                         net16 (net)
                      0.141169    0.001705  625.402832 ^ _183_/RESET_B (sky130_fd_sc_hd__dfrtp_1)
                                            625.402832   data arrival time

                               3125.000000 3125.000000   clock clk_i (rise edge)
                                  0.000000 3125.000000   clock source latency
     1    0.012536    0.062558    0.042292 3125.042236 ^ clk_i (in)
                                                         clk_i (net)
                      0.062562    0.000000 3125.042236 ^ clkbuf_0_clk_i/A (sky130_fd_sc_hd__clkbuf_16)
     4    0.036566    0.056684    0.145519 3125.187744 ^ clkbuf_0_clk_i/X (sky130_fd_sc_hd__clkbuf_16)
                                                         clknet_0_clk_i (net)
                      0.056709    0.001137 3125.188965 ^ clkbuf_2_2__f_clk_i/A (sky130_fd_sc_hd__clkbuf_16)
    10    0.026804    0.047960    0.135742 3125.324707 ^ clkbuf_2_2__f_clk_i/X (sky130_fd_sc_hd__clkbuf_16)
                                                         clknet_2_2__leaf_clk_i (net)
                      0.047982    0.000909 3125.325684 ^ _183_/CLK (sky130_fd_sc_hd__dfrtp_1)
                                 -0.250000 3125.075439   clock uncertainty
                                  0.000000 3125.075439   clock reconvergence pessimism
                                  0.206361 3125.281982   library recovery time
                                           3125.281982   data required time
---------------------------------------------------------------------------------------------
                                           3125.281982   data required time
                                           -625.402832   data arrival time
---------------------------------------------------------------------------------------------
                                           2499.879150   slack (MET)


Startpoint: rst_i (input port clocked by clk_i)
Endpoint: _184_ (recovery check against rising-edge clock clk_i)
Path Group: asynchronous
Path Type: max

Fanout         Cap        Slew       Delay        Time   Description
---------------------------------------------------------------------------------------------
                                  0.000000    0.000000   clock clk_i (rise edge)
                                  0.000000    0.000000   clock network delay (propagated)
                                625.000000  625.000000 ^ input external delay
     1    0.003604    0.023220    0.013131  625.013123 ^ rst_i (in)
                                                         rst_i (net)
                      0.023228    0.000000  625.013123 ^ input2/A (sky130_fd_sc_hd__buf_1)
     3    0.011920    0.146479    0.145064  625.158203 ^ input2/X (sky130_fd_sc_hd__buf_1)
                                                         net2 (net)
                      0.146482    0.000568  625.158752 ^ fanout16/A (sky130_fd_sc_hd__clkbuf_4)
    10    0.044418    0.141149    0.242380  625.401123 ^ fanout16/X (sky130_fd_sc_hd__clkbuf_4)
                                                         net16 (net)
                      0.141171    0.001762  625.402893 ^ _184_/RESET_B (sky130_fd_sc_hd__dfrtp_1)
                                            625.402893   data arrival time

                               3125.000000 3125.000000   clock clk_i (rise edge)
                                  0.000000 3125.000000   clock source latency
     1    0.012536    0.062558    0.042292 3125.042236 ^ clk_i (in)
                                                         clk_i (net)
                      0.062562    0.000000 3125.042236 ^ clkbuf_0_clk_i/A (sky130_fd_sc_hd__clkbuf_16)
     4    0.036566    0.056684    0.145519 3125.187744 ^ clkbuf_0_clk_i/X (sky130_fd_sc_hd__clkbuf_16)
                                                         clknet_0_clk_i (net)
                      0.056709    0.001137 3125.188965 ^ clkbuf_2_2__f_clk_i/A (sky130_fd_sc_hd__clkbuf_16)
    10    0.026804    0.047960    0.135742 3125.324707 ^ clkbuf_2_2__f_clk_i/X (sky130_fd_sc_hd__clkbuf_16)
                                                         clknet_2_2__leaf_clk_i (net)
                      0.048000    0.001137 3125.325928 ^ _184_/CLK (sky130_fd_sc_hd__dfrtp_1)
                                 -0.250000 3125.075684   clock uncertainty
                                  0.000000 3125.075684   clock reconvergence pessimism
                                  0.206366 3125.282227   library recovery time
                                           3125.282227   data required time
---------------------------------------------------------------------------------------------
                                           3125.282227   data required time
                                           -625.402893   data arrival time
---------------------------------------------------------------------------------------------
                                           2499.879150   slack (MET)


Startpoint: rst_i (input port clocked by clk_i)
Endpoint: _166_ (recovery check against rising-edge clock clk_i)
Path Group: asynchronous
Path Type: max

Fanout         Cap        Slew       Delay        Time   Description
---------------------------------------------------------------------------------------------
                                  0.000000    0.000000   clock clk_i (rise edge)
                                  0.000000    0.000000   clock network delay (propagated)
                                625.000000  625.000000 ^ input external delay
     1    0.003604    0.023220    0.013131  625.013123 ^ rst_i (in)
                                                         rst_i (net)
                      0.023228    0.000000  625.013123 ^ input2/A (sky130_fd_sc_hd__buf_1)
     3    0.011920    0.146479    0.145064  625.158203 ^ input2/X (sky130_fd_sc_hd__buf_1)
                                                         net2 (net)
                      0.146481    0.000455  625.158630 ^ fanout17/A (sky130_fd_sc_hd__buf_2)
     7    0.031998    0.160081    0.225498  625.384155 ^ fanout17/X (sky130_fd_sc_hd__buf_2)
                                                         net17 (net)
                      0.160081    0.000398  625.384521 ^ _166_/RESET_B (sky130_fd_sc_hd__dfrtp_1)
                                            625.384521   data arrival time

                               3125.000000 3125.000000   clock clk_i (rise edge)
                                  0.000000 3125.000000   clock source latency
     1    0.012536    0.062558    0.042292 3125.042236 ^ clk_i (in)
                                                         clk_i (net)
                      0.062562    0.000000 3125.042236 ^ clkbuf_0_clk_i/A (sky130_fd_sc_hd__clkbuf_16)
     4    0.036566    0.056684    0.145519 3125.187744 ^ clkbuf_0_clk_i/X (sky130_fd_sc_hd__clkbuf_16)
                                                         clknet_0_clk_i (net)
                      0.056700    0.000909 3125.188721 ^ clkbuf_2_3__f_clk_i/A (sky130_fd_sc_hd__clkbuf_16)
     8    0.025516    0.046767    0.134833 3125.323486 ^ clkbuf_2_3__f_clk_i/X (sky130_fd_sc_hd__clkbuf_16)
                                                         clknet_2_3__leaf_clk_i (net)
                      0.046773    0.000455 3125.323975 ^ _166_/CLK (sky130_fd_sc_hd__dfrtp_1)
                                 -0.250000 3125.073975   clock uncertainty
                                  0.000000 3125.073975   clock reconvergence pessimism
                                  0.201090 3125.274902   library recovery time
                                           3125.274902   data required time
---------------------------------------------------------------------------------------------
                                           3125.274902   data required time
                                           -625.384521   data arrival time
---------------------------------------------------------------------------------------------
                                           2499.890381   slack (MET)


Startpoint: rst_i (input port clocked by clk_i)
Endpoint: _167_ (recovery check against rising-edge clock clk_i)
Path Group: asynchronous
Path Type: max

Fanout         Cap        Slew       Delay        Time   Description
---------------------------------------------------------------------------------------------
                                  0.000000    0.000000   clock clk_i (rise edge)
                                  0.000000    0.000000   clock network delay (propagated)
                                625.000000  625.000000 ^ input external delay
     1    0.003604    0.023220    0.013131  625.013123 ^ rst_i (in)
                                                         rst_i (net)
                      0.023228    0.000000  625.013123 ^ input2/A (sky130_fd_sc_hd__buf_1)
     3    0.011920    0.146479    0.145064  625.158203 ^ input2/X (sky130_fd_sc_hd__buf_1)
                                                         net2 (net)
                      0.146481    0.000455  625.158630 ^ fanout17/A (sky130_fd_sc_hd__buf_2)
     7    0.031998    0.160081    0.225498  625.384155 ^ fanout17/X (sky130_fd_sc_hd__buf_2)
                                                         net17 (net)
                      0.160083    0.000853  625.385010 ^ _167_/RESET_B (sky130_fd_sc_hd__dfrtp_1)
                                            625.385010   data arrival time

                               3125.000000 3125.000000   clock clk_i (rise edge)
                                  0.000000 3125.000000   clock source latency
     1    0.012536    0.062558    0.042292 3125.042236 ^ clk_i (in)
                                                         clk_i (net)
                      0.062562    0.000000 3125.042236 ^ clkbuf_0_clk_i/A (sky130_fd_sc_hd__clkbuf_16)
     4    0.036566    0.056684    0.145519 3125.187744 ^ clkbuf_0_clk_i/X (sky130_fd_sc_hd__clkbuf_16)
                                                         clknet_0_clk_i (net)
                      0.056700    0.000909 3125.188721 ^ clkbuf_2_3__f_clk_i/A (sky130_fd_sc_hd__clkbuf_16)
     8    0.025516    0.046767    0.134833 3125.323486 ^ clkbuf_2_3__f_clk_i/X (sky130_fd_sc_hd__clkbuf_16)
                                                         clknet_2_3__leaf_clk_i (net)
                      0.046769    0.000227 3125.323730 ^ _167_/CLK (sky130_fd_sc_hd__dfrtp_1)
                                 -0.250000 3125.073730   clock uncertainty
                                  0.000000 3125.073730   clock reconvergence pessimism
                                  0.201089 3125.274658   library recovery time
                                           3125.274658   data required time
---------------------------------------------------------------------------------------------
                                           3125.274658   data required time
                                           -625.385010   data arrival time
---------------------------------------------------------------------------------------------
                                           2499.889648   slack (MET)


Startpoint: rst_i (input port clocked by clk_i)
Endpoint: _169_ (recovery check against rising-edge clock clk_i)
Path Group: asynchronous
Path Type: max

Fanout         Cap        Slew       Delay        Time   Description
---------------------------------------------------------------------------------------------
                                  0.000000    0.000000   clock clk_i (rise edge)
                                  0.000000    0.000000   clock network delay (propagated)
                                625.000000  625.000000 ^ input external delay
     1    0.003604    0.023220    0.013131  625.013123 ^ rst_i (in)
                                                         rst_i (net)
                      0.023228    0.000000  625.013123 ^ input2/A (sky130_fd_sc_hd__buf_1)
     3    0.011920    0.146479    0.145064  625.158203 ^ input2/X (sky130_fd_sc_hd__buf_1)
                                                         net2 (net)
                      0.146481    0.000455  625.158630 ^ fanout17/A (sky130_fd_sc_hd__buf_2)
     7    0.031998    0.160081    0.225498  625.384155 ^ fanout17/X (sky130_fd_sc_hd__buf_2)
                                                         net17 (net)
                      0.160081    0.000625  625.384766 ^ _169_/RESET_B (sky130_fd_sc_hd__dfrtp_1)
                                            625.384766   data arrival time

                               3125.000000 3125.000000   clock clk_i (rise edge)
                                  0.000000 3125.000000   clock source latency
     1    0.012536    0.062558    0.042292 3125.042236 ^ clk_i (in)
                                                         clk_i (net)
                      0.062562    0.000000 3125.042236 ^ clkbuf_0_clk_i/A (sky130_fd_sc_hd__clkbuf_16)
     4    0.036566    0.056684    0.145519 3125.187744 ^ clkbuf_0_clk_i/X (sky130_fd_sc_hd__clkbuf_16)
                                                         clknet_0_clk_i (net)
                      0.056700    0.000909 3125.188721 ^ clkbuf_2_3__f_clk_i/A (sky130_fd_sc_hd__clkbuf_16)
     8    0.025516    0.046767    0.134833 3125.323486 ^ clkbuf_2_3__f_clk_i/X (sky130_fd_sc_hd__clkbuf_16)
                                                         clknet_2_3__leaf_clk_i (net)
                      0.046773    0.000455 3125.323975 ^ _169_/CLK (sky130_fd_sc_hd__dfrtp_1)
                                 -0.250000 3125.073975   clock uncertainty
                                  0.000000 3125.073975   clock reconvergence pessimism
                                  0.201090 3125.274902   library recovery time
                                           3125.274902   data required time
---------------------------------------------------------------------------------------------
                                           3125.274902   data required time
                                           -625.384766   data arrival time
---------------------------------------------------------------------------------------------
                                           2499.890137   slack (MET)


Startpoint: rst_i (input port clocked by clk_i)
Endpoint: _170_ (recovery check against rising-edge clock clk_i)
Path Group: asynchronous
Path Type: max

Fanout         Cap        Slew       Delay        Time   Description
---------------------------------------------------------------------------------------------
                                  0.000000    0.000000   clock clk_i (rise edge)
                                  0.000000    0.000000   clock network delay (propagated)
                                625.000000  625.000000 ^ input external delay
     1    0.003604    0.023220    0.013131  625.013123 ^ rst_i (in)
                                                         rst_i (net)
                      0.023228    0.000000  625.013123 ^ input2/A (sky130_fd_sc_hd__buf_1)
     3    0.011920    0.146479    0.145064  625.158203 ^ input2/X (sky130_fd_sc_hd__buf_1)
                                                         net2 (net)
                      0.146481    0.000455  625.158630 ^ fanout17/A (sky130_fd_sc_hd__buf_2)
     7    0.031998    0.160081    0.225498  625.384155 ^ fanout17/X (sky130_fd_sc_hd__buf_2)
                                                         net17 (net)
                      0.160084    0.000966  625.385132 ^ _170_/RESET_B (sky130_fd_sc_hd__dfrtp_1)
                                            625.385132   data arrival time

                               3125.000000 3125.000000   clock clk_i (rise edge)
                                  0.000000 3125.000000   clock source latency
     1    0.012536    0.062558    0.042292 3125.042236 ^ clk_i (in)
                                                         clk_i (net)
                      0.062562    0.000000 3125.042236 ^ clkbuf_0_clk_i/A (sky130_fd_sc_hd__clkbuf_16)
     4    0.036566    0.056684    0.145519 3125.187744 ^ clkbuf_0_clk_i/X (sky130_fd_sc_hd__clkbuf_16)
                                                         clknet_0_clk_i (net)
                      0.056700    0.000909 3125.188721 ^ clkbuf_2_3__f_clk_i/A (sky130_fd_sc_hd__clkbuf_16)
     8    0.025516    0.046767    0.134833 3125.323486 ^ clkbuf_2_3__f_clk_i/X (sky130_fd_sc_hd__clkbuf_16)
                                                         clknet_2_3__leaf_clk_i (net)
                      0.046775    0.000682 3125.324219 ^ _170_/CLK (sky130_fd_sc_hd__dfrtp_1)
                                 -0.250000 3125.074219   clock uncertainty
                                  0.000000 3125.074219   clock reconvergence pessimism
                                  0.201090 3125.275146   library recovery time
                                           3125.275146   data required time
---------------------------------------------------------------------------------------------
                                           3125.275146   data required time
                                           -625.385132   data arrival time
---------------------------------------------------------------------------------------------
                                           2499.889893   slack (MET)


Startpoint: rst_i (input port clocked by clk_i)
Endpoint: _171_ (recovery check against rising-edge clock clk_i)
Path Group: asynchronous
Path Type: max

Fanout         Cap        Slew       Delay        Time   Description
---------------------------------------------------------------------------------------------
                                  0.000000    0.000000   clock clk_i (rise edge)
                                  0.000000    0.000000   clock network delay (propagated)
                                625.000000  625.000000 ^ input external delay
     1    0.003604    0.023220    0.013131  625.013123 ^ rst_i (in)
                                                         rst_i (net)
                      0.023228    0.000000  625.013123 ^ input2/A (sky130_fd_sc_hd__buf_1)
     3    0.011920    0.146479    0.145064  625.158203 ^ input2/X (sky130_fd_sc_hd__buf_1)
                                                         net2 (net)
                      0.146481    0.000455  625.158630 ^ fanout17/A (sky130_fd_sc_hd__buf_2)
     7    0.031998    0.160081    0.225498  625.384155 ^ fanout17/X (sky130_fd_sc_hd__buf_2)
                                                         net17 (net)
                      0.160084    0.000909  625.385071 ^ _171_/RESET_B (sky130_fd_sc_hd__dfrtp_1)
                                            625.385071   data arrival time

                               3125.000000 3125.000000   clock clk_i (rise edge)
                                  0.000000 3125.000000   clock source latency
     1    0.012536    0.062558    0.042292 3125.042236 ^ clk_i (in)
                                                         clk_i (net)
                      0.062562    0.000000 3125.042236 ^ clkbuf_0_clk_i/A (sky130_fd_sc_hd__clkbuf_16)
     4    0.036566    0.056684    0.145519 3125.187744 ^ clkbuf_0_clk_i/X (sky130_fd_sc_hd__clkbuf_16)
                                                         clknet_0_clk_i (net)
                      0.056700    0.000909 3125.188721 ^ clkbuf_2_3__f_clk_i/A (sky130_fd_sc_hd__clkbuf_16)
     8    0.025516    0.046767    0.134833 3125.323486 ^ clkbuf_2_3__f_clk_i/X (sky130_fd_sc_hd__clkbuf_16)
                                                         clknet_2_3__leaf_clk_i (net)
                      0.046775    0.000682 3125.324219 ^ _171_/CLK (sky130_fd_sc_hd__dfrtp_1)
                                 -0.250000 3125.074219   clock uncertainty
                                  0.000000 3125.074219   clock reconvergence pessimism
                                  0.201090 3125.275146   library recovery time
                                           3125.275146   data required time
---------------------------------------------------------------------------------------------
                                           3125.275146   data required time
                                           -625.385071   data arrival time
---------------------------------------------------------------------------------------------
                                           2499.889893   slack (MET)


Startpoint: rst_i (input port clocked by clk_i)
Endpoint: _173_ (recovery check against rising-edge clock clk_i)
Path Group: asynchronous
Path Type: max

Fanout         Cap        Slew       Delay        Time   Description
---------------------------------------------------------------------------------------------
                                  0.000000    0.000000   clock clk_i (rise edge)
                                  0.000000    0.000000   clock network delay (propagated)
                                625.000000  625.000000 ^ input external delay
     1    0.003604    0.023220    0.013131  625.013123 ^ rst_i (in)
                                                         rst_i (net)
                      0.023228    0.000000  625.013123 ^ input2/A (sky130_fd_sc_hd__buf_1)
     3    0.011920    0.146479    0.145064  625.158203 ^ input2/X (sky130_fd_sc_hd__buf_1)
                                                         net2 (net)
                      0.146481    0.000455  625.158630 ^ fanout17/A (sky130_fd_sc_hd__buf_2)
     7    0.031998    0.160081    0.225498  625.384155 ^ fanout17/X (sky130_fd_sc_hd__buf_2)
                                                         net17 (net)
                      0.160085    0.001023  625.385193 ^ _173_/RESET_B (sky130_fd_sc_hd__dfrtp_1)
                                            625.385193   data arrival time

                               3125.000000 3125.000000   clock clk_i (rise edge)
                                  0.000000 3125.000000   clock source latency
     1    0.012536    0.062558    0.042292 3125.042236 ^ clk_i (in)
                                                         clk_i (net)
                      0.062562    0.000000 3125.042236 ^ clkbuf_0_clk_i/A (sky130_fd_sc_hd__clkbuf_16)
     4    0.036566    0.056684    0.145519 3125.187744 ^ clkbuf_0_clk_i/X (sky130_fd_sc_hd__clkbuf_16)
                                                         clknet_0_clk_i (net)
                      0.056700    0.000909 3125.188721 ^ clkbuf_2_3__f_clk_i/A (sky130_fd_sc_hd__clkbuf_16)
     8    0.025516    0.046767    0.134833 3125.323486 ^ clkbuf_2_3__f_clk_i/X (sky130_fd_sc_hd__clkbuf_16)
                                                         clknet_2_3__leaf_clk_i (net)
                      0.046776    0.000682 3125.324219 ^ _173_/CLK (sky130_fd_sc_hd__dfrtp_1)
                                 -0.250000 3125.074219   clock uncertainty
                                  0.000000 3125.074219   clock reconvergence pessimism
                                  0.201090 3125.275146   library recovery time
                                           3125.275146   data required time
---------------------------------------------------------------------------------------------
                                           3125.275146   data required time
                                           -625.385193   data arrival time
---------------------------------------------------------------------------------------------
                                           2499.889893   slack (MET)


Startpoint: rst_i (input port clocked by clk_i)
Endpoint: _174_ (recovery check against rising-edge clock clk_i)
Path Group: asynchronous
Path Type: max

Fanout         Cap        Slew       Delay        Time   Description
---------------------------------------------------------------------------------------------
                                  0.000000    0.000000   clock clk_i (rise edge)
                                  0.000000    0.000000   clock network delay (propagated)
                                625.000000  625.000000 ^ input external delay
     1    0.003604    0.023220    0.013131  625.013123 ^ rst_i (in)
                                                         rst_i (net)
                      0.023228    0.000000  625.013123 ^ input2/A (sky130_fd_sc_hd__buf_1)
     3    0.011920    0.146479    0.145064  625.158203 ^ input2/X (sky130_fd_sc_hd__buf_1)
                                                         net2 (net)
                      0.146481    0.000455  625.158630 ^ fanout17/A (sky130_fd_sc_hd__buf_2)
     7    0.031998    0.160081    0.225498  625.384155 ^ fanout17/X (sky130_fd_sc_hd__buf_2)
                                                         net17 (net)
                      0.160084    0.000966  625.385132 ^ _174_/RESET_B (sky130_fd_sc_hd__dfrtp_1)
                                            625.385132   data arrival time

                               3125.000000 3125.000000   clock clk_i (rise edge)
                                  0.000000 3125.000000   clock source latency
     1    0.012536    0.062558    0.042292 3125.042236 ^ clk_i (in)
                                                         clk_i (net)
                      0.062562    0.000000 3125.042236 ^ clkbuf_0_clk_i/A (sky130_fd_sc_hd__clkbuf_16)
     4    0.036566    0.056684    0.145519 3125.187744 ^ clkbuf_0_clk_i/X (sky130_fd_sc_hd__clkbuf_16)
                                                         clknet_0_clk_i (net)
                      0.056700    0.000909 3125.188721 ^ clkbuf_2_3__f_clk_i/A (sky130_fd_sc_hd__clkbuf_16)
     8    0.025516    0.046767    0.134833 3125.323486 ^ clkbuf_2_3__f_clk_i/X (sky130_fd_sc_hd__clkbuf_16)
                                                         clknet_2_3__leaf_clk_i (net)
                      0.046777    0.000682 3125.324219 ^ _174_/CLK (sky130_fd_sc_hd__dfrtp_1)
                                 -0.250000 3125.074219   clock uncertainty
                                  0.000000 3125.074219   clock reconvergence pessimism
                                  0.201091 3125.275146   library recovery time
                                           3125.275146   data required time
---------------------------------------------------------------------------------------------
                                           3125.275146   data required time
                                           -625.385132   data arrival time
---------------------------------------------------------------------------------------------
                                           2499.889893   slack (MET)


Startpoint: _161_ (rising edge-triggered flip-flop clocked by clk_i)
Endpoint: _162_ (rising edge-triggered flip-flop clocked by clk_i)
Path Group: clk_i
Path Type: max

Fanout         Cap        Slew       Delay        Time   Description
---------------------------------------------------------------------------------------------
                                  0.000000    0.000000   clock clk_i (rise edge)
                                  0.000000    0.000000   clock source latency
     1    0.012536    0.062558    0.042357    0.042357 ^ clk_i (in)
                                                         clk_i (net)
                      0.062562    0.000000    0.042357 ^ clkbuf_0_clk_i/A (sky130_fd_sc_hd__clkbuf_16)
     4    0.036566    0.056684    0.145518    0.187875 ^ clkbuf_0_clk_i/X (sky130_fd_sc_hd__clkbuf_16)
                                                         clknet_0_clk_i (net)
                      0.056707    0.001005    0.188880 ^ clkbuf_2_1__f_clk_i/A (sky130_fd_sc_hd__clkbuf_16)
     9    0.026726    0.047870    0.135996    0.324876 ^ clkbuf_2_1__f_clk_i/X (sky130_fd_sc_hd__clkbuf_16)
                                                         clknet_2_1__leaf_clk_i (net)
                      0.047878    0.000598    0.325474 ^ _161_/CLK (sky130_fd_sc_hd__dfrtp_1)
     1    0.003048    0.040487    0.355229    0.680702 v _161_/Q (sky130_fd_sc_hd__dfrtp_1)
                                                         rng_rd.cache[2] (net)
                      0.040487    0.000099    0.680801 v fanout11/A (sky130_fd_sc_hd__clkbuf_2)
     6    0.025765    0.102369    0.162877    0.843678 v fanout11/X (sky130_fd_sc_hd__clkbuf_2)
                                                         net11 (net)
                      0.102370    0.000499    0.844177 v fanout10/A (sky130_fd_sc_hd__clkbuf_2)
    10    0.028537    0.112280    0.197858    1.042035 v fanout10/X (sky130_fd_sc_hd__clkbuf_2)
                                                         net10 (net)
                      0.112282    0.000534    1.042569 v _107_/A (sky130_fd_sc_hd__or2_1)
     1    0.002904    0.048536    0.245660    1.288229 v _107_/X (sky130_fd_sc_hd__or2_1)
                                                         _078_ (net)
                      0.048536    0.000064    1.288293 v _111_/A1 (sky130_fd_sc_hd__a221o_1)
     1    0.005486    0.065447    0.326302    1.614595 v _111_/X (sky130_fd_sc_hd__a221o_1)
                                                         _035_ (net)
                      0.065447    0.000244    1.614839 v _123_/B (sky130_fd_sc_hd__and4_1)
     1    0.003477    0.041841    0.180569    1.795408 v _123_/X (sky130_fd_sc_hd__and4_1)
                                                         _047_ (net)
                      0.041841    0.000123    1.795530 v _124_/B (sky130_fd_sc_hd__and4b_1)
     1    0.003592    0.043715    0.170558    1.966088 v _124_/X (sky130_fd_sc_hd__and4b_1)
                                                         _048_ (net)
                      0.043715    0.000125    1.966213 v fanout9/A (sky130_fd_sc_hd__buf_2)
     7    0.026706    0.073388    0.165424    2.131637 v fanout9/X (sky130_fd_sc_hd__buf_2)
                                                         net9 (net)
                      0.073389    0.000422    2.132060 v fanout8/A (sky130_fd_sc_hd__clkbuf_4)
    10    0.043509    0.096222    0.209174    2.341233 v fanout8/X (sky130_fd_sc_hd__clkbuf_4)
                                                         net8 (net)
                      0.096237    0.001183    2.342416 v _130_/S (sky130_fd_sc_hd__mux2_1)
     1    0.002580    0.053813    0.320006    2.662422 v _130_/X (sky130_fd_sc_hd__mux2_1)
                                                         _005_ (net)
                      0.053813    0.000079    2.662501 v hold11/A (sky130_fd_sc_hd__dlygate4sd3_1)
     1    0.003927    0.058634    0.560498    3.222999 v hold11/X (sky130_fd_sc_hd__dlygate4sd3_1)
                                                         net28 (net)
                      0.058634    0.000115    3.223114 v _162_/D (sky130_fd_sc_hd__dfrtp_1)
                                              3.223114   data arrival time

                               3125.000000 3125.000000   clock clk_i (rise edge)
                                  0.000000 3125.000000   clock source latency
     1    0.012536    0.062558    0.042292 3125.042236 ^ clk_i (in)
                                                         clk_i (net)
                      0.062562    0.000000 3125.042236 ^ clkbuf_0_clk_i/A (sky130_fd_sc_hd__clkbuf_16)
     4    0.036566    0.056684    0.145519 3125.187744 ^ clkbuf_0_clk_i/X (sky130_fd_sc_hd__clkbuf_16)
                                                         clknet_0_clk_i (net)
                      0.056707    0.001137 3125.188965 ^ clkbuf_2_1__f_clk_i/A (sky130_fd_sc_hd__clkbuf_16)
     9    0.026726    0.047870    0.135969 3125.324951 ^ clkbuf_2_1__f_clk_i/X (sky130_fd_sc_hd__clkbuf_16)
                                                         clknet_2_1__leaf_clk_i (net)
                      0.047877    0.000455 3125.325439 ^ _162_/CLK (sky130_fd_sc_hd__dfrtp_1)
                                 -0.250000 3125.075195   clock uncertainty
                                  0.000000 3125.075195   clock reconvergence pessimism
                                 -0.119563 3124.955566   library setup time
                                           3124.955566   data required time
---------------------------------------------------------------------------------------------
                                           3124.955566   data required time
                                             -3.223114   data arrival time
---------------------------------------------------------------------------------------------
                                           3121.732666   slack (MET)


Startpoint: _161_ (rising edge-triggered flip-flop clocked by clk_i)
Endpoint: _169_ (rising edge-triggered flip-flop clocked by clk_i)
Path Group: clk_i
Path Type: max

Fanout         Cap        Slew       Delay        Time   Description
---------------------------------------------------------------------------------------------
                                  0.000000    0.000000   clock clk_i (rise edge)
                                  0.000000    0.000000   clock source latency
     1    0.012536    0.062558    0.042357    0.042357 ^ clk_i (in)
                                                         clk_i (net)
                      0.062562    0.000000    0.042357 ^ clkbuf_0_clk_i/A (sky130_fd_sc_hd__clkbuf_16)
     4    0.036566    0.056684    0.145518    0.187875 ^ clkbuf_0_clk_i/X (sky130_fd_sc_hd__clkbuf_16)
                                                         clknet_0_clk_i (net)
                      0.056707    0.001005    0.188880 ^ clkbuf_2_1__f_clk_i/A (sky130_fd_sc_hd__clkbuf_16)
     9    0.026726    0.047870    0.135996    0.324876 ^ clkbuf_2_1__f_clk_i/X (sky130_fd_sc_hd__clkbuf_16)
                                                         clknet_2_1__leaf_clk_i (net)
                      0.047878    0.000598    0.325474 ^ _161_/CLK (sky130_fd_sc_hd__dfrtp_1)
     1    0.003048    0.040487    0.355229    0.680702 v _161_/Q (sky130_fd_sc_hd__dfrtp_1)
                                                         rng_rd.cache[2] (net)
                      0.040487    0.000099    0.680801 v fanout11/A (sky130_fd_sc_hd__clkbuf_2)
     6    0.025765    0.102369    0.162877    0.843678 v fanout11/X (sky130_fd_sc_hd__clkbuf_2)
                                                         net11 (net)
                      0.102370    0.000499    0.844177 v fanout10/A (sky130_fd_sc_hd__clkbuf_2)
    10    0.028537    0.112280    0.197858    1.042035 v fanout10/X (sky130_fd_sc_hd__clkbuf_2)
                                                         net10 (net)
                      0.112282    0.000534    1.042569 v _107_/A (sky130_fd_sc_hd__or2_1)
     1    0.002904    0.048536    0.245660    1.288229 v _107_/X (sky130_fd_sc_hd__or2_1)
                                                         _078_ (net)
                      0.048536    0.000064    1.288293 v _111_/A1 (sky130_fd_sc_hd__a221o_1)
     1    0.005486    0.065447    0.326302    1.614595 v _111_/X (sky130_fd_sc_hd__a221o_1)
                                                         _035_ (net)
                      0.065447    0.000244    1.614839 v _123_/B (sky130_fd_sc_hd__and4_1)
     1    0.003477    0.041841    0.180569    1.795408 v _123_/X (sky130_fd_sc_hd__and4_1)
                                                         _047_ (net)
                      0.041841    0.000123    1.795530 v _124_/B (sky130_fd_sc_hd__and4b_1)
     1    0.003592    0.043715    0.170558    1.966088 v _124_/X (sky130_fd_sc_hd__and4b_1)
                                                         _048_ (net)
                      0.043715    0.000125    1.966213 v fanout9/A (sky130_fd_sc_hd__buf_2)
     7    0.026706    0.073388    0.165424    2.131637 v fanout9/X (sky130_fd_sc_hd__buf_2)
                                                         net9 (net)
                      0.073389    0.000422    2.132060 v fanout8/A (sky130_fd_sc_hd__clkbuf_4)
    10    0.043509    0.096222    0.209174    2.341233 v fanout8/X (sky130_fd_sc_hd__clkbuf_4)
                                                         net8 (net)
                      0.096225    0.000660    2.341893 v _136_/S (sky130_fd_sc_hd__mux2_1)
     1    0.003491    0.059488    0.328533    2.670426 v _136_/X (sky130_fd_sc_hd__mux2_1)
                                                         _011_ (net)
                      0.059488    0.000119    2.670544 v hold23/A (sky130_fd_sc_hd__dlygate4sd3_1)
     1    0.002967    0.054000    0.555740    3.226284 v hold23/X (sky130_fd_sc_hd__dlygate4sd3_1)
                                                         net40 (net)
                      0.054000    0.000093    3.226377 v _169_/D (sky130_fd_sc_hd__dfrtp_1)
                                              3.226377   data arrival time

                               3125.000000 3125.000000   clock clk_i (rise edge)
                                  0.000000 3125.000000   clock source latency
     1    0.012536    0.062558    0.042292 3125.042236 ^ clk_i (in)
                                                         clk_i (net)
                      0.062562    0.000000 3125.042236 ^ clkbuf_0_clk_i/A (sky130_fd_sc_hd__clkbuf_16)
     4    0.036566    0.056684    0.145519 3125.187744 ^ clkbuf_0_clk_i/X (sky130_fd_sc_hd__clkbuf_16)
                                                         clknet_0_clk_i (net)
                      0.056700    0.000909 3125.188721 ^ clkbuf_2_3__f_clk_i/A (sky130_fd_sc_hd__clkbuf_16)
     8    0.025516    0.046767    0.134833 3125.323486 ^ clkbuf_2_3__f_clk_i/X (sky130_fd_sc_hd__clkbuf_16)
                                                         clknet_2_3__leaf_clk_i (net)
                      0.046773    0.000455 3125.323975 ^ _169_/CLK (sky130_fd_sc_hd__dfrtp_1)
                                 -0.250000 3125.073975   clock uncertainty
                                  0.000000 3125.073975   clock reconvergence pessimism
                                 -0.117794 3124.956055   library setup time
                                           3124.956055   data required time
---------------------------------------------------------------------------------------------
                                           3124.956055   data required time
                                             -3.226377   data arrival time
---------------------------------------------------------------------------------------------
                                           3121.729736   slack (MET)


Startpoint: _161_ (rising edge-triggered flip-flop clocked by clk_i)
Endpoint: _164_ (rising edge-triggered flip-flop clocked by clk_i)
Path Group: clk_i
Path Type: max

Fanout         Cap        Slew       Delay        Time   Description
---------------------------------------------------------------------------------------------
                                  0.000000    0.000000   clock clk_i (rise edge)
                                  0.000000    0.000000   clock source latency
     1    0.012536    0.062558    0.042357    0.042357 ^ clk_i (in)
                                                         clk_i (net)
                      0.062562    0.000000    0.042357 ^ clkbuf_0_clk_i/A (sky130_fd_sc_hd__clkbuf_16)
     4    0.036566    0.056684    0.145518    0.187875 ^ clkbuf_0_clk_i/X (sky130_fd_sc_hd__clkbuf_16)
                                                         clknet_0_clk_i (net)
                      0.056707    0.001005    0.188880 ^ clkbuf_2_1__f_clk_i/A (sky130_fd_sc_hd__clkbuf_16)
     9    0.026726    0.047870    0.135996    0.324876 ^ clkbuf_2_1__f_clk_i/X (sky130_fd_sc_hd__clkbuf_16)
                                                         clknet_2_1__leaf_clk_i (net)
                      0.047878    0.000598    0.325474 ^ _161_/CLK (sky130_fd_sc_hd__dfrtp_1)
     1    0.003048    0.040487    0.355229    0.680702 v _161_/Q (sky130_fd_sc_hd__dfrtp_1)
                                                         rng_rd.cache[2] (net)
                      0.040487    0.000099    0.680801 v fanout11/A (sky130_fd_sc_hd__clkbuf_2)
     6    0.025765    0.102369    0.162877    0.843678 v fanout11/X (sky130_fd_sc_hd__clkbuf_2)
                                                         net11 (net)
                      0.102370    0.000499    0.844177 v fanout10/A (sky130_fd_sc_hd__clkbuf_2)
    10    0.028537    0.112280    0.197858    1.042035 v fanout10/X (sky130_fd_sc_hd__clkbuf_2)
                                                         net10 (net)
                      0.112282    0.000534    1.042569 v _107_/A (sky130_fd_sc_hd__or2_1)
     1    0.002904    0.048536    0.245660    1.288229 v _107_/X (sky130_fd_sc_hd__or2_1)
                                                         _078_ (net)
                      0.048536    0.000064    1.288293 v _111_/A1 (sky130_fd_sc_hd__a221o_1)
     1    0.005486    0.065447    0.326302    1.614595 v _111_/X (sky130_fd_sc_hd__a221o_1)
                                                         _035_ (net)
                      0.065447    0.000244    1.614839 v _123_/B (sky130_fd_sc_hd__and4_1)
     1    0.003477    0.041841    0.180569    1.795408 v _123_/X (sky130_fd_sc_hd__and4_1)
                                                         _047_ (net)
                      0.041841    0.000123    1.795530 v _124_/B (sky130_fd_sc_hd__and4b_1)
     1    0.003592    0.043715    0.170558    1.966088 v _124_/X (sky130_fd_sc_hd__and4b_1)
                                                         _048_ (net)
                      0.043715    0.000125    1.966213 v fanout9/A (sky130_fd_sc_hd__buf_2)
     7    0.026706    0.073388    0.165424    2.131637 v fanout9/X (sky130_fd_sc_hd__buf_2)
                                                         net9 (net)
                      0.073389    0.000422    2.132060 v fanout8/A (sky130_fd_sc_hd__clkbuf_4)
    10    0.043509    0.096222    0.209174    2.341233 v fanout8/X (sky130_fd_sc_hd__clkbuf_4)
                                                         net8 (net)
                      0.096244    0.001399    2.342632 v _132_/S (sky130_fd_sc_hd__mux2_1)
     1    0.002768    0.054903    0.321769    2.664401 v _132_/X (sky130_fd_sc_hd__mux2_1)
                                                         _007_ (net)
                      0.054903    0.000089    2.664490 v hold8/A (sky130_fd_sc_hd__dlygate4sd3_1)
     1    0.003329    0.056444    0.556939    3.221429 v hold8/X (sky130_fd_sc_hd__dlygate4sd3_1)
                                                         net25 (net)
                      0.056444    0.000113    3.221542 v _164_/D (sky130_fd_sc_hd__dfrtp_1)
                                              3.221542   data arrival time

                               3125.000000 3125.000000   clock clk_i (rise edge)
                                  0.000000 3125.000000   clock source latency
     1    0.012536    0.062558    0.042292 3125.042236 ^ clk_i (in)
                                                         clk_i (net)
                      0.062562    0.000000 3125.042236 ^ clkbuf_0_clk_i/A (sky130_fd_sc_hd__clkbuf_16)
     4    0.036566    0.056684    0.145519 3125.187744 ^ clkbuf_0_clk_i/X (sky130_fd_sc_hd__clkbuf_16)
                                                         clknet_0_clk_i (net)
                      0.056707    0.001137 3125.188965 ^ clkbuf_2_1__f_clk_i/A (sky130_fd_sc_hd__clkbuf_16)
     9    0.026726    0.047870    0.135969 3125.324951 ^ clkbuf_2_1__f_clk_i/X (sky130_fd_sc_hd__clkbuf_16)
                                                         clknet_2_1__leaf_clk_i (net)
                      0.047874    0.000455 3125.325439 ^ _164_/CLK (sky130_fd_sc_hd__dfrtp_1)
                                 -0.250000 3125.075195   clock uncertainty
                                  0.000000 3125.075195   clock reconvergence pessimism
                                 -0.118608 3124.956543   library setup time
                                           3124.956543   data required time
---------------------------------------------------------------------------------------------
                                           3124.956543   data required time
                                             -3.221542   data arrival time
---------------------------------------------------------------------------------------------
                                           3121.735107   slack (MET)


Startpoint: _161_ (rising edge-triggered flip-flop clocked by clk_i)
Endpoint: _177_ (rising edge-triggered flip-flop clocked by clk_i)
Path Group: clk_i
Path Type: max

Fanout         Cap        Slew       Delay        Time   Description
---------------------------------------------------------------------------------------------
                                  0.000000    0.000000   clock clk_i (rise edge)
                                  0.000000    0.000000   clock source latency
     1    0.012536    0.062558    0.042357    0.042357 ^ clk_i (in)
                                                         clk_i (net)
                      0.062562    0.000000    0.042357 ^ clkbuf_0_clk_i/A (sky130_fd_sc_hd__clkbuf_16)
     4    0.036566    0.056684    0.145518    0.187875 ^ clkbuf_0_clk_i/X (sky130_fd_sc_hd__clkbuf_16)
                                                         clknet_0_clk_i (net)
                      0.056707    0.001005    0.188880 ^ clkbuf_2_1__f_clk_i/A (sky130_fd_sc_hd__clkbuf_16)
     9    0.026726    0.047870    0.135996    0.324876 ^ clkbuf_2_1__f_clk_i/X (sky130_fd_sc_hd__clkbuf_16)
                                                         clknet_2_1__leaf_clk_i (net)
                      0.047878    0.000598    0.325474 ^ _161_/CLK (sky130_fd_sc_hd__dfrtp_1)
     1    0.003048    0.040487    0.355229    0.680702 v _161_/Q (sky130_fd_sc_hd__dfrtp_1)
                                                         rng_rd.cache[2] (net)
                      0.040487    0.000099    0.680801 v fanout11/A (sky130_fd_sc_hd__clkbuf_2)
     6    0.025765    0.102369    0.162877    0.843678 v fanout11/X (sky130_fd_sc_hd__clkbuf_2)
                                                         net11 (net)
                      0.102370    0.000499    0.844177 v fanout10/A (sky130_fd_sc_hd__clkbuf_2)
    10    0.028537    0.112280    0.197858    1.042035 v fanout10/X (sky130_fd_sc_hd__clkbuf_2)
                                                         net10 (net)
                      0.112282    0.000534    1.042569 v _107_/A (sky130_fd_sc_hd__or2_1)
     1    0.002904    0.048536    0.245660    1.288229 v _107_/X (sky130_fd_sc_hd__or2_1)
                                                         _078_ (net)
                      0.048536    0.000064    1.288293 v _111_/A1 (sky130_fd_sc_hd__a221o_1)
     1    0.005486    0.065447    0.326302    1.614595 v _111_/X (sky130_fd_sc_hd__a221o_1)
                                                         _035_ (net)
                      0.065447    0.000244    1.614839 v _123_/B (sky130_fd_sc_hd__and4_1)
     1    0.003477    0.041841    0.180569    1.795408 v _123_/X (sky130_fd_sc_hd__and4_1)
                                                         _047_ (net)
                      0.041841    0.000123    1.795530 v _124_/B (sky130_fd_sc_hd__and4b_1)
     1    0.003592    0.043715    0.170558    1.966088 v _124_/X (sky130_fd_sc_hd__and4b_1)
                                                         _048_ (net)
                      0.043715    0.000125    1.966213 v fanout9/A (sky130_fd_sc_hd__buf_2)
     7    0.026706    0.073388    0.165424    2.131637 v fanout9/X (sky130_fd_sc_hd__buf_2)
                                                         net9 (net)
                      0.073399    0.000919    2.132557 v fanout7/A (sky130_fd_sc_hd__clkbuf_4)
    10    0.043595    0.096471    0.209119    2.341675 v fanout7/X (sky130_fd_sc_hd__clkbuf_4)
                                                         net7 (net)
                      0.096489    0.001291    2.342966 v _144_/S (sky130_fd_sc_hd__mux2_1)
     1    0.003178    0.057456    0.325698    2.668664 v _144_/X (sky130_fd_sc_hd__mux2_1)
                                                         _019_ (net)
                      0.057456    0.000107    2.668771 v hold14/A (sky130_fd_sc_hd__dlygate4sd3_1)
     1    0.002898    0.053560    0.554192    3.222962 v hold14/X (sky130_fd_sc_hd__dlygate4sd3_1)
                                                         net31 (net)
                      0.053560    0.000093    3.223055 v _177_/D (sky130_fd_sc_hd__dfrtp_1)
                                              3.223055   data arrival time

                               3125.000000 3125.000000   clock clk_i (rise edge)
                                  0.000000 3125.000000   clock source latency
     1    0.012536    0.062558    0.042292 3125.042236 ^ clk_i (in)
                                                         clk_i (net)
                      0.062562    0.000000 3125.042236 ^ clkbuf_0_clk_i/A (sky130_fd_sc_hd__clkbuf_16)
     4    0.036566    0.056684    0.145519 3125.187744 ^ clkbuf_0_clk_i/X (sky130_fd_sc_hd__clkbuf_16)
                                                         clknet_0_clk_i (net)
                      0.056709    0.001137 3125.188965 ^ clkbuf_2_2__f_clk_i/A (sky130_fd_sc_hd__clkbuf_16)
    10    0.026804    0.047960    0.135742 3125.324707 ^ clkbuf_2_2__f_clk_i/X (sky130_fd_sc_hd__clkbuf_16)
                                                         clknet_2_2__leaf_clk_i (net)
                      0.047962    0.000455 3125.325195 ^ _177_/CLK (sky130_fd_sc_hd__dfrtp_1)
                                 -0.250000 3125.074951   clock uncertainty
                                  0.000000 3125.074951   clock reconvergence pessimism
                                 -0.117330 3124.957764   library setup time
                                           3124.957764   data required time
---------------------------------------------------------------------------------------------
                                           3124.957764   data required time
                                             -3.223055   data arrival time
---------------------------------------------------------------------------------------------
                                           3121.734619   slack (MET)


Startpoint: _161_ (rising edge-triggered flip-flop clocked by clk_i)
Endpoint: _191_ (rising edge-triggered flip-flop clocked by clk_i)
Path Group: clk_i
Path Type: max

Fanout         Cap        Slew       Delay        Time   Description
---------------------------------------------------------------------------------------------
                                  0.000000    0.000000   clock clk_i (rise edge)
                                  0.000000    0.000000   clock source latency
     1    0.012536    0.062558    0.042357    0.042357 ^ clk_i (in)
                                                         clk_i (net)
                      0.062562    0.000000    0.042357 ^ clkbuf_0_clk_i/A (sky130_fd_sc_hd__clkbuf_16)
     4    0.036566    0.056684    0.145518    0.187875 ^ clkbuf_0_clk_i/X (sky130_fd_sc_hd__clkbuf_16)
                                                         clknet_0_clk_i (net)
                      0.056707    0.001005    0.188880 ^ clkbuf_2_1__f_clk_i/A (sky130_fd_sc_hd__clkbuf_16)
     9    0.026726    0.047870    0.135996    0.324876 ^ clkbuf_2_1__f_clk_i/X (sky130_fd_sc_hd__clkbuf_16)
                                                         clknet_2_1__leaf_clk_i (net)
                      0.047878    0.000598    0.325474 ^ _161_/CLK (sky130_fd_sc_hd__dfrtp_1)
     1    0.003048    0.040487    0.355229    0.680702 v _161_/Q (sky130_fd_sc_hd__dfrtp_1)
                                                         rng_rd.cache[2] (net)
                      0.040487    0.000099    0.680801 v fanout11/A (sky130_fd_sc_hd__clkbuf_2)
     6    0.025765    0.102369    0.162877    0.843678 v fanout11/X (sky130_fd_sc_hd__clkbuf_2)
                                                         net11 (net)
                      0.102370    0.000499    0.844177 v fanout10/A (sky130_fd_sc_hd__clkbuf_2)
    10    0.028537    0.112280    0.197858    1.042035 v fanout10/X (sky130_fd_sc_hd__clkbuf_2)
                                                         net10 (net)
                      0.112282    0.000534    1.042569 v _107_/A (sky130_fd_sc_hd__or2_1)
     1    0.002904    0.048536    0.245660    1.288229 v _107_/X (sky130_fd_sc_hd__or2_1)
                                                         _078_ (net)
                      0.048536    0.000064    1.288293 v _111_/A1 (sky130_fd_sc_hd__a221o_1)
     1    0.005486    0.065447    0.326302    1.614595 v _111_/X (sky130_fd_sc_hd__a221o_1)
                                                         _035_ (net)
                      0.065447    0.000244    1.614839 v _123_/B (sky130_fd_sc_hd__and4_1)
     1    0.003477    0.041841    0.180569    1.795408 v _123_/X (sky130_fd_sc_hd__and4_1)
                                                         _047_ (net)
                      0.041841    0.000123    1.795530 v _124_/B (sky130_fd_sc_hd__and4b_1)
     1    0.003592    0.043715    0.170558    1.966088 v _124_/X (sky130_fd_sc_hd__and4b_1)
                                                         _048_ (net)
                      0.043715    0.000125    1.966213 v fanout9/A (sky130_fd_sc_hd__buf_2)
     7    0.026706    0.073388    0.165424    2.131637 v fanout9/X (sky130_fd_sc_hd__buf_2)
                                                         net9 (net)
                      0.073389    0.000422    2.132060 v fanout8/A (sky130_fd_sc_hd__clkbuf_4)
    10    0.043509    0.096222    0.209174    2.341233 v fanout8/X (sky130_fd_sc_hd__clkbuf_4)
                                                         net8 (net)
                      0.096241    0.001319    2.342552 v _157_/S (sky130_fd_sc_hd__mux2_1)
     1    0.003100    0.056963    0.324876    2.667428 v _157_/X (sky130_fd_sc_hd__mux2_1)
                                                         _030_ (net)
                      0.056963    0.000107    2.667535 v hold36/A (sky130_fd_sc_hd__dlygate4sd3_1)
     1    0.003181    0.055413    0.556533    3.224068 v hold36/X (sky130_fd_sc_hd__dlygate4sd3_1)
                                                         net53 (net)
                      0.055413    0.000105    3.224173 v _191_/D (sky130_fd_sc_hd__dfrtp_1)
                                              3.224173   data arrival time

                               3125.000000 3125.000000   clock clk_i (rise edge)
                                  0.000000 3125.000000   clock source latency
     1    0.012536    0.062558    0.042292 3125.042236 ^ clk_i (in)
                                                         clk_i (net)
                      0.062562    0.000000 3125.042236 ^ clkbuf_0_clk_i/A (sky130_fd_sc_hd__clkbuf_16)
     4    0.036566    0.056684    0.145519 3125.187744 ^ clkbuf_0_clk_i/X (sky130_fd_sc_hd__clkbuf_16)
                                                         clknet_0_clk_i (net)
                      0.056707    0.001137 3125.188965 ^ clkbuf_2_1__f_clk_i/A (sky130_fd_sc_hd__clkbuf_16)
     9    0.026726    0.047870    0.135969 3125.324951 ^ clkbuf_2_1__f_clk_i/X (sky130_fd_sc_hd__clkbuf_16)
                                                         clknet_2_1__leaf_clk_i (net)
                      0.047873    0.000455 3125.325439 ^ _191_/CLK (sky130_fd_sc_hd__dfrtp_1)
                                 -0.250000 3125.075195   clock uncertainty
                                  0.000000 3125.075195   clock reconvergence pessimism
                                 -0.118159 3124.957031   library setup time
                                           3124.957031   data required time
---------------------------------------------------------------------------------------------
                                           3124.957031   data required time
                                             -3.224173   data arrival time
---------------------------------------------------------------------------------------------
                                           3121.732910   slack (MET)


Startpoint: _161_ (rising edge-triggered flip-flop clocked by clk_i)
Endpoint: _173_ (rising edge-triggered flip-flop clocked by clk_i)
Path Group: clk_i
Path Type: max

Fanout         Cap        Slew       Delay        Time   Description
---------------------------------------------------------------------------------------------
                                  0.000000    0.000000   clock clk_i (rise edge)
                                  0.000000    0.000000   clock source latency
     1    0.012536    0.062558    0.042357    0.042357 ^ clk_i (in)
                                                         clk_i (net)
                      0.062562    0.000000    0.042357 ^ clkbuf_0_clk_i/A (sky130_fd_sc_hd__clkbuf_16)
     4    0.036566    0.056684    0.145518    0.187875 ^ clkbuf_0_clk_i/X (sky130_fd_sc_hd__clkbuf_16)
                                                         clknet_0_clk_i (net)
                      0.056707    0.001005    0.188880 ^ clkbuf_2_1__f_clk_i/A (sky130_fd_sc_hd__clkbuf_16)
     9    0.026726    0.047870    0.135996    0.324876 ^ clkbuf_2_1__f_clk_i/X (sky130_fd_sc_hd__clkbuf_16)
                                                         clknet_2_1__leaf_clk_i (net)
                      0.047878    0.000598    0.325474 ^ _161_/CLK (sky130_fd_sc_hd__dfrtp_1)
     1    0.003048    0.040487    0.355229    0.680702 v _161_/Q (sky130_fd_sc_hd__dfrtp_1)
                                                         rng_rd.cache[2] (net)
                      0.040487    0.000099    0.680801 v fanout11/A (sky130_fd_sc_hd__clkbuf_2)
     6    0.025765    0.102369    0.162877    0.843678 v fanout11/X (sky130_fd_sc_hd__clkbuf_2)
                                                         net11 (net)
                      0.102370    0.000499    0.844177 v fanout10/A (sky130_fd_sc_hd__clkbuf_2)
    10    0.028537    0.112280    0.197858    1.042035 v fanout10/X (sky130_fd_sc_hd__clkbuf_2)
                                                         net10 (net)
                      0.112282    0.000534    1.042569 v _107_/A (sky130_fd_sc_hd__or2_1)
     1    0.002904    0.048536    0.245660    1.288229 v _107_/X (sky130_fd_sc_hd__or2_1)
                                                         _078_ (net)
                      0.048536    0.000064    1.288293 v _111_/A1 (sky130_fd_sc_hd__a221o_1)
     1    0.005486    0.065447    0.326302    1.614595 v _111_/X (sky130_fd_sc_hd__a221o_1)
                                                         _035_ (net)
                      0.065447    0.000244    1.614839 v _123_/B (sky130_fd_sc_hd__and4_1)
     1    0.003477    0.041841    0.180569    1.795408 v _123_/X (sky130_fd_sc_hd__and4_1)
                                                         _047_ (net)
                      0.041841    0.000123    1.795530 v _124_/B (sky130_fd_sc_hd__and4b_1)
     1    0.003592    0.043715    0.170558    1.966088 v _124_/X (sky130_fd_sc_hd__and4b_1)
                                                         _048_ (net)
                      0.043715    0.000125    1.966213 v fanout9/A (sky130_fd_sc_hd__buf_2)
     7    0.026706    0.073388    0.165424    2.131637 v fanout9/X (sky130_fd_sc_hd__buf_2)
                                                         net9 (net)
                      0.073389    0.000422    2.132060 v fanout8/A (sky130_fd_sc_hd__clkbuf_4)
    10    0.043509    0.096222    0.209174    2.341233 v fanout8/X (sky130_fd_sc_hd__clkbuf_4)
                                                         net8 (net)
                      0.096231    0.000983    2.342216 v _140_/S (sky130_fd_sc_hd__mux2_1)
     1    0.002671    0.054331    0.320859    2.663074 v _140_/X (sky130_fd_sc_hd__mux2_1)
                                                         _015_ (net)
                      0.054331    0.000087    2.663161 v hold18/A (sky130_fd_sc_hd__dlygate4sd3_1)
     1    0.002956    0.053923    0.553295    3.216456 v hold18/X (sky130_fd_sc_hd__dlygate4sd3_1)
                                                         net35 (net)
                      0.053923    0.000093    3.216550 v _173_/D (sky130_fd_sc_hd__dfrtp_1)
                                              3.216550   data arrival time

                               3125.000000 3125.000000   clock clk_i (rise edge)
                                  0.000000 3125.000000   clock source latency
     1    0.012536    0.062558    0.042292 3125.042236 ^ clk_i (in)
                                                         clk_i (net)
                      0.062562    0.000000 3125.042236 ^ clkbuf_0_clk_i/A (sky130_fd_sc_hd__clkbuf_16)
     4    0.036566    0.056684    0.145519 3125.187744 ^ clkbuf_0_clk_i/X (sky130_fd_sc_hd__clkbuf_16)
                                                         clknet_0_clk_i (net)
                      0.056700    0.000909 3125.188721 ^ clkbuf_2_3__f_clk_i/A (sky130_fd_sc_hd__clkbuf_16)
     8    0.025516    0.046767    0.134833 3125.323486 ^ clkbuf_2_3__f_clk_i/X (sky130_fd_sc_hd__clkbuf_16)
                                                         clknet_2_3__leaf_clk_i (net)
                      0.046776    0.000682 3125.324219 ^ _173_/CLK (sky130_fd_sc_hd__dfrtp_1)
                                 -0.250000 3125.074219   clock uncertainty
                                  0.000000 3125.074219   clock reconvergence pessimism
                                 -0.117760 3124.956299   library setup time
                                           3124.956299   data required time
---------------------------------------------------------------------------------------------
                                           3124.956299   data required time
                                             -3.216550   data arrival time
---------------------------------------------------------------------------------------------
                                           3121.739746   slack (MET)


Startpoint: _161_ (rising edge-triggered flip-flop clocked by clk_i)
Endpoint: _179_ (rising edge-triggered flip-flop clocked by clk_i)
Path Group: clk_i
Path Type: max

Fanout         Cap        Slew       Delay        Time   Description
---------------------------------------------------------------------------------------------
                                  0.000000    0.000000   clock clk_i (rise edge)
                                  0.000000    0.000000   clock source latency
     1    0.012536    0.062558    0.042357    0.042357 ^ clk_i (in)
                                                         clk_i (net)
                      0.062562    0.000000    0.042357 ^ clkbuf_0_clk_i/A (sky130_fd_sc_hd__clkbuf_16)
     4    0.036566    0.056684    0.145518    0.187875 ^ clkbuf_0_clk_i/X (sky130_fd_sc_hd__clkbuf_16)
                                                         clknet_0_clk_i (net)
                      0.056707    0.001005    0.188880 ^ clkbuf_2_1__f_clk_i/A (sky130_fd_sc_hd__clkbuf_16)
     9    0.026726    0.047870    0.135996    0.324876 ^ clkbuf_2_1__f_clk_i/X (sky130_fd_sc_hd__clkbuf_16)
                                                         clknet_2_1__leaf_clk_i (net)
                      0.047878    0.000598    0.325474 ^ _161_/CLK (sky130_fd_sc_hd__dfrtp_1)
     1    0.003048    0.040487    0.355229    0.680702 v _161_/Q (sky130_fd_sc_hd__dfrtp_1)
                                                         rng_rd.cache[2] (net)
                      0.040487    0.000099    0.680801 v fanout11/A (sky130_fd_sc_hd__clkbuf_2)
     6    0.025765    0.102369    0.162877    0.843678 v fanout11/X (sky130_fd_sc_hd__clkbuf_2)
                                                         net11 (net)
                      0.102370    0.000499    0.844177 v fanout10/A (sky130_fd_sc_hd__clkbuf_2)
    10    0.028537    0.112280    0.197858    1.042035 v fanout10/X (sky130_fd_sc_hd__clkbuf_2)
                                                         net10 (net)
                      0.112282    0.000534    1.042569 v _107_/A (sky130_fd_sc_hd__or2_1)
     1    0.002904    0.048536    0.245660    1.288229 v _107_/X (sky130_fd_sc_hd__or2_1)
                                                         _078_ (net)
                      0.048536    0.000064    1.288293 v _111_/A1 (sky130_fd_sc_hd__a221o_1)
     1    0.005486    0.065447    0.326302    1.614595 v _111_/X (sky130_fd_sc_hd__a221o_1)
                                                         _035_ (net)
                      0.065447    0.000244    1.614839 v _123_/B (sky130_fd_sc_hd__and4_1)
     1    0.003477    0.041841    0.180569    1.795408 v _123_/X (sky130_fd_sc_hd__and4_1)
                                                         _047_ (net)
                      0.041841    0.000123    1.795530 v _124_/B (sky130_fd_sc_hd__and4b_1)
     1    0.003592    0.043715    0.170558    1.966088 v _124_/X (sky130_fd_sc_hd__and4b_1)
                                                         _048_ (net)
                      0.043715    0.000125    1.966213 v fanout9/A (sky130_fd_sc_hd__buf_2)
     7    0.026706    0.073388    0.165424    2.131637 v fanout9/X (sky130_fd_sc_hd__buf_2)
                                                         net9 (net)
                      0.073399    0.000919    2.132557 v fanout7/A (sky130_fd_sc_hd__clkbuf_4)
    10    0.043595    0.096471    0.209119    2.341675 v fanout7/X (sky130_fd_sc_hd__clkbuf_4)
                                                         net7 (net)
                      0.096500    0.001578    2.343253 v _145_/S (sky130_fd_sc_hd__mux2_1)
     1    0.002830    0.055305    0.322454    2.665707 v _145_/X (sky130_fd_sc_hd__mux2_1)
                                                         _020_ (net)
                      0.055305    0.000070    2.665777 v hold21/A (sky130_fd_sc_hd__dlygate4sd3_1)
     1    0.002936    0.053799    0.553560    3.219337 v hold21/X (sky130_fd_sc_hd__dlygate4sd3_1)
                                                         net38 (net)
                      0.053799    0.000094    3.219432 v _179_/D (sky130_fd_sc_hd__dfrtp_1)
                                              3.219432   data arrival time

                               3125.000000 3125.000000   clock clk_i (rise edge)
                                  0.000000 3125.000000   clock source latency
     1    0.012536    0.062558    0.042292 3125.042236 ^ clk_i (in)
                                                         clk_i (net)
                      0.062562    0.000000 3125.042236 ^ clkbuf_0_clk_i/A (sky130_fd_sc_hd__clkbuf_16)
     4    0.036566    0.056684    0.145519 3125.187744 ^ clkbuf_0_clk_i/X (sky130_fd_sc_hd__clkbuf_16)
                                                         clknet_0_clk_i (net)
                      0.056709    0.001137 3125.188965 ^ clkbuf_2_2__f_clk_i/A (sky130_fd_sc_hd__clkbuf_16)
    10    0.026804    0.047960    0.135742 3125.324707 ^ clkbuf_2_2__f_clk_i/X (sky130_fd_sc_hd__clkbuf_16)
                                                         clknet_2_2__leaf_clk_i (net)
                      0.048013    0.001364 3125.326172 ^ _179_/CLK (sky130_fd_sc_hd__dfrtp_1)
                                 -0.250000 3125.075928   clock uncertainty
                                  0.000000 3125.075928   clock reconvergence pessimism
                                 -0.117423 3124.958740   library setup time
                                           3124.958740   data required time
---------------------------------------------------------------------------------------------
                                           3124.958740   data required time
                                             -3.219432   data arrival time
---------------------------------------------------------------------------------------------
                                           3121.739258   slack (MET)


Startpoint: _161_ (rising edge-triggered flip-flop clocked by clk_i)
Endpoint: _163_ (rising edge-triggered flip-flop clocked by clk_i)
Path Group: clk_i
Path Type: max

Fanout         Cap        Slew       Delay        Time   Description
---------------------------------------------------------------------------------------------
                                  0.000000    0.000000   clock clk_i (rise edge)
                                  0.000000    0.000000   clock source latency
     1    0.012536    0.062558    0.042357    0.042357 ^ clk_i (in)
                                                         clk_i (net)
                      0.062562    0.000000    0.042357 ^ clkbuf_0_clk_i/A (sky130_fd_sc_hd__clkbuf_16)
     4    0.036566    0.056684    0.145518    0.187875 ^ clkbuf_0_clk_i/X (sky130_fd_sc_hd__clkbuf_16)
                                                         clknet_0_clk_i (net)
                      0.056707    0.001005    0.188880 ^ clkbuf_2_1__f_clk_i/A (sky130_fd_sc_hd__clkbuf_16)
     9    0.026726    0.047870    0.135996    0.324876 ^ clkbuf_2_1__f_clk_i/X (sky130_fd_sc_hd__clkbuf_16)
                                                         clknet_2_1__leaf_clk_i (net)
                      0.047878    0.000598    0.325474 ^ _161_/CLK (sky130_fd_sc_hd__dfrtp_1)
     1    0.003048    0.040487    0.355229    0.680702 v _161_/Q (sky130_fd_sc_hd__dfrtp_1)
                                                         rng_rd.cache[2] (net)
                      0.040487    0.000099    0.680801 v fanout11/A (sky130_fd_sc_hd__clkbuf_2)
     6    0.025765    0.102369    0.162877    0.843678 v fanout11/X (sky130_fd_sc_hd__clkbuf_2)
                                                         net11 (net)
                      0.102370    0.000499    0.844177 v fanout10/A (sky130_fd_sc_hd__clkbuf_2)
    10    0.028537    0.112280    0.197858    1.042035 v fanout10/X (sky130_fd_sc_hd__clkbuf_2)
                                                         net10 (net)
                      0.112282    0.000534    1.042569 v _107_/A (sky130_fd_sc_hd__or2_1)
     1    0.002904    0.048536    0.245660    1.288229 v _107_/X (sky130_fd_sc_hd__or2_1)
                                                         _078_ (net)
                      0.048536    0.000064    1.288293 v _111_/A1 (sky130_fd_sc_hd__a221o_1)
     1    0.005486    0.065447    0.326302    1.614595 v _111_/X (sky130_fd_sc_hd__a221o_1)
                                                         _035_ (net)
                      0.065447    0.000244    1.614839 v _123_/B (sky130_fd_sc_hd__and4_1)
     1    0.003477    0.041841    0.180569    1.795408 v _123_/X (sky130_fd_sc_hd__and4_1)
                                                         _047_ (net)
                      0.041841    0.000123    1.795530 v _124_/B (sky130_fd_sc_hd__and4b_1)
     1    0.003592    0.043715    0.170558    1.966088 v _124_/X (sky130_fd_sc_hd__and4b_1)
                                                         _048_ (net)
                      0.043715    0.000125    1.966213 v fanout9/A (sky130_fd_sc_hd__buf_2)
     7    0.026706    0.073388    0.165424    2.131637 v fanout9/X (sky130_fd_sc_hd__buf_2)
                                                         net9 (net)
                      0.073389    0.000422    2.132060 v fanout8/A (sky130_fd_sc_hd__clkbuf_4)
    10    0.043509    0.096222    0.209174    2.341233 v fanout8/X (sky130_fd_sc_hd__clkbuf_4)
                                                         net8 (net)
                      0.096235    0.001139    2.342372 v _131_/S (sky130_fd_sc_hd__mux2_1)
     1    0.002241    0.051971    0.316839    2.659211 v _131_/X (sky130_fd_sc_hd__mux2_1)
                                                         _006_ (net)
                      0.051971    0.000049    2.659260 v hold6/A (sky130_fd_sc_hd__dlygate4sd3_1)
     1    0.002401    0.050614    0.547267    3.206527 v hold6/X (sky130_fd_sc_hd__dlygate4sd3_1)
                                                         net23 (net)
                      0.050614    0.000050    3.206577 v _163_/D (sky130_fd_sc_hd__dfrtp_1)
                                              3.206577   data arrival time

                               3125.000000 3125.000000   clock clk_i (rise edge)
                                  0.000000 3125.000000   clock source latency
     1    0.012536    0.062558    0.042292 3125.042236 ^ clk_i (in)
                                                         clk_i (net)
                      0.062562    0.000000 3125.042236 ^ clkbuf_0_clk_i/A (sky130_fd_sc_hd__clkbuf_16)
     4    0.036566    0.056684    0.145519 3125.187744 ^ clkbuf_0_clk_i/X (sky130_fd_sc_hd__clkbuf_16)
                                                         clknet_0_clk_i (net)
                      0.056707    0.001137 3125.188965 ^ clkbuf_2_1__f_clk_i/A (sky130_fd_sc_hd__clkbuf_16)
     9    0.026726    0.047870    0.135969 3125.324951 ^ clkbuf_2_1__f_clk_i/X (sky130_fd_sc_hd__clkbuf_16)
                                                         clknet_2_1__leaf_clk_i (net)
                      0.047874    0.000455 3125.325439 ^ _163_/CLK (sky130_fd_sc_hd__dfrtp_1)
                                 -0.250000 3125.075195   clock uncertainty
                                  0.000000 3125.075195   clock reconvergence pessimism
                                 -0.116065 3124.959229   library setup time
                                           3124.959229   data required time
---------------------------------------------------------------------------------------------
                                           3124.959229   data required time
                                             -3.206577   data arrival time
---------------------------------------------------------------------------------------------
                                           3121.752686   slack (MET)


Startpoint: _161_ (rising edge-triggered flip-flop clocked by clk_i)
Endpoint: _192_ (rising edge-triggered flip-flop clocked by clk_i)
Path Group: clk_i
Path Type: max

Fanout         Cap        Slew       Delay        Time   Description
---------------------------------------------------------------------------------------------
                                  0.000000    0.000000   clock clk_i (rise edge)
                                  0.000000    0.000000   clock source latency
     1    0.012536    0.062558    0.042357    0.042357 ^ clk_i (in)
                                                         clk_i (net)
                      0.062562    0.000000    0.042357 ^ clkbuf_0_clk_i/A (sky130_fd_sc_hd__clkbuf_16)
     4    0.036566    0.056684    0.145518    0.187875 ^ clkbuf_0_clk_i/X (sky130_fd_sc_hd__clkbuf_16)
                                                         clknet_0_clk_i (net)
                      0.056707    0.001005    0.188880 ^ clkbuf_2_1__f_clk_i/A (sky130_fd_sc_hd__clkbuf_16)
     9    0.026726    0.047870    0.135996    0.324876 ^ clkbuf_2_1__f_clk_i/X (sky130_fd_sc_hd__clkbuf_16)
                                                         clknet_2_1__leaf_clk_i (net)
                      0.047878    0.000598    0.325474 ^ _161_/CLK (sky130_fd_sc_hd__dfrtp_1)
     1    0.003048    0.040487    0.355229    0.680702 v _161_/Q (sky130_fd_sc_hd__dfrtp_1)
                                                         rng_rd.cache[2] (net)
                      0.040487    0.000099    0.680801 v fanout11/A (sky130_fd_sc_hd__clkbuf_2)
     6    0.025765    0.102369    0.162877    0.843678 v fanout11/X (sky130_fd_sc_hd__clkbuf_2)
                                                         net11 (net)
                      0.102370    0.000499    0.844177 v fanout10/A (sky130_fd_sc_hd__clkbuf_2)
    10    0.028537    0.112280    0.197858    1.042035 v fanout10/X (sky130_fd_sc_hd__clkbuf_2)
                                                         net10 (net)
                      0.112282    0.000534    1.042569 v _107_/A (sky130_fd_sc_hd__or2_1)
     1    0.002904    0.048536    0.245660    1.288229 v _107_/X (sky130_fd_sc_hd__or2_1)
                                                         _078_ (net)
                      0.048536    0.000064    1.288293 v _111_/A1 (sky130_fd_sc_hd__a221o_1)
     1    0.005486    0.065447    0.326302    1.614595 v _111_/X (sky130_fd_sc_hd__a221o_1)
                                                         _035_ (net)
                      0.065447    0.000244    1.614839 v _123_/B (sky130_fd_sc_hd__and4_1)
     1    0.003477    0.041841    0.180569    1.795408 v _123_/X (sky130_fd_sc_hd__and4_1)
                                                         _047_ (net)
                      0.041841    0.000123    1.795530 v _124_/B (sky130_fd_sc_hd__and4b_1)
     1    0.003592    0.043715    0.170558    1.966088 v _124_/X (sky130_fd_sc_hd__and4b_1)
                                                         _048_ (net)
                      0.043715    0.000125    1.966213 v fanout9/A (sky130_fd_sc_hd__buf_2)
     7    0.026706    0.073388    0.165424    2.131637 v fanout9/X (sky130_fd_sc_hd__buf_2)
                                                         net9 (net)
                      0.073389    0.000422    2.132060 v fanout8/A (sky130_fd_sc_hd__clkbuf_4)
    10    0.043509    0.096222    0.209174    2.341233 v fanout8/X (sky130_fd_sc_hd__clkbuf_4)
                                                         net8 (net)
                      0.096244    0.001403    2.342636 v _158_/S (sky130_fd_sc_hd__mux2_1)
     1    0.001830    0.050205    0.312991    2.655627 v _158_/X (sky130_fd_sc_hd__mux2_1)
                                                         _031_ (net)
                      0.050205    0.000036    2.655663 v hold32/A (sky130_fd_sc_hd__dlygate4sd3_1)
     1    0.002688    0.052289    0.549180    3.204843 v hold32/X (sky130_fd_sc_hd__dlygate4sd3_1)
                                                         net49 (net)
                      0.052289    0.000062    3.204905 v _192_/D (sky130_fd_sc_hd__dfrtp_1)
                                              3.204905   data arrival time

                               3125.000000 3125.000000   clock clk_i (rise edge)
                                  0.000000 3125.000000   clock source latency
     1    0.012536    0.062558    0.042292 3125.042236 ^ clk_i (in)
                                                         clk_i (net)
                      0.062562    0.000000 3125.042236 ^ clkbuf_0_clk_i/A (sky130_fd_sc_hd__clkbuf_16)
     4    0.036566    0.056684    0.145519 3125.187744 ^ clkbuf_0_clk_i/X (sky130_fd_sc_hd__clkbuf_16)
                                                         clknet_0_clk_i (net)
                      0.056707    0.001137 3125.188965 ^ clkbuf_2_1__f_clk_i/A (sky130_fd_sc_hd__clkbuf_16)
     9    0.026726    0.047870    0.135969 3125.324951 ^ clkbuf_2_1__f_clk_i/X (sky130_fd_sc_hd__clkbuf_16)
                                                         clknet_2_1__leaf_clk_i (net)
                      0.047873    0.000455 3125.325439 ^ _192_/CLK (sky130_fd_sc_hd__dfrtp_1)
                                 -0.250000 3125.075195   clock uncertainty
                                  0.000000 3125.075195   clock reconvergence pessimism
                                 -0.116796 3124.958496   library setup time
                                           3124.958496   data required time
---------------------------------------------------------------------------------------------
                                           3124.958496   data required time
                                             -3.204905   data arrival time
---------------------------------------------------------------------------------------------
                                           3121.753662   slack (MET)


Startpoint: _161_ (rising edge-triggered flip-flop clocked by clk_i)
Endpoint: _176_ (rising edge-triggered flip-flop clocked by clk_i)
Path Group: clk_i
Path Type: max

Fanout         Cap        Slew       Delay        Time   Description
---------------------------------------------------------------------------------------------
                                  0.000000    0.000000   clock clk_i (rise edge)
                                  0.000000    0.000000   clock source latency
     1    0.012536    0.062558    0.042357    0.042357 ^ clk_i (in)
                                                         clk_i (net)
                      0.062562    0.000000    0.042357 ^ clkbuf_0_clk_i/A (sky130_fd_sc_hd__clkbuf_16)
     4    0.036566    0.056684    0.145518    0.187875 ^ clkbuf_0_clk_i/X (sky130_fd_sc_hd__clkbuf_16)
                                                         clknet_0_clk_i (net)
                      0.056707    0.001005    0.188880 ^ clkbuf_2_1__f_clk_i/A (sky130_fd_sc_hd__clkbuf_16)
     9    0.026726    0.047870    0.135996    0.324876 ^ clkbuf_2_1__f_clk_i/X (sky130_fd_sc_hd__clkbuf_16)
                                                         clknet_2_1__leaf_clk_i (net)
                      0.047878    0.000598    0.325474 ^ _161_/CLK (sky130_fd_sc_hd__dfrtp_1)
     1    0.003048    0.040487    0.355229    0.680702 v _161_/Q (sky130_fd_sc_hd__dfrtp_1)
                                                         rng_rd.cache[2] (net)
                      0.040487    0.000099    0.680801 v fanout11/A (sky130_fd_sc_hd__clkbuf_2)
     6    0.025765    0.102369    0.162877    0.843678 v fanout11/X (sky130_fd_sc_hd__clkbuf_2)
                                                         net11 (net)
                      0.102370    0.000499    0.844177 v fanout10/A (sky130_fd_sc_hd__clkbuf_2)
    10    0.028537    0.112280    0.197858    1.042035 v fanout10/X (sky130_fd_sc_hd__clkbuf_2)
                                                         net10 (net)
                      0.112282    0.000534    1.042569 v _107_/A (sky130_fd_sc_hd__or2_1)
     1    0.002904    0.048536    0.245660    1.288229 v _107_/X (sky130_fd_sc_hd__or2_1)
                                                         _078_ (net)
                      0.048536    0.000064    1.288293 v _111_/A1 (sky130_fd_sc_hd__a221o_1)
     1    0.005486    0.065447    0.326302    1.614595 v _111_/X (sky130_fd_sc_hd__a221o_1)
                                                         _035_ (net)
                      0.065447    0.000244    1.614839 v _123_/B (sky130_fd_sc_hd__and4_1)
     1    0.003477    0.041841    0.180569    1.795408 v _123_/X (sky130_fd_sc_hd__and4_1)
                                                         _047_ (net)
                      0.041841    0.000123    1.795530 v _124_/B (sky130_fd_sc_hd__and4b_1)
     1    0.003592    0.043715    0.170558    1.966088 v _124_/X (sky130_fd_sc_hd__and4b_1)
                                                         _048_ (net)
                      0.043715    0.000125    1.966213 v fanout9/A (sky130_fd_sc_hd__buf_2)
     7    0.026706    0.073388    0.165424    2.131637 v fanout9/X (sky130_fd_sc_hd__buf_2)
                                                         net9 (net)
                      0.073400    0.000952    2.132589 v _143_/S (sky130_fd_sc_hd__mux2_1)
     1    0.002584    0.053838    0.311805    2.444394 v _143_/X (sky130_fd_sc_hd__mux2_1)
                                                         _018_ (net)
                      0.053838    0.000082    2.444476 v hold28/A (sky130_fd_sc_hd__dlygate4sd3_1)
     1    0.003858    0.058389    0.560054    3.004530 v hold28/X (sky130_fd_sc_hd__dlygate4sd3_1)
                                                         net45 (net)
                      0.058389    0.000141    3.004671 v _176_/D (sky130_fd_sc_hd__dfrtp_1)
                                              3.004671   data arrival time

                               3125.000000 3125.000000   clock clk_i (rise edge)
                                  0.000000 3125.000000   clock source latency
     1    0.012536    0.062558    0.042292 3125.042236 ^ clk_i (in)
                                                         clk_i (net)
                      0.062562    0.000000 3125.042236 ^ clkbuf_0_clk_i/A (sky130_fd_sc_hd__clkbuf_16)
     4    0.036566    0.056684    0.145519 3125.187744 ^ clkbuf_0_clk_i/X (sky130_fd_sc_hd__clkbuf_16)
                                                         clknet_0_clk_i (net)
                      0.056709    0.001137 3125.188965 ^ clkbuf_2_2__f_clk_i/A (sky130_fd_sc_hd__clkbuf_16)
    10    0.026804    0.047960    0.135742 3125.324707 ^ clkbuf_2_2__f_clk_i/X (sky130_fd_sc_hd__clkbuf_16)
                                                         clknet_2_2__leaf_clk_i (net)
                      0.047975    0.000909 3125.325684 ^ _176_/CLK (sky130_fd_sc_hd__dfrtp_1)
                                 -0.250000 3125.075439   clock uncertainty
                                  0.000000 3125.075439   clock reconvergence pessimism
                                 -0.119434 3124.956055   library setup time
                                           3124.956055   data required time
---------------------------------------------------------------------------------------------
                                           3124.956055   data required time
                                             -3.004671   data arrival time
---------------------------------------------------------------------------------------------
                                           3121.951416   slack (MET)


Startpoint: _161_ (rising edge-triggered flip-flop clocked by clk_i)
Endpoint: _181_ (rising edge-triggered flip-flop clocked by clk_i)
Path Group: clk_i
Path Type: max

Fanout         Cap        Slew       Delay        Time   Description
---------------------------------------------------------------------------------------------
                                  0.000000    0.000000   clock clk_i (rise edge)
                                  0.000000    0.000000   clock source latency
     1    0.012536    0.062558    0.042357    0.042357 ^ clk_i (in)
                                                         clk_i (net)
                      0.062562    0.000000    0.042357 ^ clkbuf_0_clk_i/A (sky130_fd_sc_hd__clkbuf_16)
     4    0.036566    0.056684    0.145518    0.187875 ^ clkbuf_0_clk_i/X (sky130_fd_sc_hd__clkbuf_16)
                                                         clknet_0_clk_i (net)
                      0.056707    0.001005    0.188880 ^ clkbuf_2_1__f_clk_i/A (sky130_fd_sc_hd__clkbuf_16)
     9    0.026726    0.047870    0.135996    0.324876 ^ clkbuf_2_1__f_clk_i/X (sky130_fd_sc_hd__clkbuf_16)
                                                         clknet_2_1__leaf_clk_i (net)
                      0.047878    0.000598    0.325474 ^ _161_/CLK (sky130_fd_sc_hd__dfrtp_1)
     1    0.003048    0.040487    0.355229    0.680702 v _161_/Q (sky130_fd_sc_hd__dfrtp_1)
                                                         rng_rd.cache[2] (net)
                      0.040487    0.000099    0.680801 v fanout11/A (sky130_fd_sc_hd__clkbuf_2)
     6    0.025765    0.102369    0.162877    0.843678 v fanout11/X (sky130_fd_sc_hd__clkbuf_2)
                                                         net11 (net)
                      0.102370    0.000499    0.844177 v fanout10/A (sky130_fd_sc_hd__clkbuf_2)
    10    0.028537    0.112280    0.197858    1.042035 v fanout10/X (sky130_fd_sc_hd__clkbuf_2)
                                                         net10 (net)
                      0.112282    0.000534    1.042569 v _107_/A (sky130_fd_sc_hd__or2_1)
     1    0.002904    0.048536    0.245660    1.288229 v _107_/X (sky130_fd_sc_hd__or2_1)
                                                         _078_ (net)
                      0.048536    0.000064    1.288293 v _111_/A1 (sky130_fd_sc_hd__a221o_1)
     1    0.005486    0.065447    0.326302    1.614595 v _111_/X (sky130_fd_sc_hd__a221o_1)
                                                         _035_ (net)
                      0.065447    0.000244    1.614839 v _123_/B (sky130_fd_sc_hd__and4_1)
     1    0.003477    0.041841    0.180569    1.795408 v _123_/X (sky130_fd_sc_hd__and4_1)
                                                         _047_ (net)
                      0.041841    0.000123    1.795530 v _124_/B (sky130_fd_sc_hd__and4b_1)
     1    0.003592    0.043715    0.170558    1.966088 v _124_/X (sky130_fd_sc_hd__and4b_1)
                                                         _048_ (net)
                      0.043715    0.000125    1.966213 v fanout9/A (sky130_fd_sc_hd__buf_2)
     7    0.026706    0.073388    0.165424    2.131637 v fanout9/X (sky130_fd_sc_hd__buf_2)
                                                         net9 (net)
                      0.073399    0.000919    2.132557 v fanout7/A (sky130_fd_sc_hd__clkbuf_4)
    10    0.043595    0.096471    0.209119    2.341675 v fanout7/X (sky130_fd_sc_hd__clkbuf_4)
                                                         net7 (net)
                      0.096493    0.001398    2.343073 v _147_/S (sky130_fd_sc_hd__mux2_1)
     1    0.003674    0.060318    0.329899    2.672971 v _147_/X (sky130_fd_sc_hd__mux2_1)
                                                         _022_ (net)
                      0.060318    0.000133    2.673105 v _181_/D (sky130_fd_sc_hd__dfrtp_1)
                                              2.673105   data arrival time

                               3125.000000 3125.000000   clock clk_i (rise edge)
                                  0.000000 3125.000000   clock source latency
     1    0.012536    0.062558    0.042292 3125.042236 ^ clk_i (in)
                                                         clk_i (net)
                      0.062562    0.000000 3125.042236 ^ clkbuf_0_clk_i/A (sky130_fd_sc_hd__clkbuf_16)
     4    0.036566    0.056684    0.145519 3125.187744 ^ clkbuf_0_clk_i/X (sky130_fd_sc_hd__clkbuf_16)
                                                         clknet_0_clk_i (net)
                      0.056709    0.001137 3125.188965 ^ clkbuf_2_2__f_clk_i/A (sky130_fd_sc_hd__clkbuf_16)
    10    0.026804    0.047960    0.135742 3125.324707 ^ clkbuf_2_2__f_clk_i/X (sky130_fd_sc_hd__clkbuf_16)
                                                         clknet_2_2__leaf_clk_i (net)
                      0.047989    0.001137 3125.325928 ^ _181_/CLK (sky130_fd_sc_hd__dfrtp_1)
                                 -0.250000 3125.075684   clock uncertainty
                                  0.000000 3125.075684   clock reconvergence pessimism
                                 -0.120272 3124.955322   library setup time
                                           3124.955322   data required time
---------------------------------------------------------------------------------------------
                                           3124.955322   data required time
                                             -2.673105   data arrival time
---------------------------------------------------------------------------------------------
                                           3122.282471   slack (MET)


Startpoint: _161_ (rising edge-triggered flip-flop clocked by clk_i)
Endpoint: _165_ (rising edge-triggered flip-flop clocked by clk_i)
Path Group: clk_i
Path Type: max

Fanout         Cap        Slew       Delay        Time   Description
---------------------------------------------------------------------------------------------
                                  0.000000    0.000000   clock clk_i (rise edge)
                                  0.000000    0.000000   clock source latency
     1    0.012536    0.062558    0.042357    0.042357 ^ clk_i (in)
                                                         clk_i (net)
                      0.062562    0.000000    0.042357 ^ clkbuf_0_clk_i/A (sky130_fd_sc_hd__clkbuf_16)
     4    0.036566    0.056684    0.145518    0.187875 ^ clkbuf_0_clk_i/X (sky130_fd_sc_hd__clkbuf_16)
                                                         clknet_0_clk_i (net)
                      0.056707    0.001005    0.188880 ^ clkbuf_2_1__f_clk_i/A (sky130_fd_sc_hd__clkbuf_16)
     9    0.026726    0.047870    0.135996    0.324876 ^ clkbuf_2_1__f_clk_i/X (sky130_fd_sc_hd__clkbuf_16)
                                                         clknet_2_1__leaf_clk_i (net)
                      0.047878    0.000598    0.325474 ^ _161_/CLK (sky130_fd_sc_hd__dfrtp_1)
     1    0.003048    0.040487    0.355229    0.680702 v _161_/Q (sky130_fd_sc_hd__dfrtp_1)
                                                         rng_rd.cache[2] (net)
                      0.040487    0.000099    0.680801 v fanout11/A (sky130_fd_sc_hd__clkbuf_2)
     6    0.025765    0.102369    0.162877    0.843678 v fanout11/X (sky130_fd_sc_hd__clkbuf_2)
                                                         net11 (net)
                      0.102370    0.000499    0.844177 v fanout10/A (sky130_fd_sc_hd__clkbuf_2)
    10    0.028537    0.112280    0.197858    1.042035 v fanout10/X (sky130_fd_sc_hd__clkbuf_2)
                                                         net10 (net)
                      0.112282    0.000534    1.042569 v _107_/A (sky130_fd_sc_hd__or2_1)
     1    0.002904    0.048536    0.245660    1.288229 v _107_/X (sky130_fd_sc_hd__or2_1)
                                                         _078_ (net)
                      0.048536    0.000064    1.288293 v _111_/A1 (sky130_fd_sc_hd__a221o_1)
     1    0.005486    0.065447    0.326302    1.614595 v _111_/X (sky130_fd_sc_hd__a221o_1)
                                                         _035_ (net)
                      0.065447    0.000244    1.614839 v _123_/B (sky130_fd_sc_hd__and4_1)
     1    0.003477    0.041841    0.180569    1.795408 v _123_/X (sky130_fd_sc_hd__and4_1)
                                                         _047_ (net)
                      0.041841    0.000123    1.795530 v _124_/B (sky130_fd_sc_hd__and4b_1)
     1    0.003592    0.043715    0.170558    1.966088 v _124_/X (sky130_fd_sc_hd__and4b_1)
                                                         _048_ (net)
                      0.043715    0.000125    1.966213 v fanout9/A (sky130_fd_sc_hd__buf_2)
     7    0.026706    0.073388    0.165424    2.131637 v fanout9/X (sky130_fd_sc_hd__buf_2)
                                                         net9 (net)
                      0.073389    0.000422    2.132060 v fanout8/A (sky130_fd_sc_hd__clkbuf_4)
    10    0.043509    0.096222    0.209174    2.341233 v fanout8/X (sky130_fd_sc_hd__clkbuf_4)
                                                         net8 (net)
                      0.096225    0.000630    2.341864 v _133_/S (sky130_fd_sc_hd__mux2_1)
     1    0.003205    0.057606    0.325851    2.667715 v _133_/X (sky130_fd_sc_hd__mux2_1)
                                                         _008_ (net)
                      0.057606    0.000105    2.667820 v _165_/D (sky130_fd_sc_hd__dfrtp_1)
                                              2.667820   data arrival time

                               3125.000000 3125.000000   clock clk_i (rise edge)
                                  0.000000 3125.000000   clock source latency
     1    0.012536    0.062558    0.042292 3125.042236 ^ clk_i (in)
                                                         clk_i (net)
                      0.062562    0.000000 3125.042236 ^ clkbuf_0_clk_i/A (sky130_fd_sc_hd__clkbuf_16)
     4    0.036566    0.056684    0.145519 3125.187744 ^ clkbuf_0_clk_i/X (sky130_fd_sc_hd__clkbuf_16)
                                                         clknet_0_clk_i (net)
                      0.056707    0.001137 3125.188965 ^ clkbuf_2_1__f_clk_i/A (sky130_fd_sc_hd__clkbuf_16)
     9    0.026726    0.047870    0.135969 3125.324951 ^ clkbuf_2_1__f_clk_i/X (sky130_fd_sc_hd__clkbuf_16)
                                                         clknet_2_1__leaf_clk_i (net)
                      0.047876    0.000455 3125.325439 ^ _165_/CLK (sky130_fd_sc_hd__dfrtp_1)
                                 -0.250000 3125.075195   clock uncertainty
                                  0.000000 3125.075195   clock reconvergence pessimism
                                 -0.119114 3124.956055   library setup time
                                           3124.956055   data required time
---------------------------------------------------------------------------------------------
                                           3124.956055   data required time
                                             -2.667820   data arrival time
---------------------------------------------------------------------------------------------
                                           3122.288330   slack (MET)


Startpoint: _161_ (rising edge-triggered flip-flop clocked by clk_i)
Endpoint: _182_ (rising edge-triggered flip-flop clocked by clk_i)
Path Group: clk_i
Path Type: max

Fanout         Cap        Slew       Delay        Time   Description
---------------------------------------------------------------------------------------------
                                  0.000000    0.000000   clock clk_i (rise edge)
                                  0.000000    0.000000   clock source latency
     1    0.012536    0.062558    0.042357    0.042357 ^ clk_i (in)
                                                         clk_i (net)
                      0.062562    0.000000    0.042357 ^ clkbuf_0_clk_i/A (sky130_fd_sc_hd__clkbuf_16)
     4    0.036566    0.056684    0.145518    0.187875 ^ clkbuf_0_clk_i/X (sky130_fd_sc_hd__clkbuf_16)
                                                         clknet_0_clk_i (net)
                      0.056707    0.001005    0.188880 ^ clkbuf_2_1__f_clk_i/A (sky130_fd_sc_hd__clkbuf_16)
     9    0.026726    0.047870    0.135996    0.324876 ^ clkbuf_2_1__f_clk_i/X (sky130_fd_sc_hd__clkbuf_16)
                                                         clknet_2_1__leaf_clk_i (net)
                      0.047878    0.000598    0.325474 ^ _161_/CLK (sky130_fd_sc_hd__dfrtp_1)
     1    0.003048    0.040487    0.355229    0.680702 v _161_/Q (sky130_fd_sc_hd__dfrtp_1)
                                                         rng_rd.cache[2] (net)
                      0.040487    0.000099    0.680801 v fanout11/A (sky130_fd_sc_hd__clkbuf_2)
     6    0.025765    0.102369    0.162877    0.843678 v fanout11/X (sky130_fd_sc_hd__clkbuf_2)
                                                         net11 (net)
                      0.102370    0.000499    0.844177 v fanout10/A (sky130_fd_sc_hd__clkbuf_2)
    10    0.028537    0.112280    0.197858    1.042035 v fanout10/X (sky130_fd_sc_hd__clkbuf_2)
                                                         net10 (net)
                      0.112282    0.000534    1.042569 v _107_/A (sky130_fd_sc_hd__or2_1)
     1    0.002904    0.048536    0.245660    1.288229 v _107_/X (sky130_fd_sc_hd__or2_1)
                                                         _078_ (net)
                      0.048536    0.000064    1.288293 v _111_/A1 (sky130_fd_sc_hd__a221o_1)
     1    0.005486    0.065447    0.326302    1.614595 v _111_/X (sky130_fd_sc_hd__a221o_1)
                                                         _035_ (net)
                      0.065447    0.000244    1.614839 v _123_/B (sky130_fd_sc_hd__and4_1)
     1    0.003477    0.041841    0.180569    1.795408 v _123_/X (sky130_fd_sc_hd__and4_1)
                                                         _047_ (net)
                      0.041841    0.000123    1.795530 v _124_/B (sky130_fd_sc_hd__and4b_1)
     1    0.003592    0.043715    0.170558    1.966088 v _124_/X (sky130_fd_sc_hd__and4b_1)
                                                         _048_ (net)
                      0.043715    0.000125    1.966213 v fanout9/A (sky130_fd_sc_hd__buf_2)
     7    0.026706    0.073388    0.165424    2.131637 v fanout9/X (sky130_fd_sc_hd__buf_2)
                                                         net9 (net)
                      0.073399    0.000919    2.132557 v fanout7/A (sky130_fd_sc_hd__clkbuf_4)
    10    0.043595    0.096471    0.209119    2.341675 v fanout7/X (sky130_fd_sc_hd__clkbuf_4)
                                                         net7 (net)
                      0.096500    0.001578    2.343253 v _148_/S (sky130_fd_sc_hd__mux2_1)
     1    0.003180    0.057508    0.325721    2.668974 v _148_/X (sky130_fd_sc_hd__mux2_1)
                                                         _023_ (net)
                      0.057508    0.000103    2.669077 v _182_/D (sky130_fd_sc_hd__dfrtp_1)
                                              2.669077   data arrival time

                               3125.000000 3125.000000   clock clk_i (rise edge)
                                  0.000000 3125.000000   clock source latency
     1    0.012536    0.062558    0.042292 3125.042236 ^ clk_i (in)
                                                         clk_i (net)
                      0.062562    0.000000 3125.042236 ^ clkbuf_0_clk_i/A (sky130_fd_sc_hd__clkbuf_16)
     4    0.036566    0.056684    0.145519 3125.187744 ^ clkbuf_0_clk_i/X (sky130_fd_sc_hd__clkbuf_16)
                                                         clknet_0_clk_i (net)
                      0.056709    0.001137 3125.188965 ^ clkbuf_2_2__f_clk_i/A (sky130_fd_sc_hd__clkbuf_16)
    10    0.026804    0.047960    0.135742 3125.324707 ^ clkbuf_2_2__f_clk_i/X (sky130_fd_sc_hd__clkbuf_16)
                                                         clknet_2_2__leaf_clk_i (net)
                      0.048013    0.001364 3125.326172 ^ _182_/CLK (sky130_fd_sc_hd__dfrtp_1)
                                 -0.250000 3125.075928   clock uncertainty
                                  0.000000 3125.075928   clock reconvergence pessimism
                                 -0.119040 3124.956787   library setup time
                                           3124.956787   data required time
---------------------------------------------------------------------------------------------
                                           3124.956787   data required time
                                             -2.669077   data arrival time
---------------------------------------------------------------------------------------------
                                           3122.287598   slack (MET)


Startpoint: _161_ (rising edge-triggered flip-flop clocked by clk_i)
Endpoint: _175_ (rising edge-triggered flip-flop clocked by clk_i)
Path Group: clk_i
Path Type: max

Fanout         Cap        Slew       Delay        Time   Description
---------------------------------------------------------------------------------------------
                                  0.000000    0.000000   clock clk_i (rise edge)
                                  0.000000    0.000000   clock source latency
     1    0.012536    0.062558    0.042357    0.042357 ^ clk_i (in)
                                                         clk_i (net)
                      0.062562    0.000000    0.042357 ^ clkbuf_0_clk_i/A (sky130_fd_sc_hd__clkbuf_16)
     4    0.036566    0.056684    0.145518    0.187875 ^ clkbuf_0_clk_i/X (sky130_fd_sc_hd__clkbuf_16)
                                                         clknet_0_clk_i (net)
                      0.056707    0.001005    0.188880 ^ clkbuf_2_1__f_clk_i/A (sky130_fd_sc_hd__clkbuf_16)
     9    0.026726    0.047870    0.135996    0.324876 ^ clkbuf_2_1__f_clk_i/X (sky130_fd_sc_hd__clkbuf_16)
                                                         clknet_2_1__leaf_clk_i (net)
                      0.047878    0.000598    0.325474 ^ _161_/CLK (sky130_fd_sc_hd__dfrtp_1)
     1    0.003048    0.040487    0.355229    0.680702 v _161_/Q (sky130_fd_sc_hd__dfrtp_1)
                                                         rng_rd.cache[2] (net)
                      0.040487    0.000099    0.680801 v fanout11/A (sky130_fd_sc_hd__clkbuf_2)
     6    0.025765    0.102369    0.162877    0.843678 v fanout11/X (sky130_fd_sc_hd__clkbuf_2)
                                                         net11 (net)
                      0.102370    0.000499    0.844177 v fanout10/A (sky130_fd_sc_hd__clkbuf_2)
    10    0.028537    0.112280    0.197858    1.042035 v fanout10/X (sky130_fd_sc_hd__clkbuf_2)
                                                         net10 (net)
                      0.112282    0.000534    1.042569 v _107_/A (sky130_fd_sc_hd__or2_1)
     1    0.002904    0.048536    0.245660    1.288229 v _107_/X (sky130_fd_sc_hd__or2_1)
                                                         _078_ (net)
                      0.048536    0.000064    1.288293 v _111_/A1 (sky130_fd_sc_hd__a221o_1)
     1    0.005486    0.065447    0.326302    1.614595 v _111_/X (sky130_fd_sc_hd__a221o_1)
                                                         _035_ (net)
                      0.065447    0.000244    1.614839 v _123_/B (sky130_fd_sc_hd__and4_1)
     1    0.003477    0.041841    0.180569    1.795408 v _123_/X (sky130_fd_sc_hd__and4_1)
                                                         _047_ (net)
                      0.041841    0.000123    1.795530 v _124_/B (sky130_fd_sc_hd__and4b_1)
     1    0.003592    0.043715    0.170558    1.966088 v _124_/X (sky130_fd_sc_hd__and4b_1)
                                                         _048_ (net)
                      0.043715    0.000125    1.966213 v fanout9/A (sky130_fd_sc_hd__buf_2)
     7    0.026706    0.073388    0.165424    2.131637 v fanout9/X (sky130_fd_sc_hd__buf_2)
                                                         net9 (net)
                      0.073399    0.000919    2.132557 v fanout7/A (sky130_fd_sc_hd__clkbuf_4)
    10    0.043595    0.096471    0.209119    2.341675 v fanout7/X (sky130_fd_sc_hd__clkbuf_4)
                                                         net7 (net)
                      0.096485    0.001167    2.342842 v _142_/S (sky130_fd_sc_hd__mux2_1)
     1    0.002804    0.055098    0.322199    2.665041 v _142_/X (sky130_fd_sc_hd__mux2_1)
                                                         _017_ (net)
                      0.055098    0.000065    2.665106 v _175_/D (sky130_fd_sc_hd__dfrtp_1)
                                              2.665106   data arrival time

                               3125.000000 3125.000000   clock clk_i (rise edge)
                                  0.000000 3125.000000   clock source latency
     1    0.012536    0.062558    0.042292 3125.042236 ^ clk_i (in)
                                                         clk_i (net)
                      0.062562    0.000000 3125.042236 ^ clkbuf_0_clk_i/A (sky130_fd_sc_hd__clkbuf_16)
     4    0.036566    0.056684    0.145519 3125.187744 ^ clkbuf_0_clk_i/X (sky130_fd_sc_hd__clkbuf_16)
                                                         clknet_0_clk_i (net)
                      0.056709    0.001137 3125.188965 ^ clkbuf_2_2__f_clk_i/A (sky130_fd_sc_hd__clkbuf_16)
    10    0.026804    0.047960    0.135742 3125.324707 ^ clkbuf_2_2__f_clk_i/X (sky130_fd_sc_hd__clkbuf_16)
                                                         clknet_2_2__leaf_clk_i (net)
                      0.048016    0.001364 3125.326172 ^ _175_/CLK (sky130_fd_sc_hd__dfrtp_1)
                                 -0.250000 3125.075928   clock uncertainty
                                  0.000000 3125.075928   clock reconvergence pessimism
                                 -0.117989 3124.958008   library setup time
                                           3124.958008   data required time
---------------------------------------------------------------------------------------------
                                           3124.958008   data required time
                                             -2.665106   data arrival time
---------------------------------------------------------------------------------------------
                                           3122.292969   slack (MET)


Startpoint: _161_ (rising edge-triggered flip-flop clocked by clk_i)
Endpoint: _183_ (rising edge-triggered flip-flop clocked by clk_i)
Path Group: clk_i
Path Type: max

Fanout         Cap        Slew       Delay        Time   Description
---------------------------------------------------------------------------------------------
                                  0.000000    0.000000   clock clk_i (rise edge)
                                  0.000000    0.000000   clock source latency
     1    0.012536    0.062558    0.042357    0.042357 ^ clk_i (in)
                                                         clk_i (net)
                      0.062562    0.000000    0.042357 ^ clkbuf_0_clk_i/A (sky130_fd_sc_hd__clkbuf_16)
     4    0.036566    0.056684    0.145518    0.187875 ^ clkbuf_0_clk_i/X (sky130_fd_sc_hd__clkbuf_16)
                                                         clknet_0_clk_i (net)
                      0.056707    0.001005    0.188880 ^ clkbuf_2_1__f_clk_i/A (sky130_fd_sc_hd__clkbuf_16)
     9    0.026726    0.047870    0.135996    0.324876 ^ clkbuf_2_1__f_clk_i/X (sky130_fd_sc_hd__clkbuf_16)
                                                         clknet_2_1__leaf_clk_i (net)
                      0.047878    0.000598    0.325474 ^ _161_/CLK (sky130_fd_sc_hd__dfrtp_1)
     1    0.003048    0.040487    0.355229    0.680702 v _161_/Q (sky130_fd_sc_hd__dfrtp_1)
                                                         rng_rd.cache[2] (net)
                      0.040487    0.000099    0.680801 v fanout11/A (sky130_fd_sc_hd__clkbuf_2)
     6    0.025765    0.102369    0.162877    0.843678 v fanout11/X (sky130_fd_sc_hd__clkbuf_2)
                                                         net11 (net)
                      0.102370    0.000499    0.844177 v fanout10/A (sky130_fd_sc_hd__clkbuf_2)
    10    0.028537    0.112280    0.197858    1.042035 v fanout10/X (sky130_fd_sc_hd__clkbuf_2)
                                                         net10 (net)
                      0.112282    0.000534    1.042569 v _107_/A (sky130_fd_sc_hd__or2_1)
     1    0.002904    0.048536    0.245660    1.288229 v _107_/X (sky130_fd_sc_hd__or2_1)
                                                         _078_ (net)
                      0.048536    0.000064    1.288293 v _111_/A1 (sky130_fd_sc_hd__a221o_1)
     1    0.005486    0.065447    0.326302    1.614595 v _111_/X (sky130_fd_sc_hd__a221o_1)
                                                         _035_ (net)
                      0.065447    0.000244    1.614839 v _123_/B (sky130_fd_sc_hd__and4_1)
     1    0.003477    0.041841    0.180569    1.795408 v _123_/X (sky130_fd_sc_hd__and4_1)
                                                         _047_ (net)
                      0.041841    0.000123    1.795530 v _124_/B (sky130_fd_sc_hd__and4b_1)
     1    0.003592    0.043715    0.170558    1.966088 v _124_/X (sky130_fd_sc_hd__and4b_1)
                                                         _048_ (net)
                      0.043715    0.000125    1.966213 v fanout9/A (sky130_fd_sc_hd__buf_2)
     7    0.026706    0.073388    0.165424    2.131637 v fanout9/X (sky130_fd_sc_hd__buf_2)
                                                         net9 (net)
                      0.073399    0.000919    2.132557 v fanout7/A (sky130_fd_sc_hd__clkbuf_4)
    10    0.043595    0.096471    0.209119    2.341675 v fanout7/X (sky130_fd_sc_hd__clkbuf_4)
                                                         net7 (net)
                      0.096490    0.001322    2.342997 v _149_/S (sky130_fd_sc_hd__mux2_1)
     1    0.002883    0.055713    0.322941    2.665938 v _149_/X (sky130_fd_sc_hd__mux2_1)
                                                         _024_ (net)
                      0.055713    0.000090    2.666028 v _183_/D (sky130_fd_sc_hd__dfrtp_1)
                                              2.666028   data arrival time

                               3125.000000 3125.000000   clock clk_i (rise edge)
                                  0.000000 3125.000000   clock source latency
     1    0.012536    0.062558    0.042292 3125.042236 ^ clk_i (in)
                                                         clk_i (net)
                      0.062562    0.000000 3125.042236 ^ clkbuf_0_clk_i/A (sky130_fd_sc_hd__clkbuf_16)
     4    0.036566    0.056684    0.145519 3125.187744 ^ clkbuf_0_clk_i/X (sky130_fd_sc_hd__clkbuf_16)
                                                         clknet_0_clk_i (net)
                      0.056709    0.001137 3125.188965 ^ clkbuf_2_2__f_clk_i/A (sky130_fd_sc_hd__clkbuf_16)
    10    0.026804    0.047960    0.135742 3125.324707 ^ clkbuf_2_2__f_clk_i/X (sky130_fd_sc_hd__clkbuf_16)
                                                         clknet_2_2__leaf_clk_i (net)
                      0.047982    0.000909 3125.325684 ^ _183_/CLK (sky130_fd_sc_hd__dfrtp_1)
                                 -0.250000 3125.075439   clock uncertainty
                                  0.000000 3125.075439   clock reconvergence pessimism
                                 -0.118264 3124.957275   library setup time
                                           3124.957275   data required time
---------------------------------------------------------------------------------------------
                                           3124.957275   data required time
                                             -2.666028   data arrival time
---------------------------------------------------------------------------------------------
                                           3122.291260   slack (MET)


Startpoint: _161_ (rising edge-triggered flip-flop clocked by clk_i)
Endpoint: _190_ (rising edge-triggered flip-flop clocked by clk_i)
Path Group: clk_i
Path Type: max

Fanout         Cap        Slew       Delay        Time   Description
---------------------------------------------------------------------------------------------
                                  0.000000    0.000000   clock clk_i (rise edge)
                                  0.000000    0.000000   clock source latency
     1    0.012536    0.062558    0.042357    0.042357 ^ clk_i (in)
                                                         clk_i (net)
                      0.062562    0.000000    0.042357 ^ clkbuf_0_clk_i/A (sky130_fd_sc_hd__clkbuf_16)
     4    0.036566    0.056684    0.145518    0.187875 ^ clkbuf_0_clk_i/X (sky130_fd_sc_hd__clkbuf_16)
                                                         clknet_0_clk_i (net)
                      0.056707    0.001005    0.188880 ^ clkbuf_2_1__f_clk_i/A (sky130_fd_sc_hd__clkbuf_16)
     9    0.026726    0.047870    0.135996    0.324876 ^ clkbuf_2_1__f_clk_i/X (sky130_fd_sc_hd__clkbuf_16)
                                                         clknet_2_1__leaf_clk_i (net)
                      0.047878    0.000598    0.325474 ^ _161_/CLK (sky130_fd_sc_hd__dfrtp_1)
     1    0.003048    0.040487    0.355229    0.680702 v _161_/Q (sky130_fd_sc_hd__dfrtp_1)
                                                         rng_rd.cache[2] (net)
                      0.040487    0.000099    0.680801 v fanout11/A (sky130_fd_sc_hd__clkbuf_2)
     6    0.025765    0.102369    0.162877    0.843678 v fanout11/X (sky130_fd_sc_hd__clkbuf_2)
                                                         net11 (net)
                      0.102370    0.000499    0.844177 v fanout10/A (sky130_fd_sc_hd__clkbuf_2)
    10    0.028537    0.112280    0.197858    1.042035 v fanout10/X (sky130_fd_sc_hd__clkbuf_2)
                                                         net10 (net)
                      0.112282    0.000534    1.042569 v _107_/A (sky130_fd_sc_hd__or2_1)
     1    0.002904    0.048536    0.245660    1.288229 v _107_/X (sky130_fd_sc_hd__or2_1)
                                                         _078_ (net)
                      0.048536    0.000064    1.288293 v _111_/A1 (sky130_fd_sc_hd__a221o_1)
     1    0.005486    0.065447    0.326302    1.614595 v _111_/X (sky130_fd_sc_hd__a221o_1)
                                                         _035_ (net)
                      0.065447    0.000244    1.614839 v _123_/B (sky130_fd_sc_hd__and4_1)
     1    0.003477    0.041841    0.180569    1.795408 v _123_/X (sky130_fd_sc_hd__and4_1)
                                                         _047_ (net)
                      0.041841    0.000123    1.795530 v _124_/B (sky130_fd_sc_hd__and4b_1)
     1    0.003592    0.043715    0.170558    1.966088 v _124_/X (sky130_fd_sc_hd__and4b_1)
                                                         _048_ (net)
                      0.043715    0.000125    1.966213 v fanout9/A (sky130_fd_sc_hd__buf_2)
     7    0.026706    0.073388    0.165424    2.131637 v fanout9/X (sky130_fd_sc_hd__buf_2)
                                                         net9 (net)
                      0.073389    0.000422    2.132060 v fanout8/A (sky130_fd_sc_hd__clkbuf_4)
    10    0.043509    0.096222    0.209174    2.341233 v fanout8/X (sky130_fd_sc_hd__clkbuf_4)
                                                         net8 (net)
                      0.096238    0.001215    2.342448 v _156_/S (sky130_fd_sc_hd__mux2_1)
     1    0.002858    0.055426    0.322616    2.665065 v _156_/X (sky130_fd_sc_hd__mux2_1)
                                                         _029_ (net)
                      0.055426    0.000068    2.665133 v _190_/D (sky130_fd_sc_hd__dfrtp_1)
                                              2.665133   data arrival time

                               3125.000000 3125.000000   clock clk_i (rise edge)
                                  0.000000 3125.000000   clock source latency
     1    0.012536    0.062558    0.042292 3125.042236 ^ clk_i (in)
                                                         clk_i (net)
                      0.062562    0.000000 3125.042236 ^ clkbuf_0_clk_i/A (sky130_fd_sc_hd__clkbuf_16)
     4    0.036566    0.056684    0.145519 3125.187744 ^ clkbuf_0_clk_i/X (sky130_fd_sc_hd__clkbuf_16)
                                                         clknet_0_clk_i (net)
                      0.056707    0.001137 3125.188965 ^ clkbuf_2_1__f_clk_i/A (sky130_fd_sc_hd__clkbuf_16)
     9    0.026726    0.047870    0.135969 3125.324951 ^ clkbuf_2_1__f_clk_i/X (sky130_fd_sc_hd__clkbuf_16)
                                                         clknet_2_1__leaf_clk_i (net)
                      0.047874    0.000455 3125.325439 ^ _190_/CLK (sky130_fd_sc_hd__dfrtp_1)
                                 -0.250000 3125.075195   clock uncertainty
                                  0.000000 3125.075195   clock reconvergence pessimism
                                 -0.118164 3124.957031   library setup time
                                           3124.957031   data required time
---------------------------------------------------------------------------------------------
                                           3124.957031   data required time
                                             -2.665133   data arrival time
---------------------------------------------------------------------------------------------
                                           3122.291992   slack (MET)


Startpoint: _161_ (rising edge-triggered flip-flop clocked by clk_i)
Endpoint: _170_ (rising edge-triggered flip-flop clocked by clk_i)
Path Group: clk_i
Path Type: max

Fanout         Cap        Slew       Delay        Time   Description
---------------------------------------------------------------------------------------------
                                  0.000000    0.000000   clock clk_i (rise edge)
                                  0.000000    0.000000   clock source latency
     1    0.012536    0.062558    0.042357    0.042357 ^ clk_i (in)
                                                         clk_i (net)
                      0.062562    0.000000    0.042357 ^ clkbuf_0_clk_i/A (sky130_fd_sc_hd__clkbuf_16)
     4    0.036566    0.056684    0.145518    0.187875 ^ clkbuf_0_clk_i/X (sky130_fd_sc_hd__clkbuf_16)
                                                         clknet_0_clk_i (net)
                      0.056707    0.001005    0.188880 ^ clkbuf_2_1__f_clk_i/A (sky130_fd_sc_hd__clkbuf_16)
     9    0.026726    0.047870    0.135996    0.324876 ^ clkbuf_2_1__f_clk_i/X (sky130_fd_sc_hd__clkbuf_16)
                                                         clknet_2_1__leaf_clk_i (net)
                      0.047878    0.000598    0.325474 ^ _161_/CLK (sky130_fd_sc_hd__dfrtp_1)
     1    0.003048    0.040487    0.355229    0.680702 v _161_/Q (sky130_fd_sc_hd__dfrtp_1)
                                                         rng_rd.cache[2] (net)
                      0.040487    0.000099    0.680801 v fanout11/A (sky130_fd_sc_hd__clkbuf_2)
     6    0.025765    0.102369    0.162877    0.843678 v fanout11/X (sky130_fd_sc_hd__clkbuf_2)
                                                         net11 (net)
                      0.102370    0.000499    0.844177 v fanout10/A (sky130_fd_sc_hd__clkbuf_2)
    10    0.028537    0.112280    0.197858    1.042035 v fanout10/X (sky130_fd_sc_hd__clkbuf_2)
                                                         net10 (net)
                      0.112282    0.000534    1.042569 v _107_/A (sky130_fd_sc_hd__or2_1)
     1    0.002904    0.048536    0.245660    1.288229 v _107_/X (sky130_fd_sc_hd__or2_1)
                                                         _078_ (net)
                      0.048536    0.000064    1.288293 v _111_/A1 (sky130_fd_sc_hd__a221o_1)
     1    0.005486    0.065447    0.326302    1.614595 v _111_/X (sky130_fd_sc_hd__a221o_1)
                                                         _035_ (net)
                      0.065447    0.000244    1.614839 v _123_/B (sky130_fd_sc_hd__and4_1)
     1    0.003477    0.041841    0.180569    1.795408 v _123_/X (sky130_fd_sc_hd__and4_1)
                                                         _047_ (net)
                      0.041841    0.000123    1.795530 v _124_/B (sky130_fd_sc_hd__and4b_1)
     1    0.003592    0.043715    0.170558    1.966088 v _124_/X (sky130_fd_sc_hd__and4b_1)
                                                         _048_ (net)
                      0.043715    0.000125    1.966213 v fanout9/A (sky130_fd_sc_hd__buf_2)
     7    0.026706    0.073388    0.165424    2.131637 v fanout9/X (sky130_fd_sc_hd__buf_2)
                                                         net9 (net)
                      0.073389    0.000422    2.132060 v fanout8/A (sky130_fd_sc_hd__clkbuf_4)
    10    0.043509    0.096222    0.209174    2.341233 v fanout8/X (sky130_fd_sc_hd__clkbuf_4)
                                                         net8 (net)
                      0.096231    0.000959    2.342193 v _137_/S (sky130_fd_sc_hd__mux2_1)
     1    0.002222    0.051911    0.316661    2.658854 v _137_/X (sky130_fd_sc_hd__mux2_1)
                                                         _012_ (net)
                      0.051911    0.000045    2.658899 v _170_/D (sky130_fd_sc_hd__dfrtp_1)
                                              2.658899   data arrival time

                               3125.000000 3125.000000   clock clk_i (rise edge)
                                  0.000000 3125.000000   clock source latency
     1    0.012536    0.062558    0.042292 3125.042236 ^ clk_i (in)
                                                         clk_i (net)
                      0.062562    0.000000 3125.042236 ^ clkbuf_0_clk_i/A (sky130_fd_sc_hd__clkbuf_16)
     4    0.036566    0.056684    0.145519 3125.187744 ^ clkbuf_0_clk_i/X (sky130_fd_sc_hd__clkbuf_16)
                                                         clknet_0_clk_i (net)
                      0.056700    0.000909 3125.188721 ^ clkbuf_2_3__f_clk_i/A (sky130_fd_sc_hd__clkbuf_16)
     8    0.025516    0.046767    0.134833 3125.323486 ^ clkbuf_2_3__f_clk_i/X (sky130_fd_sc_hd__clkbuf_16)
                                                         clknet_2_3__leaf_clk_i (net)
                      0.046775    0.000682 3125.324219 ^ _170_/CLK (sky130_fd_sc_hd__dfrtp_1)
                                 -0.250000 3125.074219   clock uncertainty
                                  0.000000 3125.074219   clock reconvergence pessimism
                                 -0.116882 3124.957275   library setup time
                                           3124.957275   data required time
---------------------------------------------------------------------------------------------
                                           3124.957275   data required time
                                             -2.658899   data arrival time
---------------------------------------------------------------------------------------------
                                           3122.298340   slack (MET)


Startpoint: _161_ (rising edge-triggered flip-flop clocked by clk_i)
Endpoint: _172_ (rising edge-triggered flip-flop clocked by clk_i)
Path Group: clk_i
Path Type: max

Fanout         Cap        Slew       Delay        Time   Description
---------------------------------------------------------------------------------------------
                                  0.000000    0.000000   clock clk_i (rise edge)
                                  0.000000    0.000000   clock source latency
     1    0.012536    0.062558    0.042357    0.042357 ^ clk_i (in)
                                                         clk_i (net)
                      0.062562    0.000000    0.042357 ^ clkbuf_0_clk_i/A (sky130_fd_sc_hd__clkbuf_16)
     4    0.036566    0.056684    0.145518    0.187875 ^ clkbuf_0_clk_i/X (sky130_fd_sc_hd__clkbuf_16)
                                                         clknet_0_clk_i (net)
                      0.056707    0.001005    0.188880 ^ clkbuf_2_1__f_clk_i/A (sky130_fd_sc_hd__clkbuf_16)
     9    0.026726    0.047870    0.135996    0.324876 ^ clkbuf_2_1__f_clk_i/X (sky130_fd_sc_hd__clkbuf_16)
                                                         clknet_2_1__leaf_clk_i (net)
                      0.047878    0.000598    0.325474 ^ _161_/CLK (sky130_fd_sc_hd__dfrtp_1)
     1    0.003048    0.040487    0.355229    0.680702 v _161_/Q (sky130_fd_sc_hd__dfrtp_1)
                                                         rng_rd.cache[2] (net)
                      0.040487    0.000099    0.680801 v fanout11/A (sky130_fd_sc_hd__clkbuf_2)
     6    0.025765    0.102369    0.162877    0.843678 v fanout11/X (sky130_fd_sc_hd__clkbuf_2)
                                                         net11 (net)
                      0.102370    0.000499    0.844177 v fanout10/A (sky130_fd_sc_hd__clkbuf_2)
    10    0.028537    0.112280    0.197858    1.042035 v fanout10/X (sky130_fd_sc_hd__clkbuf_2)
                                                         net10 (net)
                      0.112282    0.000534    1.042569 v _107_/A (sky130_fd_sc_hd__or2_1)
     1    0.002904    0.048536    0.245660    1.288229 v _107_/X (sky130_fd_sc_hd__or2_1)
                                                         _078_ (net)
                      0.048536    0.000064    1.288293 v _111_/A1 (sky130_fd_sc_hd__a221o_1)
     1    0.005486    0.065447    0.326302    1.614595 v _111_/X (sky130_fd_sc_hd__a221o_1)
                                                         _035_ (net)
                      0.065447    0.000244    1.614839 v _123_/B (sky130_fd_sc_hd__and4_1)
     1    0.003477    0.041841    0.180569    1.795408 v _123_/X (sky130_fd_sc_hd__and4_1)
                                                         _047_ (net)
                      0.041841    0.000123    1.795530 v _124_/B (sky130_fd_sc_hd__and4b_1)
     1    0.003592    0.043715    0.170558    1.966088 v _124_/X (sky130_fd_sc_hd__and4b_1)
                                                         _048_ (net)
                      0.043715    0.000125    1.966213 v fanout9/A (sky130_fd_sc_hd__buf_2)
     7    0.026706    0.073388    0.165424    2.131637 v fanout9/X (sky130_fd_sc_hd__buf_2)
                                                         net9 (net)
                      0.073399    0.000919    2.132557 v fanout7/A (sky130_fd_sc_hd__clkbuf_4)
    10    0.043595    0.096471    0.209119    2.341675 v fanout7/X (sky130_fd_sc_hd__clkbuf_4)
                                                         net7 (net)
                      0.096485    0.001165    2.342840 v _139_/S (sky130_fd_sc_hd__mux2_1)
     1    0.002509    0.053414    0.319436    2.662277 v _139_/X (sky130_fd_sc_hd__mux2_1)
                                                         _014_ (net)
                      0.053414    0.000054    2.662330 v _172_/D (sky130_fd_sc_hd__dfrtp_1)
                                              2.662330   data arrival time

                               3125.000000 3125.000000   clock clk_i (rise edge)
                                  0.000000 3125.000000   clock source latency
     1    0.012536    0.062558    0.042292 3125.042236 ^ clk_i (in)
                                                         clk_i (net)
                      0.062562    0.000000 3125.042236 ^ clkbuf_0_clk_i/A (sky130_fd_sc_hd__clkbuf_16)
     4    0.036566    0.056684    0.145519 3125.187744 ^ clkbuf_0_clk_i/X (sky130_fd_sc_hd__clkbuf_16)
                                                         clknet_0_clk_i (net)
                      0.056709    0.001137 3125.188965 ^ clkbuf_2_2__f_clk_i/A (sky130_fd_sc_hd__clkbuf_16)
    10    0.026804    0.047960    0.135742 3125.324707 ^ clkbuf_2_2__f_clk_i/X (sky130_fd_sc_hd__clkbuf_16)
                                                         clknet_2_2__leaf_clk_i (net)
                      0.048017    0.001364 3125.326172 ^ _172_/CLK (sky130_fd_sc_hd__dfrtp_1)
                                 -0.250000 3125.075928   clock uncertainty
                                  0.000000 3125.075928   clock reconvergence pessimism
                                 -0.117254 3124.958740   library setup time
                                           3124.958740   data required time
---------------------------------------------------------------------------------------------
                                           3124.958740   data required time
                                             -2.662330   data arrival time
---------------------------------------------------------------------------------------------
                                           3122.296387   slack (MET)


Startpoint: _161_ (rising edge-triggered flip-flop clocked by clk_i)
Endpoint: _180_ (rising edge-triggered flip-flop clocked by clk_i)
Path Group: clk_i
Path Type: max

Fanout         Cap        Slew       Delay        Time   Description
---------------------------------------------------------------------------------------------
                                  0.000000    0.000000   clock clk_i (rise edge)
                                  0.000000    0.000000   clock source latency
     1    0.012536    0.062558    0.042357    0.042357 ^ clk_i (in)
                                                         clk_i (net)
                      0.062562    0.000000    0.042357 ^ clkbuf_0_clk_i/A (sky130_fd_sc_hd__clkbuf_16)
     4    0.036566    0.056684    0.145518    0.187875 ^ clkbuf_0_clk_i/X (sky130_fd_sc_hd__clkbuf_16)
                                                         clknet_0_clk_i (net)
                      0.056707    0.001005    0.188880 ^ clkbuf_2_1__f_clk_i/A (sky130_fd_sc_hd__clkbuf_16)
     9    0.026726    0.047870    0.135996    0.324876 ^ clkbuf_2_1__f_clk_i/X (sky130_fd_sc_hd__clkbuf_16)
                                                         clknet_2_1__leaf_clk_i (net)
                      0.047878    0.000598    0.325474 ^ _161_/CLK (sky130_fd_sc_hd__dfrtp_1)
     1    0.003048    0.040487    0.355229    0.680702 v _161_/Q (sky130_fd_sc_hd__dfrtp_1)
                                                         rng_rd.cache[2] (net)
                      0.040487    0.000099    0.680801 v fanout11/A (sky130_fd_sc_hd__clkbuf_2)
     6    0.025765    0.102369    0.162877    0.843678 v fanout11/X (sky130_fd_sc_hd__clkbuf_2)
                                                         net11 (net)
                      0.102370    0.000499    0.844177 v fanout10/A (sky130_fd_sc_hd__clkbuf_2)
    10    0.028537    0.112280    0.197858    1.042035 v fanout10/X (sky130_fd_sc_hd__clkbuf_2)
                                                         net10 (net)
                      0.112282    0.000534    1.042569 v _107_/A (sky130_fd_sc_hd__or2_1)
     1    0.002904    0.048536    0.245660    1.288229 v _107_/X (sky130_fd_sc_hd__or2_1)
                                                         _078_ (net)
                      0.048536    0.000064    1.288293 v _111_/A1 (sky130_fd_sc_hd__a221o_1)
     1    0.005486    0.065447    0.326302    1.614595 v _111_/X (sky130_fd_sc_hd__a221o_1)
                                                         _035_ (net)
                      0.065447    0.000244    1.614839 v _123_/B (sky130_fd_sc_hd__and4_1)
     1    0.003477    0.041841    0.180569    1.795408 v _123_/X (sky130_fd_sc_hd__and4_1)
                                                         _047_ (net)
                      0.041841    0.000123    1.795530 v _124_/B (sky130_fd_sc_hd__and4b_1)
     1    0.003592    0.043715    0.170558    1.966088 v _124_/X (sky130_fd_sc_hd__and4b_1)
                                                         _048_ (net)
                      0.043715    0.000125    1.966213 v fanout9/A (sky130_fd_sc_hd__buf_2)
     7    0.026706    0.073388    0.165424    2.131637 v fanout9/X (sky130_fd_sc_hd__buf_2)
                                                         net9 (net)
                      0.073399    0.000919    2.132557 v fanout7/A (sky130_fd_sc_hd__clkbuf_4)
    10    0.043595    0.096471    0.209119    2.341675 v fanout7/X (sky130_fd_sc_hd__clkbuf_4)
                                                         net7 (net)
                      0.096490    0.001302    2.342977 v _146_/S (sky130_fd_sc_hd__mux2_1)
     1    0.002281    0.052264    0.317302    2.660279 v _146_/X (sky130_fd_sc_hd__mux2_1)
                                                         _021_ (net)
                      0.052264    0.000047    2.660326 v _180_/D (sky130_fd_sc_hd__dfrtp_1)
                                              2.660326   data arrival time

                               3125.000000 3125.000000   clock clk_i (rise edge)
                                  0.000000 3125.000000   clock source latency
     1    0.012536    0.062558    0.042292 3125.042236 ^ clk_i (in)
                                                         clk_i (net)
                      0.062562    0.000000 3125.042236 ^ clkbuf_0_clk_i/A (sky130_fd_sc_hd__clkbuf_16)
     4    0.036566    0.056684    0.145519 3125.187744 ^ clkbuf_0_clk_i/X (sky130_fd_sc_hd__clkbuf_16)
                                                         clknet_0_clk_i (net)
                      0.056709    0.001137 3125.188965 ^ clkbuf_2_2__f_clk_i/A (sky130_fd_sc_hd__clkbuf_16)
    10    0.026804    0.047960    0.135742 3125.324707 ^ clkbuf_2_2__f_clk_i/X (sky130_fd_sc_hd__clkbuf_16)
                                                         clknet_2_2__leaf_clk_i (net)
                      0.047982    0.000909 3125.325684 ^ _180_/CLK (sky130_fd_sc_hd__dfrtp_1)
                                 -0.250000 3125.075439   clock uncertainty
                                  0.000000 3125.075439   clock reconvergence pessimism
                                 -0.116760 3124.958740   library setup time
                                           3124.958740   data required time
---------------------------------------------------------------------------------------------
                                           3124.958740   data required time
                                             -2.660326   data arrival time
---------------------------------------------------------------------------------------------
                                           3122.298340   slack (MET)


Startpoint: _161_ (rising edge-triggered flip-flop clocked by clk_i)
Endpoint: _184_ (rising edge-triggered flip-flop clocked by clk_i)
Path Group: clk_i
Path Type: max

Fanout         Cap        Slew       Delay        Time   Description
---------------------------------------------------------------------------------------------
                                  0.000000    0.000000   clock clk_i (rise edge)
                                  0.000000    0.000000   clock source latency
     1    0.012536    0.062558    0.042357    0.042357 ^ clk_i (in)
                                                         clk_i (net)
                      0.062562    0.000000    0.042357 ^ clkbuf_0_clk_i/A (sky130_fd_sc_hd__clkbuf_16)
     4    0.036566    0.056684    0.145518    0.187875 ^ clkbuf_0_clk_i/X (sky130_fd_sc_hd__clkbuf_16)
                                                         clknet_0_clk_i (net)
                      0.056707    0.001005    0.188880 ^ clkbuf_2_1__f_clk_i/A (sky130_fd_sc_hd__clkbuf_16)
     9    0.026726    0.047870    0.135996    0.324876 ^ clkbuf_2_1__f_clk_i/X (sky130_fd_sc_hd__clkbuf_16)
                                                         clknet_2_1__leaf_clk_i (net)
                      0.047878    0.000598    0.325474 ^ _161_/CLK (sky130_fd_sc_hd__dfrtp_1)
     1    0.003048    0.040487    0.355229    0.680702 v _161_/Q (sky130_fd_sc_hd__dfrtp_1)
                                                         rng_rd.cache[2] (net)
                      0.040487    0.000099    0.680801 v fanout11/A (sky130_fd_sc_hd__clkbuf_2)
     6    0.025765    0.102369    0.162877    0.843678 v fanout11/X (sky130_fd_sc_hd__clkbuf_2)
                                                         net11 (net)
                      0.102370    0.000499    0.844177 v fanout10/A (sky130_fd_sc_hd__clkbuf_2)
    10    0.028537    0.112280    0.197858    1.042035 v fanout10/X (sky130_fd_sc_hd__clkbuf_2)
                                                         net10 (net)
                      0.112282    0.000534    1.042569 v _107_/A (sky130_fd_sc_hd__or2_1)
     1    0.002904    0.048536    0.245660    1.288229 v _107_/X (sky130_fd_sc_hd__or2_1)
                                                         _078_ (net)
                      0.048536    0.000064    1.288293 v _111_/A1 (sky130_fd_sc_hd__a221o_1)
     1    0.005486    0.065447    0.326302    1.614595 v _111_/X (sky130_fd_sc_hd__a221o_1)
                                                         _035_ (net)
                      0.065447    0.000244    1.614839 v _123_/B (sky130_fd_sc_hd__and4_1)
     1    0.003477    0.041841    0.180569    1.795408 v _123_/X (sky130_fd_sc_hd__and4_1)
                                                         _047_ (net)
                      0.041841    0.000123    1.795530 v _124_/B (sky130_fd_sc_hd__and4b_1)
     1    0.003592    0.043715    0.170558    1.966088 v _124_/X (sky130_fd_sc_hd__and4b_1)
                                                         _048_ (net)
                      0.043715    0.000125    1.966213 v fanout9/A (sky130_fd_sc_hd__buf_2)
     7    0.026706    0.073388    0.165424    2.131637 v fanout9/X (sky130_fd_sc_hd__buf_2)
                                                         net9 (net)
                      0.073399    0.000919    2.132557 v fanout7/A (sky130_fd_sc_hd__clkbuf_4)
    10    0.043595    0.096471    0.209119    2.341675 v fanout7/X (sky130_fd_sc_hd__clkbuf_4)
                                                         net7 (net)
                      0.096495    0.001454    2.343129 v _150_/S (sky130_fd_sc_hd__mux2_1)
     1    0.002317    0.052527    0.317645    2.660774 v _150_/X (sky130_fd_sc_hd__mux2_1)
                                                         _025_ (net)
                      0.052527    0.000049    2.660823 v _184_/D (sky130_fd_sc_hd__dfrtp_1)
                                              2.660823   data arrival time

                               3125.000000 3125.000000   clock clk_i (rise edge)
                                  0.000000 3125.000000   clock source latency
     1    0.012536    0.062558    0.042292 3125.042236 ^ clk_i (in)
                                                         clk_i (net)
                      0.062562    0.000000 3125.042236 ^ clkbuf_0_clk_i/A (sky130_fd_sc_hd__clkbuf_16)
     4    0.036566    0.056684    0.145519 3125.187744 ^ clkbuf_0_clk_i/X (sky130_fd_sc_hd__clkbuf_16)
                                                         clknet_0_clk_i (net)
                      0.056709    0.001137 3125.188965 ^ clkbuf_2_2__f_clk_i/A (sky130_fd_sc_hd__clkbuf_16)
    10    0.026804    0.047960    0.135742 3125.324707 ^ clkbuf_2_2__f_clk_i/X (sky130_fd_sc_hd__clkbuf_16)
                                                         clknet_2_2__leaf_clk_i (net)
                      0.048000    0.001137 3125.325928 ^ _184_/CLK (sky130_fd_sc_hd__dfrtp_1)
                                 -0.250000 3125.075684   clock uncertainty
                                  0.000000 3125.075684   clock reconvergence pessimism
                                 -0.116871 3124.958740   library setup time
                                           3124.958740   data required time
---------------------------------------------------------------------------------------------
                                           3124.958740   data required time
                                             -2.660823   data arrival time
---------------------------------------------------------------------------------------------
                                           3122.298096   slack (MET)


Startpoint: _161_ (rising edge-triggered flip-flop clocked by clk_i)
Endpoint: _167_ (rising edge-triggered flip-flop clocked by clk_i)
Path Group: clk_i
Path Type: max

Fanout         Cap        Slew       Delay        Time   Description
---------------------------------------------------------------------------------------------
                                  0.000000    0.000000   clock clk_i (rise edge)
                                  0.000000    0.000000   clock source latency
     1    0.012536    0.062558    0.042357    0.042357 ^ clk_i (in)
                                                         clk_i (net)
                      0.062562    0.000000    0.042357 ^ clkbuf_0_clk_i/A (sky130_fd_sc_hd__clkbuf_16)
     4    0.036566    0.056684    0.145518    0.187875 ^ clkbuf_0_clk_i/X (sky130_fd_sc_hd__clkbuf_16)
                                                         clknet_0_clk_i (net)
                      0.056707    0.001005    0.188880 ^ clkbuf_2_1__f_clk_i/A (sky130_fd_sc_hd__clkbuf_16)
     9    0.026726    0.047870    0.135996    0.324876 ^ clkbuf_2_1__f_clk_i/X (sky130_fd_sc_hd__clkbuf_16)
                                                         clknet_2_1__leaf_clk_i (net)
                      0.047878    0.000598    0.325474 ^ _161_/CLK (sky130_fd_sc_hd__dfrtp_1)
     1    0.003048    0.040487    0.355229    0.680702 v _161_/Q (sky130_fd_sc_hd__dfrtp_1)
                                                         rng_rd.cache[2] (net)
                      0.040487    0.000099    0.680801 v fanout11/A (sky130_fd_sc_hd__clkbuf_2)
     6    0.025765    0.102369    0.162877    0.843678 v fanout11/X (sky130_fd_sc_hd__clkbuf_2)
                                                         net11 (net)
                      0.102370    0.000499    0.844177 v fanout10/A (sky130_fd_sc_hd__clkbuf_2)
    10    0.028537    0.112280    0.197858    1.042035 v fanout10/X (sky130_fd_sc_hd__clkbuf_2)
                                                         net10 (net)
                      0.112282    0.000534    1.042569 v _107_/A (sky130_fd_sc_hd__or2_1)
     1    0.002904    0.048536    0.245660    1.288229 v _107_/X (sky130_fd_sc_hd__or2_1)
                                                         _078_ (net)
                      0.048536    0.000064    1.288293 v _111_/A1 (sky130_fd_sc_hd__a221o_1)
     1    0.005486    0.065447    0.326302    1.614595 v _111_/X (sky130_fd_sc_hd__a221o_1)
                                                         _035_ (net)
                      0.065447    0.000244    1.614839 v _123_/B (sky130_fd_sc_hd__and4_1)
     1    0.003477    0.041841    0.180569    1.795408 v _123_/X (sky130_fd_sc_hd__and4_1)
                                                         _047_ (net)
                      0.041841    0.000123    1.795530 v _124_/B (sky130_fd_sc_hd__and4b_1)
     1    0.003592    0.043715    0.170558    1.966088 v _124_/X (sky130_fd_sc_hd__and4b_1)
                                                         _048_ (net)
                      0.043715    0.000125    1.966213 v fanout9/A (sky130_fd_sc_hd__buf_2)
     7    0.026706    0.073388    0.165424    2.131637 v fanout9/X (sky130_fd_sc_hd__buf_2)
                                                         net9 (net)
                      0.073390    0.000491    2.132128 v _135_/S (sky130_fd_sc_hd__mux2_1)
     1    0.003194    0.057556    0.317517    2.449645 v _135_/X (sky130_fd_sc_hd__mux2_1)
                                                         _010_ (net)
                      0.057556    0.000105    2.449750 v _167_/D (sky130_fd_sc_hd__dfrtp_1)
                                              2.449750   data arrival time

                               3125.000000 3125.000000   clock clk_i (rise edge)
                                  0.000000 3125.000000   clock source latency
     1    0.012536    0.062558    0.042292 3125.042236 ^ clk_i (in)
                                                         clk_i (net)
                      0.062562    0.000000 3125.042236 ^ clkbuf_0_clk_i/A (sky130_fd_sc_hd__clkbuf_16)
     4    0.036566    0.056684    0.145519 3125.187744 ^ clkbuf_0_clk_i/X (sky130_fd_sc_hd__clkbuf_16)
                                                         clknet_0_clk_i (net)
                      0.056700    0.000909 3125.188721 ^ clkbuf_2_3__f_clk_i/A (sky130_fd_sc_hd__clkbuf_16)
     8    0.025516    0.046767    0.134833 3125.323486 ^ clkbuf_2_3__f_clk_i/X (sky130_fd_sc_hd__clkbuf_16)
                                                         clknet_2_3__leaf_clk_i (net)
                      0.046769    0.000227 3125.323730 ^ _167_/CLK (sky130_fd_sc_hd__dfrtp_1)
                                 -0.250000 3125.073730   clock uncertainty
                                  0.000000 3125.073730   clock reconvergence pessimism
                                 -0.119346 3124.954346   library setup time
                                           3124.954346   data required time
---------------------------------------------------------------------------------------------
                                           3124.954346   data required time
                                             -2.449750   data arrival time
---------------------------------------------------------------------------------------------
                                           3122.504639   slack (MET)


Startpoint: _161_ (rising edge-triggered flip-flop clocked by clk_i)
Endpoint: _166_ (rising edge-triggered flip-flop clocked by clk_i)
Path Group: clk_i
Path Type: max

Fanout         Cap        Slew       Delay        Time   Description
---------------------------------------------------------------------------------------------
                                  0.000000    0.000000   clock clk_i (rise edge)
                                  0.000000    0.000000   clock source latency
     1    0.012536    0.062558    0.042357    0.042357 ^ clk_i (in)
                                                         clk_i (net)
                      0.062562    0.000000    0.042357 ^ clkbuf_0_clk_i/A (sky130_fd_sc_hd__clkbuf_16)
     4    0.036566    0.056684    0.145518    0.187875 ^ clkbuf_0_clk_i/X (sky130_fd_sc_hd__clkbuf_16)
                                                         clknet_0_clk_i (net)
                      0.056707    0.001005    0.188880 ^ clkbuf_2_1__f_clk_i/A (sky130_fd_sc_hd__clkbuf_16)
     9    0.026726    0.047870    0.135996    0.324876 ^ clkbuf_2_1__f_clk_i/X (sky130_fd_sc_hd__clkbuf_16)
                                                         clknet_2_1__leaf_clk_i (net)
                      0.047878    0.000598    0.325474 ^ _161_/CLK (sky130_fd_sc_hd__dfrtp_1)
     1    0.003048    0.040487    0.355229    0.680702 v _161_/Q (sky130_fd_sc_hd__dfrtp_1)
                                                         rng_rd.cache[2] (net)
                      0.040487    0.000099    0.680801 v fanout11/A (sky130_fd_sc_hd__clkbuf_2)
     6    0.025765    0.102369    0.162877    0.843678 v fanout11/X (sky130_fd_sc_hd__clkbuf_2)
                                                         net11 (net)
                      0.102370    0.000499    0.844177 v fanout10/A (sky130_fd_sc_hd__clkbuf_2)
    10    0.028537    0.112280    0.197858    1.042035 v fanout10/X (sky130_fd_sc_hd__clkbuf_2)
                                                         net10 (net)
                      0.112282    0.000534    1.042569 v _107_/A (sky130_fd_sc_hd__or2_1)
     1    0.002904    0.048536    0.245660    1.288229 v _107_/X (sky130_fd_sc_hd__or2_1)
                                                         _078_ (net)
                      0.048536    0.000064    1.288293 v _111_/A1 (sky130_fd_sc_hd__a221o_1)
     1    0.005486    0.065447    0.326302    1.614595 v _111_/X (sky130_fd_sc_hd__a221o_1)
                                                         _035_ (net)
                      0.065447    0.000244    1.614839 v _123_/B (sky130_fd_sc_hd__and4_1)
     1    0.003477    0.041841    0.180569    1.795408 v _123_/X (sky130_fd_sc_hd__and4_1)
                                                         _047_ (net)
                      0.041841    0.000123    1.795530 v _124_/B (sky130_fd_sc_hd__and4b_1)
     1    0.003592    0.043715    0.170558    1.966088 v _124_/X (sky130_fd_sc_hd__and4b_1)
                                                         _048_ (net)
                      0.043715    0.000125    1.966213 v fanout9/A (sky130_fd_sc_hd__buf_2)
     7    0.026706    0.073388    0.165424    2.131637 v fanout9/X (sky130_fd_sc_hd__buf_2)
                                                         net9 (net)
                      0.073390    0.000483    2.132121 v _134_/S (sky130_fd_sc_hd__mux2_1)
     1    0.002418    0.052984    0.310248    2.442369 v _134_/X (sky130_fd_sc_hd__mux2_1)
                                                         _009_ (net)
                      0.052984    0.000050    2.442420 v _166_/D (sky130_fd_sc_hd__dfrtp_1)
                                              2.442420   data arrival time

                               3125.000000 3125.000000   clock clk_i (rise edge)
                                  0.000000 3125.000000   clock source latency
     1    0.012536    0.062558    0.042292 3125.042236 ^ clk_i (in)
                                                         clk_i (net)
                      0.062562    0.000000 3125.042236 ^ clkbuf_0_clk_i/A (sky130_fd_sc_hd__clkbuf_16)
     4    0.036566    0.056684    0.145519 3125.187744 ^ clkbuf_0_clk_i/X (sky130_fd_sc_hd__clkbuf_16)
                                                         clknet_0_clk_i (net)
                      0.056700    0.000909 3125.188721 ^ clkbuf_2_3__f_clk_i/A (sky130_fd_sc_hd__clkbuf_16)
     8    0.025516    0.046767    0.134833 3125.323486 ^ clkbuf_2_3__f_clk_i/X (sky130_fd_sc_hd__clkbuf_16)
                                                         clknet_2_3__leaf_clk_i (net)
                      0.046773    0.000455 3125.323975 ^ _166_/CLK (sky130_fd_sc_hd__dfrtp_1)
                                 -0.250000 3125.073975   clock uncertainty
                                  0.000000 3125.073975   clock reconvergence pessimism
                                 -0.117351 3124.956543   library setup time
                                           3124.956543   data required time
---------------------------------------------------------------------------------------------
                                           3124.956543   data required time
                                             -2.442420   data arrival time
---------------------------------------------------------------------------------------------
                                           3122.514160   slack (MET)


Startpoint: _161_ (rising edge-triggered flip-flop clocked by clk_i)
Endpoint: _171_ (rising edge-triggered flip-flop clocked by clk_i)
Path Group: clk_i
Path Type: max

Fanout         Cap        Slew       Delay        Time   Description
---------------------------------------------------------------------------------------------
                                  0.000000    0.000000   clock clk_i (rise edge)
                                  0.000000    0.000000   clock source latency
     1    0.012536    0.062558    0.042357    0.042357 ^ clk_i (in)
                                                         clk_i (net)
                      0.062562    0.000000    0.042357 ^ clkbuf_0_clk_i/A (sky130_fd_sc_hd__clkbuf_16)
     4    0.036566    0.056684    0.145518    0.187875 ^ clkbuf_0_clk_i/X (sky130_fd_sc_hd__clkbuf_16)
                                                         clknet_0_clk_i (net)
                      0.056707    0.001005    0.188880 ^ clkbuf_2_1__f_clk_i/A (sky130_fd_sc_hd__clkbuf_16)
     9    0.026726    0.047870    0.135996    0.324876 ^ clkbuf_2_1__f_clk_i/X (sky130_fd_sc_hd__clkbuf_16)
                                                         clknet_2_1__leaf_clk_i (net)
                      0.047878    0.000598    0.325474 ^ _161_/CLK (sky130_fd_sc_hd__dfrtp_1)
     1    0.003048    0.040487    0.355229    0.680702 v _161_/Q (sky130_fd_sc_hd__dfrtp_1)
                                                         rng_rd.cache[2] (net)
                      0.040487    0.000099    0.680801 v fanout11/A (sky130_fd_sc_hd__clkbuf_2)
     6    0.025765    0.102369    0.162877    0.843678 v fanout11/X (sky130_fd_sc_hd__clkbuf_2)
                                                         net11 (net)
                      0.102370    0.000499    0.844177 v fanout10/A (sky130_fd_sc_hd__clkbuf_2)
    10    0.028537    0.112280    0.197858    1.042035 v fanout10/X (sky130_fd_sc_hd__clkbuf_2)
                                                         net10 (net)
                      0.112282    0.000534    1.042569 v _107_/A (sky130_fd_sc_hd__or2_1)
     1    0.002904    0.048536    0.245660    1.288229 v _107_/X (sky130_fd_sc_hd__or2_1)
                                                         _078_ (net)
                      0.048536    0.000064    1.288293 v _111_/A1 (sky130_fd_sc_hd__a221o_1)
     1    0.005486    0.065447    0.326302    1.614595 v _111_/X (sky130_fd_sc_hd__a221o_1)
                                                         _035_ (net)
                      0.065447    0.000244    1.614839 v _123_/B (sky130_fd_sc_hd__and4_1)
     1    0.003477    0.041841    0.180569    1.795408 v _123_/X (sky130_fd_sc_hd__and4_1)
                                                         _047_ (net)
                      0.041841    0.000123    1.795530 v _124_/B (sky130_fd_sc_hd__and4b_1)
     1    0.003592    0.043715    0.170558    1.966088 v _124_/X (sky130_fd_sc_hd__and4b_1)
                                                         _048_ (net)
                      0.043715    0.000125    1.966213 v fanout9/A (sky130_fd_sc_hd__buf_2)
     7    0.026706    0.073388    0.165424    2.131637 v fanout9/X (sky130_fd_sc_hd__buf_2)
                                                         net9 (net)
                      0.073395    0.000776    2.132413 v _138_/S (sky130_fd_sc_hd__mux2_1)
     1    0.002572    0.053769    0.311701    2.444114 v _138_/X (sky130_fd_sc_hd__mux2_1)
                                                         _013_ (net)
                      0.053769    0.000056    2.444170 v _171_/D (sky130_fd_sc_hd__dfrtp_1)
                                              2.444170   data arrival time

                               3125.000000 3125.000000   clock clk_i (rise edge)
                                  0.000000 3125.000000   clock source latency
     1    0.012536    0.062558    0.042292 3125.042236 ^ clk_i (in)
                                                         clk_i (net)
                      0.062562    0.000000 3125.042236 ^ clkbuf_0_clk_i/A (sky130_fd_sc_hd__clkbuf_16)
     4    0.036566    0.056684    0.145519 3125.187744 ^ clkbuf_0_clk_i/X (sky130_fd_sc_hd__clkbuf_16)
                                                         clknet_0_clk_i (net)
                      0.056700    0.000909 3125.188721 ^ clkbuf_2_3__f_clk_i/A (sky130_fd_sc_hd__clkbuf_16)
     8    0.025516    0.046767    0.134833 3125.323486 ^ clkbuf_2_3__f_clk_i/X (sky130_fd_sc_hd__clkbuf_16)
                                                         clknet_2_3__leaf_clk_i (net)
                      0.046775    0.000682 3125.324219 ^ _171_/CLK (sky130_fd_sc_hd__dfrtp_1)
                                 -0.250000 3125.074219   clock uncertainty
                                  0.000000 3125.074219   clock reconvergence pessimism
                                 -0.117693 3124.956299   library setup time
                                           3124.956299   data required time
---------------------------------------------------------------------------------------------
                                           3124.956299   data required time
                                             -2.444170   data arrival time
---------------------------------------------------------------------------------------------
                                           3122.512207   slack (MET)


Startpoint: _161_ (rising edge-triggered flip-flop clocked by clk_i)
Endpoint: _174_ (rising edge-triggered flip-flop clocked by clk_i)
Path Group: clk_i
Path Type: max

Fanout         Cap        Slew       Delay        Time   Description
---------------------------------------------------------------------------------------------
                                  0.000000    0.000000   clock clk_i (rise edge)
                                  0.000000    0.000000   clock source latency
     1    0.012536    0.062558    0.042357    0.042357 ^ clk_i (in)
                                                         clk_i (net)
                      0.062562    0.000000    0.042357 ^ clkbuf_0_clk_i/A (sky130_fd_sc_hd__clkbuf_16)
     4    0.036566    0.056684    0.145518    0.187875 ^ clkbuf_0_clk_i/X (sky130_fd_sc_hd__clkbuf_16)
                                                         clknet_0_clk_i (net)
                      0.056707    0.001005    0.188880 ^ clkbuf_2_1__f_clk_i/A (sky130_fd_sc_hd__clkbuf_16)
     9    0.026726    0.047870    0.135996    0.324876 ^ clkbuf_2_1__f_clk_i/X (sky130_fd_sc_hd__clkbuf_16)
                                                         clknet_2_1__leaf_clk_i (net)
                      0.047878    0.000598    0.325474 ^ _161_/CLK (sky130_fd_sc_hd__dfrtp_1)
     1    0.003048    0.040487    0.355229    0.680702 v _161_/Q (sky130_fd_sc_hd__dfrtp_1)
                                                         rng_rd.cache[2] (net)
                      0.040487    0.000099    0.680801 v fanout11/A (sky130_fd_sc_hd__clkbuf_2)
     6    0.025765    0.102369    0.162877    0.843678 v fanout11/X (sky130_fd_sc_hd__clkbuf_2)
                                                         net11 (net)
                      0.102370    0.000499    0.844177 v fanout10/A (sky130_fd_sc_hd__clkbuf_2)
    10    0.028537    0.112280    0.197858    1.042035 v fanout10/X (sky130_fd_sc_hd__clkbuf_2)
                                                         net10 (net)
                      0.112282    0.000534    1.042569 v _107_/A (sky130_fd_sc_hd__or2_1)
     1    0.002904    0.048536    0.245660    1.288229 v _107_/X (sky130_fd_sc_hd__or2_1)
                                                         _078_ (net)
                      0.048536    0.000064    1.288293 v _111_/A1 (sky130_fd_sc_hd__a221o_1)
     1    0.005486    0.065447    0.326302    1.614595 v _111_/X (sky130_fd_sc_hd__a221o_1)
                                                         _035_ (net)
                      0.065447    0.000244    1.614839 v _123_/B (sky130_fd_sc_hd__and4_1)
     1    0.003477    0.041841    0.180569    1.795408 v _123_/X (sky130_fd_sc_hd__and4_1)
                                                         _047_ (net)
                      0.041841    0.000123    1.795530 v _124_/B (sky130_fd_sc_hd__and4b_1)
     1    0.003592    0.043715    0.170558    1.966088 v _124_/X (sky130_fd_sc_hd__and4b_1)
                                                         _048_ (net)
                      0.043715    0.000125    1.966213 v fanout9/A (sky130_fd_sc_hd__buf_2)
     7    0.026706    0.073388    0.165424    2.131637 v fanout9/X (sky130_fd_sc_hd__buf_2)
                                                         net9 (net)
                      0.073397    0.000830    2.132467 v _141_/S (sky130_fd_sc_hd__mux2_1)
     1    0.002395    0.052878    0.310039    2.442506 v _141_/X (sky130_fd_sc_hd__mux2_1)
                                                         _016_ (net)
                      0.052878    0.000051    2.442558 v _174_/D (sky130_fd_sc_hd__dfrtp_1)
                                              2.442558   data arrival time

                               3125.000000 3125.000000   clock clk_i (rise edge)
                                  0.000000 3125.000000   clock source latency
     1    0.012536    0.062558    0.042292 3125.042236 ^ clk_i (in)
                                                         clk_i (net)
                      0.062562    0.000000 3125.042236 ^ clkbuf_0_clk_i/A (sky130_fd_sc_hd__clkbuf_16)
     4    0.036566    0.056684    0.145519 3125.187744 ^ clkbuf_0_clk_i/X (sky130_fd_sc_hd__clkbuf_16)
                                                         clknet_0_clk_i (net)
                      0.056700    0.000909 3125.188721 ^ clkbuf_2_3__f_clk_i/A (sky130_fd_sc_hd__clkbuf_16)
     8    0.025516    0.046767    0.134833 3125.323486 ^ clkbuf_2_3__f_clk_i/X (sky130_fd_sc_hd__clkbuf_16)
                                                         clknet_2_3__leaf_clk_i (net)
                      0.046777    0.000682 3125.324219 ^ _174_/CLK (sky130_fd_sc_hd__dfrtp_1)
                                 -0.250000 3125.074219   clock uncertainty
                                  0.000000 3125.074219   clock reconvergence pessimism
                                 -0.117304 3124.956787   library setup time
                                           3124.956787   data required time
---------------------------------------------------------------------------------------------
                                           3124.956787   data required time
                                             -2.442558   data arrival time
---------------------------------------------------------------------------------------------
                                           3122.514404   slack (MET)


Startpoint: _161_ (rising edge-triggered flip-flop clocked by clk_i)
Endpoint: _189_ (rising edge-triggered flip-flop clocked by clk_i)
Path Group: clk_i
Path Type: max

Fanout         Cap        Slew       Delay        Time   Description
---------------------------------------------------------------------------------------------
                                  0.000000    0.000000   clock clk_i (rise edge)
                                  0.000000    0.000000   clock source latency
     1    0.012536    0.062558    0.042357    0.042357 ^ clk_i (in)
                                                         clk_i (net)
                      0.062562    0.000000    0.042357 ^ clkbuf_0_clk_i/A (sky130_fd_sc_hd__clkbuf_16)
     4    0.036566    0.056684    0.145518    0.187875 ^ clkbuf_0_clk_i/X (sky130_fd_sc_hd__clkbuf_16)
                                                         clknet_0_clk_i (net)
                      0.056707    0.001005    0.188880 ^ clkbuf_2_1__f_clk_i/A (sky130_fd_sc_hd__clkbuf_16)
     9    0.026726    0.047870    0.135996    0.324876 ^ clkbuf_2_1__f_clk_i/X (sky130_fd_sc_hd__clkbuf_16)
                                                         clknet_2_1__leaf_clk_i (net)
                      0.047878    0.000598    0.325474 ^ _161_/CLK (sky130_fd_sc_hd__dfrtp_1)
     1    0.003048    0.040487    0.355229    0.680702 v _161_/Q (sky130_fd_sc_hd__dfrtp_1)
                                                         rng_rd.cache[2] (net)
                      0.040487    0.000099    0.680801 v fanout11/A (sky130_fd_sc_hd__clkbuf_2)
     6    0.025765    0.102369    0.162877    0.843678 v fanout11/X (sky130_fd_sc_hd__clkbuf_2)
                                                         net11 (net)
                      0.102370    0.000499    0.844177 v fanout10/A (sky130_fd_sc_hd__clkbuf_2)
    10    0.028537    0.112280    0.197858    1.042035 v fanout10/X (sky130_fd_sc_hd__clkbuf_2)
                                                         net10 (net)
                      0.112282    0.000534    1.042569 v _107_/A (sky130_fd_sc_hd__or2_1)
     1    0.002904    0.048536    0.245660    1.288229 v _107_/X (sky130_fd_sc_hd__or2_1)
                                                         _078_ (net)
                      0.048536    0.000064    1.288293 v _111_/A1 (sky130_fd_sc_hd__a221o_1)
     1    0.005486    0.065447    0.326302    1.614595 v _111_/X (sky130_fd_sc_hd__a221o_1)
                                                         _035_ (net)
                      0.065447    0.000244    1.614839 v _123_/B (sky130_fd_sc_hd__and4_1)
     1    0.003477    0.041841    0.180569    1.795408 v _123_/X (sky130_fd_sc_hd__and4_1)
                                                         _047_ (net)
                      0.041841    0.000123    1.795530 v _124_/B (sky130_fd_sc_hd__and4b_1)
     1    0.003592    0.043715    0.170558    1.966088 v _124_/X (sky130_fd_sc_hd__and4b_1)
                                                         _048_ (net)
                      0.043715    0.000125    1.966213 v fanout9/A (sky130_fd_sc_hd__buf_2)
     7    0.026706    0.073388    0.165424    2.131637 v fanout9/X (sky130_fd_sc_hd__buf_2)
                                                         net9 (net)
                      0.073399    0.000919    2.132557 v fanout7/A (sky130_fd_sc_hd__clkbuf_4)
    10    0.043595    0.096471    0.209119    2.341675 v fanout7/X (sky130_fd_sc_hd__clkbuf_4)
                                                         net7 (net)
                      0.096488    0.001255    2.342931 v _125_/A (sky130_fd_sc_hd__inv_2)
     1    0.003770    0.036075    0.062340    2.405271 ^ _125_/Y (sky130_fd_sc_hd__inv_2)
                                                         _000_ (net)
                      0.036075    0.000138    2.405408 ^ _189_/D (sky130_fd_sc_hd__dfrtp_1)
                                              2.405408   data arrival time

                               3125.000000 3125.000000   clock clk_i (rise edge)
                                  0.000000 3125.000000   clock source latency
     1    0.012536    0.062558    0.042292 3125.042236 ^ clk_i (in)
                                                         clk_i (net)
                      0.062562    0.000000 3125.042236 ^ clkbuf_0_clk_i/A (sky130_fd_sc_hd__clkbuf_16)
     4    0.036566    0.056684    0.145519 3125.187744 ^ clkbuf_0_clk_i/X (sky130_fd_sc_hd__clkbuf_16)
                                                         clknet_0_clk_i (net)
                      0.056713    0.001137 3125.188965 ^ clkbuf_2_0__f_clk_i/A (sky130_fd_sc_hd__clkbuf_16)
    10    0.027498    0.048736    0.136652 3125.325684 ^ clkbuf_2_0__f_clk_i/X (sky130_fd_sc_hd__clkbuf_16)
                                                         clknet_2_0__leaf_clk_i (net)
                      0.048741    0.000909 3125.326416 ^ _189_/CLK (sky130_fd_sc_hd__dfrtp_1)
                                 -0.250000 3125.076416   clock uncertainty
                                  0.000000 3125.076416   clock reconvergence pessimism
                                 -0.057207 3125.019043   library setup time
                                           3125.019043   data required time
---------------------------------------------------------------------------------------------
                                           3125.019043   data required time
                                             -2.405408   data arrival time
---------------------------------------------------------------------------------------------
                                           3122.613770   slack (MET)


Startpoint: _178_ (rising edge-triggered flip-flop clocked by clk_i)
Endpoint: _193_ (rising edge-triggered flip-flop clocked by clk_i)
Path Group: clk_i
Path Type: max

Fanout         Cap        Slew       Delay        Time   Description
---------------------------------------------------------------------------------------------
                                  0.000000    0.000000   clock clk_i (rise edge)
                                  0.000000    0.000000   clock source latency
     1    0.012536    0.062558    0.042357    0.042357 ^ clk_i (in)
                                                         clk_i (net)
                      0.062562    0.000000    0.042357 ^ clkbuf_0_clk_i/A (sky130_fd_sc_hd__clkbuf_16)
     4    0.036566    0.056684    0.145518    0.187875 ^ clkbuf_0_clk_i/X (sky130_fd_sc_hd__clkbuf_16)
                                                         clknet_0_clk_i (net)
                      0.056713    0.001104    0.188979 ^ clkbuf_2_0__f_clk_i/A (sky130_fd_sc_hd__clkbuf_16)
    10    0.027498    0.048736    0.136617    0.325596 ^ clkbuf_2_0__f_clk_i/X (sky130_fd_sc_hd__clkbuf_16)
                                                         clknet_2_0__leaf_clk_i (net)
                      0.048740    0.000727    0.326323 ^ _178_/CLK (sky130_fd_sc_hd__dfrtp_1)
     1    0.002919    0.039808    0.354595    0.680918 v _178_/Q (sky130_fd_sc_hd__dfrtp_1)
                                                         rng_rd.wr_ff2 (net)
                      0.039808    0.000074    0.680993 v hold2/A (sky130_fd_sc_hd__dlygate4sd3_1)
     2    0.005882    0.068036    0.567765    1.248757 v hold2/X (sky130_fd_sc_hd__dlygate4sd3_1)
                                                         net19 (net)
                      0.068036    0.000099    1.248857 v _126_/B (sky130_fd_sc_hd__and2b_1)
     1    0.003033    0.034669    0.161935    1.410792 v _126_/X (sky130_fd_sc_hd__and2b_1)
                                                         _001_ (net)
                      0.034669    0.000097    1.410888 v _193_/D (sky130_fd_sc_hd__dfrtp_1)
                                              1.410888   data arrival time

                               3125.000000 3125.000000   clock clk_i (rise edge)
                                  0.000000 3125.000000   clock source latency
     1    0.012536    0.062558    0.042292 3125.042236 ^ clk_i (in)
                                                         clk_i (net)
                      0.062562    0.000000 3125.042236 ^ clkbuf_0_clk_i/A (sky130_fd_sc_hd__clkbuf_16)
     4    0.036566    0.056684    0.145519 3125.187744 ^ clkbuf_0_clk_i/X (sky130_fd_sc_hd__clkbuf_16)
                                                         clknet_0_clk_i (net)
                      0.056713    0.001137 3125.188965 ^ clkbuf_2_0__f_clk_i/A (sky130_fd_sc_hd__clkbuf_16)
    10    0.027498    0.048736    0.136652 3125.325684 ^ clkbuf_2_0__f_clk_i/X (sky130_fd_sc_hd__clkbuf_16)
                                                         clknet_2_0__leaf_clk_i (net)
                      0.048738    0.000455 3125.326172 ^ _193_/CLK (sky130_fd_sc_hd__dfrtp_1)
                                 -0.250000 3125.075928   clock uncertainty
                                  0.000000 3125.075928   clock reconvergence pessimism
                                 -0.108912 3124.967041   library setup time
                                           3124.967041   data required time
---------------------------------------------------------------------------------------------
                                           3124.967041   data required time
                                             -1.410888   data arrival time
---------------------------------------------------------------------------------------------
                                           3123.556152   slack (MET)


Startpoint: _178_ (rising edge-triggered flip-flop clocked by clk_i)
Endpoint: _185_ (rising edge-triggered flip-flop clocked by clk_i)
Path Group: clk_i
Path Type: max

Fanout         Cap        Slew       Delay        Time   Description
---------------------------------------------------------------------------------------------
                                  0.000000    0.000000   clock clk_i (rise edge)
                                  0.000000    0.000000   clock source latency
     1    0.012536    0.062558    0.042357    0.042357 ^ clk_i (in)
                                                         clk_i (net)
                      0.062562    0.000000    0.042357 ^ clkbuf_0_clk_i/A (sky130_fd_sc_hd__clkbuf_16)
     4    0.036566    0.056684    0.145518    0.187875 ^ clkbuf_0_clk_i/X (sky130_fd_sc_hd__clkbuf_16)
                                                         clknet_0_clk_i (net)
                      0.056713    0.001104    0.188979 ^ clkbuf_2_0__f_clk_i/A (sky130_fd_sc_hd__clkbuf_16)
    10    0.027498    0.048736    0.136617    0.325596 ^ clkbuf_2_0__f_clk_i/X (sky130_fd_sc_hd__clkbuf_16)
                                                         clknet_2_0__leaf_clk_i (net)
                      0.048740    0.000727    0.326323 ^ _178_/CLK (sky130_fd_sc_hd__dfrtp_1)
     1    0.002919    0.039808    0.354595    0.680918 v _178_/Q (sky130_fd_sc_hd__dfrtp_1)
                                                         rng_rd.wr_ff2 (net)
                      0.039808    0.000074    0.680993 v hold2/A (sky130_fd_sc_hd__dlygate4sd3_1)
     2    0.005882    0.068036    0.567765    1.248757 v hold2/X (sky130_fd_sc_hd__dlygate4sd3_1)
                                                         net19 (net)
                      0.068036    0.000164    1.248921 v _185_/D (sky130_fd_sc_hd__dfrtp_1)
                                              1.248921   data arrival time

                               3125.000000 3125.000000   clock clk_i (rise edge)
                                  0.000000 3125.000000   clock source latency
     1    0.012536    0.062558    0.042292 3125.042236 ^ clk_i (in)
                                                         clk_i (net)
                      0.062562    0.000000 3125.042236 ^ clkbuf_0_clk_i/A (sky130_fd_sc_hd__clkbuf_16)
     4    0.036566    0.056684    0.145519 3125.187744 ^ clkbuf_0_clk_i/X (sky130_fd_sc_hd__clkbuf_16)
                                                         clknet_0_clk_i (net)
                      0.056713    0.001137 3125.188965 ^ clkbuf_2_0__f_clk_i/A (sky130_fd_sc_hd__clkbuf_16)
    10    0.027498    0.048736    0.136652 3125.325684 ^ clkbuf_2_0__f_clk_i/X (sky130_fd_sc_hd__clkbuf_16)
                                                         clknet_2_0__leaf_clk_i (net)
                      0.048741    0.000909 3125.326416 ^ _185_/CLK (sky130_fd_sc_hd__dfrtp_1)
                                 -0.250000 3125.076416   clock uncertainty
                                  0.000000 3125.076416   clock reconvergence pessimism
                                 -0.123466 3124.952881   library setup time
                                           3124.952881   data required time
---------------------------------------------------------------------------------------------
                                           3124.952881   data required time
                                             -1.248921   data arrival time
---------------------------------------------------------------------------------------------
                                           3123.703857   slack (MET)


Startpoint: _168_ (rising edge-triggered flip-flop clocked by clk_i)
Endpoint: _178_ (rising edge-triggered flip-flop clocked by clk_i)
Path Group: clk_i
Path Type: max

Fanout         Cap        Slew       Delay        Time   Description
---------------------------------------------------------------------------------------------
                                  0.000000    0.000000   clock clk_i (rise edge)
                                  0.000000    0.000000   clock source latency
     1    0.012536    0.062558    0.042357    0.042357 ^ clk_i (in)
                                                         clk_i (net)
                      0.062562    0.000000    0.042357 ^ clkbuf_0_clk_i/A (sky130_fd_sc_hd__clkbuf_16)
     4    0.036566    0.056684    0.145518    0.187875 ^ clkbuf_0_clk_i/X (sky130_fd_sc_hd__clkbuf_16)
                                                         clknet_0_clk_i (net)
                      0.056713    0.001104    0.188979 ^ clkbuf_2_0__f_clk_i/A (sky130_fd_sc_hd__clkbuf_16)
    10    0.027498    0.048736    0.136617    0.325596 ^ clkbuf_2_0__f_clk_i/X (sky130_fd_sc_hd__clkbuf_16)
                                                         clknet_2_0__leaf_clk_i (net)
                      0.048740    0.000737    0.326333 ^ _168_/CLK (sky130_fd_sc_hd__dfrtp_1)
     1    0.002512    0.037712    0.351548    0.677881 v _168_/Q (sky130_fd_sc_hd__dfrtp_1)
                                                         rng_rd.wr_ff1 (net)
                      0.037712    0.000076    0.677957 v hold1/A (sky130_fd_sc_hd__dlygate4sd3_1)
     1    0.003574    0.057562    0.551868    1.229826 v hold1/X (sky130_fd_sc_hd__dlygate4sd3_1)
                                                         net18 (net)
                      0.057562    0.000128    1.229953 v _178_/D (sky130_fd_sc_hd__dfrtp_1)
                                              1.229953   data arrival time

                               3125.000000 3125.000000   clock clk_i (rise edge)
                                  0.000000 3125.000000   clock source latency
     1    0.012536    0.062558    0.042292 3125.042236 ^ clk_i (in)
                                                         clk_i (net)
                      0.062562    0.000000 3125.042236 ^ clkbuf_0_clk_i/A (sky130_fd_sc_hd__clkbuf_16)
     4    0.036566    0.056684    0.145519 3125.187744 ^ clkbuf_0_clk_i/X (sky130_fd_sc_hd__clkbuf_16)
                                                         clknet_0_clk_i (net)
                      0.056713    0.001137 3125.188965 ^ clkbuf_2_0__f_clk_i/A (sky130_fd_sc_hd__clkbuf_16)
    10    0.027498    0.048736    0.136652 3125.325684 ^ clkbuf_2_0__f_clk_i/X (sky130_fd_sc_hd__clkbuf_16)
                                                         clknet_2_0__leaf_clk_i (net)
                      0.048740    0.000682 3125.326172 ^ _178_/CLK (sky130_fd_sc_hd__dfrtp_1)
                                 -0.250000 3125.076172   clock uncertainty
                                  0.000000 3125.076172   clock reconvergence pessimism
                                 -0.118898 3124.957275   library setup time
                                           3124.957275   data required time
---------------------------------------------------------------------------------------------
                                           3124.957275   data required time
                                             -1.229953   data arrival time
---------------------------------------------------------------------------------------------
                                           3123.727295   slack (MET)



%OL_END_REPORT
%OL_CREATE_REPORT checks.rpt

===========================================================================
report_checks -unconstrained
===========================================================================
======================= nom_tt_025C_1v80 Corner ===================================

Startpoint: rst_i (input port clocked by clk_i)
Endpoint: _159_ (recovery check against rising-edge clock clk_i)
Path Group: asynchronous
Path Type: max

Fanout         Cap        Slew       Delay        Time   Description
---------------------------------------------------------------------------------------------
                                  0.000000    0.000000   clock clk_i (rise edge)
                                  0.000000    0.000000   clock network delay (propagated)
                                625.000000  625.000000 ^ input external delay
     1    0.003604    0.023220    0.013131  625.013123 ^ rst_i (in)
                                                         rst_i (net)
                      0.023228    0.000000  625.013123 ^ input2/A (sky130_fd_sc_hd__buf_1)
     3    0.011920    0.146479    0.145064  625.158203 ^ input2/X (sky130_fd_sc_hd__buf_1)
                                                         net2 (net)
                      0.146481    0.000398  625.158569 ^ fanout15/A (sky130_fd_sc_hd__buf_2)
     9    0.040513    0.199562    0.253237  625.411804 ^ fanout15/X (sky130_fd_sc_hd__buf_2)
                                                         net15 (net)
                      0.199569    0.001421  625.413269 ^ fanout14/A (sky130_fd_sc_hd__clkbuf_4)
    10    0.043798    0.139777    0.258751  625.671997 ^ fanout14/X (sky130_fd_sc_hd__clkbuf_4)
                                                         net14 (net)
                      0.139804    0.001876  625.673889 ^ _159_/RESET_B (sky130_fd_sc_hd__dfrtp_1)
                                            625.673889   data arrival time

                               3125.000000 3125.000000   clock clk_i (rise edge)
                                  0.000000 3125.000000   clock source latency
     1    0.012536    0.062558    0.042292 3125.042236 ^ clk_i (in)
                                                         clk_i (net)
                      0.062562    0.000000 3125.042236 ^ clkbuf_0_clk_i/A (sky130_fd_sc_hd__clkbuf_16)
     4    0.036566    0.056684    0.145519 3125.187744 ^ clkbuf_0_clk_i/X (sky130_fd_sc_hd__clkbuf_16)
                                                         clknet_0_clk_i (net)
                      0.056713    0.001137 3125.188965 ^ clkbuf_2_0__f_clk_i/A (sky130_fd_sc_hd__clkbuf_16)
    10    0.027498    0.048736    0.136652 3125.325684 ^ clkbuf_2_0__f_clk_i/X (sky130_fd_sc_hd__clkbuf_16)
                                                         clknet_2_0__leaf_clk_i (net)
                      0.048740    0.000682 3125.326172 ^ _159_/CLK (sky130_fd_sc_hd__dfrtp_1)
                                 -0.250000 3125.076172   clock uncertainty
                                  0.000000 3125.076172   clock reconvergence pessimism
                                  0.206949 3125.283203   library recovery time
                                           3125.283203   data required time
---------------------------------------------------------------------------------------------
                                           3125.283203   data required time
                                           -625.673889   data arrival time
---------------------------------------------------------------------------------------------
                                           2499.609131   slack (MET)


Startpoint: req_num_i (input port clocked by clk_i)
Endpoint: _187_ (rising edge-triggered flip-flop clocked by clk_i)
Path Group: clk_i
Path Type: max

Fanout         Cap        Slew       Delay        Time   Description
---------------------------------------------------------------------------------------------
                                  0.000000    0.000000   clock clk_i (rise edge)
                                  0.000000    0.000000   clock network delay (propagated)
                                625.000000  625.000000 v input external delay
     1    0.003049    0.009209    0.004889  625.004883 v req_num_i (in)
                                                         req_num_i (net)
                      0.009209    0.000000  625.004883 v input1/A (sky130_fd_sc_hd__clkbuf_1)
     1    0.001896    0.021895    0.067416  625.072327 v input1/X (sky130_fd_sc_hd__clkbuf_1)
                                                         net1 (net)
                      0.021895    0.000057  625.072388 v _081_/A (sky130_fd_sc_hd__or3_1)
     4    0.012194    0.113188    0.421665  625.494019 v _081_/X (sky130_fd_sc_hd__or3_1)
                                                         req_num (net)
                      0.113188    0.000398  625.494446 v _152_/A2 (sky130_fd_sc_hd__a21oi_1)
     1    0.002841    0.104953    0.162856  625.657288 ^ _152_/Y (sky130_fd_sc_hd__a21oi_1)
                                                         _049_ (net)
                      0.104953    0.000057  625.657349 ^ hold16/A (sky130_fd_sc_hd__dlygate4sd3_1)
     1    0.004151    0.064883    0.563773  626.221130 ^ hold16/X (sky130_fd_sc_hd__dlygate4sd3_1)
                                                         net33 (net)
                      0.064883    0.000171  626.221252 ^ _154_/A (sky130_fd_sc_hd__nor2_1)
     1    0.003144    0.033376    0.047805  626.269104 v _154_/Y (sky130_fd_sc_hd__nor2_1)
                                                         _027_ (net)
                      0.033376    0.000114  626.269226 v _187_/D (sky130_fd_sc_hd__dfrtp_1)
                                            626.269226   data arrival time

                               3125.000000 3125.000000   clock clk_i (rise edge)
                                  0.000000 3125.000000   clock source latency
     1    0.012536    0.062558    0.042292 3125.042236 ^ clk_i (in)
                                                         clk_i (net)
                      0.062562    0.000000 3125.042236 ^ clkbuf_0_clk_i/A (sky130_fd_sc_hd__clkbuf_16)
     4    0.036566    0.056684    0.145519 3125.187744 ^ clkbuf_0_clk_i/X (sky130_fd_sc_hd__clkbuf_16)
                                                         clknet_0_clk_i (net)
                      0.056713    0.001137 3125.188965 ^ clkbuf_2_0__f_clk_i/A (sky130_fd_sc_hd__clkbuf_16)
    10    0.027498    0.048736    0.136652 3125.325684 ^ clkbuf_2_0__f_clk_i/X (sky130_fd_sc_hd__clkbuf_16)
                                                         clknet_2_0__leaf_clk_i (net)
                      0.048742    0.000909 3125.326416 ^ _187_/CLK (sky130_fd_sc_hd__dfrtp_1)
                                 -0.250000 3125.076416   clock uncertainty
                                  0.000000 3125.076416   clock reconvergence pessimism
                                 -0.108347 3124.968018   library setup time
                                           3124.968018   data required time
---------------------------------------------------------------------------------------------
                                           3124.968018   data required time
                                           -626.269226   data arrival time
---------------------------------------------------------------------------------------------
                                           2498.698730   slack (MET)




===========================================================================
report_checks --slack_max -0.01
============================================================================
======================= nom_tt_025C_1v80 Corner ===================================

No paths found.


===========================================================================
 report_check_types -max_slew -max_cap -max_fanout -violators
============================================================================
======================= nom_tt_025C_1v80 Corner ===================================



===========================================================================
report_parasitic_annotation -report_unannotated
============================================================================
Found 2 unannotated drivers.
 clkload0/X
 clkload1/Y
Found 0 partially unannotated drivers.

===========================================================================
max slew violation count 0
Writing metric design__max_slew_violation__count__corner:nom_tt_025C_1v80: 0
max fanout violation count 0
Writing metric design__max_fanout_violation__count__corner:nom_tt_025C_1v80: 0
max cap violation count 0
Writing metric design__max_cap_violation__count__corner:nom_tt_025C_1v80: 0
============================================================================

===========================================================================
check_setup -verbose -unconstrained_endpoints -multiple_clock -no_clock -no_input_delay -loops -generated_clocks
===========================================================================
Warning: There is 1 combinational loop in the design.
  _081_/X
  _081_/C
  | loop cut point
  _081_/X
  --------------------------------
%OL_END_REPORT
%OL_CREATE_REPORT power.rpt

===========================================================================
 report_power
============================================================================
======================= nom_tt_025C_1v80 Corner ===================================

Group                    Internal    Switching      Leakage        Total
                            Power        Power        Power        Power (Watts)
------------------------------------------------------------------------
Sequential           6.600358e-07 1.419231e-07 4.117267e-10 8.023706e-07  33.9%
Combinational        6.896604e-07 4.164809e-07 5.090587e-10 1.106650e-06  46.8%
Clock                3.089802e-07 1.483771e-07 2.217573e-10 4.575790e-07  19.3%
Macro                0.000000e+00 0.000000e+00 0.000000e+00 0.000000e+00   0.0%
Pad                  0.000000e+00 0.000000e+00 0.000000e+00 0.000000e+00   0.0%
------------------------------------------------------------------------
Total                1.658677e-06 7.067812e-07 1.142542e-09 2.366601e-06 100.0%
                            70.1%        29.9%         0.0%
Writing metric power__internal__total: 1.6586770925641758e-6
Writing metric power__switching__total: 7.067811793604051e-7
Writing metric power__leakage__total: 1.1425419499389022e-9
Writing metric power__total: 2.366600938330521e-6

%OL_END_REPORT
%OL_CREATE_REPORT skew.min.rpt

===========================================================================
Clock Skew (Hold)
============================================================================
Writing metric clock__skew__worst_hold__corner:nom_tt_025C_1v80: -0.25257283091003097
======================= nom_tt_025C_1v80 Corner ===================================

Clock clk_i
0.323891 source latency _167_/CLK ^
-0.326464 target latency _189_/CLK ^
-0.250000 clock uncertainty
0.000000 CRPR
--------------
-0.252573 hold skew

%OL_END_REPORT
%OL_CREATE_REPORT skew.max.rpt

===========================================================================
Clock Skew (Setup)
============================================================================
Writing metric clock__skew__worst_setup__corner:nom_tt_025C_1v80: 0.2524414360113505
======================= nom_tt_025C_1v80 Corner ===================================

Clock clk_i
0.326333 source latency _159_/CLK ^
-0.323891 target latency _167_/CLK ^
0.250000 clock uncertainty
0.000000 CRPR
--------------
0.252441 setup skew

%OL_END_REPORT
%OL_CREATE_REPORT ws.min.rpt

===========================================================================
Worst Slack (Hold)
============================================================================
Writing metric timing__hold__ws__corner:nom_tt_025C_1v80: 0.3202330158354445
nom_tt_025C_1v80: 0.3202330158354445
%OL_END_REPORT
%OL_CREATE_REPORT ws.max.rpt

===========================================================================
Worst Slack (Setup)
============================================================================
Writing metric timing__setup__ws__corner:nom_tt_025C_1v80: 2498.698747968153
nom_tt_025C_1v80: 2498.698747968153
%OL_END_REPORT
%OL_CREATE_REPORT tns.min.rpt

===========================================================================
Total Negative Slack (Hold)
============================================================================
Writing metric timing__hold__tns__corner:nom_tt_025C_1v80: 0.0
nom_tt_025C_1v80: 0.0
%OL_END_REPORT
%OL_CREATE_REPORT tns.max.rpt

===========================================================================
Total Negative Slack (Setup)
============================================================================
Writing metric timing__setup__tns__corner:nom_tt_025C_1v80: 0.0
nom_tt_025C_1v80: 0.0
%OL_END_REPORT
%OL_CREATE_REPORT wns.min.rpt

===========================================================================
Worst Negative Slack (Hold)
============================================================================
Writing metric timing__hold__wns__corner:nom_tt_025C_1v80: 0
nom_tt_025C_1v80: 0
%OL_END_REPORT
%OL_CREATE_REPORT wns.max.rpt

===========================================================================
Worst Negative Slack (Setup)
============================================================================
Writing metric timing__setup__wns__corner:nom_tt_025C_1v80: 0.0
nom_tt_025C_1v80: 0.0
%OL_END_REPORT
%OL_CREATE_REPORT violator_list.rpt

===========================================================================
Violator List
============================================================================
Writing metric timing__hold_vio__count__corner:nom_tt_025C_1v80: 0
Writing metric timing__hold_r2r__ws__corner:nom_tt_025C_1v80: 0.320233
Writing metric timing__hold_r2r_vio__count__corner:nom_tt_025C_1v80: 0
Writing metric timing__setup_vio__count__corner:nom_tt_025C_1v80: 0
Writing metric timing__setup_r2r__ws__corner:nom_tt_025C_1v80: 3121.729736
Writing metric timing__setup_r2r_vio__count__corner:nom_tt_025C_1v80: 0
%OL_END_REPORT
%OL_CREATE_REPORT unpropagated.rpt
%OL_END_REPORT
%OL_CREATE_REPORT clock.rpt
Clock: clk_i
Sources: clk_i 
Generated: no
Virtual: yes
Propagated: no
Period: 3125.000000

===========================================================================
report_clock_properties
============================================================================
Clock                   Period          Waveform
----------------------------------------------------
clk_i               3125.000000    0.0000001562.500000

===========================================================================
report_clock_latency
============================================================================
Clock clk_i
rise -> rise
    min     max
0.000000 0.000000 source latency
0.323891         network latency _167_/CLK
        0.326565 network latency _188_/CLK
---------------
0.323891 0.326565 latency
        0.002674 skew

fall -> fall
    min     max
0.000000 0.000000 source latency
0.316732         network latency _167_/CLK
        0.319233 network latency _186_/CLK
---------------
0.316732 0.319233 latency
        0.002501 skew



===========================================================================
report_clock_min_period
============================================================================
clk_i period_min = 3.27 fmax = 305.78
%OL_END_REPORT
