
===========================================================================
report_checks -path_delay min (Hold)
============================================================================
======================= min_ss_100C_1v60 Corner ===================================

Startpoint: _342_ (rising edge-triggered flip-flop clocked by clk_i)
Endpoint: _342_ (rising edge-triggered flip-flop clocked by clk_i)
Path Group: clk_i
Path Type: min

Fanout         Cap        Slew       Delay        Time   Description
---------------------------------------------------------------------------------------------
                                  0.000000    0.000000   clock clk_i (rise edge)
                                  0.000000    0.000000   clock source latency
     1    0.018999    0.142997    0.097465    0.097465 ^ clk_i (in)
                                                         clk_i (net)
                      0.143010    0.000000    0.097465 ^ clkbuf_0_clk_i/A (sky130_fd_sc_hd__clkbuf_16)
     8    0.085313    0.155482    0.332710    0.430175 ^ clkbuf_0_clk_i/X (sky130_fd_sc_hd__clkbuf_16)
                                                         clknet_0_clk_i (net)
                      0.155484    0.000969    0.431144 ^ clkbuf_3_7__f_clk_i/A (sky130_fd_sc_hd__clkbuf_16)
     8    0.025893    0.074884    0.269188    0.700332 ^ clkbuf_3_7__f_clk_i/X (sky130_fd_sc_hd__clkbuf_16)
                                                         clknet_3_7__leaf_clk_i (net)
                      0.074884    0.000266    0.700598 ^ _342_/CLK (sky130_fd_sc_hd__dfrtp_1)
     4    0.014331    0.216851    0.763592    1.464190 ^ _342_/Q (sky130_fd_sc_hd__dfrtp_1)
                                                         rng_rd.mem[7][1] (net)
                      0.216851    0.000049    1.464240 ^ _284_/A0 (sky130_fd_sc_hd__mux2_1)
     1    0.002150    0.064585    0.277200    1.741439 ^ _284_/X (sky130_fd_sc_hd__mux2_1)
                                                         _010_ (net)
                      0.064585    0.000018    1.741457 ^ _342_/D (sky130_fd_sc_hd__dfrtp_1)
                                              1.741457   data arrival time

                                  0.000000    0.000000   clock clk_i (rise edge)
                                  0.000000    0.000000   clock source latency
     1    0.018999    0.142997    0.097465    0.097465 ^ clk_i (in)
                                                         clk_i (net)
                      0.143010    0.000000    0.097465 ^ clkbuf_0_clk_i/A (sky130_fd_sc_hd__clkbuf_16)
     8    0.085313    0.155482    0.332710    0.430175 ^ clkbuf_0_clk_i/X (sky130_fd_sc_hd__clkbuf_16)
                                                         clknet_0_clk_i (net)
                      0.155484    0.000969    0.431144 ^ clkbuf_3_7__f_clk_i/A (sky130_fd_sc_hd__clkbuf_16)
     8    0.025893    0.074884    0.269188    0.700332 ^ clkbuf_3_7__f_clk_i/X (sky130_fd_sc_hd__clkbuf_16)
                                                         clknet_3_7__leaf_clk_i (net)
                      0.074884    0.000266    0.700598 ^ _342_/CLK (sky130_fd_sc_hd__dfrtp_1)
                                  0.250000    0.950598   clock uncertainty
                                  0.000000    0.950598   clock reconvergence pessimism
                                 -0.074903    0.875695   library hold time
                                              0.875695   data required time
---------------------------------------------------------------------------------------------
                                              0.875695   data required time
                                             -1.741457   data arrival time
---------------------------------------------------------------------------------------------
                                              0.865762   slack (MET)


Startpoint: _368_ (rising edge-triggered flip-flop clocked by clk_i)
Endpoint: _364_ (rising edge-triggered flip-flop clocked by clk_i)
Path Group: clk_i
Path Type: min

Fanout         Cap        Slew       Delay        Time   Description
---------------------------------------------------------------------------------------------
                                  0.000000    0.000000   clock clk_i (rise edge)
                                  0.000000    0.000000   clock source latency
     1    0.018999    0.142997    0.097465    0.097465 ^ clk_i (in)
                                                         clk_i (net)
                      0.143010    0.000000    0.097465 ^ clkbuf_0_clk_i/A (sky130_fd_sc_hd__clkbuf_16)
     8    0.085313    0.155482    0.332710    0.430175 ^ clkbuf_0_clk_i/X (sky130_fd_sc_hd__clkbuf_16)
                                                         clknet_0_clk_i (net)
                      0.155509    0.002071    0.432246 ^ clkbuf_3_0__f_clk_i/A (sky130_fd_sc_hd__clkbuf_16)
    10    0.026272    0.075379    0.269719    0.701965 ^ clkbuf_3_0__f_clk_i/X (sky130_fd_sc_hd__clkbuf_16)
                                                         clknet_3_0__leaf_clk_i (net)
                      0.075379    0.000191    0.702156 ^ _368_/CLK (sky130_fd_sc_hd__dfrtp_1)
     5    0.014000    0.212591    0.760707    1.462863 ^ _368_/Q (sky130_fd_sc_hd__dfrtp_1)
                                                         net5 (net)
                      0.212591    0.000166    1.463029 ^ _305_/A1 (sky130_fd_sc_hd__mux2_1)
     1    0.002132    0.064401    0.280582    1.743611 ^ _305_/X (sky130_fd_sc_hd__mux2_1)
                                                         _031_ (net)
                      0.064401    0.000018    1.743629 ^ _364_/D (sky130_fd_sc_hd__dfrtp_1)
                                              1.743629   data arrival time

                                  0.000000    0.000000   clock clk_i (rise edge)
                                  0.000000    0.000000   clock source latency
     1    0.018999    0.142997    0.097465    0.097465 ^ clk_i (in)
                                                         clk_i (net)
                      0.143010    0.000000    0.097465 ^ clkbuf_0_clk_i/A (sky130_fd_sc_hd__clkbuf_16)
     8    0.085313    0.155482    0.332710    0.430175 ^ clkbuf_0_clk_i/X (sky130_fd_sc_hd__clkbuf_16)
                                                         clknet_0_clk_i (net)
                      0.155527    0.002532    0.432708 ^ clkbuf_3_2__f_clk_i/A (sky130_fd_sc_hd__clkbuf_16)
     9    0.024041    0.072492    0.266515    0.699223 ^ clkbuf_3_2__f_clk_i/X (sky130_fd_sc_hd__clkbuf_16)
                                                         clknet_3_2__leaf_clk_i (net)
                      0.072499    0.000547    0.699770 ^ _364_/CLK (sky130_fd_sc_hd__dfrtp_1)
                                  0.250000    0.949770   clock uncertainty
                                  0.000000    0.949770   clock reconvergence pessimism
                                 -0.075252    0.874518   library hold time
                                              0.874518   data required time
---------------------------------------------------------------------------------------------
                                              0.874518   data required time
                                             -1.743629   data arrival time
---------------------------------------------------------------------------------------------
                                              0.869111   slack (MET)


Startpoint: _342_ (rising edge-triggered flip-flop clocked by clk_i)
Endpoint: _383_ (rising edge-triggered flip-flop clocked by clk_i)
Path Group: clk_i
Path Type: min

Fanout         Cap        Slew       Delay        Time   Description
---------------------------------------------------------------------------------------------
                                  0.000000    0.000000   clock clk_i (rise edge)
                                  0.000000    0.000000   clock source latency
     1    0.018999    0.142997    0.097465    0.097465 ^ clk_i (in)
                                                         clk_i (net)
                      0.143010    0.000000    0.097465 ^ clkbuf_0_clk_i/A (sky130_fd_sc_hd__clkbuf_16)
     8    0.085313    0.155482    0.332710    0.430175 ^ clkbuf_0_clk_i/X (sky130_fd_sc_hd__clkbuf_16)
                                                         clknet_0_clk_i (net)
                      0.155484    0.000969    0.431144 ^ clkbuf_3_7__f_clk_i/A (sky130_fd_sc_hd__clkbuf_16)
     8    0.025893    0.074884    0.269188    0.700332 ^ clkbuf_3_7__f_clk_i/X (sky130_fd_sc_hd__clkbuf_16)
                                                         clknet_3_7__leaf_clk_i (net)
                      0.074884    0.000266    0.700598 ^ _342_/CLK (sky130_fd_sc_hd__dfrtp_1)
     4    0.014331    0.216851    0.763592    1.464190 ^ _342_/Q (sky130_fd_sc_hd__dfrtp_1)
                                                         rng_rd.mem[7][1] (net)
                      0.216851    0.000117    1.464307 ^ _323_/A1 (sky130_fd_sc_hd__mux2_1)
     1    0.002125    0.064336    0.282267    1.746574 ^ _323_/X (sky130_fd_sc_hd__mux2_1)
                                                         _049_ (net)
                      0.064336    0.000018    1.746592 ^ _383_/D (sky130_fd_sc_hd__dfrtp_1)
                                              1.746592   data arrival time

                                  0.000000    0.000000   clock clk_i (rise edge)
                                  0.000000    0.000000   clock source latency
     1    0.018999    0.142997    0.097465    0.097465 ^ clk_i (in)
                                                         clk_i (net)
                      0.143010    0.000000    0.097465 ^ clkbuf_0_clk_i/A (sky130_fd_sc_hd__clkbuf_16)
     8    0.085313    0.155482    0.332710    0.430175 ^ clkbuf_0_clk_i/X (sky130_fd_sc_hd__clkbuf_16)
                                                         clknet_0_clk_i (net)
                      0.155484    0.000969    0.431144 ^ clkbuf_3_7__f_clk_i/A (sky130_fd_sc_hd__clkbuf_16)
     8    0.025893    0.074884    0.269188    0.700332 ^ clkbuf_3_7__f_clk_i/X (sky130_fd_sc_hd__clkbuf_16)
                                                         clknet_3_7__leaf_clk_i (net)
                      0.074884    0.000297    0.700628 ^ _383_/CLK (sky130_fd_sc_hd__dfrtp_1)
                                  0.250000    0.950628   clock uncertainty
                                  0.000000    0.950628   clock reconvergence pessimism
                                 -0.074846    0.875782   library hold time
                                              0.875782   data required time
---------------------------------------------------------------------------------------------
                                              0.875782   data required time
                                             -1.746592   data arrival time
---------------------------------------------------------------------------------------------
                                              0.870809   slack (MET)


Startpoint: _353_ (rising edge-triggered flip-flop clocked by clk_i)
Endpoint: _350_ (rising edge-triggered flip-flop clocked by clk_i)
Path Group: clk_i
Path Type: min

Fanout         Cap        Slew       Delay        Time   Description
---------------------------------------------------------------------------------------------
                                  0.000000    0.000000   clock clk_i (rise edge)
                                  0.000000    0.000000   clock source latency
     1    0.018999    0.142997    0.097465    0.097465 ^ clk_i (in)
                                                         clk_i (net)
                      0.143010    0.000000    0.097465 ^ clkbuf_0_clk_i/A (sky130_fd_sc_hd__clkbuf_16)
     8    0.085313    0.155482    0.332710    0.430175 ^ clkbuf_0_clk_i/X (sky130_fd_sc_hd__clkbuf_16)
                                                         clknet_0_clk_i (net)
                      0.155528    0.002552    0.432727 ^ clkbuf_3_3__f_clk_i/A (sky130_fd_sc_hd__clkbuf_16)
     9    0.026391    0.075534    0.269911    0.702639 ^ clkbuf_3_3__f_clk_i/X (sky130_fd_sc_hd__clkbuf_16)
                                                         clknet_3_3__leaf_clk_i (net)
                      0.075534    0.000173    0.702812 ^ _353_/CLK (sky130_fd_sc_hd__dfrtp_1)
     4    0.014031    0.212989    0.761026    1.463838 ^ _353_/Q (sky130_fd_sc_hd__dfrtp_1)
                                                         rng_rd.mem[4][0] (net)
                      0.212989    0.000183    1.464020 ^ _292_/A1 (sky130_fd_sc_hd__mux2_1)
     1    0.002204    0.065501    0.281710    1.745731 ^ _292_/X (sky130_fd_sc_hd__mux2_1)
                                                         _018_ (net)
                      0.065501    0.000019    1.745750 ^ _350_/D (sky130_fd_sc_hd__dfrtp_1)
                                              1.745750   data arrival time

                                  0.000000    0.000000   clock clk_i (rise edge)
                                  0.000000    0.000000   clock source latency
     1    0.018999    0.142997    0.097465    0.097465 ^ clk_i (in)
                                                         clk_i (net)
                      0.143010    0.000000    0.097465 ^ clkbuf_0_clk_i/A (sky130_fd_sc_hd__clkbuf_16)
     8    0.085313    0.155482    0.332710    0.430175 ^ clkbuf_0_clk_i/X (sky130_fd_sc_hd__clkbuf_16)
                                                         clknet_0_clk_i (net)
                      0.155483    0.000940    0.431115 ^ clkbuf_3_6__f_clk_i/A (sky130_fd_sc_hd__clkbuf_16)
     7    0.024938    0.073643    0.267846    0.698961 ^ clkbuf_3_6__f_clk_i/X (sky130_fd_sc_hd__clkbuf_16)
                                                         clknet_3_6__leaf_clk_i (net)
                      0.073643    0.000216    0.699177 ^ _350_/CLK (sky130_fd_sc_hd__dfrtp_1)
                                  0.250000    0.949177   clock uncertainty
                                  0.000000    0.949177   clock reconvergence pessimism
                                 -0.075315    0.873862   library hold time
                                              0.873862   data required time
---------------------------------------------------------------------------------------------
                                              0.873862   data required time
                                             -1.745750   data arrival time
---------------------------------------------------------------------------------------------
                                              0.871888   slack (MET)


Startpoint: _340_ (rising edge-triggered flip-flop clocked by clk_i)
Endpoint: _340_ (rising edge-triggered flip-flop clocked by clk_i)
Path Group: clk_i
Path Type: min

Fanout         Cap        Slew       Delay        Time   Description
---------------------------------------------------------------------------------------------
                                  0.000000    0.000000   clock clk_i (rise edge)
                                  0.000000    0.000000   clock source latency
     1    0.018999    0.142997    0.097465    0.097465 ^ clk_i (in)
                                                         clk_i (net)
                      0.143010    0.000000    0.097465 ^ clkbuf_0_clk_i/A (sky130_fd_sc_hd__clkbuf_16)
     8    0.085313    0.155482    0.332710    0.430175 ^ clkbuf_0_clk_i/X (sky130_fd_sc_hd__clkbuf_16)
                                                         clknet_0_clk_i (net)
                      0.155509    0.002071    0.432246 ^ clkbuf_3_0__f_clk_i/A (sky130_fd_sc_hd__clkbuf_16)
    10    0.026272    0.075379    0.269719    0.701965 ^ clkbuf_3_0__f_clk_i/X (sky130_fd_sc_hd__clkbuf_16)
                                                         clknet_3_0__leaf_clk_i (net)
                      0.075380    0.000419    0.702384 ^ _340_/CLK (sky130_fd_sc_hd__dfrtp_2)
     8    0.022193    0.198515    0.811112    1.513496 ^ _340_/Q (sky130_fd_sc_hd__dfrtp_2)
                                                         rng_dp.seed_sel_i[1] (net)
                      0.198515    0.000154    1.513650 ^ _250_/A (sky130_fd_sc_hd__nand2_1)
     3    0.008550    0.156243    0.218052    1.731701 v _250_/Y (sky130_fd_sc_hd__nand2_1)
                                                         _138_ (net)
                      0.156243    0.000026    1.731727 v _251_/B (sky130_fd_sc_hd__nand2_1)
     1    0.002642    0.075721    0.137477    1.869205 ^ _251_/Y (sky130_fd_sc_hd__nand2_1)
                                                         _002_ (net)
                      0.075721    0.000028    1.869233 ^ _340_/D (sky130_fd_sc_hd__dfrtp_2)
                                              1.869233   data arrival time

                                  0.000000    0.000000   clock clk_i (rise edge)
                                  0.000000    0.000000   clock source latency
     1    0.018999    0.142997    0.097465    0.097465 ^ clk_i (in)
                                                         clk_i (net)
                      0.143010    0.000000    0.097465 ^ clkbuf_0_clk_i/A (sky130_fd_sc_hd__clkbuf_16)
     8    0.085313    0.155482    0.332710    0.430175 ^ clkbuf_0_clk_i/X (sky130_fd_sc_hd__clkbuf_16)
                                                         clknet_0_clk_i (net)
                      0.155509    0.002071    0.432246 ^ clkbuf_3_0__f_clk_i/A (sky130_fd_sc_hd__clkbuf_16)
    10    0.026272    0.075379    0.269719    0.701965 ^ clkbuf_3_0__f_clk_i/X (sky130_fd_sc_hd__clkbuf_16)
                                                         clknet_3_0__leaf_clk_i (net)
                      0.075380    0.000419    0.702384 ^ _340_/CLK (sky130_fd_sc_hd__dfrtp_2)
                                  0.250000    0.952384   clock uncertainty
                                  0.000000    0.952384   clock reconvergence pessimism
                                 -0.077316    0.875068   library hold time
                                              0.875068   data required time
---------------------------------------------------------------------------------------------
                                              0.875068   data required time
                                             -1.869233   data arrival time
---------------------------------------------------------------------------------------------
                                              0.994165   slack (MET)


Startpoint: _387_ (rising edge-triggered flip-flop clocked by clk_i)
Endpoint: _387_ (rising edge-triggered flip-flop clocked by clk_i)
Path Group: clk_i
Path Type: min

Fanout         Cap        Slew       Delay        Time   Description
---------------------------------------------------------------------------------------------
                                  0.000000    0.000000   clock clk_i (rise edge)
                                  0.000000    0.000000   clock source latency
     1    0.018999    0.142997    0.097465    0.097465 ^ clk_i (in)
                                                         clk_i (net)
                      0.143010    0.000000    0.097465 ^ clkbuf_0_clk_i/A (sky130_fd_sc_hd__clkbuf_16)
     8    0.085313    0.155482    0.332710    0.430175 ^ clkbuf_0_clk_i/X (sky130_fd_sc_hd__clkbuf_16)
                                                         clknet_0_clk_i (net)
                      0.155488    0.001265    0.431441 ^ clkbuf_3_4__f_clk_i/A (sky130_fd_sc_hd__clkbuf_16)
     7    0.023110    0.071328    0.265186    0.696626 ^ clkbuf_3_4__f_clk_i/X (sky130_fd_sc_hd__clkbuf_16)
                                                         clknet_3_4__leaf_clk_i (net)
                      0.071329    0.000498    0.697124 ^ _387_/CLK (sky130_fd_sc_hd__dfrtp_4)
     8    0.027170    0.184740    0.906386    1.603510 ^ _387_/Q (sky130_fd_sc_hd__dfrtp_4)
                                                         rng_dp.inst.next_num_o[1] (net)
                      0.184740    0.000222    1.603733 ^ _327_/B1 (sky130_fd_sc_hd__a21oi_1)
     1    0.003300    0.069637    0.119072    1.722805 v _327_/Y (sky130_fd_sc_hd__a21oi_1)
                                                         _165_ (net)
                      0.069637    0.000036    1.722841 v _328_/B (sky130_fd_sc_hd__nor2_1)
     1    0.003327    0.141932    0.151969    1.874811 ^ _328_/Y (sky130_fd_sc_hd__nor2_1)
                                                         _052_ (net)
                      0.141932    0.000044    1.874854 ^ _387_/D (sky130_fd_sc_hd__dfrtp_4)
                                              1.874854   data arrival time

                                  0.000000    0.000000   clock clk_i (rise edge)
                                  0.000000    0.000000   clock source latency
     1    0.018999    0.142997    0.097465    0.097465 ^ clk_i (in)
                                                         clk_i (net)
                      0.143010    0.000000    0.097465 ^ clkbuf_0_clk_i/A (sky130_fd_sc_hd__clkbuf_16)
     8    0.085313    0.155482    0.332710    0.430175 ^ clkbuf_0_clk_i/X (sky130_fd_sc_hd__clkbuf_16)
                                                         clknet_0_clk_i (net)
                      0.155488    0.001265    0.431441 ^ clkbuf_3_4__f_clk_i/A (sky130_fd_sc_hd__clkbuf_16)
     7    0.023110    0.071328    0.265186    0.696626 ^ clkbuf_3_4__f_clk_i/X (sky130_fd_sc_hd__clkbuf_16)
                                                         clknet_3_4__leaf_clk_i (net)
                      0.071329    0.000498    0.697124 ^ _387_/CLK (sky130_fd_sc_hd__dfrtp_4)
                                  0.250000    0.947125   clock uncertainty
                                  0.000000    0.947125   clock reconvergence pessimism
                                 -0.094927    0.852197   library hold time
                                              0.852197   data required time
---------------------------------------------------------------------------------------------
                                              0.852197   data required time
                                             -1.874854   data arrival time
---------------------------------------------------------------------------------------------
                                              1.022657   slack (MET)


Startpoint: _388_ (rising edge-triggered flip-flop clocked by clk_i)
Endpoint: _388_ (rising edge-triggered flip-flop clocked by clk_i)
Path Group: clk_i
Path Type: min

Fanout         Cap        Slew       Delay        Time   Description
---------------------------------------------------------------------------------------------
                                  0.000000    0.000000   clock clk_i (rise edge)
                                  0.000000    0.000000   clock source latency
     1    0.018999    0.142997    0.097465    0.097465 ^ clk_i (in)
                                                         clk_i (net)
                      0.143010    0.000000    0.097465 ^ clkbuf_0_clk_i/A (sky130_fd_sc_hd__clkbuf_16)
     8    0.085313    0.155482    0.332710    0.430175 ^ clkbuf_0_clk_i/X (sky130_fd_sc_hd__clkbuf_16)
                                                         clknet_0_clk_i (net)
                      0.155488    0.001265    0.431441 ^ clkbuf_3_4__f_clk_i/A (sky130_fd_sc_hd__clkbuf_16)
     7    0.023110    0.071328    0.265186    0.696626 ^ clkbuf_3_4__f_clk_i/X (sky130_fd_sc_hd__clkbuf_16)
                                                         clknet_3_4__leaf_clk_i (net)
                      0.071328    0.000492    0.697118 ^ _388_/CLK (sky130_fd_sc_hd__dfrtp_2)
     6    0.023448    0.207090    0.815858    1.512977 ^ _388_/Q (sky130_fd_sc_hd__dfrtp_2)
                                                         rng_dp.inst.next_num_o[2] (net)
                      0.207090    0.000288    1.513264 ^ _174_/A (sky130_fd_sc_hd__inv_2)
     4    0.015371    0.088779    0.155053    1.668318 v _174_/Y (sky130_fd_sc_hd__inv_2)
                                                         _065_ (net)
                      0.088779    0.000048    1.668366 v _329_/A (sky130_fd_sc_hd__xnor2_1)
     1    0.003237    0.080569    0.226213    1.894578 v _329_/Y (sky130_fd_sc_hd__xnor2_1)
                                                         _053_ (net)
                      0.080569    0.000030    1.894608 v _388_/D (sky130_fd_sc_hd__dfrtp_2)
                                              1.894608   data arrival time

                                  0.000000    0.000000   clock clk_i (rise edge)
                                  0.000000    0.000000   clock source latency
     1    0.018999    0.142997    0.097465    0.097465 ^ clk_i (in)
                                                         clk_i (net)
                      0.143010    0.000000    0.097465 ^ clkbuf_0_clk_i/A (sky130_fd_sc_hd__clkbuf_16)
     8    0.085313    0.155482    0.332710    0.430175 ^ clkbuf_0_clk_i/X (sky130_fd_sc_hd__clkbuf_16)
                                                         clknet_0_clk_i (net)
                      0.155488    0.001265    0.431441 ^ clkbuf_3_4__f_clk_i/A (sky130_fd_sc_hd__clkbuf_16)
     7    0.023110    0.071328    0.265186    0.696626 ^ clkbuf_3_4__f_clk_i/X (sky130_fd_sc_hd__clkbuf_16)
                                                         clknet_3_4__leaf_clk_i (net)
                      0.071328    0.000492    0.697118 ^ _388_/CLK (sky130_fd_sc_hd__dfrtp_2)
                                  0.250000    0.947118   clock uncertainty
                                  0.000000    0.947118   clock reconvergence pessimism
                                 -0.093198    0.853921   library hold time
                                              0.853921   data required time
---------------------------------------------------------------------------------------------
                                              0.853921   data required time
                                             -1.894608   data arrival time
---------------------------------------------------------------------------------------------
                                              1.040687   slack (MET)


Startpoint: _386_ (rising edge-triggered flip-flop clocked by clk_i)
Endpoint: _386_ (rising edge-triggered flip-flop clocked by clk_i)
Path Group: clk_i
Path Type: min

Fanout         Cap        Slew       Delay        Time   Description
---------------------------------------------------------------------------------------------
                                  0.000000    0.000000   clock clk_i (rise edge)
                                  0.000000    0.000000   clock source latency
     1    0.018999    0.142997    0.097465    0.097465 ^ clk_i (in)
                                                         clk_i (net)
                      0.143010    0.000000    0.097465 ^ clkbuf_0_clk_i/A (sky130_fd_sc_hd__clkbuf_16)
     8    0.085313    0.155482    0.332710    0.430175 ^ clkbuf_0_clk_i/X (sky130_fd_sc_hd__clkbuf_16)
                                                         clknet_0_clk_i (net)
                      0.155493    0.001505    0.431681 ^ clkbuf_3_1__f_clk_i/A (sky130_fd_sc_hd__clkbuf_16)
     8    0.023914    0.072338    0.266419    0.698099 ^ clkbuf_3_1__f_clk_i/X (sky130_fd_sc_hd__clkbuf_16)
                                                         clknet_3_1__leaf_clk_i (net)
                      0.072338    0.000189    0.698288 ^ _386_/CLK (sky130_fd_sc_hd__dfrtp_4)
     8    0.026004    0.180491    0.902893    1.601182 ^ _386_/Q (sky130_fd_sc_hd__dfrtp_4)
                                                         rng_dp.inst.next_num_o[0] (net)
                      0.180491    0.000523    1.601705 ^ _173_/A (sky130_fd_sc_hd__inv_2)
     3    0.010078    0.065724    0.122253    1.723958 v _173_/Y (sky130_fd_sc_hd__inv_2)
                                                         _064_ (net)
                      0.065724    0.000045    1.724002 v _325_/A (sky130_fd_sc_hd__xnor2_1)
     1    0.002469    0.072819    0.205087    1.929089 v _325_/Y (sky130_fd_sc_hd__xnor2_1)
                                                         _051_ (net)
                      0.072819    0.000017    1.929106 v _386_/D (sky130_fd_sc_hd__dfrtp_4)
                                              1.929106   data arrival time

                                  0.000000    0.000000   clock clk_i (rise edge)
                                  0.000000    0.000000   clock source latency
     1    0.018999    0.142997    0.097465    0.097465 ^ clk_i (in)
                                                         clk_i (net)
                      0.143010    0.000000    0.097465 ^ clkbuf_0_clk_i/A (sky130_fd_sc_hd__clkbuf_16)
     8    0.085313    0.155482    0.332710    0.430175 ^ clkbuf_0_clk_i/X (sky130_fd_sc_hd__clkbuf_16)
                                                         clknet_0_clk_i (net)
                      0.155493    0.001505    0.431681 ^ clkbuf_3_1__f_clk_i/A (sky130_fd_sc_hd__clkbuf_16)
     8    0.023914    0.072338    0.266419    0.698099 ^ clkbuf_3_1__f_clk_i/X (sky130_fd_sc_hd__clkbuf_16)
                                                         clknet_3_1__leaf_clk_i (net)
                      0.072338    0.000189    0.698288 ^ _386_/CLK (sky130_fd_sc_hd__dfrtp_4)
                                  0.250000    0.948288   clock uncertainty
                                  0.000000    0.948288   clock reconvergence pessimism
                                 -0.091991    0.856297   library hold time
                                              0.856297   data required time
---------------------------------------------------------------------------------------------
                                              0.856297   data required time
                                             -1.929106   data arrival time
---------------------------------------------------------------------------------------------
                                              1.072809   slack (MET)


Startpoint: _336_ (rising edge-triggered flip-flop clocked by clk_i)
Endpoint: _367_ (rising edge-triggered flip-flop clocked by clk_i)
Path Group: clk_i
Path Type: min

Fanout         Cap        Slew       Delay        Time   Description
---------------------------------------------------------------------------------------------
                                  0.000000    0.000000   clock clk_i (rise edge)
                                  0.000000    0.000000   clock source latency
     1    0.018999    0.142997    0.097465    0.097465 ^ clk_i (in)
                                                         clk_i (net)
                      0.143010    0.000000    0.097465 ^ clkbuf_0_clk_i/A (sky130_fd_sc_hd__clkbuf_16)
     8    0.085313    0.155482    0.332710    0.430175 ^ clkbuf_0_clk_i/X (sky130_fd_sc_hd__clkbuf_16)
                                                         clknet_0_clk_i (net)
                      0.155493    0.001505    0.431681 ^ clkbuf_3_1__f_clk_i/A (sky130_fd_sc_hd__clkbuf_16)
     8    0.023914    0.072338    0.266419    0.698099 ^ clkbuf_3_1__f_clk_i/X (sky130_fd_sc_hd__clkbuf_16)
                                                         clknet_3_1__leaf_clk_i (net)
                      0.072338    0.000137    0.698236 ^ _336_/CLK (sky130_fd_sc_hd__dfrtp_4)
    10    0.048799    0.268147    0.980964    1.679201 ^ _336_/Q (sky130_fd_sc_hd__dfrtp_4)
                                                         num_i_bar[0] (net)
                      0.268147    0.001149    1.680349 ^ _307_/A1 (sky130_fd_sc_hd__mux2_1)
     1    0.002278    0.066241    0.302866    1.983216 ^ _307_/X (sky130_fd_sc_hd__mux2_1)
                                                         _033_ (net)
                      0.066241    0.000020    1.983236 ^ _367_/D (sky130_fd_sc_hd__dfrtp_1)
                                              1.983236   data arrival time

                                  0.000000    0.000000   clock clk_i (rise edge)
                                  0.000000    0.000000   clock source latency
     1    0.018999    0.142997    0.097465    0.097465 ^ clk_i (in)
                                                         clk_i (net)
                      0.143010    0.000000    0.097465 ^ clkbuf_0_clk_i/A (sky130_fd_sc_hd__clkbuf_16)
     8    0.085313    0.155482    0.332710    0.430175 ^ clkbuf_0_clk_i/X (sky130_fd_sc_hd__clkbuf_16)
                                                         clknet_0_clk_i (net)
                      0.155527    0.002532    0.432708 ^ clkbuf_3_2__f_clk_i/A (sky130_fd_sc_hd__clkbuf_16)
     9    0.024041    0.072492    0.266515    0.699223 ^ clkbuf_3_2__f_clk_i/X (sky130_fd_sc_hd__clkbuf_16)
                                                         clknet_3_2__leaf_clk_i (net)
                      0.072498    0.000523    0.699746 ^ _367_/CLK (sky130_fd_sc_hd__dfrtp_1)
                                  0.250000    0.949746   clock uncertainty
                                  0.000000    0.949746   clock reconvergence pessimism
                                 -0.075672    0.874074   library hold time
                                              0.874074   data required time
---------------------------------------------------------------------------------------------
                                              0.874074   data required time
                                             -1.983236   data arrival time
---------------------------------------------------------------------------------------------
                                              1.109162   slack (MET)


Startpoint: _336_ (rising edge-triggered flip-flop clocked by clk_i)
Endpoint: _336_ (rising edge-triggered flip-flop clocked by clk_i)
Path Group: clk_i
Path Type: min

Fanout         Cap        Slew       Delay        Time   Description
---------------------------------------------------------------------------------------------
                                  0.000000    0.000000   clock clk_i (rise edge)
                                  0.000000    0.000000   clock source latency
     1    0.018999    0.142997    0.097465    0.097465 ^ clk_i (in)
                                                         clk_i (net)
                      0.143010    0.000000    0.097465 ^ clkbuf_0_clk_i/A (sky130_fd_sc_hd__clkbuf_16)
     8    0.085313    0.155482    0.332710    0.430175 ^ clkbuf_0_clk_i/X (sky130_fd_sc_hd__clkbuf_16)
                                                         clknet_0_clk_i (net)
                      0.155493    0.001505    0.431681 ^ clkbuf_3_1__f_clk_i/A (sky130_fd_sc_hd__clkbuf_16)
     8    0.023914    0.072338    0.266419    0.698099 ^ clkbuf_3_1__f_clk_i/X (sky130_fd_sc_hd__clkbuf_16)
                                                         clknet_3_1__leaf_clk_i (net)
                      0.072338    0.000137    0.698236 ^ _336_/CLK (sky130_fd_sc_hd__dfrtp_4)
    10    0.048799    0.268147    0.980964    1.679201 ^ _336_/Q (sky130_fd_sc_hd__dfrtp_4)
                                                         num_i_bar[0] (net)
                      0.268147    0.000226    1.679427 ^ _268_/B2 (sky130_fd_sc_hd__o32a_1)
     1    0.002452    0.074679    0.313585    1.993012 ^ _268_/X (sky130_fd_sc_hd__o32a_1)
                                                         _006_ (net)
                      0.074679    0.000023    1.993035 ^ _336_/D (sky130_fd_sc_hd__dfrtp_4)
                                              1.993035   data arrival time

                                  0.000000    0.000000   clock clk_i (rise edge)
                                  0.000000    0.000000   clock source latency
     1    0.018999    0.142997    0.097465    0.097465 ^ clk_i (in)
                                                         clk_i (net)
                      0.143010    0.000000    0.097465 ^ clkbuf_0_clk_i/A (sky130_fd_sc_hd__clkbuf_16)
     8    0.085313    0.155482    0.332710    0.430175 ^ clkbuf_0_clk_i/X (sky130_fd_sc_hd__clkbuf_16)
                                                         clknet_0_clk_i (net)
                      0.155493    0.001505    0.431681 ^ clkbuf_3_1__f_clk_i/A (sky130_fd_sc_hd__clkbuf_16)
     8    0.023914    0.072338    0.266419    0.698099 ^ clkbuf_3_1__f_clk_i/X (sky130_fd_sc_hd__clkbuf_16)
                                                         clknet_3_1__leaf_clk_i (net)
                      0.072338    0.000137    0.698236 ^ _336_/CLK (sky130_fd_sc_hd__dfrtp_4)
                                  0.250000    0.948236   clock uncertainty
                                  0.000000    0.948236   clock reconvergence pessimism
                                 -0.079409    0.868827   library hold time
                                              0.868827   data required time
---------------------------------------------------------------------------------------------
                                              0.868827   data required time
                                             -1.993035   data arrival time
---------------------------------------------------------------------------------------------
                                              1.124208   slack (MET)


Startpoint: _338_ (rising edge-triggered flip-flop clocked by clk_i)
Endpoint: _369_ (rising edge-triggered flip-flop clocked by clk_i)
Path Group: clk_i
Path Type: min

Fanout         Cap        Slew       Delay        Time   Description
---------------------------------------------------------------------------------------------
                                  0.000000    0.000000   clock clk_i (rise edge)
                                  0.000000    0.000000   clock source latency
     1    0.018999    0.142997    0.097465    0.097465 ^ clk_i (in)
                                                         clk_i (net)
                      0.143010    0.000000    0.097465 ^ clkbuf_0_clk_i/A (sky130_fd_sc_hd__clkbuf_16)
     8    0.085313    0.155482    0.332710    0.430175 ^ clkbuf_0_clk_i/X (sky130_fd_sc_hd__clkbuf_16)
                                                         clknet_0_clk_i (net)
                      0.155509    0.002071    0.432246 ^ clkbuf_3_0__f_clk_i/A (sky130_fd_sc_hd__clkbuf_16)
    10    0.026272    0.075379    0.269719    0.701965 ^ clkbuf_3_0__f_clk_i/X (sky130_fd_sc_hd__clkbuf_16)
                                                         clknet_3_0__leaf_clk_i (net)
                      0.075380    0.000387    0.702352 ^ _338_/CLK (sky130_fd_sc_hd__dfrtp_1)
     1    0.001956    0.070742    0.625735    1.328087 ^ _338_/Q (sky130_fd_sc_hd__dfrtp_1)
                                                         num_i_bar[2] (net)
                      0.070742    0.000008    1.328095 ^ fanout17/A (sky130_fd_sc_hd__buf_2)
     8    0.037032    0.292668    0.358463    1.686558 ^ fanout17/X (sky130_fd_sc_hd__buf_2)
                                                         net17 (net)
                      0.292668    0.000412    1.686970 ^ _309_/A1 (sky130_fd_sc_hd__mux2_1)
     1    0.002485    0.068668    0.314337    2.001308 ^ _309_/X (sky130_fd_sc_hd__mux2_1)
                                                         _035_ (net)
                      0.068668    0.000023    2.001331 ^ _369_/D (sky130_fd_sc_hd__dfrtp_1)
                                              2.001331   data arrival time

                                  0.000000    0.000000   clock clk_i (rise edge)
                                  0.000000    0.000000   clock source latency
     1    0.018999    0.142997    0.097465    0.097465 ^ clk_i (in)
                                                         clk_i (net)
                      0.143010    0.000000    0.097465 ^ clkbuf_0_clk_i/A (sky130_fd_sc_hd__clkbuf_16)
     8    0.085313    0.155482    0.332710    0.430175 ^ clkbuf_0_clk_i/X (sky130_fd_sc_hd__clkbuf_16)
                                                         clknet_0_clk_i (net)
                      0.155509    0.002071    0.432246 ^ clkbuf_3_0__f_clk_i/A (sky130_fd_sc_hd__clkbuf_16)
    10    0.026272    0.075379    0.269719    0.701965 ^ clkbuf_3_0__f_clk_i/X (sky130_fd_sc_hd__clkbuf_16)
                                                         clknet_3_0__leaf_clk_i (net)
                      0.075380    0.000365    0.702330 ^ _369_/CLK (sky130_fd_sc_hd__dfrtp_1)
                                  0.250000    0.952330   clock uncertainty
                                  0.000000    0.952330   clock reconvergence pessimism
                                 -0.075753    0.876577   library hold time
                                              0.876577   data required time
---------------------------------------------------------------------------------------------
                                              0.876577   data required time
                                             -2.001331   data arrival time
---------------------------------------------------------------------------------------------
                                              1.124754   slack (MET)


Startpoint: _338_ (rising edge-triggered flip-flop clocked by clk_i)
Endpoint: _338_ (rising edge-triggered flip-flop clocked by clk_i)
Path Group: clk_i
Path Type: min

Fanout         Cap        Slew       Delay        Time   Description
---------------------------------------------------------------------------------------------
                                  0.000000    0.000000   clock clk_i (rise edge)
                                  0.000000    0.000000   clock source latency
     1    0.018999    0.142997    0.097465    0.097465 ^ clk_i (in)
                                                         clk_i (net)
                      0.143010    0.000000    0.097465 ^ clkbuf_0_clk_i/A (sky130_fd_sc_hd__clkbuf_16)
     8    0.085313    0.155482    0.332710    0.430175 ^ clkbuf_0_clk_i/X (sky130_fd_sc_hd__clkbuf_16)
                                                         clknet_0_clk_i (net)
                      0.155509    0.002071    0.432246 ^ clkbuf_3_0__f_clk_i/A (sky130_fd_sc_hd__clkbuf_16)
    10    0.026272    0.075379    0.269719    0.701965 ^ clkbuf_3_0__f_clk_i/X (sky130_fd_sc_hd__clkbuf_16)
                                                         clknet_3_0__leaf_clk_i (net)
                      0.075380    0.000387    0.702352 ^ _338_/CLK (sky130_fd_sc_hd__dfrtp_1)
     1    0.001956    0.070742    0.625735    1.328087 ^ _338_/Q (sky130_fd_sc_hd__dfrtp_1)
                                                         num_i_bar[2] (net)
                      0.070742    0.000008    1.328095 ^ fanout17/A (sky130_fd_sc_hd__buf_2)
     8    0.037032    0.292668    0.358463    1.686558 ^ fanout17/X (sky130_fd_sc_hd__buf_2)
                                                         net17 (net)
                      0.292668    0.000191    1.686750 ^ _282_/B2 (sky130_fd_sc_hd__o2bb2a_1)
     1    0.002460    0.073978    0.323407    2.010157 ^ _282_/X (sky130_fd_sc_hd__o2bb2a_1)
                                                         _008_ (net)
                      0.073978    0.000026    2.010183 ^ _338_/D (sky130_fd_sc_hd__dfrtp_1)
                                              2.010183   data arrival time

                                  0.000000    0.000000   clock clk_i (rise edge)
                                  0.000000    0.000000   clock source latency
     1    0.018999    0.142997    0.097465    0.097465 ^ clk_i (in)
                                                         clk_i (net)
                      0.143010    0.000000    0.097465 ^ clkbuf_0_clk_i/A (sky130_fd_sc_hd__clkbuf_16)
     8    0.085313    0.155482    0.332710    0.430175 ^ clkbuf_0_clk_i/X (sky130_fd_sc_hd__clkbuf_16)
                                                         clknet_0_clk_i (net)
                      0.155509    0.002071    0.432246 ^ clkbuf_3_0__f_clk_i/A (sky130_fd_sc_hd__clkbuf_16)
    10    0.026272    0.075379    0.269719    0.701965 ^ clkbuf_3_0__f_clk_i/X (sky130_fd_sc_hd__clkbuf_16)
                                                         clknet_3_0__leaf_clk_i (net)
                      0.075380    0.000387    0.702352 ^ _338_/CLK (sky130_fd_sc_hd__dfrtp_1)
                                  0.250000    0.952352   clock uncertainty
                                  0.000000    0.952352   clock reconvergence pessimism
                                 -0.076965    0.875387   library hold time
                                              0.875387   data required time
---------------------------------------------------------------------------------------------
                                              0.875387   data required time
                                             -2.010183   data arrival time
---------------------------------------------------------------------------------------------
                                              1.134796   slack (MET)


Startpoint: _337_ (rising edge-triggered flip-flop clocked by clk_i)
Endpoint: _368_ (rising edge-triggered flip-flop clocked by clk_i)
Path Group: clk_i
Path Type: min

Fanout         Cap        Slew       Delay        Time   Description
---------------------------------------------------------------------------------------------
                                  0.000000    0.000000   clock clk_i (rise edge)
                                  0.000000    0.000000   clock source latency
     1    0.018999    0.142997    0.097465    0.097465 ^ clk_i (in)
                                                         clk_i (net)
                      0.143010    0.000000    0.097465 ^ clkbuf_0_clk_i/A (sky130_fd_sc_hd__clkbuf_16)
     8    0.085313    0.155482    0.332710    0.430175 ^ clkbuf_0_clk_i/X (sky130_fd_sc_hd__clkbuf_16)
                                                         clknet_0_clk_i (net)
                      0.155493    0.001505    0.431681 ^ clkbuf_3_1__f_clk_i/A (sky130_fd_sc_hd__clkbuf_16)
     8    0.023914    0.072338    0.266419    0.698099 ^ clkbuf_3_1__f_clk_i/X (sky130_fd_sc_hd__clkbuf_16)
                                                         clknet_3_1__leaf_clk_i (net)
                      0.072338    0.000130    0.698230 ^ _337_/CLK (sky130_fd_sc_hd__dfrtp_1)
     2    0.007597    0.135789    0.692043    1.390273 ^ _337_/Q (sky130_fd_sc_hd__dfrtp_1)
                                                         num_i_bar[1] (net)
                      0.135789    0.000072    1.390344 ^ fanout18/A (sky130_fd_sc_hd__buf_2)
    10    0.043185    0.338712    0.420865    1.811209 ^ fanout18/X (sky130_fd_sc_hd__buf_2)
                                                         net18 (net)
                      0.338712    0.000663    1.811873 ^ _308_/A1 (sky130_fd_sc_hd__mux2_1)
     1    0.002266    0.068157    0.327568    2.139441 ^ _308_/X (sky130_fd_sc_hd__mux2_1)
                                                         _034_ (net)
                      0.068157    0.000011    2.139452 ^ _368_/D (sky130_fd_sc_hd__dfrtp_1)
                                              2.139452   data arrival time

                                  0.000000    0.000000   clock clk_i (rise edge)
                                  0.000000    0.000000   clock source latency
     1    0.018999    0.142997    0.097465    0.097465 ^ clk_i (in)
                                                         clk_i (net)
                      0.143010    0.000000    0.097465 ^ clkbuf_0_clk_i/A (sky130_fd_sc_hd__clkbuf_16)
     8    0.085313    0.155482    0.332710    0.430175 ^ clkbuf_0_clk_i/X (sky130_fd_sc_hd__clkbuf_16)
                                                         clknet_0_clk_i (net)
                      0.155509    0.002071    0.432246 ^ clkbuf_3_0__f_clk_i/A (sky130_fd_sc_hd__clkbuf_16)
    10    0.026272    0.075379    0.269719    0.701965 ^ clkbuf_3_0__f_clk_i/X (sky130_fd_sc_hd__clkbuf_16)
                                                         clknet_3_0__leaf_clk_i (net)
                      0.075379    0.000191    0.702156 ^ _368_/CLK (sky130_fd_sc_hd__dfrtp_1)
                                  0.250000    0.952156   clock uncertainty
                                  0.000000    0.952156   clock reconvergence pessimism
                                 -0.075637    0.876519   library hold time
                                              0.876519   data required time
---------------------------------------------------------------------------------------------
                                              0.876519   data required time
                                             -2.139452   data arrival time
---------------------------------------------------------------------------------------------
                                              1.262933   slack (MET)


Startpoint: _337_ (rising edge-triggered flip-flop clocked by clk_i)
Endpoint: _337_ (rising edge-triggered flip-flop clocked by clk_i)
Path Group: clk_i
Path Type: min

Fanout         Cap        Slew       Delay        Time   Description
---------------------------------------------------------------------------------------------
                                  0.000000    0.000000   clock clk_i (rise edge)
                                  0.000000    0.000000   clock source latency
     1    0.018999    0.142997    0.097465    0.097465 ^ clk_i (in)
                                                         clk_i (net)
                      0.143010    0.000000    0.097465 ^ clkbuf_0_clk_i/A (sky130_fd_sc_hd__clkbuf_16)
     8    0.085313    0.155482    0.332710    0.430175 ^ clkbuf_0_clk_i/X (sky130_fd_sc_hd__clkbuf_16)
                                                         clknet_0_clk_i (net)
                      0.155493    0.001505    0.431681 ^ clkbuf_3_1__f_clk_i/A (sky130_fd_sc_hd__clkbuf_16)
     8    0.023914    0.072338    0.266419    0.698099 ^ clkbuf_3_1__f_clk_i/X (sky130_fd_sc_hd__clkbuf_16)
                                                         clknet_3_1__leaf_clk_i (net)
                      0.072338    0.000130    0.698230 ^ _337_/CLK (sky130_fd_sc_hd__dfrtp_1)
     2    0.007597    0.135789    0.692043    1.390273 ^ _337_/Q (sky130_fd_sc_hd__dfrtp_1)
                                                         num_i_bar[1] (net)
                      0.135789    0.000072    1.390344 ^ fanout18/A (sky130_fd_sc_hd__buf_2)
    10    0.043185    0.338712    0.420865    1.811209 ^ fanout18/X (sky130_fd_sc_hd__buf_2)
                                                         net18 (net)
                      0.338712    0.000298    1.811507 ^ _275_/B2 (sky130_fd_sc_hd__o2bb2a_1)
     1    0.002335    0.073134    0.336196    2.147703 ^ _275_/X (sky130_fd_sc_hd__o2bb2a_1)
                                                         _007_ (net)
                      0.073134    0.000022    2.147725 ^ _337_/D (sky130_fd_sc_hd__dfrtp_1)
                                              2.147725   data arrival time

                                  0.000000    0.000000   clock clk_i (rise edge)
                                  0.000000    0.000000   clock source latency
     1    0.018999    0.142997    0.097465    0.097465 ^ clk_i (in)
                                                         clk_i (net)
                      0.143010    0.000000    0.097465 ^ clkbuf_0_clk_i/A (sky130_fd_sc_hd__clkbuf_16)
     8    0.085313    0.155482    0.332710    0.430175 ^ clkbuf_0_clk_i/X (sky130_fd_sc_hd__clkbuf_16)
                                                         clknet_0_clk_i (net)
                      0.155493    0.001505    0.431681 ^ clkbuf_3_1__f_clk_i/A (sky130_fd_sc_hd__clkbuf_16)
     8    0.023914    0.072338    0.266419    0.698099 ^ clkbuf_3_1__f_clk_i/X (sky130_fd_sc_hd__clkbuf_16)
                                                         clknet_3_1__leaf_clk_i (net)
                      0.072338    0.000130    0.698230 ^ _337_/CLK (sky130_fd_sc_hd__dfrtp_1)
                                  0.250000    0.948230   clock uncertainty
                                  0.000000    0.948230   clock reconvergence pessimism
                                 -0.077272    0.870958   library hold time
                                              0.870958   data required time
---------------------------------------------------------------------------------------------
                                              0.870958   data required time
                                             -2.147725   data arrival time
---------------------------------------------------------------------------------------------
                                              1.276767   slack (MET)


Startpoint: _392_ (rising edge-triggered flip-flop clocked by clk_i)
Endpoint: _358_ (rising edge-triggered flip-flop clocked by clk_i)
Path Group: clk_i
Path Type: min

Fanout         Cap        Slew       Delay        Time   Description
---------------------------------------------------------------------------------------------
                                  0.000000    0.000000   clock clk_i (rise edge)
                                  0.000000    0.000000   clock source latency
     1    0.018999    0.142997    0.097465    0.097465 ^ clk_i (in)
                                                         clk_i (net)
                      0.143010    0.000000    0.097465 ^ clkbuf_0_clk_i/A (sky130_fd_sc_hd__clkbuf_16)
     8    0.085313    0.155482    0.332710    0.430175 ^ clkbuf_0_clk_i/X (sky130_fd_sc_hd__clkbuf_16)
                                                         clknet_0_clk_i (net)
                      0.155493    0.001505    0.431681 ^ clkbuf_3_1__f_clk_i/A (sky130_fd_sc_hd__clkbuf_16)
     8    0.023914    0.072338    0.266419    0.698099 ^ clkbuf_3_1__f_clk_i/X (sky130_fd_sc_hd__clkbuf_16)
                                                         clknet_3_1__leaf_clk_i (net)
                      0.072338    0.000169    0.698269 ^ _392_/CLK (sky130_fd_sc_hd__dfrtp_1)
     1    0.002617    0.079000    0.633411    1.331680 ^ _392_/Q (sky130_fd_sc_hd__dfrtp_1)
                                                         rng_rd.wr_pulse (net)
                      0.079000    0.000020    1.331699 ^ _252_/A (sky130_fd_sc_hd__and4_1)
     1    0.003544    0.114376    0.350397    1.682096 ^ _252_/X (sky130_fd_sc_hd__and4_1)
                                                         _139_ (net)
                      0.114376    0.000029    1.682124 ^ fanout12/A (sky130_fd_sc_hd__clkbuf_2)
     5    0.023607    0.208176    0.312812    1.994936 ^ fanout12/X (sky130_fd_sc_hd__clkbuf_2)
                                                         net12 (net)
                      0.208176    0.000450    1.995387 ^ _299_/S (sky130_fd_sc_hd__mux2_1)
     1    0.002560    0.069433    0.292387    2.287774 ^ _299_/X (sky130_fd_sc_hd__mux2_1)
                                                         _025_ (net)
                      0.069433    0.000025    2.287799 ^ _358_/D (sky130_fd_sc_hd__dfrtp_1)
                                              2.287799   data arrival time

                                  0.000000    0.000000   clock clk_i (rise edge)
                                  0.000000    0.000000   clock source latency
     1    0.018999    0.142997    0.097465    0.097465 ^ clk_i (in)
                                                         clk_i (net)
                      0.143010    0.000000    0.097465 ^ clkbuf_0_clk_i/A (sky130_fd_sc_hd__clkbuf_16)
     8    0.085313    0.155482    0.332710    0.430175 ^ clkbuf_0_clk_i/X (sky130_fd_sc_hd__clkbuf_16)
                                                         clknet_0_clk_i (net)
                      0.155528    0.002552    0.432727 ^ clkbuf_3_3__f_clk_i/A (sky130_fd_sc_hd__clkbuf_16)
     9    0.026391    0.075534    0.269911    0.702639 ^ clkbuf_3_3__f_clk_i/X (sky130_fd_sc_hd__clkbuf_16)
                                                         clknet_3_3__leaf_clk_i (net)
                      0.075535    0.000339    0.702977 ^ _358_/CLK (sky130_fd_sc_hd__dfrtp_1)
                                  0.250000    0.952977   clock uncertainty
                                  0.000000    0.952977   clock reconvergence pessimism
                                 -0.075902    0.877075   library hold time
                                              0.877075   data required time
---------------------------------------------------------------------------------------------
                                              0.877075   data required time
                                             -2.287799   data arrival time
---------------------------------------------------------------------------------------------
                                              1.410724   slack (MET)


Startpoint: _356_ (rising edge-triggered flip-flop clocked by clk_i)
Endpoint: _366_ (rising edge-triggered flip-flop clocked by clk_i)
Path Group: clk_i
Path Type: min

Fanout         Cap        Slew       Delay        Time   Description
---------------------------------------------------------------------------------------------
                                  0.000000    0.000000   clock clk_i (rise edge)
                                  0.000000    0.000000   clock source latency
     1    0.018999    0.142997    0.097465    0.097465 ^ clk_i (in)
                                                         clk_i (net)
                      0.143010    0.000000    0.097465 ^ clkbuf_0_clk_i/A (sky130_fd_sc_hd__clkbuf_16)
     8    0.085313    0.155482    0.332710    0.430175 ^ clkbuf_0_clk_i/X (sky130_fd_sc_hd__clkbuf_16)
                                                         clknet_0_clk_i (net)
                      0.155509    0.002071    0.432246 ^ clkbuf_3_0__f_clk_i/A (sky130_fd_sc_hd__clkbuf_16)
    10    0.026272    0.075379    0.269719    0.701965 ^ clkbuf_3_0__f_clk_i/X (sky130_fd_sc_hd__clkbuf_16)
                                                         clknet_3_0__leaf_clk_i (net)
                      0.075379    0.000330    0.702295 ^ _356_/CLK (sky130_fd_sc_hd__dfrtp_1)
     1    0.002320    0.072481    0.630736    1.333031 ^ _356_/Q (sky130_fd_sc_hd__dfrtp_1)
                                                         rng_rd.wr_ff1 (net)
                      0.072481    0.000022    1.333053 ^ hold1/A (sky130_fd_sc_hd__dlygate4sd3_1)
     1    0.002258    0.088210    1.033608    2.366661 ^ hold1/X (sky130_fd_sc_hd__dlygate4sd3_1)
                                                         net28 (net)
                      0.088210    0.000020    2.366681 ^ _366_/D (sky130_fd_sc_hd__dfrtp_1)
                                              2.366681   data arrival time

                                  0.000000    0.000000   clock clk_i (rise edge)
                                  0.000000    0.000000   clock source latency
     1    0.018999    0.142997    0.097465    0.097465 ^ clk_i (in)
                                                         clk_i (net)
                      0.143010    0.000000    0.097465 ^ clkbuf_0_clk_i/A (sky130_fd_sc_hd__clkbuf_16)
     8    0.085313    0.155482    0.332710    0.430175 ^ clkbuf_0_clk_i/X (sky130_fd_sc_hd__clkbuf_16)
                                                         clknet_0_clk_i (net)
                      0.155509    0.002071    0.432246 ^ clkbuf_3_0__f_clk_i/A (sky130_fd_sc_hd__clkbuf_16)
    10    0.026272    0.075379    0.269719    0.701965 ^ clkbuf_3_0__f_clk_i/X (sky130_fd_sc_hd__clkbuf_16)
                                                         clknet_3_0__leaf_clk_i (net)
                      0.075379    0.000213    0.702178 ^ _366_/CLK (sky130_fd_sc_hd__dfrtp_1)
                                  0.250000    0.952178   clock uncertainty
                                  0.000000    0.952178   clock reconvergence pessimism
                                 -0.080214    0.871964   library hold time
                                              0.871964   data required time
---------------------------------------------------------------------------------------------
                                              0.871964   data required time
                                             -2.366681   data arrival time
---------------------------------------------------------------------------------------------
                                              1.494717   slack (MET)


Startpoint: _366_ (rising edge-triggered flip-flop clocked by clk_i)
Endpoint: _385_ (rising edge-triggered flip-flop clocked by clk_i)
Path Group: clk_i
Path Type: min

Fanout         Cap        Slew       Delay        Time   Description
---------------------------------------------------------------------------------------------
                                  0.000000    0.000000   clock clk_i (rise edge)
                                  0.000000    0.000000   clock source latency
     1    0.018999    0.142997    0.097465    0.097465 ^ clk_i (in)
                                                         clk_i (net)
                      0.143010    0.000000    0.097465 ^ clkbuf_0_clk_i/A (sky130_fd_sc_hd__clkbuf_16)
     8    0.085313    0.155482    0.332710    0.430175 ^ clkbuf_0_clk_i/X (sky130_fd_sc_hd__clkbuf_16)
                                                         clknet_0_clk_i (net)
                      0.155509    0.002071    0.432246 ^ clkbuf_3_0__f_clk_i/A (sky130_fd_sc_hd__clkbuf_16)
    10    0.026272    0.075379    0.269719    0.701965 ^ clkbuf_3_0__f_clk_i/X (sky130_fd_sc_hd__clkbuf_16)
                                                         clknet_3_0__leaf_clk_i (net)
                      0.075379    0.000213    0.702178 ^ _366_/CLK (sky130_fd_sc_hd__dfrtp_1)
     1    0.002043    0.071828    0.626931    1.329109 ^ _366_/Q (sky130_fd_sc_hd__dfrtp_1)
                                                         rng_rd.wr_ff2 (net)
                      0.071828    0.000011    1.329119 ^ hold2/A (sky130_fd_sc_hd__dlygate4sd3_1)
     2    0.004167    0.114826    1.062624    2.391743 ^ hold2/X (sky130_fd_sc_hd__dlygate4sd3_1)
                                                         net29 (net)
                      0.114826    0.000022    2.391766 ^ _385_/D (sky130_fd_sc_hd__dfrtp_1)
                                              2.391766   data arrival time

                                  0.000000    0.000000   clock clk_i (rise edge)
                                  0.000000    0.000000   clock source latency
     1    0.018999    0.142997    0.097465    0.097465 ^ clk_i (in)
                                                         clk_i (net)
                      0.143010    0.000000    0.097465 ^ clkbuf_0_clk_i/A (sky130_fd_sc_hd__clkbuf_16)
     8    0.085313    0.155482    0.332710    0.430175 ^ clkbuf_0_clk_i/X (sky130_fd_sc_hd__clkbuf_16)
                                                         clknet_0_clk_i (net)
                      0.155493    0.001505    0.431681 ^ clkbuf_3_1__f_clk_i/A (sky130_fd_sc_hd__clkbuf_16)
     8    0.023914    0.072338    0.266419    0.698099 ^ clkbuf_3_1__f_clk_i/X (sky130_fd_sc_hd__clkbuf_16)
                                                         clknet_3_1__leaf_clk_i (net)
                      0.072338    0.000149    0.698249 ^ _385_/CLK (sky130_fd_sc_hd__dfrtp_1)
                                  0.250000    0.948249   clock uncertainty
                                  0.000000    0.948249   clock reconvergence pessimism
                                 -0.086788    0.861461   library hold time
                                              0.861461   data required time
---------------------------------------------------------------------------------------------
                                              0.861461   data required time
                                             -2.391766   data arrival time
---------------------------------------------------------------------------------------------
                                              1.530305   slack (MET)


Startpoint: _366_ (rising edge-triggered flip-flop clocked by clk_i)
Endpoint: _392_ (rising edge-triggered flip-flop clocked by clk_i)
Path Group: clk_i
Path Type: min

Fanout         Cap        Slew       Delay        Time   Description
---------------------------------------------------------------------------------------------
                                  0.000000    0.000000   clock clk_i (rise edge)
                                  0.000000    0.000000   clock source latency
     1    0.018999    0.142997    0.097465    0.097465 ^ clk_i (in)
                                                         clk_i (net)
                      0.143010    0.000000    0.097465 ^ clkbuf_0_clk_i/A (sky130_fd_sc_hd__clkbuf_16)
     8    0.085313    0.155482    0.332710    0.430175 ^ clkbuf_0_clk_i/X (sky130_fd_sc_hd__clkbuf_16)
                                                         clknet_0_clk_i (net)
                      0.155509    0.002071    0.432246 ^ clkbuf_3_0__f_clk_i/A (sky130_fd_sc_hd__clkbuf_16)
    10    0.026272    0.075379    0.269719    0.701965 ^ clkbuf_3_0__f_clk_i/X (sky130_fd_sc_hd__clkbuf_16)
                                                         clknet_3_0__leaf_clk_i (net)
                      0.075379    0.000213    0.702178 ^ _366_/CLK (sky130_fd_sc_hd__dfrtp_1)
     1    0.002043    0.071828    0.626931    1.329109 ^ _366_/Q (sky130_fd_sc_hd__dfrtp_1)
                                                         rng_rd.wr_ff2 (net)
                      0.071828    0.000011    1.329119 ^ hold2/A (sky130_fd_sc_hd__dlygate4sd3_1)
     2    0.004167    0.114826    1.062624    2.391743 ^ hold2/X (sky130_fd_sc_hd__dlygate4sd3_1)
                                                         net29 (net)
                      0.114826    0.000013    2.391757 ^ _248_/B (sky130_fd_sc_hd__and2b_1)
     1    0.003459    0.079343    0.249378    2.641135 ^ _248_/X (sky130_fd_sc_hd__and2b_1)
                                                         _000_ (net)
                      0.079343    0.000050    2.641185 ^ _392_/D (sky130_fd_sc_hd__dfrtp_1)
                                              2.641185   data arrival time

                                  0.000000    0.000000   clock clk_i (rise edge)
                                  0.000000    0.000000   clock source latency
     1    0.018999    0.142997    0.097465    0.097465 ^ clk_i (in)
                                                         clk_i (net)
                      0.143010    0.000000    0.097465 ^ clkbuf_0_clk_i/A (sky130_fd_sc_hd__clkbuf_16)
     8    0.085313    0.155482    0.332710    0.430175 ^ clkbuf_0_clk_i/X (sky130_fd_sc_hd__clkbuf_16)
                                                         clknet_0_clk_i (net)
                      0.155493    0.001505    0.431681 ^ clkbuf_3_1__f_clk_i/A (sky130_fd_sc_hd__clkbuf_16)
     8    0.023914    0.072338    0.266419    0.698099 ^ clkbuf_3_1__f_clk_i/X (sky130_fd_sc_hd__clkbuf_16)
                                                         clknet_3_1__leaf_clk_i (net)
                      0.072338    0.000169    0.698269 ^ _392_/CLK (sky130_fd_sc_hd__dfrtp_1)
                                  0.250000    0.948268   clock uncertainty
                                  0.000000    0.948268   clock reconvergence pessimism
                                 -0.078689    0.869580   library hold time
                                              0.869580   data required time
---------------------------------------------------------------------------------------------
                                              0.869580   data required time
                                             -2.641185   data arrival time
---------------------------------------------------------------------------------------------
                                              1.771605   slack (MET)


Startpoint: _370_ (rising edge-triggered flip-flop clocked by clk_i)
Endpoint: _370_ (rising edge-triggered flip-flop clocked by clk_i)
Path Group: clk_i
Path Type: min

Fanout         Cap        Slew       Delay        Time   Description
---------------------------------------------------------------------------------------------
                                  0.000000    0.000000   clock clk_i (rise edge)
                                  0.000000    0.000000   clock source latency
     1    0.018999    0.142997    0.097465    0.097465 ^ clk_i (in)
                                                         clk_i (net)
                      0.143010    0.000000    0.097465 ^ clkbuf_0_clk_i/A (sky130_fd_sc_hd__clkbuf_16)
     8    0.085313    0.155482    0.332710    0.430175 ^ clkbuf_0_clk_i/X (sky130_fd_sc_hd__clkbuf_16)
                                                         clknet_0_clk_i (net)
                      0.155527    0.002532    0.432708 ^ clkbuf_3_2__f_clk_i/A (sky130_fd_sc_hd__clkbuf_16)
     9    0.024041    0.072492    0.266515    0.699223 ^ clkbuf_3_2__f_clk_i/X (sky130_fd_sc_hd__clkbuf_16)
                                                         clknet_3_2__leaf_clk_i (net)
                      0.072495    0.000439    0.699662 ^ _370_/CLK (sky130_fd_sc_hd__dfrtp_1)
     2    0.006700    0.124871    0.682657    1.382319 ^ _370_/Q (sky130_fd_sc_hd__dfrtp_1)
                                                         rng_rd.vld[0] (net)
                      0.124871    0.000048    1.382367 ^ hold5/A (sky130_fd_sc_hd__dlygate4sd3_1)
     2    0.005134    0.128044    1.096211    2.478579 ^ hold5/X (sky130_fd_sc_hd__dlygate4sd3_1)
                                                         net32 (net)
                      0.128044    0.000038    2.478616 ^ _310_/A (sky130_fd_sc_hd__or2_1)
     1    0.002487    0.061784    0.185086    2.663703 ^ _310_/X (sky130_fd_sc_hd__or2_1)
                                                         _036_ (net)
                      0.061784    0.000024    2.663727 ^ _370_/D (sky130_fd_sc_hd__dfrtp_1)
                                              2.663727   data arrival time

                                  0.000000    0.000000   clock clk_i (rise edge)
                                  0.000000    0.000000   clock source latency
     1    0.018999    0.142997    0.097465    0.097465 ^ clk_i (in)
                                                         clk_i (net)
                      0.143010    0.000000    0.097465 ^ clkbuf_0_clk_i/A (sky130_fd_sc_hd__clkbuf_16)
     8    0.085313    0.155482    0.332710    0.430175 ^ clkbuf_0_clk_i/X (sky130_fd_sc_hd__clkbuf_16)
                                                         clknet_0_clk_i (net)
                      0.155527    0.002532    0.432708 ^ clkbuf_3_2__f_clk_i/A (sky130_fd_sc_hd__clkbuf_16)
     9    0.024041    0.072492    0.266515    0.699223 ^ clkbuf_3_2__f_clk_i/X (sky130_fd_sc_hd__clkbuf_16)
                                                         clknet_3_2__leaf_clk_i (net)
                      0.072495    0.000439    0.699662 ^ _370_/CLK (sky130_fd_sc_hd__dfrtp_1)
                                  0.250000    0.949662   clock uncertainty
                                  0.000000    0.949662   clock reconvergence pessimism
                                 -0.074655    0.875006   library hold time
                                              0.875006   data required time
---------------------------------------------------------------------------------------------
                                              0.875006   data required time
                                             -2.663727   data arrival time
---------------------------------------------------------------------------------------------
                                              1.788721   slack (MET)


Startpoint: _334_ (rising edge-triggered flip-flop clocked by clk_i)
Endpoint: _334_ (rising edge-triggered flip-flop clocked by clk_i)
Path Group: clk_i
Path Type: min

Fanout         Cap        Slew       Delay        Time   Description
---------------------------------------------------------------------------------------------
                                  0.000000    0.000000   clock clk_i (rise edge)
                                  0.000000    0.000000   clock source latency
     1    0.018999    0.142997    0.097465    0.097465 ^ clk_i (in)
                                                         clk_i (net)
                      0.143010    0.000000    0.097465 ^ clkbuf_0_clk_i/A (sky130_fd_sc_hd__clkbuf_16)
     8    0.085313    0.155482    0.332710    0.430175 ^ clkbuf_0_clk_i/X (sky130_fd_sc_hd__clkbuf_16)
                                                         clknet_0_clk_i (net)
                      0.155493    0.001505    0.431681 ^ clkbuf_3_1__f_clk_i/A (sky130_fd_sc_hd__clkbuf_16)
     8    0.023914    0.072338    0.266419    0.698099 ^ clkbuf_3_1__f_clk_i/X (sky130_fd_sc_hd__clkbuf_16)
                                                         clknet_3_1__leaf_clk_i (net)
                      0.072338    0.000155    0.698254 ^ _334_/CLK (sky130_fd_sc_hd__dfrtp_1)
     3    0.007839    0.138736    0.694613    1.392867 ^ _334_/Q (sky130_fd_sc_hd__dfrtp_1)
                                                         rng_rd.mem[11][1] (net)
                      0.138736    0.000033    1.392900 ^ hold6/A (sky130_fd_sc_hd__dlygate4sd3_1)
     1    0.002549    0.088829    1.064475    2.457375 ^ hold6/X (sky130_fd_sc_hd__dlygate4sd3_1)
                                                         net33 (net)
                      0.088829    0.000028    2.457404 ^ _254_/A0 (sky130_fd_sc_hd__mux2_1)
     1    0.003051    0.075179    0.235085    2.692489 ^ _254_/X (sky130_fd_sc_hd__mux2_1)
                                                         _004_ (net)
                      0.075179    0.000034    2.692522 ^ _334_/D (sky130_fd_sc_hd__dfrtp_1)
                                              2.692522   data arrival time

                                  0.000000    0.000000   clock clk_i (rise edge)
                                  0.000000    0.000000   clock source latency
     1    0.018999    0.142997    0.097465    0.097465 ^ clk_i (in)
                                                         clk_i (net)
                      0.143010    0.000000    0.097465 ^ clkbuf_0_clk_i/A (sky130_fd_sc_hd__clkbuf_16)
     8    0.085313    0.155482    0.332710    0.430175 ^ clkbuf_0_clk_i/X (sky130_fd_sc_hd__clkbuf_16)
                                                         clknet_0_clk_i (net)
                      0.155493    0.001505    0.431681 ^ clkbuf_3_1__f_clk_i/A (sky130_fd_sc_hd__clkbuf_16)
     8    0.023914    0.072338    0.266419    0.698099 ^ clkbuf_3_1__f_clk_i/X (sky130_fd_sc_hd__clkbuf_16)
                                                         clknet_3_1__leaf_clk_i (net)
                      0.072338    0.000155    0.698254 ^ _334_/CLK (sky130_fd_sc_hd__dfrtp_1)
                                  0.250000    0.948254   clock uncertainty
                                  0.000000    0.948254   clock reconvergence pessimism
                                 -0.077739    0.870516   library hold time
                                              0.870516   data required time
---------------------------------------------------------------------------------------------
                                              0.870516   data required time
                                             -2.692522   data arrival time
---------------------------------------------------------------------------------------------
                                              1.822007   slack (MET)


Startpoint: _339_ (rising edge-triggered flip-flop clocked by clk_i)
Endpoint: _339_ (rising edge-triggered flip-flop clocked by clk_i)
Path Group: clk_i
Path Type: min

Fanout         Cap        Slew       Delay        Time   Description
---------------------------------------------------------------------------------------------
                                  0.000000    0.000000   clock clk_i (rise edge)
                                  0.000000    0.000000   clock source latency
     1    0.018999    0.142997    0.097465    0.097465 ^ clk_i (in)
                                                         clk_i (net)
                      0.143010    0.000000    0.097465 ^ clkbuf_0_clk_i/A (sky130_fd_sc_hd__clkbuf_16)
     8    0.085313    0.155482    0.332710    0.430175 ^ clkbuf_0_clk_i/X (sky130_fd_sc_hd__clkbuf_16)
                                                         clknet_0_clk_i (net)
                      0.155509    0.002071    0.432246 ^ clkbuf_3_0__f_clk_i/A (sky130_fd_sc_hd__clkbuf_16)
    10    0.026272    0.075379    0.269719    0.701965 ^ clkbuf_3_0__f_clk_i/X (sky130_fd_sc_hd__clkbuf_16)
                                                         clknet_3_0__leaf_clk_i (net)
                      0.075380    0.000424    0.702389 ^ _339_/CLK (sky130_fd_sc_hd__dfrtp_2)
     7    0.018456    0.173355    0.790956    1.493345 ^ _339_/Q (sky130_fd_sc_hd__dfrtp_2)
                                                         rng_dp.seed_sel_i[0] (net)
                      0.173355    0.000161    1.493506 ^ hold4/A (sky130_fd_sc_hd__dlygate4sd3_1)
     1    0.004835    0.124001    1.111749    2.605254 ^ hold4/X (sky130_fd_sc_hd__dlygate4sd3_1)
                                                         net31 (net)
                      0.124001    0.000021    2.605275 ^ _176_/A (sky130_fd_sc_hd__inv_2)
     3    0.007386    0.047076    0.090437    2.695712 v _176_/Y (sky130_fd_sc_hd__inv_2)
                                                         _001_ (net)
                      0.047076    0.000054    2.695767 v _339_/D (sky130_fd_sc_hd__dfrtp_2)
                                              2.695767   data arrival time

                                  0.000000    0.000000   clock clk_i (rise edge)
                                  0.000000    0.000000   clock source latency
     1    0.018999    0.142997    0.097465    0.097465 ^ clk_i (in)
                                                         clk_i (net)
                      0.143010    0.000000    0.097465 ^ clkbuf_0_clk_i/A (sky130_fd_sc_hd__clkbuf_16)
     8    0.085313    0.155482    0.332710    0.430175 ^ clkbuf_0_clk_i/X (sky130_fd_sc_hd__clkbuf_16)
                                                         clknet_0_clk_i (net)
                      0.155509    0.002071    0.432246 ^ clkbuf_3_0__f_clk_i/A (sky130_fd_sc_hd__clkbuf_16)
    10    0.026272    0.075379    0.269719    0.701965 ^ clkbuf_3_0__f_clk_i/X (sky130_fd_sc_hd__clkbuf_16)
                                                         clknet_3_0__leaf_clk_i (net)
                      0.075380    0.000424    0.702389 ^ _339_/CLK (sky130_fd_sc_hd__dfrtp_2)
                                  0.250000    0.952389   clock uncertainty
                                  0.000000    0.952389   clock reconvergence pessimism
                                 -0.079951    0.872438   library hold time
                                              0.872438   data required time
---------------------------------------------------------------------------------------------
                                              0.872438   data required time
                                             -2.695767   data arrival time
---------------------------------------------------------------------------------------------
                                              1.823329   slack (MET)


Startpoint: _375_ (rising edge-triggered flip-flop clocked by clk_i)
Endpoint: _375_ (rising edge-triggered flip-flop clocked by clk_i)
Path Group: clk_i
Path Type: min

Fanout         Cap        Slew       Delay        Time   Description
---------------------------------------------------------------------------------------------
                                  0.000000    0.000000   clock clk_i (rise edge)
                                  0.000000    0.000000   clock source latency
     1    0.018999    0.142997    0.097465    0.097465 ^ clk_i (in)
                                                         clk_i (net)
                      0.143010    0.000000    0.097465 ^ clkbuf_0_clk_i/A (sky130_fd_sc_hd__clkbuf_16)
     8    0.085313    0.155482    0.332710    0.430175 ^ clkbuf_0_clk_i/X (sky130_fd_sc_hd__clkbuf_16)
                                                         clknet_0_clk_i (net)
                      0.155528    0.002552    0.432727 ^ clkbuf_3_3__f_clk_i/A (sky130_fd_sc_hd__clkbuf_16)
     9    0.026391    0.075534    0.269911    0.702639 ^ clkbuf_3_3__f_clk_i/X (sky130_fd_sc_hd__clkbuf_16)
                                                         clknet_3_3__leaf_clk_i (net)
                      0.075535    0.000321    0.702959 ^ _375_/CLK (sky130_fd_sc_hd__dfrtp_1)
     3    0.009581    0.160280    0.714456    1.417415 ^ _375_/Q (sky130_fd_sc_hd__dfrtp_1)
                                                         rng_rd.vld[5] (net)
                      0.160280    0.000108    1.417523 ^ hold24/A (sky130_fd_sc_hd__dlygate4sd3_1)
     1    0.001663    0.079924    1.059410    2.476933 ^ hold24/X (sky130_fd_sc_hd__dlygate4sd3_1)
                                                         net51 (net)
                      0.079924    0.000013    2.476946 ^ _315_/A0 (sky130_fd_sc_hd__mux2_1)
     1    0.002697    0.071049    0.226537    2.703483 ^ _315_/X (sky130_fd_sc_hd__mux2_1)
                                                         _041_ (net)
                      0.071049    0.000031    2.703514 ^ _375_/D (sky130_fd_sc_hd__dfrtp_1)
                                              2.703514   data arrival time

                                  0.000000    0.000000   clock clk_i (rise edge)
                                  0.000000    0.000000   clock source latency
     1    0.018999    0.142997    0.097465    0.097465 ^ clk_i (in)
                                                         clk_i (net)
                      0.143010    0.000000    0.097465 ^ clkbuf_0_clk_i/A (sky130_fd_sc_hd__clkbuf_16)
     8    0.085313    0.155482    0.332710    0.430175 ^ clkbuf_0_clk_i/X (sky130_fd_sc_hd__clkbuf_16)
                                                         clknet_0_clk_i (net)
                      0.155528    0.002552    0.432727 ^ clkbuf_3_3__f_clk_i/A (sky130_fd_sc_hd__clkbuf_16)
     9    0.026391    0.075534    0.269911    0.702639 ^ clkbuf_3_3__f_clk_i/X (sky130_fd_sc_hd__clkbuf_16)
                                                         clknet_3_3__leaf_clk_i (net)
                      0.075535    0.000321    0.702959 ^ _375_/CLK (sky130_fd_sc_hd__dfrtp_1)
                                  0.250000    0.952959   clock uncertainty
                                  0.000000    0.952959   clock reconvergence pessimism
                                 -0.076271    0.876688   library hold time
                                              0.876688   data required time
---------------------------------------------------------------------------------------------
                                              0.876688   data required time
                                             -2.703514   data arrival time
---------------------------------------------------------------------------------------------
                                              1.826826   slack (MET)


Startpoint: _372_ (rising edge-triggered flip-flop clocked by clk_i)
Endpoint: _373_ (rising edge-triggered flip-flop clocked by clk_i)
Path Group: clk_i
Path Type: min

Fanout         Cap        Slew       Delay        Time   Description
---------------------------------------------------------------------------------------------
                                  0.000000    0.000000   clock clk_i (rise edge)
                                  0.000000    0.000000   clock source latency
     1    0.018999    0.142997    0.097465    0.097465 ^ clk_i (in)
                                                         clk_i (net)
                      0.143010    0.000000    0.097465 ^ clkbuf_0_clk_i/A (sky130_fd_sc_hd__clkbuf_16)
     8    0.085313    0.155482    0.332710    0.430175 ^ clkbuf_0_clk_i/X (sky130_fd_sc_hd__clkbuf_16)
                                                         clknet_0_clk_i (net)
                      0.155527    0.002532    0.432708 ^ clkbuf_3_2__f_clk_i/A (sky130_fd_sc_hd__clkbuf_16)
     9    0.024041    0.072492    0.266515    0.699223 ^ clkbuf_3_2__f_clk_i/X (sky130_fd_sc_hd__clkbuf_16)
                                                         clknet_3_2__leaf_clk_i (net)
                      0.072492    0.000337    0.699560 ^ _372_/CLK (sky130_fd_sc_hd__dfrtp_1)
     3    0.009289    0.156664    0.709985    1.409545 ^ _372_/Q (sky130_fd_sc_hd__dfrtp_1)
                                                         rng_rd.vld[2] (net)
                      0.156664    0.000070    1.409616 ^ _313_/A1 (sky130_fd_sc_hd__mux2_1)
     1    0.001743    0.061463    0.251852    1.661468 ^ _313_/X (sky130_fd_sc_hd__mux2_1)
                                                         _039_ (net)
                      0.061463    0.000007    1.661474 ^ hold19/A (sky130_fd_sc_hd__dlygate4sd3_1)
     1    0.002887    0.092634    1.038459    2.699934 ^ hold19/X (sky130_fd_sc_hd__dlygate4sd3_1)
                                                         net46 (net)
                      0.092634    0.000033    2.699967 ^ _373_/D (sky130_fd_sc_hd__dfrtp_1)
                                              2.699967   data arrival time

                                  0.000000    0.000000   clock clk_i (rise edge)
                                  0.000000    0.000000   clock source latency
     1    0.018999    0.142997    0.097465    0.097465 ^ clk_i (in)
                                                         clk_i (net)
                      0.143010    0.000000    0.097465 ^ clkbuf_0_clk_i/A (sky130_fd_sc_hd__clkbuf_16)
     8    0.085313    0.155482    0.332710    0.430175 ^ clkbuf_0_clk_i/X (sky130_fd_sc_hd__clkbuf_16)
                                                         clknet_0_clk_i (net)
                      0.155527    0.002532    0.432708 ^ clkbuf_3_2__f_clk_i/A (sky130_fd_sc_hd__clkbuf_16)
     9    0.024041    0.072492    0.266515    0.699223 ^ clkbuf_3_2__f_clk_i/X (sky130_fd_sc_hd__clkbuf_16)
                                                         clknet_3_2__leaf_clk_i (net)
                      0.072492    0.000190    0.699413 ^ _373_/CLK (sky130_fd_sc_hd__dfrtp_1)
                                  0.250000    0.949413   clock uncertainty
                                  0.000000    0.949413   clock reconvergence pessimism
                                 -0.081697    0.867715   library hold time
                                              0.867715   data required time
---------------------------------------------------------------------------------------------
                                              0.867715   data required time
                                             -2.699967   data arrival time
---------------------------------------------------------------------------------------------
                                              1.832251   slack (MET)


Startpoint: _380_ (rising edge-triggered flip-flop clocked by clk_i)
Endpoint: _381_ (rising edge-triggered flip-flop clocked by clk_i)
Path Group: clk_i
Path Type: min

Fanout         Cap        Slew       Delay        Time   Description
---------------------------------------------------------------------------------------------
                                  0.000000    0.000000   clock clk_i (rise edge)
                                  0.000000    0.000000   clock source latency
     1    0.018999    0.142997    0.097465    0.097465 ^ clk_i (in)
                                                         clk_i (net)
                      0.143010    0.000000    0.097465 ^ clkbuf_0_clk_i/A (sky130_fd_sc_hd__clkbuf_16)
     8    0.085313    0.155482    0.332710    0.430175 ^ clkbuf_0_clk_i/X (sky130_fd_sc_hd__clkbuf_16)
                                                         clknet_0_clk_i (net)
                      0.155488    0.001265    0.431441 ^ clkbuf_3_4__f_clk_i/A (sky130_fd_sc_hd__clkbuf_16)
     7    0.023110    0.071328    0.265186    0.696626 ^ clkbuf_3_4__f_clk_i/X (sky130_fd_sc_hd__clkbuf_16)
                                                         clknet_3_4__leaf_clk_i (net)
                      0.071328    0.000272    0.696898 ^ _380_/CLK (sky130_fd_sc_hd__dfrtp_1)
     3    0.009440    0.158548    0.711046    1.407944 ^ _380_/Q (sky130_fd_sc_hd__dfrtp_1)
                                                         rng_rd.vld[10] (net)
                      0.158548    0.000044    1.407988 ^ _321_/A1 (sky130_fd_sc_hd__mux2_1)
     1    0.002189    0.067157    0.258661    1.666649 ^ _321_/X (sky130_fd_sc_hd__mux2_1)
                                                         _047_ (net)
                      0.067157    0.000012    1.666661 ^ hold8/A (sky130_fd_sc_hd__dlygate4sd3_1)
     1    0.002318    0.089035    1.032205    2.698866 ^ hold8/X (sky130_fd_sc_hd__dlygate4sd3_1)
                                                         net35 (net)
                      0.089035    0.000021    2.698888 ^ _381_/D (sky130_fd_sc_hd__dfrtp_1)
                                              2.698888   data arrival time

                                  0.000000    0.000000   clock clk_i (rise edge)
                                  0.000000    0.000000   clock source latency
     1    0.018999    0.142997    0.097465    0.097465 ^ clk_i (in)
                                                         clk_i (net)
                      0.143010    0.000000    0.097465 ^ clkbuf_0_clk_i/A (sky130_fd_sc_hd__clkbuf_16)
     8    0.085313    0.155482    0.332710    0.430175 ^ clkbuf_0_clk_i/X (sky130_fd_sc_hd__clkbuf_16)
                                                         clknet_0_clk_i (net)
                      0.155488    0.001265    0.431441 ^ clkbuf_3_4__f_clk_i/A (sky130_fd_sc_hd__clkbuf_16)
     7    0.023110    0.071328    0.265186    0.696626 ^ clkbuf_3_4__f_clk_i/X (sky130_fd_sc_hd__clkbuf_16)
                                                         clknet_3_4__leaf_clk_i (net)
                      0.071328    0.000464    0.697090 ^ _381_/CLK (sky130_fd_sc_hd__dfrtp_1)
                                  0.250000    0.947090   clock uncertainty
                                  0.000000    0.947090   clock reconvergence pessimism
                                 -0.081067    0.866023   library hold time
                                              0.866023   data required time
---------------------------------------------------------------------------------------------
                                              0.866023   data required time
                                             -2.698888   data arrival time
---------------------------------------------------------------------------------------------
                                              1.832864   slack (MET)


Startpoint: _373_ (rising edge-triggered flip-flop clocked by clk_i)
Endpoint: _374_ (rising edge-triggered flip-flop clocked by clk_i)
Path Group: clk_i
Path Type: min

Fanout         Cap        Slew       Delay        Time   Description
---------------------------------------------------------------------------------------------
                                  0.000000    0.000000   clock clk_i (rise edge)
                                  0.000000    0.000000   clock source latency
     1    0.018999    0.142997    0.097465    0.097465 ^ clk_i (in)
                                                         clk_i (net)
                      0.143010    0.000000    0.097465 ^ clkbuf_0_clk_i/A (sky130_fd_sc_hd__clkbuf_16)
     8    0.085313    0.155482    0.332710    0.430175 ^ clkbuf_0_clk_i/X (sky130_fd_sc_hd__clkbuf_16)
                                                         clknet_0_clk_i (net)
                      0.155527    0.002532    0.432708 ^ clkbuf_3_2__f_clk_i/A (sky130_fd_sc_hd__clkbuf_16)
     9    0.024041    0.072492    0.266515    0.699223 ^ clkbuf_3_2__f_clk_i/X (sky130_fd_sc_hd__clkbuf_16)
                                                         clknet_3_2__leaf_clk_i (net)
                      0.072492    0.000190    0.699413 ^ _373_/CLK (sky130_fd_sc_hd__dfrtp_1)
     2    0.005769    0.113653    0.672836    1.372249 ^ _373_/Q (sky130_fd_sc_hd__dfrtp_1)
                                                         rng_rd.vld[3] (net)
                      0.113653    0.000040    1.372289 ^ hold18/A (sky130_fd_sc_hd__dlygate4sd3_1)
     2    0.005181    0.128673    1.092345    2.464634 ^ hold18/X (sky130_fd_sc_hd__dlygate4sd3_1)
                                                         net45 (net)
                      0.128673    0.000035    2.464669 ^ _314_/A1 (sky130_fd_sc_hd__mux2_1)
     1    0.002355    0.067206    0.248360    2.713029 ^ _314_/X (sky130_fd_sc_hd__mux2_1)
                                                         _040_ (net)
                      0.067206    0.000023    2.713052 ^ _374_/D (sky130_fd_sc_hd__dfrtp_1)
                                              2.713052   data arrival time

                                  0.000000    0.000000   clock clk_i (rise edge)
                                  0.000000    0.000000   clock source latency
     1    0.018999    0.142997    0.097465    0.097465 ^ clk_i (in)
                                                         clk_i (net)
                      0.143010    0.000000    0.097465 ^ clkbuf_0_clk_i/A (sky130_fd_sc_hd__clkbuf_16)
     8    0.085313    0.155482    0.332710    0.430175 ^ clkbuf_0_clk_i/X (sky130_fd_sc_hd__clkbuf_16)
                                                         clknet_0_clk_i (net)
                      0.155528    0.002552    0.432727 ^ clkbuf_3_3__f_clk_i/A (sky130_fd_sc_hd__clkbuf_16)
     9    0.026391    0.075534    0.269911    0.702639 ^ clkbuf_3_3__f_clk_i/X (sky130_fd_sc_hd__clkbuf_16)
                                                         clknet_3_3__leaf_clk_i (net)
                      0.075535    0.000330    0.702969 ^ _374_/CLK (sky130_fd_sc_hd__dfrtp_1)
                                  0.250000    0.952969   clock uncertainty
                                  0.000000    0.952969   clock reconvergence pessimism
                                 -0.075394    0.877575   library hold time
                                              0.877575   data required time
---------------------------------------------------------------------------------------------
                                              0.877575   data required time
                                             -2.713052   data arrival time
---------------------------------------------------------------------------------------------
                                              1.835478   slack (MET)


Startpoint: _372_ (rising edge-triggered flip-flop clocked by clk_i)
Endpoint: _372_ (rising edge-triggered flip-flop clocked by clk_i)
Path Group: clk_i
Path Type: min

Fanout         Cap        Slew       Delay        Time   Description
---------------------------------------------------------------------------------------------
                                  0.000000    0.000000   clock clk_i (rise edge)
                                  0.000000    0.000000   clock source latency
     1    0.018999    0.142997    0.097465    0.097465 ^ clk_i (in)
                                                         clk_i (net)
                      0.143010    0.000000    0.097465 ^ clkbuf_0_clk_i/A (sky130_fd_sc_hd__clkbuf_16)
     8    0.085313    0.155482    0.332710    0.430175 ^ clkbuf_0_clk_i/X (sky130_fd_sc_hd__clkbuf_16)
                                                         clknet_0_clk_i (net)
                      0.155527    0.002532    0.432708 ^ clkbuf_3_2__f_clk_i/A (sky130_fd_sc_hd__clkbuf_16)
     9    0.024041    0.072492    0.266515    0.699223 ^ clkbuf_3_2__f_clk_i/X (sky130_fd_sc_hd__clkbuf_16)
                                                         clknet_3_2__leaf_clk_i (net)
                      0.072492    0.000337    0.699560 ^ _372_/CLK (sky130_fd_sc_hd__dfrtp_1)
     3    0.009289    0.156664    0.709985    1.409545 ^ _372_/Q (sky130_fd_sc_hd__dfrtp_1)
                                                         rng_rd.vld[2] (net)
                      0.156664    0.000058    1.409604 ^ hold23/A (sky130_fd_sc_hd__dlygate4sd3_1)
     1    0.002444    0.087683    1.069944    2.479547 ^ hold23/X (sky130_fd_sc_hd__dlygate4sd3_1)
                                                         net50 (net)
                      0.087683    0.000026    2.479573 ^ _312_/A0 (sky130_fd_sc_hd__mux2_1)
     1    0.002634    0.070263    0.228980    2.708553 ^ _312_/X (sky130_fd_sc_hd__mux2_1)
                                                         _038_ (net)
                      0.070263    0.000026    2.708579 ^ _372_/D (sky130_fd_sc_hd__dfrtp_1)
                                              2.708579   data arrival time

                                  0.000000    0.000000   clock clk_i (rise edge)
                                  0.000000    0.000000   clock source latency
     1    0.018999    0.142997    0.097465    0.097465 ^ clk_i (in)
                                                         clk_i (net)
                      0.143010    0.000000    0.097465 ^ clkbuf_0_clk_i/A (sky130_fd_sc_hd__clkbuf_16)
     8    0.085313    0.155482    0.332710    0.430175 ^ clkbuf_0_clk_i/X (sky130_fd_sc_hd__clkbuf_16)
                                                         clknet_0_clk_i (net)
                      0.155527    0.002532    0.432708 ^ clkbuf_3_2__f_clk_i/A (sky130_fd_sc_hd__clkbuf_16)
     9    0.024041    0.072492    0.266515    0.699223 ^ clkbuf_3_2__f_clk_i/X (sky130_fd_sc_hd__clkbuf_16)
                                                         clknet_3_2__leaf_clk_i (net)
                      0.072492    0.000337    0.699560 ^ _372_/CLK (sky130_fd_sc_hd__dfrtp_1)
                                  0.250000    0.949560   clock uncertainty
                                  0.000000    0.949560   clock reconvergence pessimism
                                 -0.076591    0.872969   library hold time
                                              0.872969   data required time
---------------------------------------------------------------------------------------------
                                              0.872969   data required time
                                             -2.708579   data arrival time
---------------------------------------------------------------------------------------------
                                              1.835610   slack (MET)


Startpoint: _375_ (rising edge-triggered flip-flop clocked by clk_i)
Endpoint: _376_ (rising edge-triggered flip-flop clocked by clk_i)
Path Group: clk_i
Path Type: min

Fanout         Cap        Slew       Delay        Time   Description
---------------------------------------------------------------------------------------------
                                  0.000000    0.000000   clock clk_i (rise edge)
                                  0.000000    0.000000   clock source latency
     1    0.018999    0.142997    0.097465    0.097465 ^ clk_i (in)
                                                         clk_i (net)
                      0.143010    0.000000    0.097465 ^ clkbuf_0_clk_i/A (sky130_fd_sc_hd__clkbuf_16)
     8    0.085313    0.155482    0.332710    0.430175 ^ clkbuf_0_clk_i/X (sky130_fd_sc_hd__clkbuf_16)
                                                         clknet_0_clk_i (net)
                      0.155528    0.002552    0.432727 ^ clkbuf_3_3__f_clk_i/A (sky130_fd_sc_hd__clkbuf_16)
     9    0.026391    0.075534    0.269911    0.702639 ^ clkbuf_3_3__f_clk_i/X (sky130_fd_sc_hd__clkbuf_16)
                                                         clknet_3_3__leaf_clk_i (net)
                      0.075535    0.000321    0.702959 ^ _375_/CLK (sky130_fd_sc_hd__dfrtp_1)
     3    0.009581    0.160280    0.714456    1.417415 ^ _375_/Q (sky130_fd_sc_hd__dfrtp_1)
                                                         rng_rd.vld[5] (net)
                      0.160280    0.000108    1.417523 ^ _316_/A1 (sky130_fd_sc_hd__mux2_1)
     1    0.002333    0.066950    0.261319    1.678842 ^ _316_/X (sky130_fd_sc_hd__mux2_1)
                                                         _042_ (net)
                      0.066950    0.000025    1.678868 ^ hold15/A (sky130_fd_sc_hd__dlygate4sd3_1)
     1    0.002211    0.087538    1.030465    2.709333 ^ hold15/X (sky130_fd_sc_hd__dlygate4sd3_1)
                                                         net42 (net)
                      0.087538    0.000020    2.709353 ^ _376_/D (sky130_fd_sc_hd__dfrtp_1)
                                              2.709353   data arrival time

                                  0.000000    0.000000   clock clk_i (rise edge)
                                  0.000000    0.000000   clock source latency
     1    0.018999    0.142997    0.097465    0.097465 ^ clk_i (in)
                                                         clk_i (net)
                      0.143010    0.000000    0.097465 ^ clkbuf_0_clk_i/A (sky130_fd_sc_hd__clkbuf_16)
     8    0.085313    0.155482    0.332710    0.430175 ^ clkbuf_0_clk_i/X (sky130_fd_sc_hd__clkbuf_16)
                                                         clknet_0_clk_i (net)
                      0.155483    0.000940    0.431115 ^ clkbuf_3_6__f_clk_i/A (sky130_fd_sc_hd__clkbuf_16)
     7    0.024938    0.073643    0.267846    0.698961 ^ clkbuf_3_6__f_clk_i/X (sky130_fd_sc_hd__clkbuf_16)
                                                         clknet_3_6__leaf_clk_i (net)
                      0.073643    0.000078    0.699039 ^ _376_/CLK (sky130_fd_sc_hd__dfrtp_1)
                                  0.250000    0.949039   clock uncertainty
                                  0.000000    0.949039   clock reconvergence pessimism
                                 -0.080345    0.868694   library hold time
                                              0.868694   data required time
---------------------------------------------------------------------------------------------
                                              0.868694   data required time
                                             -2.709353   data arrival time
---------------------------------------------------------------------------------------------
                                              1.840659   slack (MET)


Startpoint: _370_ (rising edge-triggered flip-flop clocked by clk_i)
Endpoint: _371_ (rising edge-triggered flip-flop clocked by clk_i)
Path Group: clk_i
Path Type: min

Fanout         Cap        Slew       Delay        Time   Description
---------------------------------------------------------------------------------------------
                                  0.000000    0.000000   clock clk_i (rise edge)
                                  0.000000    0.000000   clock source latency
     1    0.018999    0.142997    0.097465    0.097465 ^ clk_i (in)
                                                         clk_i (net)
                      0.143010    0.000000    0.097465 ^ clkbuf_0_clk_i/A (sky130_fd_sc_hd__clkbuf_16)
     8    0.085313    0.155482    0.332710    0.430175 ^ clkbuf_0_clk_i/X (sky130_fd_sc_hd__clkbuf_16)
                                                         clknet_0_clk_i (net)
                      0.155527    0.002532    0.432708 ^ clkbuf_3_2__f_clk_i/A (sky130_fd_sc_hd__clkbuf_16)
     9    0.024041    0.072492    0.266515    0.699223 ^ clkbuf_3_2__f_clk_i/X (sky130_fd_sc_hd__clkbuf_16)
                                                         clknet_3_2__leaf_clk_i (net)
                      0.072495    0.000439    0.699662 ^ _370_/CLK (sky130_fd_sc_hd__dfrtp_1)
     2    0.006700    0.124871    0.682657    1.382319 ^ _370_/Q (sky130_fd_sc_hd__dfrtp_1)
                                                         rng_rd.vld[0] (net)
                      0.124871    0.000048    1.382367 ^ hold5/A (sky130_fd_sc_hd__dlygate4sd3_1)
     2    0.005134    0.128044    1.096211    2.478579 ^ hold5/X (sky130_fd_sc_hd__dlygate4sd3_1)
                                                         net32 (net)
                      0.128044    0.000035    2.478614 ^ _311_/A1 (sky130_fd_sc_hd__mux2_1)
     1    0.002367    0.067239    0.248251    2.726865 ^ _311_/X (sky130_fd_sc_hd__mux2_1)
                                                         _037_ (net)
                      0.067239    0.000022    2.726887 ^ _371_/D (sky130_fd_sc_hd__dfrtp_1)
                                              2.726887   data arrival time

                                  0.000000    0.000000   clock clk_i (rise edge)
                                  0.000000    0.000000   clock source latency
     1    0.018999    0.142997    0.097465    0.097465 ^ clk_i (in)
                                                         clk_i (net)
                      0.143010    0.000000    0.097465 ^ clkbuf_0_clk_i/A (sky130_fd_sc_hd__clkbuf_16)
     8    0.085313    0.155482    0.332710    0.430175 ^ clkbuf_0_clk_i/X (sky130_fd_sc_hd__clkbuf_16)
                                                         clknet_0_clk_i (net)
                      0.155527    0.002532    0.432708 ^ clkbuf_3_2__f_clk_i/A (sky130_fd_sc_hd__clkbuf_16)
     9    0.024041    0.072492    0.266515    0.699223 ^ clkbuf_3_2__f_clk_i/X (sky130_fd_sc_hd__clkbuf_16)
                                                         clknet_3_2__leaf_clk_i (net)
                      0.072497    0.000486    0.699709 ^ _371_/CLK (sky130_fd_sc_hd__dfrtp_1)
                                  0.250000    0.949709   clock uncertainty
                                  0.000000    0.949709   clock reconvergence pessimism
                                 -0.075900    0.873809   library hold time
                                              0.873809   data required time
---------------------------------------------------------------------------------------------
                                              0.873809   data required time
                                             -2.726887   data arrival time
---------------------------------------------------------------------------------------------
                                              1.853078   slack (MET)


Startpoint: _364_ (rising edge-triggered flip-flop clocked by clk_i)
Endpoint: _361_ (rising edge-triggered flip-flop clocked by clk_i)
Path Group: clk_i
Path Type: min

Fanout         Cap        Slew       Delay        Time   Description
---------------------------------------------------------------------------------------------
                                  0.000000    0.000000   clock clk_i (rise edge)
                                  0.000000    0.000000   clock source latency
     1    0.018999    0.142997    0.097465    0.097465 ^ clk_i (in)
                                                         clk_i (net)
                      0.143010    0.000000    0.097465 ^ clkbuf_0_clk_i/A (sky130_fd_sc_hd__clkbuf_16)
     8    0.085313    0.155482    0.332710    0.430175 ^ clkbuf_0_clk_i/X (sky130_fd_sc_hd__clkbuf_16)
                                                         clknet_0_clk_i (net)
                      0.155527    0.002532    0.432708 ^ clkbuf_3_2__f_clk_i/A (sky130_fd_sc_hd__clkbuf_16)
     9    0.024041    0.072492    0.266515    0.699223 ^ clkbuf_3_2__f_clk_i/X (sky130_fd_sc_hd__clkbuf_16)
                                                         clknet_3_2__leaf_clk_i (net)
                      0.072499    0.000547    0.699770 ^ _364_/CLK (sky130_fd_sc_hd__dfrtp_1)
     2    0.006960    0.128020    0.685410    1.385180 ^ _364_/Q (sky130_fd_sc_hd__dfrtp_1)
                                                         rng_rd.mem[1][1] (net)
                      0.128020    0.000041    1.385221 ^ hold32/A (sky130_fd_sc_hd__dlygate4sd3_1)
     2    0.004663    0.121669    1.091796    2.477017 ^ hold32/X (sky130_fd_sc_hd__dlygate4sd3_1)
                                                         net59 (net)
                      0.121669    0.000035    2.477052 ^ _302_/A1 (sky130_fd_sc_hd__mux2_1)
     1    0.002625    0.070156    0.249057    2.726109 ^ _302_/X (sky130_fd_sc_hd__mux2_1)
                                                         _028_ (net)
                      0.070156    0.000028    2.726137 ^ _361_/D (sky130_fd_sc_hd__dfrtp_1)
                                              2.726137   data arrival time

                                  0.000000    0.000000   clock clk_i (rise edge)
                                  0.000000    0.000000   clock source latency
     1    0.018999    0.142997    0.097465    0.097465 ^ clk_i (in)
                                                         clk_i (net)
                      0.143010    0.000000    0.097465 ^ clkbuf_0_clk_i/A (sky130_fd_sc_hd__clkbuf_16)
     8    0.085313    0.155482    0.332710    0.430175 ^ clkbuf_0_clk_i/X (sky130_fd_sc_hd__clkbuf_16)
                                                         clknet_0_clk_i (net)
                      0.155527    0.002532    0.432708 ^ clkbuf_3_2__f_clk_i/A (sky130_fd_sc_hd__clkbuf_16)
     9    0.024041    0.072492    0.266515    0.699223 ^ clkbuf_3_2__f_clk_i/X (sky130_fd_sc_hd__clkbuf_16)
                                                         clknet_3_2__leaf_clk_i (net)
                      0.072492    0.000319    0.699542 ^ _361_/CLK (sky130_fd_sc_hd__dfrtp_1)
                                  0.250000    0.949542   clock uncertainty
                                  0.000000    0.949542   clock reconvergence pessimism
                                 -0.076567    0.872975   library hold time
                                              0.872975   data required time
---------------------------------------------------------------------------------------------
                                              0.872975   data required time
                                             -2.726137   data arrival time
---------------------------------------------------------------------------------------------
                                              1.853161   slack (MET)


Startpoint: _392_ (rising edge-triggered flip-flop clocked by clk_i)
Endpoint: _355_ (rising edge-triggered flip-flop clocked by clk_i)
Path Group: clk_i
Path Type: min

Fanout         Cap        Slew       Delay        Time   Description
---------------------------------------------------------------------------------------------
                                  0.000000    0.000000   clock clk_i (rise edge)
                                  0.000000    0.000000   clock source latency
     1    0.018999    0.142997    0.097465    0.097465 ^ clk_i (in)
                                                         clk_i (net)
                      0.143010    0.000000    0.097465 ^ clkbuf_0_clk_i/A (sky130_fd_sc_hd__clkbuf_16)
     8    0.085313    0.155482    0.332710    0.430175 ^ clkbuf_0_clk_i/X (sky130_fd_sc_hd__clkbuf_16)
                                                         clknet_0_clk_i (net)
                      0.155493    0.001505    0.431681 ^ clkbuf_3_1__f_clk_i/A (sky130_fd_sc_hd__clkbuf_16)
     8    0.023914    0.072338    0.266419    0.698099 ^ clkbuf_3_1__f_clk_i/X (sky130_fd_sc_hd__clkbuf_16)
                                                         clknet_3_1__leaf_clk_i (net)
                      0.072338    0.000169    0.698269 ^ _392_/CLK (sky130_fd_sc_hd__dfrtp_1)
     1    0.002617    0.079000    0.633411    1.331680 ^ _392_/Q (sky130_fd_sc_hd__dfrtp_1)
                                                         rng_rd.wr_pulse (net)
                      0.079000    0.000020    1.331699 ^ _252_/A (sky130_fd_sc_hd__and4_1)
     1    0.003544    0.114376    0.350397    1.682096 ^ _252_/X (sky130_fd_sc_hd__and4_1)
                                                         _139_ (net)
                      0.114376    0.000029    1.682124 ^ fanout12/A (sky130_fd_sc_hd__clkbuf_2)
     5    0.023607    0.208176    0.312812    1.994936 ^ fanout12/X (sky130_fd_sc_hd__clkbuf_2)
                                                         net12 (net)
                      0.208176    0.000060    1.994996 ^ fanout8/A (sky130_fd_sc_hd__clkbuf_4)
    10    0.047796    0.238467    0.436292    2.431289 ^ fanout8/X (sky130_fd_sc_hd__clkbuf_4)
                                                         net8 (net)
                      0.238467    0.000150    2.431439 ^ _297_/S (sky130_fd_sc_hd__mux2_1)
     1    0.002296    0.066542    0.299944    2.731382 ^ _297_/X (sky130_fd_sc_hd__mux2_1)
                                                         _023_ (net)
                      0.066542    0.000020    2.731403 ^ _355_/D (sky130_fd_sc_hd__dfrtp_1)
                                              2.731403   data arrival time

                                  0.000000    0.000000   clock clk_i (rise edge)
                                  0.000000    0.000000   clock source latency
     1    0.018999    0.142997    0.097465    0.097465 ^ clk_i (in)
                                                         clk_i (net)
                      0.143010    0.000000    0.097465 ^ clkbuf_0_clk_i/A (sky130_fd_sc_hd__clkbuf_16)
     8    0.085313    0.155482    0.332710    0.430175 ^ clkbuf_0_clk_i/X (sky130_fd_sc_hd__clkbuf_16)
                                                         clknet_0_clk_i (net)
                      0.155528    0.002552    0.432727 ^ clkbuf_3_3__f_clk_i/A (sky130_fd_sc_hd__clkbuf_16)
     9    0.026391    0.075534    0.269911    0.702639 ^ clkbuf_3_3__f_clk_i/X (sky130_fd_sc_hd__clkbuf_16)
                                                         clknet_3_3__leaf_clk_i (net)
                      0.075534    0.000208    0.702846 ^ _355_/CLK (sky130_fd_sc_hd__dfrtp_1)
                                  0.250000    0.952846   clock uncertainty
                                  0.000000    0.952846   clock reconvergence pessimism
                                 -0.075243    0.877604   library hold time
                                              0.877604   data required time
---------------------------------------------------------------------------------------------
                                              0.877604   data required time
                                             -2.731403   data arrival time
---------------------------------------------------------------------------------------------
                                              1.853799   slack (MET)


Startpoint: _377_ (rising edge-triggered flip-flop clocked by clk_i)
Endpoint: _378_ (rising edge-triggered flip-flop clocked by clk_i)
Path Group: clk_i
Path Type: min

Fanout         Cap        Slew       Delay        Time   Description
---------------------------------------------------------------------------------------------
                                  0.000000    0.000000   clock clk_i (rise edge)
                                  0.000000    0.000000   clock source latency
     1    0.018999    0.142997    0.097465    0.097465 ^ clk_i (in)
                                                         clk_i (net)
                      0.143010    0.000000    0.097465 ^ clkbuf_0_clk_i/A (sky130_fd_sc_hd__clkbuf_16)
     8    0.085313    0.155482    0.332710    0.430175 ^ clkbuf_0_clk_i/X (sky130_fd_sc_hd__clkbuf_16)
                                                         clknet_0_clk_i (net)
                      0.155484    0.000969    0.431144 ^ clkbuf_3_7__f_clk_i/A (sky130_fd_sc_hd__clkbuf_16)
     8    0.025893    0.074884    0.269188    0.700332 ^ clkbuf_3_7__f_clk_i/X (sky130_fd_sc_hd__clkbuf_16)
                                                         clknet_3_7__leaf_clk_i (net)
                      0.074884    0.000256    0.700588 ^ _377_/CLK (sky130_fd_sc_hd__dfrtp_1)
     3    0.010513    0.171948    0.723973    1.424560 ^ _377_/Q (sky130_fd_sc_hd__dfrtp_1)
                                                         rng_rd.vld[7] (net)
                      0.171948    0.000173    1.424733 ^ _318_/A1 (sky130_fd_sc_hd__mux2_1)
     1    0.002262    0.068073    0.265271    1.690004 ^ _318_/X (sky130_fd_sc_hd__mux2_1)
                                                         _044_ (net)
                      0.068073    0.000013    1.690018 ^ hold10/A (sky130_fd_sc_hd__dlygate4sd3_1)
     1    0.002395    0.090101    1.033777    2.723795 ^ hold10/X (sky130_fd_sc_hd__dlygate4sd3_1)
                                                         net37 (net)
                      0.090101    0.000022    2.723816 ^ _378_/D (sky130_fd_sc_hd__dfrtp_1)
                                              2.723816   data arrival time

                                  0.000000    0.000000   clock clk_i (rise edge)
                                  0.000000    0.000000   clock source latency
     1    0.018999    0.142997    0.097465    0.097465 ^ clk_i (in)
                                                         clk_i (net)
                      0.143010    0.000000    0.097465 ^ clkbuf_0_clk_i/A (sky130_fd_sc_hd__clkbuf_16)
     8    0.085313    0.155482    0.332710    0.430175 ^ clkbuf_0_clk_i/X (sky130_fd_sc_hd__clkbuf_16)
                                                         clknet_0_clk_i (net)
                      0.155491    0.001415    0.431590 ^ clkbuf_3_5__f_clk_i/A (sky130_fd_sc_hd__clkbuf_16)
     9    0.025775    0.074726    0.269045    0.700635 ^ clkbuf_3_5__f_clk_i/X (sky130_fd_sc_hd__clkbuf_16)
                                                         clknet_3_5__leaf_clk_i (net)
                      0.074726    0.000083    0.700718 ^ _378_/CLK (sky130_fd_sc_hd__dfrtp_1)
                                  0.250000    0.950718   clock uncertainty
                                  0.000000    0.950718   clock reconvergence pessimism
                                 -0.080752    0.869965   library hold time
                                              0.869965   data required time
---------------------------------------------------------------------------------------------
                                              0.869965   data required time
                                             -2.723816   data arrival time
---------------------------------------------------------------------------------------------
                                              1.853851   slack (MET)


Startpoint: _378_ (rising edge-triggered flip-flop clocked by clk_i)
Endpoint: _379_ (rising edge-triggered flip-flop clocked by clk_i)
Path Group: clk_i
Path Type: min

Fanout         Cap        Slew       Delay        Time   Description
---------------------------------------------------------------------------------------------
                                  0.000000    0.000000   clock clk_i (rise edge)
                                  0.000000    0.000000   clock source latency
     1    0.018999    0.142997    0.097465    0.097465 ^ clk_i (in)
                                                         clk_i (net)
                      0.143010    0.000000    0.097465 ^ clkbuf_0_clk_i/A (sky130_fd_sc_hd__clkbuf_16)
     8    0.085313    0.155482    0.332710    0.430175 ^ clkbuf_0_clk_i/X (sky130_fd_sc_hd__clkbuf_16)
                                                         clknet_0_clk_i (net)
                      0.155491    0.001415    0.431590 ^ clkbuf_3_5__f_clk_i/A (sky130_fd_sc_hd__clkbuf_16)
     9    0.025775    0.074726    0.269045    0.700635 ^ clkbuf_3_5__f_clk_i/X (sky130_fd_sc_hd__clkbuf_16)
                                                         clknet_3_5__leaf_clk_i (net)
                      0.074726    0.000083    0.700718 ^ _378_/CLK (sky130_fd_sc_hd__dfrtp_1)
     2    0.005716    0.117244    0.673339    1.374056 ^ _378_/Q (sky130_fd_sc_hd__dfrtp_1)
                                                         rng_rd.vld[8] (net)
                      0.117244    0.000022    1.374078 ^ hold9/A (sky130_fd_sc_hd__dlygate4sd3_1)
     2    0.005543    0.128764    1.098102    2.472180 ^ hold9/X (sky130_fd_sc_hd__dlygate4sd3_1)
                                                         net36 (net)
                      0.128764    0.000054    2.472234 ^ _319_/A1 (sky130_fd_sc_hd__mux2_1)
     1    0.002957    0.074068    0.256526    2.728760 ^ _319_/X (sky130_fd_sc_hd__mux2_1)
                                                         _045_ (net)
                      0.074068    0.000032    2.728792 ^ _379_/D (sky130_fd_sc_hd__dfrtp_1)
                                              2.728792   data arrival time

                                  0.000000    0.000000   clock clk_i (rise edge)
                                  0.000000    0.000000   clock source latency
     1    0.018999    0.142997    0.097465    0.097465 ^ clk_i (in)
                                                         clk_i (net)
                      0.143010    0.000000    0.097465 ^ clkbuf_0_clk_i/A (sky130_fd_sc_hd__clkbuf_16)
     8    0.085313    0.155482    0.332710    0.430175 ^ clkbuf_0_clk_i/X (sky130_fd_sc_hd__clkbuf_16)
                                                         clknet_0_clk_i (net)
                      0.155491    0.001415    0.431590 ^ clkbuf_3_5__f_clk_i/A (sky130_fd_sc_hd__clkbuf_16)
     9    0.025775    0.074726    0.269045    0.700635 ^ clkbuf_3_5__f_clk_i/X (sky130_fd_sc_hd__clkbuf_16)
                                                         clknet_3_5__leaf_clk_i (net)
                      0.074726    0.000113    0.700748 ^ _379_/CLK (sky130_fd_sc_hd__dfrtp_1)
                                  0.250000    0.950748   clock uncertainty
                                  0.000000    0.950748   clock reconvergence pessimism
                                 -0.077093    0.873655   library hold time
                                              0.873655   data required time
---------------------------------------------------------------------------------------------
                                              0.873655   data required time
                                             -2.728792   data arrival time
---------------------------------------------------------------------------------------------
                                              1.855137   slack (MET)


Startpoint: _365_ (rising edge-triggered flip-flop clocked by clk_i)
Endpoint: _362_ (rising edge-triggered flip-flop clocked by clk_i)
Path Group: clk_i
Path Type: min

Fanout         Cap        Slew       Delay        Time   Description
---------------------------------------------------------------------------------------------
                                  0.000000    0.000000   clock clk_i (rise edge)
                                  0.000000    0.000000   clock source latency
     1    0.018999    0.142997    0.097465    0.097465 ^ clk_i (in)
                                                         clk_i (net)
                      0.143010    0.000000    0.097465 ^ clkbuf_0_clk_i/A (sky130_fd_sc_hd__clkbuf_16)
     8    0.085313    0.155482    0.332710    0.430175 ^ clkbuf_0_clk_i/X (sky130_fd_sc_hd__clkbuf_16)
                                                         clknet_0_clk_i (net)
                      0.155509    0.002071    0.432246 ^ clkbuf_3_0__f_clk_i/A (sky130_fd_sc_hd__clkbuf_16)
    10    0.026272    0.075379    0.269719    0.701965 ^ clkbuf_3_0__f_clk_i/X (sky130_fd_sc_hd__clkbuf_16)
                                                         clknet_3_0__leaf_clk_i (net)
                      0.075379    0.000185    0.702150 ^ _365_/CLK (sky130_fd_sc_hd__dfrtp_1)
     3    0.010544    0.172331    0.724525    1.426675 ^ _365_/Q (sky130_fd_sc_hd__dfrtp_1)
                                                         rng_rd.mem[1][2] (net)
                      0.172331    0.000119    1.426794 ^ _303_/A1 (sky130_fd_sc_hd__mux2_1)
     1    0.002441    0.068175    0.267844    1.694638 ^ _303_/X (sky130_fd_sc_hd__mux2_1)
                                                         _029_ (net)
                      0.068175    0.000024    1.694662 ^ hold43/A (sky130_fd_sc_hd__dlygate4sd3_1)
     1    0.002391    0.087064    1.033755    2.728416 ^ hold43/X (sky130_fd_sc_hd__dlygate4sd3_1)
                                                         net70 (net)
                      0.087064    0.000024    2.728440 ^ _362_/D (sky130_fd_sc_hd__dfrtp_1)
                                              2.728440   data arrival time

                                  0.000000    0.000000   clock clk_i (rise edge)
                                  0.000000    0.000000   clock source latency
     1    0.018999    0.142997    0.097465    0.097465 ^ clk_i (in)
                                                         clk_i (net)
                      0.143010    0.000000    0.097465 ^ clkbuf_0_clk_i/A (sky130_fd_sc_hd__clkbuf_16)
     8    0.085313    0.155482    0.332710    0.430175 ^ clkbuf_0_clk_i/X (sky130_fd_sc_hd__clkbuf_16)
                                                         clknet_0_clk_i (net)
                      0.155509    0.002071    0.432246 ^ clkbuf_3_0__f_clk_i/A (sky130_fd_sc_hd__clkbuf_16)
    10    0.026272    0.075379    0.269719    0.701965 ^ clkbuf_3_0__f_clk_i/X (sky130_fd_sc_hd__clkbuf_16)
                                                         clknet_3_0__leaf_clk_i (net)
                      0.075379    0.000206    0.702171 ^ _362_/CLK (sky130_fd_sc_hd__dfrtp_1)
                                  0.250000    0.952171   clock uncertainty
                                  0.000000    0.952171   clock reconvergence pessimism
                                 -0.079952    0.872219   library hold time
                                              0.872219   data required time
---------------------------------------------------------------------------------------------
                                              0.872219   data required time
                                             -2.728440   data arrival time
---------------------------------------------------------------------------------------------
                                              1.856221   slack (MET)


Startpoint: _362_ (rising edge-triggered flip-flop clocked by clk_i)
Endpoint: _359_ (rising edge-triggered flip-flop clocked by clk_i)
Path Group: clk_i
Path Type: min

Fanout         Cap        Slew       Delay        Time   Description
---------------------------------------------------------------------------------------------
                                  0.000000    0.000000   clock clk_i (rise edge)
                                  0.000000    0.000000   clock source latency
     1    0.018999    0.142997    0.097465    0.097465 ^ clk_i (in)
                                                         clk_i (net)
                      0.143010    0.000000    0.097465 ^ clkbuf_0_clk_i/A (sky130_fd_sc_hd__clkbuf_16)
     8    0.085313    0.155482    0.332710    0.430175 ^ clkbuf_0_clk_i/X (sky130_fd_sc_hd__clkbuf_16)
                                                         clknet_0_clk_i (net)
                      0.155509    0.002071    0.432246 ^ clkbuf_3_0__f_clk_i/A (sky130_fd_sc_hd__clkbuf_16)
    10    0.026272    0.075379    0.269719    0.701965 ^ clkbuf_3_0__f_clk_i/X (sky130_fd_sc_hd__clkbuf_16)
                                                         clknet_3_0__leaf_clk_i (net)
                      0.075379    0.000206    0.702171 ^ _362_/CLK (sky130_fd_sc_hd__dfrtp_1)
     4    0.011482    0.184107    0.734441    1.436612 ^ _362_/Q (sky130_fd_sc_hd__dfrtp_1)
                                                         rng_rd.mem[2][2] (net)
                      0.184107    0.000093    1.436705 ^ _300_/A1 (sky130_fd_sc_hd__mux2_1)
     1    0.001775    0.062020    0.263802    1.700507 ^ _300_/X (sky130_fd_sc_hd__mux2_1)
                                                         _026_ (net)
                      0.062020    0.000007    1.700514 ^ hold38/A (sky130_fd_sc_hd__dlygate4sd3_1)
     1    0.002241    0.087953    1.028781    2.729295 ^ hold38/X (sky130_fd_sc_hd__dlygate4sd3_1)
                                                         net65 (net)
                      0.087953    0.000020    2.729315 ^ _359_/D (sky130_fd_sc_hd__dfrtp_1)
                                              2.729315   data arrival time

                                  0.000000    0.000000   clock clk_i (rise edge)
                                  0.000000    0.000000   clock source latency
     1    0.018999    0.142997    0.097465    0.097465 ^ clk_i (in)
                                                         clk_i (net)
                      0.143010    0.000000    0.097465 ^ clkbuf_0_clk_i/A (sky130_fd_sc_hd__clkbuf_16)
     8    0.085313    0.155482    0.332710    0.430175 ^ clkbuf_0_clk_i/X (sky130_fd_sc_hd__clkbuf_16)
                                                         clknet_0_clk_i (net)
                      0.155528    0.002552    0.432727 ^ clkbuf_3_3__f_clk_i/A (sky130_fd_sc_hd__clkbuf_16)
     9    0.026391    0.075534    0.269911    0.702639 ^ clkbuf_3_3__f_clk_i/X (sky130_fd_sc_hd__clkbuf_16)
                                                         clknet_3_3__leaf_clk_i (net)
                      0.075534    0.000232    0.702871 ^ _359_/CLK (sky130_fd_sc_hd__dfrtp_1)
                                  0.250000    0.952871   clock uncertainty
                                  0.000000    0.952871   clock reconvergence pessimism
                                 -0.080129    0.872741   library hold time
                                              0.872741   data required time
---------------------------------------------------------------------------------------------
                                              0.872741   data required time
                                             -2.729315   data arrival time
---------------------------------------------------------------------------------------------
                                              1.856574   slack (MET)


Startpoint: _384_ (rising edge-triggered flip-flop clocked by clk_i)
Endpoint: _391_ (rising edge-triggered flip-flop clocked by clk_i)
Path Group: clk_i
Path Type: min

Fanout         Cap        Slew       Delay        Time   Description
---------------------------------------------------------------------------------------------
                                  0.000000    0.000000   clock clk_i (rise edge)
                                  0.000000    0.000000   clock source latency
     1    0.018999    0.142997    0.097465    0.097465 ^ clk_i (in)
                                                         clk_i (net)
                      0.143010    0.000000    0.097465 ^ clkbuf_0_clk_i/A (sky130_fd_sc_hd__clkbuf_16)
     8    0.085313    0.155482    0.332710    0.430175 ^ clkbuf_0_clk_i/X (sky130_fd_sc_hd__clkbuf_16)
                                                         clknet_0_clk_i (net)
                      0.155491    0.001415    0.431590 ^ clkbuf_3_5__f_clk_i/A (sky130_fd_sc_hd__clkbuf_16)
     9    0.025775    0.074726    0.269045    0.700635 ^ clkbuf_3_5__f_clk_i/X (sky130_fd_sc_hd__clkbuf_16)
                                                         clknet_3_5__leaf_clk_i (net)
                      0.074727    0.000276    0.700911 ^ _384_/CLK (sky130_fd_sc_hd__dfrtp_1)
     3    0.007232    0.135681    0.689345    1.390255 ^ _384_/Q (sky130_fd_sc_hd__dfrtp_1)
                                                         rng_rd.mem[8][2] (net)
                      0.135681    0.000040    1.390296 ^ hold33/A (sky130_fd_sc_hd__dlygate4sd3_1)
     2    0.004916    0.125098    1.097861    2.488157 ^ hold33/X (sky130_fd_sc_hd__dlygate4sd3_1)
                                                         net60 (net)
                      0.125098    0.000037    2.488194 ^ _332_/A1 (sky130_fd_sc_hd__mux2_1)
     1    0.002342    0.067054    0.246683    2.734877 ^ _332_/X (sky130_fd_sc_hd__mux2_1)
                                                         _056_ (net)
                      0.067054    0.000022    2.734899 ^ _391_/D (sky130_fd_sc_hd__dfrtp_1)
                                              2.734899   data arrival time

                                  0.000000    0.000000   clock clk_i (rise edge)
                                  0.000000    0.000000   clock source latency
     1    0.018999    0.142997    0.097465    0.097465 ^ clk_i (in)
                                                         clk_i (net)
                      0.143010    0.000000    0.097465 ^ clkbuf_0_clk_i/A (sky130_fd_sc_hd__clkbuf_16)
     8    0.085313    0.155482    0.332710    0.430175 ^ clkbuf_0_clk_i/X (sky130_fd_sc_hd__clkbuf_16)
                                                         clknet_0_clk_i (net)
                      0.155491    0.001415    0.431590 ^ clkbuf_3_5__f_clk_i/A (sky130_fd_sc_hd__clkbuf_16)
     9    0.025775    0.074726    0.269045    0.700635 ^ clkbuf_3_5__f_clk_i/X (sky130_fd_sc_hd__clkbuf_16)
                                                         clknet_3_5__leaf_clk_i (net)
                      0.074727    0.000325    0.700960 ^ _391_/CLK (sky130_fd_sc_hd__dfrtp_1)
                                  0.250000    0.950960   clock uncertainty
                                  0.000000    0.950960   clock reconvergence pessimism
                                 -0.075492    0.875468   library hold time
                                              0.875468   data required time
---------------------------------------------------------------------------------------------
                                              0.875468   data required time
                                             -2.734899   data arrival time
---------------------------------------------------------------------------------------------
                                              1.859432   slack (MET)


Startpoint: _351_ (rising edge-triggered flip-flop clocked by clk_i)
Endpoint: _348_ (rising edge-triggered flip-flop clocked by clk_i)
Path Group: clk_i
Path Type: min

Fanout         Cap        Slew       Delay        Time   Description
---------------------------------------------------------------------------------------------
                                  0.000000    0.000000   clock clk_i (rise edge)
                                  0.000000    0.000000   clock source latency
     1    0.018999    0.142997    0.097465    0.097465 ^ clk_i (in)
                                                         clk_i (net)
                      0.143010    0.000000    0.097465 ^ clkbuf_0_clk_i/A (sky130_fd_sc_hd__clkbuf_16)
     8    0.085313    0.155482    0.332710    0.430175 ^ clkbuf_0_clk_i/X (sky130_fd_sc_hd__clkbuf_16)
                                                         clknet_0_clk_i (net)
                      0.155483    0.000940    0.431115 ^ clkbuf_3_6__f_clk_i/A (sky130_fd_sc_hd__clkbuf_16)
     7    0.024938    0.073643    0.267846    0.698961 ^ clkbuf_3_6__f_clk_i/X (sky130_fd_sc_hd__clkbuf_16)
                                                         clknet_3_6__leaf_clk_i (net)
                      0.073643    0.000218    0.699180 ^ _351_/CLK (sky130_fd_sc_hd__dfrtp_1)
     4    0.010578    0.172759    0.724119    1.423298 ^ _351_/Q (sky130_fd_sc_hd__dfrtp_1)
                                                         rng_rd.mem[5][1] (net)
                      0.172759    0.000091    1.423390 ^ _290_/A1 (sky130_fd_sc_hd__mux2_1)
     1    0.002633    0.070326    0.270600    1.693990 ^ _290_/X (sky130_fd_sc_hd__mux2_1)
                                                         _016_ (net)
                      0.070326    0.000031    1.694021 ^ hold45/A (sky130_fd_sc_hd__dlygate4sd3_1)
     1    0.002483    0.091340    1.036119    2.730141 ^ hold45/X (sky130_fd_sc_hd__dlygate4sd3_1)
                                                         net72 (net)
                      0.091340    0.000023    2.730164 ^ _348_/D (sky130_fd_sc_hd__dfrtp_1)
                                              2.730164   data arrival time

                                  0.000000    0.000000   clock clk_i (rise edge)
                                  0.000000    0.000000   clock source latency
     1    0.018999    0.142997    0.097465    0.097465 ^ clk_i (in)
                                                         clk_i (net)
                      0.143010    0.000000    0.097465 ^ clkbuf_0_clk_i/A (sky130_fd_sc_hd__clkbuf_16)
     8    0.085313    0.155482    0.332710    0.430175 ^ clkbuf_0_clk_i/X (sky130_fd_sc_hd__clkbuf_16)
                                                         clknet_0_clk_i (net)
                      0.155484    0.000969    0.431144 ^ clkbuf_3_7__f_clk_i/A (sky130_fd_sc_hd__clkbuf_16)
     8    0.025893    0.074884    0.269188    0.700332 ^ clkbuf_3_7__f_clk_i/X (sky130_fd_sc_hd__clkbuf_16)
                                                         clknet_3_7__leaf_clk_i (net)
                      0.074884    0.000284    0.700616 ^ _348_/CLK (sky130_fd_sc_hd__dfrtp_1)
                                  0.250000    0.950616   clock uncertainty
                                  0.000000    0.950616   clock reconvergence pessimism
                                 -0.081009    0.869606   library hold time
                                              0.869606   data required time
---------------------------------------------------------------------------------------------
                                              0.869606   data required time
                                             -2.730164   data arrival time
---------------------------------------------------------------------------------------------
                                              1.860558   slack (MET)


Startpoint: _377_ (rising edge-triggered flip-flop clocked by clk_i)
Endpoint: _377_ (rising edge-triggered flip-flop clocked by clk_i)
Path Group: clk_i
Path Type: min

Fanout         Cap        Slew       Delay        Time   Description
---------------------------------------------------------------------------------------------
                                  0.000000    0.000000   clock clk_i (rise edge)
                                  0.000000    0.000000   clock source latency
     1    0.018999    0.142997    0.097465    0.097465 ^ clk_i (in)
                                                         clk_i (net)
                      0.143010    0.000000    0.097465 ^ clkbuf_0_clk_i/A (sky130_fd_sc_hd__clkbuf_16)
     8    0.085313    0.155482    0.332710    0.430175 ^ clkbuf_0_clk_i/X (sky130_fd_sc_hd__clkbuf_16)
                                                         clknet_0_clk_i (net)
                      0.155484    0.000969    0.431144 ^ clkbuf_3_7__f_clk_i/A (sky130_fd_sc_hd__clkbuf_16)
     8    0.025893    0.074884    0.269188    0.700332 ^ clkbuf_3_7__f_clk_i/X (sky130_fd_sc_hd__clkbuf_16)
                                                         clknet_3_7__leaf_clk_i (net)
                      0.074884    0.000256    0.700588 ^ _377_/CLK (sky130_fd_sc_hd__dfrtp_1)
     3    0.010513    0.171948    0.723973    1.424560 ^ _377_/Q (sky130_fd_sc_hd__dfrtp_1)
                                                         rng_rd.vld[7] (net)
                      0.171948    0.000055    1.424615 ^ hold16/A (sky130_fd_sc_hd__dlygate4sd3_1)
     1    0.003123    0.095554    1.086383    2.510998 ^ hold16/X (sky130_fd_sc_hd__dlygate4sd3_1)
                                                         net43 (net)
                      0.095554    0.000044    2.511042 ^ _317_/A0 (sky130_fd_sc_hd__mux2_1)
     1    0.002167    0.064757    0.226025    2.737067 ^ _317_/X (sky130_fd_sc_hd__mux2_1)
                                                         _043_ (net)
                      0.064757    0.000019    2.737086 ^ _377_/D (sky130_fd_sc_hd__dfrtp_1)
                                              2.737086   data arrival time

                                  0.000000    0.000000   clock clk_i (rise edge)
                                  0.000000    0.000000   clock source latency
     1    0.018999    0.142997    0.097465    0.097465 ^ clk_i (in)
                                                         clk_i (net)
                      0.143010    0.000000    0.097465 ^ clkbuf_0_clk_i/A (sky130_fd_sc_hd__clkbuf_16)
     8    0.085313    0.155482    0.332710    0.430175 ^ clkbuf_0_clk_i/X (sky130_fd_sc_hd__clkbuf_16)
                                                         clknet_0_clk_i (net)
                      0.155484    0.000969    0.431144 ^ clkbuf_3_7__f_clk_i/A (sky130_fd_sc_hd__clkbuf_16)
     8    0.025893    0.074884    0.269188    0.700332 ^ clkbuf_3_7__f_clk_i/X (sky130_fd_sc_hd__clkbuf_16)
                                                         clknet_3_7__leaf_clk_i (net)
                      0.074884    0.000256    0.700588 ^ _377_/CLK (sky130_fd_sc_hd__dfrtp_1)
                                  0.250000    0.950588   clock uncertainty
                                  0.000000    0.950588   clock reconvergence pessimism
                                 -0.074942    0.875646   library hold time
                                              0.875646   data required time
---------------------------------------------------------------------------------------------
                                              0.875646   data required time
                                             -2.737086   data arrival time
---------------------------------------------------------------------------------------------
                                              1.861440   slack (MET)


Startpoint: _349_ (rising edge-triggered flip-flop clocked by clk_i)
Endpoint: _349_ (rising edge-triggered flip-flop clocked by clk_i)
Path Group: clk_i
Path Type: min

Fanout         Cap        Slew       Delay        Time   Description
---------------------------------------------------------------------------------------------
                                  0.000000    0.000000   clock clk_i (rise edge)
                                  0.000000    0.000000   clock source latency
     1    0.018999    0.142997    0.097465    0.097465 ^ clk_i (in)
                                                         clk_i (net)
                      0.143010    0.000000    0.097465 ^ clkbuf_0_clk_i/A (sky130_fd_sc_hd__clkbuf_16)
     8    0.085313    0.155482    0.332710    0.430175 ^ clkbuf_0_clk_i/X (sky130_fd_sc_hd__clkbuf_16)
                                                         clknet_0_clk_i (net)
                      0.155483    0.000940    0.431115 ^ clkbuf_3_6__f_clk_i/A (sky130_fd_sc_hd__clkbuf_16)
     7    0.024938    0.073643    0.267846    0.698961 ^ clkbuf_3_6__f_clk_i/X (sky130_fd_sc_hd__clkbuf_16)
                                                         clknet_3_6__leaf_clk_i (net)
                      0.073644    0.000309    0.699271 ^ _349_/CLK (sky130_fd_sc_hd__dfrtp_1)
     2    0.007557    0.135275    0.692242    1.391513 ^ _349_/Q (sky130_fd_sc_hd__dfrtp_1)
                                                         rng_rd.mem[6][2] (net)
                      0.135275    0.000037    1.391550 ^ hold27/A (sky130_fd_sc_hd__dlygate4sd3_1)
     2    0.005476    0.127897    1.104406    2.495955 ^ hold27/X (sky130_fd_sc_hd__dlygate4sd3_1)
                                                         net54 (net)
                      0.127897    0.000048    2.496004 ^ _291_/A0 (sky130_fd_sc_hd__mux2_1)
     1    0.002564    0.069549    0.245067    2.741071 ^ _291_/X (sky130_fd_sc_hd__mux2_1)
                                                         _017_ (net)
                      0.069549    0.000028    2.741099 ^ _349_/D (sky130_fd_sc_hd__dfrtp_1)
                                              2.741099   data arrival time

                                  0.000000    0.000000   clock clk_i (rise edge)
                                  0.000000    0.000000   clock source latency
     1    0.018999    0.142997    0.097465    0.097465 ^ clk_i (in)
                                                         clk_i (net)
                      0.143010    0.000000    0.097465 ^ clkbuf_0_clk_i/A (sky130_fd_sc_hd__clkbuf_16)
     8    0.085313    0.155482    0.332710    0.430175 ^ clkbuf_0_clk_i/X (sky130_fd_sc_hd__clkbuf_16)
                                                         clknet_0_clk_i (net)
                      0.155483    0.000940    0.431115 ^ clkbuf_3_6__f_clk_i/A (sky130_fd_sc_hd__clkbuf_16)
     7    0.024938    0.073643    0.267846    0.698961 ^ clkbuf_3_6__f_clk_i/X (sky130_fd_sc_hd__clkbuf_16)
                                                         clknet_3_6__leaf_clk_i (net)
                      0.073644    0.000309    0.699271 ^ _349_/CLK (sky130_fd_sc_hd__dfrtp_1)
                                  0.250000    0.949271   clock uncertainty
                                  0.000000    0.949271   clock reconvergence pessimism
                                 -0.076239    0.873031   library hold time
                                              0.873031   data required time
---------------------------------------------------------------------------------------------
                                              0.873031   data required time
                                             -2.741099   data arrival time
---------------------------------------------------------------------------------------------
                                              1.868067   slack (MET)


Startpoint: _345_ (rising edge-triggered flip-flop clocked by clk_i)
Endpoint: _345_ (rising edge-triggered flip-flop clocked by clk_i)
Path Group: clk_i
Path Type: min

Fanout         Cap        Slew       Delay        Time   Description
---------------------------------------------------------------------------------------------
                                  0.000000    0.000000   clock clk_i (rise edge)
                                  0.000000    0.000000   clock source latency
     1    0.018999    0.142997    0.097465    0.097465 ^ clk_i (in)
                                                         clk_i (net)
                      0.143010    0.000000    0.097465 ^ clkbuf_0_clk_i/A (sky130_fd_sc_hd__clkbuf_16)
     8    0.085313    0.155482    0.332710    0.430175 ^ clkbuf_0_clk_i/X (sky130_fd_sc_hd__clkbuf_16)
                                                         clknet_0_clk_i (net)
                      0.155488    0.001265    0.431441 ^ clkbuf_3_4__f_clk_i/A (sky130_fd_sc_hd__clkbuf_16)
     7    0.023110    0.071328    0.265186    0.696626 ^ clkbuf_3_4__f_clk_i/X (sky130_fd_sc_hd__clkbuf_16)
                                                         clknet_3_4__leaf_clk_i (net)
                      0.071328    0.000160    0.696786 ^ _345_/CLK (sky130_fd_sc_hd__dfrtp_1)
     4    0.012228    0.196486    0.740528    1.437315 ^ _345_/Q (sky130_fd_sc_hd__dfrtp_1)
                                                         rng_rd.mem[10][1] (net)
                      0.196486    0.000079    1.437394 ^ hold61/A (sky130_fd_sc_hd__dlygate4sd3_1)
     1    0.002094    0.085935    1.080296    2.517690 ^ hold61/X (sky130_fd_sc_hd__dlygate4sd3_1)
                                                         net88 (net)
                      0.085935    0.000019    2.517709 ^ _287_/A0 (sky130_fd_sc_hd__mux2_1)
     1    0.002170    0.066917    0.221982    2.739690 ^ _287_/X (sky130_fd_sc_hd__mux2_1)
                                                         _013_ (net)
                      0.066917    0.000011    2.739701 ^ _345_/D (sky130_fd_sc_hd__dfrtp_1)
                                              2.739701   data arrival time

                                  0.000000    0.000000   clock clk_i (rise edge)
                                  0.000000    0.000000   clock source latency
     1    0.018999    0.142997    0.097465    0.097465 ^ clk_i (in)
                                                         clk_i (net)
                      0.143010    0.000000    0.097465 ^ clkbuf_0_clk_i/A (sky130_fd_sc_hd__clkbuf_16)
     8    0.085313    0.155482    0.332710    0.430175 ^ clkbuf_0_clk_i/X (sky130_fd_sc_hd__clkbuf_16)
                                                         clknet_0_clk_i (net)
                      0.155488    0.001265    0.431441 ^ clkbuf_3_4__f_clk_i/A (sky130_fd_sc_hd__clkbuf_16)
     7    0.023110    0.071328    0.265186    0.696626 ^ clkbuf_3_4__f_clk_i/X (sky130_fd_sc_hd__clkbuf_16)
                                                         clknet_3_4__leaf_clk_i (net)
                      0.071328    0.000160    0.696786 ^ _345_/CLK (sky130_fd_sc_hd__dfrtp_1)
                                  0.250000    0.946786   clock uncertainty
                                  0.000000    0.946786   clock reconvergence pessimism
                                 -0.076018    0.870768   library hold time
                                              0.870768   data required time
---------------------------------------------------------------------------------------------
                                              0.870768   data required time
                                             -2.739701   data arrival time
---------------------------------------------------------------------------------------------
                                              1.868934   slack (MET)


Startpoint: _347_ (rising edge-triggered flip-flop clocked by clk_i)
Endpoint: _341_ (rising edge-triggered flip-flop clocked by clk_i)
Path Group: clk_i
Path Type: min

Fanout         Cap        Slew       Delay        Time   Description
---------------------------------------------------------------------------------------------
                                  0.000000    0.000000   clock clk_i (rise edge)
                                  0.000000    0.000000   clock source latency
     1    0.018999    0.142997    0.097465    0.097465 ^ clk_i (in)
                                                         clk_i (net)
                      0.143010    0.000000    0.097465 ^ clkbuf_0_clk_i/A (sky130_fd_sc_hd__clkbuf_16)
     8    0.085313    0.155482    0.332710    0.430175 ^ clkbuf_0_clk_i/X (sky130_fd_sc_hd__clkbuf_16)
                                                         clknet_0_clk_i (net)
                      0.155483    0.000940    0.431115 ^ clkbuf_3_6__f_clk_i/A (sky130_fd_sc_hd__clkbuf_16)
     7    0.024938    0.073643    0.267846    0.698961 ^ clkbuf_3_6__f_clk_i/X (sky130_fd_sc_hd__clkbuf_16)
                                                         clknet_3_6__leaf_clk_i (net)
                      0.073643    0.000064    0.699026 ^ _347_/CLK (sky130_fd_sc_hd__dfrtp_1)
     4    0.012812    0.200535    0.747637    1.446663 ^ _347_/Q (sky130_fd_sc_hd__dfrtp_1)
                                                         rng_rd.mem[6][0] (net)
                      0.200535    0.000165    1.446828 ^ _283_/A1 (sky130_fd_sc_hd__mux2_1)
     1    0.001736    0.061533    0.270175    1.717003 ^ _283_/X (sky130_fd_sc_hd__mux2_1)
                                                         _009_ (net)
                      0.061533    0.000007    1.717009 ^ hold40/A (sky130_fd_sc_hd__dlygate4sd3_1)
     1    0.002262    0.088244    1.028891    2.745901 ^ hold40/X (sky130_fd_sc_hd__dlygate4sd3_1)
                                                         net67 (net)
                      0.088244    0.000021    2.745921 ^ _341_/D (sky130_fd_sc_hd__dfrtp_1)
                                              2.745921   data arrival time

                                  0.000000    0.000000   clock clk_i (rise edge)
                                  0.000000    0.000000   clock source latency
     1    0.018999    0.142997    0.097465    0.097465 ^ clk_i (in)
                                                         clk_i (net)
                      0.143010    0.000000    0.097465 ^ clkbuf_0_clk_i/A (sky130_fd_sc_hd__clkbuf_16)
     8    0.085313    0.155482    0.332710    0.430175 ^ clkbuf_0_clk_i/X (sky130_fd_sc_hd__clkbuf_16)
                                                         clknet_0_clk_i (net)
                      0.155484    0.000969    0.431144 ^ clkbuf_3_7__f_clk_i/A (sky130_fd_sc_hd__clkbuf_16)
     8    0.025893    0.074884    0.269188    0.700332 ^ clkbuf_3_7__f_clk_i/X (sky130_fd_sc_hd__clkbuf_16)
                                                         clknet_3_7__leaf_clk_i (net)
                      0.074885    0.000326    0.700657 ^ _341_/CLK (sky130_fd_sc_hd__dfrtp_1)
                                  0.250000    0.950657   clock uncertainty
                                  0.000000    0.950657   clock reconvergence pessimism
                                 -0.080303    0.870355   library hold time
                                              0.870355   data required time
---------------------------------------------------------------------------------------------
                                              0.870355   data required time
                                             -2.745921   data arrival time
---------------------------------------------------------------------------------------------
                                              1.875567   slack (MET)


Startpoint: _343_ (rising edge-triggered flip-flop clocked by clk_i)
Endpoint: _384_ (rising edge-triggered flip-flop clocked by clk_i)
Path Group: clk_i
Path Type: min

Fanout         Cap        Slew       Delay        Time   Description
---------------------------------------------------------------------------------------------
                                  0.000000    0.000000   clock clk_i (rise edge)
                                  0.000000    0.000000   clock source latency
     1    0.018999    0.142997    0.097465    0.097465 ^ clk_i (in)
                                                         clk_i (net)
                      0.143010    0.000000    0.097465 ^ clkbuf_0_clk_i/A (sky130_fd_sc_hd__clkbuf_16)
     8    0.085313    0.155482    0.332710    0.430175 ^ clkbuf_0_clk_i/X (sky130_fd_sc_hd__clkbuf_16)
                                                         clknet_0_clk_i (net)
                      0.155484    0.000969    0.431144 ^ clkbuf_3_7__f_clk_i/A (sky130_fd_sc_hd__clkbuf_16)
     8    0.025893    0.074884    0.269188    0.700332 ^ clkbuf_3_7__f_clk_i/X (sky130_fd_sc_hd__clkbuf_16)
                                                         clknet_3_7__leaf_clk_i (net)
                      0.074884    0.000177    0.700509 ^ _343_/CLK (sky130_fd_sc_hd__dfrtp_1)
     4    0.011943    0.189937    0.739062    1.439570 ^ _343_/Q (sky130_fd_sc_hd__dfrtp_1)
                                                         rng_rd.mem[7][2] (net)
                      0.189937    0.000143    1.439713 ^ _324_/A1 (sky130_fd_sc_hd__mux2_1)
     1    0.002458    0.068353    0.275451    1.715165 ^ _324_/X (sky130_fd_sc_hd__mux2_1)
                                                         _050_ (net)
                      0.068353    0.000026    1.715191 ^ hold34/A (sky130_fd_sc_hd__dlygate4sd3_1)
     1    0.002406    0.090257    1.034071    2.749262 ^ hold34/X (sky130_fd_sc_hd__dlygate4sd3_1)
                                                         net61 (net)
                      0.090257    0.000023    2.749285 ^ _384_/D (sky130_fd_sc_hd__dfrtp_1)
                                              2.749285   data arrival time

                                  0.000000    0.000000   clock clk_i (rise edge)
                                  0.000000    0.000000   clock source latency
     1    0.018999    0.142997    0.097465    0.097465 ^ clk_i (in)
                                                         clk_i (net)
                      0.143010    0.000000    0.097465 ^ clkbuf_0_clk_i/A (sky130_fd_sc_hd__clkbuf_16)
     8    0.085313    0.155482    0.332710    0.430175 ^ clkbuf_0_clk_i/X (sky130_fd_sc_hd__clkbuf_16)
                                                         clknet_0_clk_i (net)
                      0.155491    0.001415    0.431590 ^ clkbuf_3_5__f_clk_i/A (sky130_fd_sc_hd__clkbuf_16)
     9    0.025775    0.074726    0.269045    0.700635 ^ clkbuf_3_5__f_clk_i/X (sky130_fd_sc_hd__clkbuf_16)
                                                         clknet_3_5__leaf_clk_i (net)
                      0.074727    0.000276    0.700911 ^ _384_/CLK (sky130_fd_sc_hd__dfrtp_1)
                                  0.250000    0.950911   clock uncertainty
                                  0.000000    0.950911   clock reconvergence pessimism
                                 -0.080788    0.870123   library hold time
                                              0.870123   data required time
---------------------------------------------------------------------------------------------
                                              0.870123   data required time
                                             -2.749285   data arrival time
---------------------------------------------------------------------------------------------
                                              1.879162   slack (MET)


Startpoint: _355_ (rising edge-triggered flip-flop clocked by clk_i)
Endpoint: _352_ (rising edge-triggered flip-flop clocked by clk_i)
Path Group: clk_i
Path Type: min

Fanout         Cap        Slew       Delay        Time   Description
---------------------------------------------------------------------------------------------
                                  0.000000    0.000000   clock clk_i (rise edge)
                                  0.000000    0.000000   clock source latency
     1    0.018999    0.142997    0.097465    0.097465 ^ clk_i (in)
                                                         clk_i (net)
                      0.143010    0.000000    0.097465 ^ clkbuf_0_clk_i/A (sky130_fd_sc_hd__clkbuf_16)
     8    0.085313    0.155482    0.332710    0.430175 ^ clkbuf_0_clk_i/X (sky130_fd_sc_hd__clkbuf_16)
                                                         clknet_0_clk_i (net)
                      0.155528    0.002552    0.432727 ^ clkbuf_3_3__f_clk_i/A (sky130_fd_sc_hd__clkbuf_16)
     9    0.026391    0.075534    0.269911    0.702639 ^ clkbuf_3_3__f_clk_i/X (sky130_fd_sc_hd__clkbuf_16)
                                                         clknet_3_3__leaf_clk_i (net)
                      0.075534    0.000208    0.702846 ^ _355_/CLK (sky130_fd_sc_hd__dfrtp_1)
     3    0.007081    0.129466    0.688093    1.390939 ^ _355_/Q (sky130_fd_sc_hd__dfrtp_1)
                                                         rng_rd.mem[4][2] (net)
                      0.129466    0.000049    1.390988 ^ hold41/A (sky130_fd_sc_hd__dlygate4sd3_1)
     2    0.006230    0.137757    1.111169    2.502157 ^ hold41/X (sky130_fd_sc_hd__dlygate4sd3_1)
                                                         net68 (net)
                      0.137757    0.000021    2.502178 ^ _294_/A1 (sky130_fd_sc_hd__mux2_1)
     1    0.002315    0.066752    0.251637    2.753815 ^ _294_/X (sky130_fd_sc_hd__mux2_1)
                                                         _020_ (net)
                      0.066752    0.000020    2.753835 ^ _352_/D (sky130_fd_sc_hd__dfrtp_1)
                                              2.753835   data arrival time

                                  0.000000    0.000000   clock clk_i (rise edge)
                                  0.000000    0.000000   clock source latency
     1    0.018999    0.142997    0.097465    0.097465 ^ clk_i (in)
                                                         clk_i (net)
                      0.143010    0.000000    0.097465 ^ clkbuf_0_clk_i/A (sky130_fd_sc_hd__clkbuf_16)
     8    0.085313    0.155482    0.332710    0.430175 ^ clkbuf_0_clk_i/X (sky130_fd_sc_hd__clkbuf_16)
                                                         clknet_0_clk_i (net)
                      0.155483    0.000940    0.431115 ^ clkbuf_3_6__f_clk_i/A (sky130_fd_sc_hd__clkbuf_16)
     7    0.024938    0.073643    0.267846    0.698961 ^ clkbuf_3_6__f_clk_i/X (sky130_fd_sc_hd__clkbuf_16)
                                                         clknet_3_6__leaf_clk_i (net)
                      0.073644    0.000300    0.699261 ^ _352_/CLK (sky130_fd_sc_hd__dfrtp_1)
                                  0.250000    0.949261   clock uncertainty
                                  0.000000    0.949261   clock reconvergence pessimism
                                 -0.075601    0.873661   library hold time
                                              0.873661   data required time
---------------------------------------------------------------------------------------------
                                              0.873661   data required time
                                             -2.753835   data arrival time
---------------------------------------------------------------------------------------------
                                              1.880174   slack (MET)


Startpoint: _382_ (rising edge-triggered flip-flop clocked by clk_i)
Endpoint: _382_ (rising edge-triggered flip-flop clocked by clk_i)
Path Group: clk_i
Path Type: min

Fanout         Cap        Slew       Delay        Time   Description
---------------------------------------------------------------------------------------------
                                  0.000000    0.000000   clock clk_i (rise edge)
                                  0.000000    0.000000   clock source latency
     1    0.018999    0.142997    0.097465    0.097465 ^ clk_i (in)
                                                         clk_i (net)
                      0.143010    0.000000    0.097465 ^ clkbuf_0_clk_i/A (sky130_fd_sc_hd__clkbuf_16)
     8    0.085313    0.155482    0.332710    0.430175 ^ clkbuf_0_clk_i/X (sky130_fd_sc_hd__clkbuf_16)
                                                         clknet_0_clk_i (net)
                      0.155484    0.000969    0.431144 ^ clkbuf_3_7__f_clk_i/A (sky130_fd_sc_hd__clkbuf_16)
     8    0.025893    0.074884    0.269188    0.700332 ^ clkbuf_3_7__f_clk_i/X (sky130_fd_sc_hd__clkbuf_16)
                                                         clknet_3_7__leaf_clk_i (net)
                      0.074884    0.000209    0.700541 ^ _382_/CLK (sky130_fd_sc_hd__dfrtp_1)
     3    0.008304    0.148718    0.700736    1.401277 ^ _382_/Q (sky130_fd_sc_hd__dfrtp_1)
                                                         rng_rd.mem[8][0] (net)
                      0.148718    0.000037    1.401314 ^ hold50/A (sky130_fd_sc_hd__dlygate4sd3_1)
     2    0.005519    0.128451    1.110222    2.511536 ^ hold50/X (sky130_fd_sc_hd__dlygate4sd3_1)
                                                         net77 (net)
                      0.128451    0.000024    2.511560 ^ _322_/A0 (sky130_fd_sc_hd__mux2_1)
     1    0.002441    0.068165    0.243645    2.755205 ^ _322_/X (sky130_fd_sc_hd__mux2_1)
                                                         _048_ (net)
                      0.068165    0.000024    2.755229 ^ _382_/D (sky130_fd_sc_hd__dfrtp_1)
                                              2.755229   data arrival time

                                  0.000000    0.000000   clock clk_i (rise edge)
                                  0.000000    0.000000   clock source latency
     1    0.018999    0.142997    0.097465    0.097465 ^ clk_i (in)
                                                         clk_i (net)
                      0.143010    0.000000    0.097465 ^ clkbuf_0_clk_i/A (sky130_fd_sc_hd__clkbuf_16)
     8    0.085313    0.155482    0.332710    0.430175 ^ clkbuf_0_clk_i/X (sky130_fd_sc_hd__clkbuf_16)
                                                         clknet_0_clk_i (net)
                      0.155484    0.000969    0.431144 ^ clkbuf_3_7__f_clk_i/A (sky130_fd_sc_hd__clkbuf_16)
     8    0.025893    0.074884    0.269188    0.700332 ^ clkbuf_3_7__f_clk_i/X (sky130_fd_sc_hd__clkbuf_16)
                                                         clknet_3_7__leaf_clk_i (net)
                      0.074884    0.000209    0.700541 ^ _382_/CLK (sky130_fd_sc_hd__dfrtp_1)
                                  0.250000    0.950541   clock uncertainty
                                  0.000000    0.950541   clock reconvergence pessimism
                                 -0.075720    0.874821   library hold time
                                              0.874821   data required time
---------------------------------------------------------------------------------------------
                                              0.874821   data required time
                                             -2.755229   data arrival time
---------------------------------------------------------------------------------------------
                                              1.880408   slack (MET)


Startpoint: _369_ (rising edge-triggered flip-flop clocked by clk_i)
Endpoint: _365_ (rising edge-triggered flip-flop clocked by clk_i)
Path Group: clk_i
Path Type: min

Fanout         Cap        Slew       Delay        Time   Description
---------------------------------------------------------------------------------------------
                                  0.000000    0.000000   clock clk_i (rise edge)
                                  0.000000    0.000000   clock source latency
     1    0.018999    0.142997    0.097465    0.097465 ^ clk_i (in)
                                                         clk_i (net)
                      0.143010    0.000000    0.097465 ^ clkbuf_0_clk_i/A (sky130_fd_sc_hd__clkbuf_16)
     8    0.085313    0.155482    0.332710    0.430175 ^ clkbuf_0_clk_i/X (sky130_fd_sc_hd__clkbuf_16)
                                                         clknet_0_clk_i (net)
                      0.155509    0.002071    0.432246 ^ clkbuf_3_0__f_clk_i/A (sky130_fd_sc_hd__clkbuf_16)
    10    0.026272    0.075379    0.269719    0.701965 ^ clkbuf_3_0__f_clk_i/X (sky130_fd_sc_hd__clkbuf_16)
                                                         clknet_3_0__leaf_clk_i (net)
                      0.075380    0.000365    0.702330 ^ _369_/CLK (sky130_fd_sc_hd__dfrtp_1)
     4    0.011904    0.189435    0.738905    1.441235 ^ _369_/Q (sky130_fd_sc_hd__dfrtp_1)
                                                         net6 (net)
                      0.189435    0.000057    1.441291 ^ _306_/A1 (sky130_fd_sc_hd__mux2_1)
     1    0.002528    0.069153    0.276194    1.717485 ^ _306_/X (sky130_fd_sc_hd__mux2_1)
                                                         _032_ (net)
                      0.069153    0.000028    1.717513 ^ hold52/A (sky130_fd_sc_hd__dlygate4sd3_1)
     1    0.002409    0.090303    1.034469    2.751982 ^ hold52/X (sky130_fd_sc_hd__dlygate4sd3_1)
                                                         net79 (net)
                      0.090303    0.000023    2.752005 ^ _365_/D (sky130_fd_sc_hd__dfrtp_1)
                                              2.752005   data arrival time

                                  0.000000    0.000000   clock clk_i (rise edge)
                                  0.000000    0.000000   clock source latency
     1    0.018999    0.142997    0.097465    0.097465 ^ clk_i (in)
                                                         clk_i (net)
                      0.143010    0.000000    0.097465 ^ clkbuf_0_clk_i/A (sky130_fd_sc_hd__clkbuf_16)
     8    0.085313    0.155482    0.332710    0.430175 ^ clkbuf_0_clk_i/X (sky130_fd_sc_hd__clkbuf_16)
                                                         clknet_0_clk_i (net)
                      0.155509    0.002071    0.432246 ^ clkbuf_3_0__f_clk_i/A (sky130_fd_sc_hd__clkbuf_16)
    10    0.026272    0.075379    0.269719    0.701965 ^ clkbuf_3_0__f_clk_i/X (sky130_fd_sc_hd__clkbuf_16)
                                                         clknet_3_0__leaf_clk_i (net)
                      0.075379    0.000185    0.702150 ^ _365_/CLK (sky130_fd_sc_hd__dfrtp_1)
                                  0.250000    0.952150   clock uncertainty
                                  0.000000    0.952150   clock reconvergence pessimism
                                 -0.080691    0.871458   library hold time
                                              0.871458   data required time
---------------------------------------------------------------------------------------------
                                              0.871458   data required time
                                             -2.752005   data arrival time
---------------------------------------------------------------------------------------------
                                              1.880547   slack (MET)


Startpoint: _343_ (rising edge-triggered flip-flop clocked by clk_i)
Endpoint: _343_ (rising edge-triggered flip-flop clocked by clk_i)
Path Group: clk_i
Path Type: min

Fanout         Cap        Slew       Delay        Time   Description
---------------------------------------------------------------------------------------------
                                  0.000000    0.000000   clock clk_i (rise edge)
                                  0.000000    0.000000   clock source latency
     1    0.018999    0.142997    0.097465    0.097465 ^ clk_i (in)
                                                         clk_i (net)
                      0.143010    0.000000    0.097465 ^ clkbuf_0_clk_i/A (sky130_fd_sc_hd__clkbuf_16)
     8    0.085313    0.155482    0.332710    0.430175 ^ clkbuf_0_clk_i/X (sky130_fd_sc_hd__clkbuf_16)
                                                         clknet_0_clk_i (net)
                      0.155484    0.000969    0.431144 ^ clkbuf_3_7__f_clk_i/A (sky130_fd_sc_hd__clkbuf_16)
     8    0.025893    0.074884    0.269188    0.700332 ^ clkbuf_3_7__f_clk_i/X (sky130_fd_sc_hd__clkbuf_16)
                                                         clknet_3_7__leaf_clk_i (net)
                      0.074884    0.000177    0.700509 ^ _343_/CLK (sky130_fd_sc_hd__dfrtp_1)
     4    0.011943    0.189937    0.739062    1.439570 ^ _343_/Q (sky130_fd_sc_hd__dfrtp_1)
                                                         rng_rd.mem[7][2] (net)
                      0.189937    0.000120    1.439690 ^ _285_/A0 (sky130_fd_sc_hd__mux2_1)
     1    0.003121    0.076021    0.278859    1.718550 ^ _285_/X (sky130_fd_sc_hd__mux2_1)
                                                         _011_ (net)
                      0.076021    0.000042    1.718592 ^ hold28/A (sky130_fd_sc_hd__dlygate4sd3_1)
     1    0.002143    0.086608    1.033384    2.751976 ^ hold28/X (sky130_fd_sc_hd__dlygate4sd3_1)
                                                         net55 (net)
                      0.086608    0.000010    2.751986 ^ _343_/D (sky130_fd_sc_hd__dfrtp_1)
                                              2.751986   data arrival time

                                  0.000000    0.000000   clock clk_i (rise edge)
                                  0.000000    0.000000   clock source latency
     1    0.018999    0.142997    0.097465    0.097465 ^ clk_i (in)
                                                         clk_i (net)
                      0.143010    0.000000    0.097465 ^ clkbuf_0_clk_i/A (sky130_fd_sc_hd__clkbuf_16)
     8    0.085313    0.155482    0.332710    0.430175 ^ clkbuf_0_clk_i/X (sky130_fd_sc_hd__clkbuf_16)
                                                         clknet_0_clk_i (net)
                      0.155484    0.000969    0.431144 ^ clkbuf_3_7__f_clk_i/A (sky130_fd_sc_hd__clkbuf_16)
     8    0.025893    0.074884    0.269188    0.700332 ^ clkbuf_3_7__f_clk_i/X (sky130_fd_sc_hd__clkbuf_16)
                                                         clknet_3_7__leaf_clk_i (net)
                      0.074884    0.000177    0.700509 ^ _343_/CLK (sky130_fd_sc_hd__dfrtp_1)
                                  0.250000    0.950509   clock uncertainty
                                  0.000000    0.950509   clock reconvergence pessimism
                                 -0.079929    0.870579   library hold time
                                              0.870579   data required time
---------------------------------------------------------------------------------------------
                                              0.870579   data required time
                                             -2.751986   data arrival time
---------------------------------------------------------------------------------------------
                                              1.881407   slack (MET)


Startpoint: _392_ (rising edge-triggered flip-flop clocked by clk_i)
Endpoint: _389_ (rising edge-triggered flip-flop clocked by clk_i)
Path Group: clk_i
Path Type: min

Fanout         Cap        Slew       Delay        Time   Description
---------------------------------------------------------------------------------------------
                                  0.000000    0.000000   clock clk_i (rise edge)
                                  0.000000    0.000000   clock source latency
     1    0.018999    0.142997    0.097465    0.097465 ^ clk_i (in)
                                                         clk_i (net)
                      0.143010    0.000000    0.097465 ^ clkbuf_0_clk_i/A (sky130_fd_sc_hd__clkbuf_16)
     8    0.085313    0.155482    0.332710    0.430175 ^ clkbuf_0_clk_i/X (sky130_fd_sc_hd__clkbuf_16)
                                                         clknet_0_clk_i (net)
                      0.155493    0.001505    0.431681 ^ clkbuf_3_1__f_clk_i/A (sky130_fd_sc_hd__clkbuf_16)
     8    0.023914    0.072338    0.266419    0.698099 ^ clkbuf_3_1__f_clk_i/X (sky130_fd_sc_hd__clkbuf_16)
                                                         clknet_3_1__leaf_clk_i (net)
                      0.072338    0.000169    0.698269 ^ _392_/CLK (sky130_fd_sc_hd__dfrtp_1)
     1    0.002617    0.079000    0.633411    1.331680 ^ _392_/Q (sky130_fd_sc_hd__dfrtp_1)
                                                         rng_rd.wr_pulse (net)
                      0.079000    0.000020    1.331699 ^ _252_/A (sky130_fd_sc_hd__and4_1)
     1    0.003544    0.114376    0.350397    1.682096 ^ _252_/X (sky130_fd_sc_hd__and4_1)
                                                         _139_ (net)
                      0.114376    0.000029    1.682124 ^ fanout12/A (sky130_fd_sc_hd__clkbuf_2)
     5    0.023607    0.208176    0.312812    1.994936 ^ fanout12/X (sky130_fd_sc_hd__clkbuf_2)
                                                         net12 (net)
                      0.208176    0.000264    1.995201 ^ fanout11/A (sky130_fd_sc_hd__buf_2)
     8    0.038233    0.301879    0.429230    2.424431 ^ fanout11/X (sky130_fd_sc_hd__buf_2)
                                                         net11 (net)
                      0.301879    0.000985    2.425416 ^ _330_/S (sky130_fd_sc_hd__mux2_1)
     1    0.003083    0.075560    0.330907    2.756323 ^ _330_/X (sky130_fd_sc_hd__mux2_1)
                                                         _054_ (net)
                      0.075560    0.000041    2.756364 ^ _389_/D (sky130_fd_sc_hd__dfrtp_1)
                                              2.756364   data arrival time

                                  0.000000    0.000000   clock clk_i (rise edge)
                                  0.000000    0.000000   clock source latency
     1    0.018999    0.142997    0.097465    0.097465 ^ clk_i (in)
                                                         clk_i (net)
                      0.143010    0.000000    0.097465 ^ clkbuf_0_clk_i/A (sky130_fd_sc_hd__clkbuf_16)
     8    0.085313    0.155482    0.332710    0.430175 ^ clkbuf_0_clk_i/X (sky130_fd_sc_hd__clkbuf_16)
                                                         clknet_0_clk_i (net)
                      0.155491    0.001415    0.431590 ^ clkbuf_3_5__f_clk_i/A (sky130_fd_sc_hd__clkbuf_16)
     9    0.025775    0.074726    0.269045    0.700635 ^ clkbuf_3_5__f_clk_i/X (sky130_fd_sc_hd__clkbuf_16)
                                                         clknet_3_5__leaf_clk_i (net)
                      0.074726    0.000159    0.700794 ^ _389_/CLK (sky130_fd_sc_hd__dfrtp_1)
                                  0.250000    0.950793   clock uncertainty
                                  0.000000    0.950793   clock reconvergence pessimism
                                 -0.077433    0.873360   library hold time
                                              0.873360   data required time
---------------------------------------------------------------------------------------------
                                              0.873360   data required time
                                             -2.756364   data arrival time
---------------------------------------------------------------------------------------------
                                              1.883004   slack (MET)


Startpoint: _391_ (rising edge-triggered flip-flop clocked by clk_i)
Endpoint: _346_ (rising edge-triggered flip-flop clocked by clk_i)
Path Group: clk_i
Path Type: min

Fanout         Cap        Slew       Delay        Time   Description
---------------------------------------------------------------------------------------------
                                  0.000000    0.000000   clock clk_i (rise edge)
                                  0.000000    0.000000   clock source latency
     1    0.018999    0.142997    0.097465    0.097465 ^ clk_i (in)
                                                         clk_i (net)
                      0.143010    0.000000    0.097465 ^ clkbuf_0_clk_i/A (sky130_fd_sc_hd__clkbuf_16)
     8    0.085313    0.155482    0.332710    0.430175 ^ clkbuf_0_clk_i/X (sky130_fd_sc_hd__clkbuf_16)
                                                         clknet_0_clk_i (net)
                      0.155491    0.001415    0.431590 ^ clkbuf_3_5__f_clk_i/A (sky130_fd_sc_hd__clkbuf_16)
     9    0.025775    0.074726    0.269045    0.700635 ^ clkbuf_3_5__f_clk_i/X (sky130_fd_sc_hd__clkbuf_16)
                                                         clknet_3_5__leaf_clk_i (net)
                      0.074727    0.000325    0.700960 ^ _391_/CLK (sky130_fd_sc_hd__dfrtp_1)
     2    0.007614    0.135971    0.693323    1.394282 ^ _391_/Q (sky130_fd_sc_hd__dfrtp_1)
                                                         rng_rd.mem[9][2] (net)
                      0.135971    0.000078    1.394360 ^ hold36/A (sky130_fd_sc_hd__dlygate4sd3_1)
     2    0.005840    0.132635    1.109043    2.503403 ^ hold36/X (sky130_fd_sc_hd__dlygate4sd3_1)
                                                         net63 (net)
                      0.132635    0.000086    2.503489 ^ _288_/A1 (sky130_fd_sc_hd__mux2_1)
     1    0.002981    0.074356    0.258471    2.761961 ^ _288_/X (sky130_fd_sc_hd__mux2_1)
                                                         _014_ (net)
                      0.074356    0.000034    2.761995 ^ _346_/D (sky130_fd_sc_hd__dfrtp_1)
                                              2.761995   data arrival time

                                  0.000000    0.000000   clock clk_i (rise edge)
                                  0.000000    0.000000   clock source latency
     1    0.018999    0.142997    0.097465    0.097465 ^ clk_i (in)
                                                         clk_i (net)
                      0.143010    0.000000    0.097465 ^ clkbuf_0_clk_i/A (sky130_fd_sc_hd__clkbuf_16)
     8    0.085313    0.155482    0.332710    0.430175 ^ clkbuf_0_clk_i/X (sky130_fd_sc_hd__clkbuf_16)
                                                         clknet_0_clk_i (net)
                      0.155491    0.001415    0.431590 ^ clkbuf_3_5__f_clk_i/A (sky130_fd_sc_hd__clkbuf_16)
     9    0.025775    0.074726    0.269045    0.700635 ^ clkbuf_3_5__f_clk_i/X (sky130_fd_sc_hd__clkbuf_16)
                                                         clknet_3_5__leaf_clk_i (net)
                      0.074727    0.000342    0.700977 ^ _346_/CLK (sky130_fd_sc_hd__dfrtp_1)
                                  0.250000    0.950977   clock uncertainty
                                  0.000000    0.950977   clock reconvergence pessimism
                                 -0.077159    0.873818   library hold time
                                              0.873818   data required time
---------------------------------------------------------------------------------------------
                                              0.873818   data required time
                                             -2.761995   data arrival time
---------------------------------------------------------------------------------------------
                                              1.888176   slack (MET)


Startpoint: _379_ (rising edge-triggered flip-flop clocked by clk_i)
Endpoint: _380_ (rising edge-triggered flip-flop clocked by clk_i)
Path Group: clk_i
Path Type: min

Fanout         Cap        Slew       Delay        Time   Description
---------------------------------------------------------------------------------------------
                                  0.000000    0.000000   clock clk_i (rise edge)
                                  0.000000    0.000000   clock source latency
     1    0.018999    0.142997    0.097465    0.097465 ^ clk_i (in)
                                                         clk_i (net)
                      0.143010    0.000000    0.097465 ^ clkbuf_0_clk_i/A (sky130_fd_sc_hd__clkbuf_16)
     8    0.085313    0.155482    0.332710    0.430175 ^ clkbuf_0_clk_i/X (sky130_fd_sc_hd__clkbuf_16)
                                                         clknet_0_clk_i (net)
                      0.155491    0.001415    0.431590 ^ clkbuf_3_5__f_clk_i/A (sky130_fd_sc_hd__clkbuf_16)
     9    0.025775    0.074726    0.269045    0.700635 ^ clkbuf_3_5__f_clk_i/X (sky130_fd_sc_hd__clkbuf_16)
                                                         clknet_3_5__leaf_clk_i (net)
                      0.074726    0.000113    0.700748 ^ _379_/CLK (sky130_fd_sc_hd__dfrtp_1)
     3    0.012337    0.194917    0.743142    1.443889 ^ _379_/Q (sky130_fd_sc_hd__dfrtp_1)
                                                         rng_rd.vld[9] (net)
                      0.194917    0.000206    1.444095 ^ _320_/A1 (sky130_fd_sc_hd__mux2_1)
     1    0.002113    0.064215    0.272894    1.716989 ^ _320_/X (sky130_fd_sc_hd__mux2_1)
                                                         _046_ (net)
                      0.064215    0.000020    1.717009 ^ hold12/A (sky130_fd_sc_hd__dlygate4sd3_1)
     1    0.002765    0.091217    1.037780    2.754790 ^ hold12/X (sky130_fd_sc_hd__dlygate4sd3_1)
                                                         net39 (net)
                      0.091217    0.000030    2.754820 ^ _380_/D (sky130_fd_sc_hd__dfrtp_1)
                                              2.754820   data arrival time

                                  0.000000    0.000000   clock clk_i (rise edge)
                                  0.000000    0.000000   clock source latency
     1    0.018999    0.142997    0.097465    0.097465 ^ clk_i (in)
                                                         clk_i (net)
                      0.143010    0.000000    0.097465 ^ clkbuf_0_clk_i/A (sky130_fd_sc_hd__clkbuf_16)
     8    0.085313    0.155482    0.332710    0.430175 ^ clkbuf_0_clk_i/X (sky130_fd_sc_hd__clkbuf_16)
                                                         clknet_0_clk_i (net)
                      0.155488    0.001265    0.431441 ^ clkbuf_3_4__f_clk_i/A (sky130_fd_sc_hd__clkbuf_16)
     7    0.023110    0.071328    0.265186    0.696626 ^ clkbuf_3_4__f_clk_i/X (sky130_fd_sc_hd__clkbuf_16)
                                                         clknet_3_4__leaf_clk_i (net)
                      0.071328    0.000272    0.696898 ^ _380_/CLK (sky130_fd_sc_hd__dfrtp_1)
                                  0.250000    0.946898   clock uncertainty
                                  0.000000    0.946898   clock reconvergence pessimism
                                 -0.081565    0.865333   library hold time
                                              0.865333   data required time
---------------------------------------------------------------------------------------------
                                              0.865333   data required time
                                             -2.754820   data arrival time
---------------------------------------------------------------------------------------------
                                              1.889487   slack (MET)


Startpoint: _350_ (rising edge-triggered flip-flop clocked by clk_i)
Endpoint: _347_ (rising edge-triggered flip-flop clocked by clk_i)
Path Group: clk_i
Path Type: min

Fanout         Cap        Slew       Delay        Time   Description
---------------------------------------------------------------------------------------------
                                  0.000000    0.000000   clock clk_i (rise edge)
                                  0.000000    0.000000   clock source latency
     1    0.018999    0.142997    0.097465    0.097465 ^ clk_i (in)
                                                         clk_i (net)
                      0.143010    0.000000    0.097465 ^ clkbuf_0_clk_i/A (sky130_fd_sc_hd__clkbuf_16)
     8    0.085313    0.155482    0.332710    0.430175 ^ clkbuf_0_clk_i/X (sky130_fd_sc_hd__clkbuf_16)
                                                         clknet_0_clk_i (net)
                      0.155483    0.000940    0.431115 ^ clkbuf_3_6__f_clk_i/A (sky130_fd_sc_hd__clkbuf_16)
     7    0.024938    0.073643    0.267846    0.698961 ^ clkbuf_3_6__f_clk_i/X (sky130_fd_sc_hd__clkbuf_16)
                                                         clknet_3_6__leaf_clk_i (net)
                      0.073643    0.000216    0.699177 ^ _350_/CLK (sky130_fd_sc_hd__dfrtp_1)
     4    0.012812    0.200507    0.747709    1.446886 ^ _350_/Q (sky130_fd_sc_hd__dfrtp_1)
                                                         rng_rd.mem[5][0] (net)
                      0.200507    0.000029    1.446915 ^ _289_/A1 (sky130_fd_sc_hd__mux2_1)
     1    0.002726    0.071384    0.283504    1.730419 ^ _289_/X (sky130_fd_sc_hd__mux2_1)
                                                         _015_ (net)
                      0.071384    0.000031    1.730450 ^ hold56/A (sky130_fd_sc_hd__dlygate4sd3_1)
     1    0.002060    0.085445    1.030087    2.760537 ^ hold56/X (sky130_fd_sc_hd__dlygate4sd3_1)
                                                         net83 (net)
                      0.085445    0.000017    2.760554 ^ _347_/D (sky130_fd_sc_hd__dfrtp_1)
                                              2.760554   data arrival time

                                  0.000000    0.000000   clock clk_i (rise edge)
                                  0.000000    0.000000   clock source latency
     1    0.018999    0.142997    0.097465    0.097465 ^ clk_i (in)
                                                         clk_i (net)
                      0.143010    0.000000    0.097465 ^ clkbuf_0_clk_i/A (sky130_fd_sc_hd__clkbuf_16)
     8    0.085313    0.155482    0.332710    0.430175 ^ clkbuf_0_clk_i/X (sky130_fd_sc_hd__clkbuf_16)
                                                         clknet_0_clk_i (net)
                      0.155483    0.000940    0.431115 ^ clkbuf_3_6__f_clk_i/A (sky130_fd_sc_hd__clkbuf_16)
     7    0.024938    0.073643    0.267846    0.698961 ^ clkbuf_3_6__f_clk_i/X (sky130_fd_sc_hd__clkbuf_16)
                                                         clknet_3_6__leaf_clk_i (net)
                      0.073643    0.000064    0.699026 ^ _347_/CLK (sky130_fd_sc_hd__dfrtp_1)
                                  0.250000    0.949026   clock uncertainty
                                  0.000000    0.949026   clock reconvergence pessimism
                                 -0.079867    0.869158   library hold time
                                              0.869158   data required time
---------------------------------------------------------------------------------------------
                                              0.869158   data required time
                                             -2.760554   data arrival time
---------------------------------------------------------------------------------------------
                                              1.891396   slack (MET)


Startpoint: _354_ (rising edge-triggered flip-flop clocked by clk_i)
Endpoint: _354_ (rising edge-triggered flip-flop clocked by clk_i)
Path Group: clk_i
Path Type: min

Fanout         Cap        Slew       Delay        Time   Description
---------------------------------------------------------------------------------------------
                                  0.000000    0.000000   clock clk_i (rise edge)
                                  0.000000    0.000000   clock source latency
     1    0.018999    0.142997    0.097465    0.097465 ^ clk_i (in)
                                                         clk_i (net)
                      0.143010    0.000000    0.097465 ^ clkbuf_0_clk_i/A (sky130_fd_sc_hd__clkbuf_16)
     8    0.085313    0.155482    0.332710    0.430175 ^ clkbuf_0_clk_i/X (sky130_fd_sc_hd__clkbuf_16)
                                                         clknet_0_clk_i (net)
                      0.155528    0.002552    0.432727 ^ clkbuf_3_3__f_clk_i/A (sky130_fd_sc_hd__clkbuf_16)
     9    0.026391    0.075534    0.269911    0.702639 ^ clkbuf_3_3__f_clk_i/X (sky130_fd_sc_hd__clkbuf_16)
                                                         clknet_3_3__leaf_clk_i (net)
                      0.075534    0.000298    0.702936 ^ _354_/CLK (sky130_fd_sc_hd__dfrtp_1)
     4    0.013512    0.206950    0.755919    1.458856 ^ _354_/Q (sky130_fd_sc_hd__dfrtp_1)
                                                         rng_rd.mem[4][1] (net)
                      0.206950    0.000153    1.459009 ^ _296_/A0 (sky130_fd_sc_hd__mux2_1)
     1    0.002162    0.066725    0.273162    1.732171 ^ _296_/X (sky130_fd_sc_hd__mux2_1)
                                                         _022_ (net)
                      0.066725    0.000012    1.732184 ^ hold31/A (sky130_fd_sc_hd__dlygate4sd3_1)
     1    0.002753    0.091086    1.038684    2.770868 ^ hold31/X (sky130_fd_sc_hd__dlygate4sd3_1)
                                                         net58 (net)
                      0.091086    0.000029    2.770896 ^ _354_/D (sky130_fd_sc_hd__dfrtp_1)
                                              2.770896   data arrival time

                                  0.000000    0.000000   clock clk_i (rise edge)
                                  0.000000    0.000000   clock source latency
     1    0.018999    0.142997    0.097465    0.097465 ^ clk_i (in)
                                                         clk_i (net)
                      0.143010    0.000000    0.097465 ^ clkbuf_0_clk_i/A (sky130_fd_sc_hd__clkbuf_16)
     8    0.085313    0.155482    0.332710    0.430175 ^ clkbuf_0_clk_i/X (sky130_fd_sc_hd__clkbuf_16)
                                                         clknet_0_clk_i (net)
                      0.155528    0.002552    0.432727 ^ clkbuf_3_3__f_clk_i/A (sky130_fd_sc_hd__clkbuf_16)
     9    0.026391    0.075534    0.269911    0.702639 ^ clkbuf_3_3__f_clk_i/X (sky130_fd_sc_hd__clkbuf_16)
                                                         clknet_3_3__leaf_clk_i (net)
                      0.075534    0.000298    0.702936 ^ _354_/CLK (sky130_fd_sc_hd__dfrtp_1)
                                  0.250000    0.952936   clock uncertainty
                                  0.000000    0.952936   clock reconvergence pessimism
                                 -0.080845    0.872092   library hold time
                                              0.872092   data required time
---------------------------------------------------------------------------------------------
                                              0.872092   data required time
                                             -2.770896   data arrival time
---------------------------------------------------------------------------------------------
                                              1.898805   slack (MET)


Startpoint: _360_ (rising edge-triggered flip-flop clocked by clk_i)
Endpoint: _360_ (rising edge-triggered flip-flop clocked by clk_i)
Path Group: clk_i
Path Type: min

Fanout         Cap        Slew       Delay        Time   Description
---------------------------------------------------------------------------------------------
                                  0.000000    0.000000   clock clk_i (rise edge)
                                  0.000000    0.000000   clock source latency
     1    0.018999    0.142997    0.097465    0.097465 ^ clk_i (in)
                                                         clk_i (net)
                      0.143010    0.000000    0.097465 ^ clkbuf_0_clk_i/A (sky130_fd_sc_hd__clkbuf_16)
     8    0.085313    0.155482    0.332710    0.430175 ^ clkbuf_0_clk_i/X (sky130_fd_sc_hd__clkbuf_16)
                                                         clknet_0_clk_i (net)
                      0.155527    0.002532    0.432708 ^ clkbuf_3_2__f_clk_i/A (sky130_fd_sc_hd__clkbuf_16)
     9    0.024041    0.072492    0.266515    0.699223 ^ clkbuf_3_2__f_clk_i/X (sky130_fd_sc_hd__clkbuf_16)
                                                         clknet_3_2__leaf_clk_i (net)
                      0.072492    0.000115    0.699338 ^ _360_/CLK (sky130_fd_sc_hd__dfrtp_1)
     3    0.009185    0.159459    0.708934    1.408272 ^ _360_/Q (sky130_fd_sc_hd__dfrtp_1)
                                                         rng_rd.mem[2][0] (net)
                      0.159459    0.000057    1.408329 ^ hold48/A (sky130_fd_sc_hd__dlygate4sd3_1)
     2    0.005861    0.132904    1.118565    2.526894 ^ hold48/X (sky130_fd_sc_hd__dlygate4sd3_1)
                                                         net75 (net)
                      0.132904    0.000067    2.526962 ^ _301_/A0 (sky130_fd_sc_hd__mux2_1)
     1    0.002668    0.070649    0.248599    2.775561 ^ _301_/X (sky130_fd_sc_hd__mux2_1)
                                                         _027_ (net)
                      0.070649    0.000026    2.775587 ^ _360_/D (sky130_fd_sc_hd__dfrtp_1)
                                              2.775587   data arrival time

                                  0.000000    0.000000   clock clk_i (rise edge)
                                  0.000000    0.000000   clock source latency
     1    0.018999    0.142997    0.097465    0.097465 ^ clk_i (in)
                                                         clk_i (net)
                      0.143010    0.000000    0.097465 ^ clkbuf_0_clk_i/A (sky130_fd_sc_hd__clkbuf_16)
     8    0.085313    0.155482    0.332710    0.430175 ^ clkbuf_0_clk_i/X (sky130_fd_sc_hd__clkbuf_16)
                                                         clknet_0_clk_i (net)
                      0.155527    0.002532    0.432708 ^ clkbuf_3_2__f_clk_i/A (sky130_fd_sc_hd__clkbuf_16)
     9    0.024041    0.072492    0.266515    0.699223 ^ clkbuf_3_2__f_clk_i/X (sky130_fd_sc_hd__clkbuf_16)
                                                         clknet_3_2__leaf_clk_i (net)
                      0.072492    0.000115    0.699338 ^ _360_/CLK (sky130_fd_sc_hd__dfrtp_1)
                                  0.250000    0.949338   clock uncertainty
                                  0.000000    0.949338   clock reconvergence pessimism
                                 -0.076679    0.872659   library hold time
                                              0.872659   data required time
---------------------------------------------------------------------------------------------
                                              0.872659   data required time
                                             -2.775587   data arrival time
---------------------------------------------------------------------------------------------
                                              1.902928   slack (MET)


Startpoint: _354_ (rising edge-triggered flip-flop clocked by clk_i)
Endpoint: _351_ (rising edge-triggered flip-flop clocked by clk_i)
Path Group: clk_i
Path Type: min

Fanout         Cap        Slew       Delay        Time   Description
---------------------------------------------------------------------------------------------
                                  0.000000    0.000000   clock clk_i (rise edge)
                                  0.000000    0.000000   clock source latency
     1    0.018999    0.142997    0.097465    0.097465 ^ clk_i (in)
                                                         clk_i (net)
                      0.143010    0.000000    0.097465 ^ clkbuf_0_clk_i/A (sky130_fd_sc_hd__clkbuf_16)
     8    0.085313    0.155482    0.332710    0.430175 ^ clkbuf_0_clk_i/X (sky130_fd_sc_hd__clkbuf_16)
                                                         clknet_0_clk_i (net)
                      0.155528    0.002552    0.432727 ^ clkbuf_3_3__f_clk_i/A (sky130_fd_sc_hd__clkbuf_16)
     9    0.026391    0.075534    0.269911    0.702639 ^ clkbuf_3_3__f_clk_i/X (sky130_fd_sc_hd__clkbuf_16)
                                                         clknet_3_3__leaf_clk_i (net)
                      0.075534    0.000298    0.702936 ^ _354_/CLK (sky130_fd_sc_hd__dfrtp_1)
     4    0.013512    0.206950    0.755919    1.458856 ^ _354_/Q (sky130_fd_sc_hd__dfrtp_1)
                                                         rng_rd.mem[4][1] (net)
                      0.206950    0.000079    1.458935 ^ _293_/A1 (sky130_fd_sc_hd__mux2_1)
     1    0.002421    0.067945    0.282097    1.741032 ^ _293_/X (sky130_fd_sc_hd__mux2_1)
                                                         _019_ (net)
                      0.067945    0.000026    1.741057 ^ hold47/A (sky130_fd_sc_hd__dlygate4sd3_1)
     1    0.002304    0.088832    1.032323    2.773380 ^ hold47/X (sky130_fd_sc_hd__dlygate4sd3_1)
                                                         net74 (net)
                      0.088832    0.000021    2.773401 ^ _351_/D (sky130_fd_sc_hd__dfrtp_1)
                                              2.773401   data arrival time

                                  0.000000    0.000000   clock clk_i (rise edge)
                                  0.000000    0.000000   clock source latency
     1    0.018999    0.142997    0.097465    0.097465 ^ clk_i (in)
                                                         clk_i (net)
                      0.143010    0.000000    0.097465 ^ clkbuf_0_clk_i/A (sky130_fd_sc_hd__clkbuf_16)
     8    0.085313    0.155482    0.332710    0.430175 ^ clkbuf_0_clk_i/X (sky130_fd_sc_hd__clkbuf_16)
                                                         clknet_0_clk_i (net)
                      0.155483    0.000940    0.431115 ^ clkbuf_3_6__f_clk_i/A (sky130_fd_sc_hd__clkbuf_16)
     7    0.024938    0.073643    0.267846    0.698961 ^ clkbuf_3_6__f_clk_i/X (sky130_fd_sc_hd__clkbuf_16)
                                                         clknet_3_6__leaf_clk_i (net)
                      0.073643    0.000218    0.699180 ^ _351_/CLK (sky130_fd_sc_hd__dfrtp_1)
                                  0.250000    0.949180   clock uncertainty
                                  0.000000    0.949180   clock reconvergence pessimism
                                 -0.080640    0.868539   library hold time
                                              0.868539   data required time
---------------------------------------------------------------------------------------------
                                              0.868539   data required time
                                             -2.773401   data arrival time
---------------------------------------------------------------------------------------------
                                              1.904862   slack (MET)


Startpoint: _353_ (rising edge-triggered flip-flop clocked by clk_i)
Endpoint: _353_ (rising edge-triggered flip-flop clocked by clk_i)
Path Group: clk_i
Path Type: min

Fanout         Cap        Slew       Delay        Time   Description
---------------------------------------------------------------------------------------------
                                  0.000000    0.000000   clock clk_i (rise edge)
                                  0.000000    0.000000   clock source latency
     1    0.018999    0.142997    0.097465    0.097465 ^ clk_i (in)
                                                         clk_i (net)
                      0.143010    0.000000    0.097465 ^ clkbuf_0_clk_i/A (sky130_fd_sc_hd__clkbuf_16)
     8    0.085313    0.155482    0.332710    0.430175 ^ clkbuf_0_clk_i/X (sky130_fd_sc_hd__clkbuf_16)
                                                         clknet_0_clk_i (net)
                      0.155528    0.002552    0.432727 ^ clkbuf_3_3__f_clk_i/A (sky130_fd_sc_hd__clkbuf_16)
     9    0.026391    0.075534    0.269911    0.702639 ^ clkbuf_3_3__f_clk_i/X (sky130_fd_sc_hd__clkbuf_16)
                                                         clknet_3_3__leaf_clk_i (net)
                      0.075534    0.000173    0.702812 ^ _353_/CLK (sky130_fd_sc_hd__dfrtp_1)
     4    0.014031    0.212989    0.761026    1.463838 ^ _353_/Q (sky130_fd_sc_hd__dfrtp_1)
                                                         rng_rd.mem[4][0] (net)
                      0.212989    0.000102    1.463939 ^ _295_/A0 (sky130_fd_sc_hd__mux2_1)
     1    0.002686    0.070865    0.282773    1.746713 ^ _295_/X (sky130_fd_sc_hd__mux2_1)
                                                         _021_ (net)
                      0.070865    0.000030    1.746743 ^ hold66/A (sky130_fd_sc_hd__dlygate4sd3_1)
     1    0.002208    0.087500    1.032124    2.778867 ^ hold66/X (sky130_fd_sc_hd__dlygate4sd3_1)
                                                         net93 (net)
                      0.087500    0.000019    2.778886 ^ _353_/D (sky130_fd_sc_hd__dfrtp_1)
                                              2.778886   data arrival time

                                  0.000000    0.000000   clock clk_i (rise edge)
                                  0.000000    0.000000   clock source latency
     1    0.018999    0.142997    0.097465    0.097465 ^ clk_i (in)
                                                         clk_i (net)
                      0.143010    0.000000    0.097465 ^ clkbuf_0_clk_i/A (sky130_fd_sc_hd__clkbuf_16)
     8    0.085313    0.155482    0.332710    0.430175 ^ clkbuf_0_clk_i/X (sky130_fd_sc_hd__clkbuf_16)
                                                         clknet_0_clk_i (net)
                      0.155528    0.002552    0.432727 ^ clkbuf_3_3__f_clk_i/A (sky130_fd_sc_hd__clkbuf_16)
     9    0.026391    0.075534    0.269911    0.702639 ^ clkbuf_3_3__f_clk_i/X (sky130_fd_sc_hd__clkbuf_16)
                                                         clknet_3_3__leaf_clk_i (net)
                      0.075534    0.000173    0.702812 ^ _353_/CLK (sky130_fd_sc_hd__dfrtp_1)
                                  0.250000    0.952812   clock uncertainty
                                  0.000000    0.952812   clock reconvergence pessimism
                                 -0.080026    0.872786   library hold time
                                              0.872786   data required time
---------------------------------------------------------------------------------------------
                                              0.872786   data required time
                                             -2.778886   data arrival time
---------------------------------------------------------------------------------------------
                                              1.906101   slack (MET)


Startpoint: _383_ (rising edge-triggered flip-flop clocked by clk_i)
Endpoint: _390_ (rising edge-triggered flip-flop clocked by clk_i)
Path Group: clk_i
Path Type: min

Fanout         Cap        Slew       Delay        Time   Description
---------------------------------------------------------------------------------------------
                                  0.000000    0.000000   clock clk_i (rise edge)
                                  0.000000    0.000000   clock source latency
     1    0.018999    0.142997    0.097465    0.097465 ^ clk_i (in)
                                                         clk_i (net)
                      0.143010    0.000000    0.097465 ^ clkbuf_0_clk_i/A (sky130_fd_sc_hd__clkbuf_16)
     8    0.085313    0.155482    0.332710    0.430175 ^ clkbuf_0_clk_i/X (sky130_fd_sc_hd__clkbuf_16)
                                                         clknet_0_clk_i (net)
                      0.155484    0.000969    0.431144 ^ clkbuf_3_7__f_clk_i/A (sky130_fd_sc_hd__clkbuf_16)
     8    0.025893    0.074884    0.269188    0.700332 ^ clkbuf_3_7__f_clk_i/X (sky130_fd_sc_hd__clkbuf_16)
                                                         clknet_3_7__leaf_clk_i (net)
                      0.074884    0.000297    0.700628 ^ _383_/CLK (sky130_fd_sc_hd__dfrtp_1)
     4    0.014178    0.214913    0.762051    1.462679 ^ _383_/Q (sky130_fd_sc_hd__dfrtp_1)
                                                         rng_rd.mem[8][1] (net)
                      0.214913    0.000383    1.463063 ^ _331_/A1 (sky130_fd_sc_hd__mux2_1)
     1    0.001752    0.061676    0.276426    1.739488 ^ _331_/X (sky130_fd_sc_hd__mux2_1)
                                                         _055_ (net)
                      0.061676    0.000007    1.739495 ^ hold60/A (sky130_fd_sc_hd__dlygate4sd3_1)
     1    0.002776    0.091330    1.036839    2.776334 ^ hold60/X (sky130_fd_sc_hd__dlygate4sd3_1)
                                                         net87 (net)
                      0.091330    0.000030    2.776364 ^ _390_/D (sky130_fd_sc_hd__dfrtp_1)
                                              2.776364   data arrival time

                                  0.000000    0.000000   clock clk_i (rise edge)
                                  0.000000    0.000000   clock source latency
     1    0.018999    0.142997    0.097465    0.097465 ^ clk_i (in)
                                                         clk_i (net)
                      0.143010    0.000000    0.097465 ^ clkbuf_0_clk_i/A (sky130_fd_sc_hd__clkbuf_16)
     8    0.085313    0.155482    0.332710    0.430175 ^ clkbuf_0_clk_i/X (sky130_fd_sc_hd__clkbuf_16)
                                                         clknet_0_clk_i (net)
                      0.155491    0.001415    0.431590 ^ clkbuf_3_5__f_clk_i/A (sky130_fd_sc_hd__clkbuf_16)
     9    0.025775    0.074726    0.269045    0.700635 ^ clkbuf_3_5__f_clk_i/X (sky130_fd_sc_hd__clkbuf_16)
                                                         clknet_3_5__leaf_clk_i (net)
                      0.074726    0.000102    0.700737 ^ _390_/CLK (sky130_fd_sc_hd__dfrtp_1)
                                  0.250000    0.950737   clock uncertainty
                                  0.000000    0.950737   clock reconvergence pessimism
                                 -0.081033    0.869704   library hold time
                                              0.869704   data required time
---------------------------------------------------------------------------------------------
                                              0.869704   data required time
                                             -2.776364   data arrival time
---------------------------------------------------------------------------------------------
                                              1.906660   slack (MET)


Startpoint: _344_ (rising edge-triggered flip-flop clocked by clk_i)
Endpoint: _333_ (rising edge-triggered flip-flop clocked by clk_i)
Path Group: clk_i
Path Type: min

Fanout         Cap        Slew       Delay        Time   Description
---------------------------------------------------------------------------------------------
                                  0.000000    0.000000   clock clk_i (rise edge)
                                  0.000000    0.000000   clock source latency
     1    0.018999    0.142997    0.097465    0.097465 ^ clk_i (in)
                                                         clk_i (net)
                      0.143010    0.000000    0.097465 ^ clkbuf_0_clk_i/A (sky130_fd_sc_hd__clkbuf_16)
     8    0.085313    0.155482    0.332710    0.430175 ^ clkbuf_0_clk_i/X (sky130_fd_sc_hd__clkbuf_16)
                                                         clknet_0_clk_i (net)
                      0.155491    0.001415    0.431590 ^ clkbuf_3_5__f_clk_i/A (sky130_fd_sc_hd__clkbuf_16)
     9    0.025775    0.074726    0.269045    0.700635 ^ clkbuf_3_5__f_clk_i/X (sky130_fd_sc_hd__clkbuf_16)
                                                         clknet_3_5__leaf_clk_i (net)
                      0.074726    0.000142    0.700777 ^ _344_/CLK (sky130_fd_sc_hd__dfrtp_1)
     4    0.014030    0.212993    0.760626    1.461403 ^ _344_/Q (sky130_fd_sc_hd__dfrtp_1)
                                                         rng_rd.mem[10][0] (net)
                      0.212993    0.000302    1.461705 ^ _253_/A1 (sky130_fd_sc_hd__mux2_1)
     1    0.002504    0.068871    0.285745    1.747450 ^ _253_/X (sky130_fd_sc_hd__mux2_1)
                                                         _003_ (net)
                      0.068871    0.000028    1.747478 ^ hold21/A (sky130_fd_sc_hd__dlygate4sd3_1)
     1    0.002071    0.085596    1.029161    2.776639 ^ hold21/X (sky130_fd_sc_hd__dlygate4sd3_1)
                                                         net48 (net)
                      0.085596    0.000009    2.776648 ^ _333_/D (sky130_fd_sc_hd__dfrtp_1)
                                              2.776648   data arrival time

                                  0.000000    0.000000   clock clk_i (rise edge)
                                  0.000000    0.000000   clock source latency
     1    0.018999    0.142997    0.097465    0.097465 ^ clk_i (in)
                                                         clk_i (net)
                      0.143010    0.000000    0.097465 ^ clkbuf_0_clk_i/A (sky130_fd_sc_hd__clkbuf_16)
     8    0.085313    0.155482    0.332710    0.430175 ^ clkbuf_0_clk_i/X (sky130_fd_sc_hd__clkbuf_16)
                                                         clknet_0_clk_i (net)
                      0.155488    0.001265    0.431441 ^ clkbuf_3_4__f_clk_i/A (sky130_fd_sc_hd__clkbuf_16)
     7    0.023110    0.071328    0.265186    0.696626 ^ clkbuf_3_4__f_clk_i/X (sky130_fd_sc_hd__clkbuf_16)
                                                         clknet_3_4__leaf_clk_i (net)
                      0.071328    0.000395    0.697021 ^ _333_/CLK (sky130_fd_sc_hd__dfrtp_1)
                                  0.250000    0.947021   clock uncertainty
                                  0.000000    0.947021   clock reconvergence pessimism
                                 -0.080282    0.866739   library hold time
                                              0.866739   data required time
---------------------------------------------------------------------------------------------
                                              0.866739   data required time
                                             -2.776648   data arrival time
---------------------------------------------------------------------------------------------
                                              1.909910   slack (MET)


Startpoint: _346_ (rising edge-triggered flip-flop clocked by clk_i)
Endpoint: _335_ (rising edge-triggered flip-flop clocked by clk_i)
Path Group: clk_i
Path Type: min

Fanout         Cap        Slew       Delay        Time   Description
---------------------------------------------------------------------------------------------
                                  0.000000    0.000000   clock clk_i (rise edge)
                                  0.000000    0.000000   clock source latency
     1    0.018999    0.142997    0.097465    0.097465 ^ clk_i (in)
                                                         clk_i (net)
                      0.143010    0.000000    0.097465 ^ clkbuf_0_clk_i/A (sky130_fd_sc_hd__clkbuf_16)
     8    0.085313    0.155482    0.332710    0.430175 ^ clkbuf_0_clk_i/X (sky130_fd_sc_hd__clkbuf_16)
                                                         clknet_0_clk_i (net)
                      0.155491    0.001415    0.431590 ^ clkbuf_3_5__f_clk_i/A (sky130_fd_sc_hd__clkbuf_16)
     9    0.025775    0.074726    0.269045    0.700635 ^ clkbuf_3_5__f_clk_i/X (sky130_fd_sc_hd__clkbuf_16)
                                                         clknet_3_5__leaf_clk_i (net)
                      0.074727    0.000342    0.700977 ^ _346_/CLK (sky130_fd_sc_hd__dfrtp_1)
     4    0.013685    0.208623    0.757307    1.458284 ^ _346_/Q (sky130_fd_sc_hd__dfrtp_1)
                                                         rng_rd.mem[10][2] (net)
                      0.208623    0.000366    1.458651 ^ _255_/A1 (sky130_fd_sc_hd__mux2_1)
     1    0.002404    0.067755    0.282571    1.741221 ^ _255_/X (sky130_fd_sc_hd__mux2_1)
                                                         _005_ (net)
                      0.067755    0.000025    1.741247 ^ hold26/A (sky130_fd_sc_hd__dlygate4sd3_1)
     1    0.002841    0.092111    1.040482    2.781728 ^ hold26/X (sky130_fd_sc_hd__dlygate4sd3_1)
                                                         net53 (net)
                      0.092111    0.000034    2.781762 ^ _335_/D (sky130_fd_sc_hd__dfrtp_1)
                                              2.781762   data arrival time

                                  0.000000    0.000000   clock clk_i (rise edge)
                                  0.000000    0.000000   clock source latency
     1    0.018999    0.142997    0.097465    0.097465 ^ clk_i (in)
                                                         clk_i (net)
                      0.143010    0.000000    0.097465 ^ clkbuf_0_clk_i/A (sky130_fd_sc_hd__clkbuf_16)
     8    0.085313    0.155482    0.332710    0.430175 ^ clkbuf_0_clk_i/X (sky130_fd_sc_hd__clkbuf_16)
                                                         clknet_0_clk_i (net)
                      0.155493    0.001505    0.431681 ^ clkbuf_3_1__f_clk_i/A (sky130_fd_sc_hd__clkbuf_16)
     8    0.023914    0.072338    0.266419    0.698099 ^ clkbuf_3_1__f_clk_i/X (sky130_fd_sc_hd__clkbuf_16)
                                                         clknet_3_1__leaf_clk_i (net)
                      0.072338    0.000114    0.698213 ^ _335_/CLK (sky130_fd_sc_hd__dfrtp_1)
                                  0.250000    0.948213   clock uncertainty
                                  0.000000    0.948213   clock reconvergence pessimism
                                 -0.081603    0.866610   library hold time
                                              0.866610   data required time
---------------------------------------------------------------------------------------------
                                              0.866610   data required time
                                             -2.781762   data arrival time
---------------------------------------------------------------------------------------------
                                              1.915153   slack (MET)


Startpoint: _367_ (rising edge-triggered flip-flop clocked by clk_i)
Endpoint: _363_ (rising edge-triggered flip-flop clocked by clk_i)
Path Group: clk_i
Path Type: min

Fanout         Cap        Slew       Delay        Time   Description
---------------------------------------------------------------------------------------------
                                  0.000000    0.000000   clock clk_i (rise edge)
                                  0.000000    0.000000   clock source latency
     1    0.018999    0.142997    0.097465    0.097465 ^ clk_i (in)
                                                         clk_i (net)
                      0.143010    0.000000    0.097465 ^ clkbuf_0_clk_i/A (sky130_fd_sc_hd__clkbuf_16)
     8    0.085313    0.155482    0.332710    0.430175 ^ clkbuf_0_clk_i/X (sky130_fd_sc_hd__clkbuf_16)
                                                         clknet_0_clk_i (net)
                      0.155527    0.002532    0.432708 ^ clkbuf_3_2__f_clk_i/A (sky130_fd_sc_hd__clkbuf_16)
     9    0.024041    0.072492    0.266515    0.699223 ^ clkbuf_3_2__f_clk_i/X (sky130_fd_sc_hd__clkbuf_16)
                                                         clknet_3_2__leaf_clk_i (net)
                      0.072498    0.000523    0.699746 ^ _367_/CLK (sky130_fd_sc_hd__dfrtp_1)
     3    0.011031    0.181918    0.728434    1.428179 ^ _367_/Q (sky130_fd_sc_hd__dfrtp_1)
                                                         net4 (net)
                      0.181918    0.000071    1.428251 ^ hold62/A (sky130_fd_sc_hd__dlygate4sd3_1)
     2    0.005556    0.128936    1.123758    2.552008 ^ hold62/X (sky130_fd_sc_hd__dlygate4sd3_1)
                                                         net89 (net)
                      0.128936    0.000056    2.552064 ^ _304_/A1 (sky130_fd_sc_hd__mux2_1)
     1    0.002283    0.066295    0.247499    2.799563 ^ _304_/X (sky130_fd_sc_hd__mux2_1)
                                                         _030_ (net)
                      0.066295    0.000020    2.799583 ^ _363_/D (sky130_fd_sc_hd__dfrtp_1)
                                              2.799583   data arrival time

                                  0.000000    0.000000   clock clk_i (rise edge)
                                  0.000000    0.000000   clock source latency
     1    0.018999    0.142997    0.097465    0.097465 ^ clk_i (in)
                                                         clk_i (net)
                      0.143010    0.000000    0.097465 ^ clkbuf_0_clk_i/A (sky130_fd_sc_hd__clkbuf_16)
     8    0.085313    0.155482    0.332710    0.430175 ^ clkbuf_0_clk_i/X (sky130_fd_sc_hd__clkbuf_16)
                                                         clknet_0_clk_i (net)
                      0.155527    0.002532    0.432708 ^ clkbuf_3_2__f_clk_i/A (sky130_fd_sc_hd__clkbuf_16)
     9    0.024041    0.072492    0.266515    0.699223 ^ clkbuf_3_2__f_clk_i/X (sky130_fd_sc_hd__clkbuf_16)
                                                         clknet_3_2__leaf_clk_i (net)
                      0.072498    0.000512    0.699735 ^ _363_/CLK (sky130_fd_sc_hd__dfrtp_1)
                                  0.250000    0.949735   clock uncertainty
                                  0.000000    0.949735   clock reconvergence pessimism
                                 -0.075685    0.874051   library hold time
                                              0.874051   data required time
---------------------------------------------------------------------------------------------
                                              0.874051   data required time
                                             -2.799583   data arrival time
---------------------------------------------------------------------------------------------
                                              1.925533   slack (MET)


Startpoint: _357_ (rising edge-triggered flip-flop clocked by clk_i)
Endpoint: _357_ (rising edge-triggered flip-flop clocked by clk_i)
Path Group: clk_i
Path Type: min

Fanout         Cap        Slew       Delay        Time   Description
---------------------------------------------------------------------------------------------
                                  0.000000    0.000000   clock clk_i (rise edge)
                                  0.000000    0.000000   clock source latency
     1    0.018999    0.142997    0.097465    0.097465 ^ clk_i (in)
                                                         clk_i (net)
                      0.143010    0.000000    0.097465 ^ clkbuf_0_clk_i/A (sky130_fd_sc_hd__clkbuf_16)
     8    0.085313    0.155482    0.332710    0.430175 ^ clkbuf_0_clk_i/X (sky130_fd_sc_hd__clkbuf_16)
                                                         clknet_0_clk_i (net)
                      0.155528    0.002552    0.432727 ^ clkbuf_3_3__f_clk_i/A (sky130_fd_sc_hd__clkbuf_16)
     9    0.026391    0.075534    0.269911    0.702639 ^ clkbuf_3_3__f_clk_i/X (sky130_fd_sc_hd__clkbuf_16)
                                                         clknet_3_3__leaf_clk_i (net)
                      0.075534    0.000145    0.702784 ^ _357_/CLK (sky130_fd_sc_hd__dfrtp_1)
     4    0.015213    0.228204    0.772245    1.475028 ^ _357_/Q (sky130_fd_sc_hd__dfrtp_1)
                                                         rng_rd.mem[3][0] (net)
                      0.228204    0.000122    1.475151 ^ _298_/A0 (sky130_fd_sc_hd__mux2_1)
     1    0.002857    0.072851    0.291206    1.766357 ^ _298_/X (sky130_fd_sc_hd__mux2_1)
                                                         _024_ (net)
                      0.072851    0.000025    1.766382 ^ hold49/A (sky130_fd_sc_hd__dlygate4sd3_1)
     1    0.002350    0.089494    1.035182    2.801563 ^ hold49/X (sky130_fd_sc_hd__dlygate4sd3_1)
                                                         net76 (net)
                      0.089494    0.000022    2.801585 ^ _357_/D (sky130_fd_sc_hd__dfrtp_1)
                                              2.801585   data arrival time

                                  0.000000    0.000000   clock clk_i (rise edge)
                                  0.000000    0.000000   clock source latency
     1    0.018999    0.142997    0.097465    0.097465 ^ clk_i (in)
                                                         clk_i (net)
                      0.143010    0.000000    0.097465 ^ clkbuf_0_clk_i/A (sky130_fd_sc_hd__clkbuf_16)
     8    0.085313    0.155482    0.332710    0.430175 ^ clkbuf_0_clk_i/X (sky130_fd_sc_hd__clkbuf_16)
                                                         clknet_0_clk_i (net)
                      0.155528    0.002552    0.432727 ^ clkbuf_3_3__f_clk_i/A (sky130_fd_sc_hd__clkbuf_16)
     9    0.026391    0.075534    0.269911    0.702639 ^ clkbuf_3_3__f_clk_i/X (sky130_fd_sc_hd__clkbuf_16)
                                                         clknet_3_3__leaf_clk_i (net)
                      0.075534    0.000145    0.702784 ^ _357_/CLK (sky130_fd_sc_hd__dfrtp_1)
                                  0.250000    0.952784   clock uncertainty
                                  0.000000    0.952784   clock reconvergence pessimism
                                 -0.080481    0.872302   library hold time
                                              0.872302   data required time
---------------------------------------------------------------------------------------------
                                              0.872302   data required time
                                             -2.801585   data arrival time
---------------------------------------------------------------------------------------------
                                              1.929283   slack (MET)


Startpoint: _344_ (rising edge-triggered flip-flop clocked by clk_i)
Endpoint: _344_ (rising edge-triggered flip-flop clocked by clk_i)
Path Group: clk_i
Path Type: min

Fanout         Cap        Slew       Delay        Time   Description
---------------------------------------------------------------------------------------------
                                  0.000000    0.000000   clock clk_i (rise edge)
                                  0.000000    0.000000   clock source latency
     1    0.018999    0.142997    0.097465    0.097465 ^ clk_i (in)
                                                         clk_i (net)
                      0.143010    0.000000    0.097465 ^ clkbuf_0_clk_i/A (sky130_fd_sc_hd__clkbuf_16)
     8    0.085313    0.155482    0.332710    0.430175 ^ clkbuf_0_clk_i/X (sky130_fd_sc_hd__clkbuf_16)
                                                         clknet_0_clk_i (net)
                      0.155491    0.001415    0.431590 ^ clkbuf_3_5__f_clk_i/A (sky130_fd_sc_hd__clkbuf_16)
     9    0.025775    0.074726    0.269045    0.700635 ^ clkbuf_3_5__f_clk_i/X (sky130_fd_sc_hd__clkbuf_16)
                                                         clknet_3_5__leaf_clk_i (net)
                      0.074726    0.000142    0.700777 ^ _344_/CLK (sky130_fd_sc_hd__dfrtp_1)
     4    0.014030    0.212993    0.760626    1.461403 ^ _344_/Q (sky130_fd_sc_hd__dfrtp_1)
                                                         rng_rd.mem[10][0] (net)
                      0.212993    0.000036    1.461439 ^ _286_/A0 (sky130_fd_sc_hd__mux2_1)
     1    0.003595    0.081742    0.294996    1.756435 ^ _286_/X (sky130_fd_sc_hd__mux2_1)
                                                         _012_ (net)
                      0.081742    0.000049    1.756483 ^ hold58/A (sky130_fd_sc_hd__dlygate4sd3_1)
     1    0.003106    0.095333    1.050530    2.807013 ^ hold58/X (sky130_fd_sc_hd__dlygate4sd3_1)
                                                         net85 (net)
                      0.095333    0.000035    2.807048 ^ _344_/D (sky130_fd_sc_hd__dfrtp_1)
                                              2.807048   data arrival time

                                  0.000000    0.000000   clock clk_i (rise edge)
                                  0.000000    0.000000   clock source latency
     1    0.018999    0.142997    0.097465    0.097465 ^ clk_i (in)
                                                         clk_i (net)
                      0.143010    0.000000    0.097465 ^ clkbuf_0_clk_i/A (sky130_fd_sc_hd__clkbuf_16)
     8    0.085313    0.155482    0.332710    0.430175 ^ clkbuf_0_clk_i/X (sky130_fd_sc_hd__clkbuf_16)
                                                         clknet_0_clk_i (net)
                      0.155491    0.001415    0.431590 ^ clkbuf_3_5__f_clk_i/A (sky130_fd_sc_hd__clkbuf_16)
     9    0.025775    0.074726    0.269045    0.700635 ^ clkbuf_3_5__f_clk_i/X (sky130_fd_sc_hd__clkbuf_16)
                                                         clknet_3_5__leaf_clk_i (net)
                      0.074726    0.000142    0.700777 ^ _344_/CLK (sky130_fd_sc_hd__dfrtp_1)
                                  0.250000    0.950777   clock uncertainty
                                  0.000000    0.950777   clock reconvergence pessimism
                                 -0.081947    0.868831   library hold time
                                              0.868831   data required time
---------------------------------------------------------------------------------------------
                                              0.868831   data required time
                                             -2.807048   data arrival time
---------------------------------------------------------------------------------------------
                                              1.938218   slack (MET)


Startpoint: wr_i (input port clocked by clk_i)
Endpoint: _356_ (rising edge-triggered flip-flop clocked by clk_i)
Path Group: clk_i
Path Type: min

Fanout         Cap        Slew       Delay        Time   Description
---------------------------------------------------------------------------------------------
                                  0.000000    0.000000   clock clk_i (rise edge)
                                  0.000000    0.000000   clock network delay (propagated)
                                625.000000  625.000000 ^ input external delay
     1    0.002983    0.033466    0.016712  625.016724 ^ wr_i (in)
                                                         wr_i (net)
                      0.033466    0.000000  625.016724 ^ input3/A (sky130_fd_sc_hd__clkbuf_1)
     1    0.002107    0.062893    0.124544  625.141235 ^ input3/X (sky130_fd_sc_hd__clkbuf_1)
                                                         net3 (net)
                      0.062893    0.000000  625.141235 ^ _356_/D (sky130_fd_sc_hd__dfrtp_1)
                                            625.141235   data arrival time

                                  0.000000    0.000000   clock clk_i (rise edge)
                                  0.000000    0.000000   clock source latency
     1    0.018999    0.142997    0.097465    0.097465 ^ clk_i (in)
                                                         clk_i (net)
                      0.143010    0.000000    0.097465 ^ clkbuf_0_clk_i/A (sky130_fd_sc_hd__clkbuf_16)
     8    0.085313    0.155482    0.332710    0.430175 ^ clkbuf_0_clk_i/X (sky130_fd_sc_hd__clkbuf_16)
                                                         clknet_0_clk_i (net)
                      0.155509    0.002071    0.432246 ^ clkbuf_3_0__f_clk_i/A (sky130_fd_sc_hd__clkbuf_16)
    10    0.026272    0.075379    0.269719    0.701965 ^ clkbuf_3_0__f_clk_i/X (sky130_fd_sc_hd__clkbuf_16)
                                                         clknet_3_0__leaf_clk_i (net)
                      0.075379    0.000330    0.702295 ^ _356_/CLK (sky130_fd_sc_hd__dfrtp_1)
                                  0.250000    0.952295   clock uncertainty
                                  0.000000    0.952295   clock reconvergence pessimism
                                 -0.074435    0.877860   library hold time
                                              0.877860   data required time
---------------------------------------------------------------------------------------------
                                              0.877860   data required time
                                           -625.141235   data arrival time
---------------------------------------------------------------------------------------------
                                            624.263428   slack (MET)


Startpoint: rst_i (input port clocked by clk_i)
Endpoint: _355_ (removal check against rising-edge clock clk_i)
Path Group: asynchronous
Path Type: min

Fanout         Cap        Slew       Delay        Time   Description
---------------------------------------------------------------------------------------------
                                  0.000000    0.000000   clock clk_i (rise edge)
                                  0.000000    0.000000   clock network delay (propagated)
                                625.000000  625.000000 ^ input external delay
     1    0.002536    0.030516    0.014381  625.014404 ^ rst_i (in)
                                                         rst_i (net)
                      0.030516    0.000000  625.014404 ^ input2/A (sky130_fd_sc_hd__clkbuf_1)
     1    0.002690    0.070640    0.131081  625.145447 ^ input2/X (sky130_fd_sc_hd__clkbuf_1)
                                                         net2 (net)
                      0.070640    0.000057  625.145508 ^ fanout27/A (sky130_fd_sc_hd__dlymetal6s2s_1)
     5    0.026856    0.426509    0.417629  625.563171 ^ fanout27/X (sky130_fd_sc_hd__dlymetal6s2s_1)
                                                         net27 (net)
                      0.426509    0.000455  625.563599 ^ fanout23/A (sky130_fd_sc_hd__buf_2)
     7    0.030189    0.243306    0.472483  626.036072 ^ fanout23/X (sky130_fd_sc_hd__buf_2)
                                                         net23 (net)
                      0.243306    0.000341  626.036438 ^ _355_/RESET_B (sky130_fd_sc_hd__dfrtp_1)
                                            626.036438   data arrival time

                                  0.000000    0.000000   clock clk_i (rise edge)
                                  0.000000    0.000000   clock source latency
     1    0.018999    0.142997    0.097465    0.097465 ^ clk_i (in)
                                                         clk_i (net)
                      0.143010    0.000000    0.097465 ^ clkbuf_0_clk_i/A (sky130_fd_sc_hd__clkbuf_16)
     8    0.085313    0.155482    0.332710    0.430175 ^ clkbuf_0_clk_i/X (sky130_fd_sc_hd__clkbuf_16)
                                                         clknet_0_clk_i (net)
                      0.155528    0.002552    0.432727 ^ clkbuf_3_3__f_clk_i/A (sky130_fd_sc_hd__clkbuf_16)
     9    0.026391    0.075534    0.269911    0.702639 ^ clkbuf_3_3__f_clk_i/X (sky130_fd_sc_hd__clkbuf_16)
                                                         clknet_3_3__leaf_clk_i (net)
                      0.075534    0.000208    0.702846 ^ _355_/CLK (sky130_fd_sc_hd__dfrtp_1)
                                  0.250000    0.952846   clock uncertainty
                                  0.000000    0.952846   clock reconvergence pessimism
                                  0.712368    1.665215   library removal time
                                              1.665215   data required time
---------------------------------------------------------------------------------------------
                                              1.665215   data required time
                                           -626.036438   data arrival time
---------------------------------------------------------------------------------------------
                                            624.371216   slack (MET)


Startpoint: rst_i (input port clocked by clk_i)
Endpoint: _357_ (removal check against rising-edge clock clk_i)
Path Group: asynchronous
Path Type: min

Fanout         Cap        Slew       Delay        Time   Description
---------------------------------------------------------------------------------------------
                                  0.000000    0.000000   clock clk_i (rise edge)
                                  0.000000    0.000000   clock network delay (propagated)
                                625.000000  625.000000 ^ input external delay
     1    0.002536    0.030516    0.014381  625.014404 ^ rst_i (in)
                                                         rst_i (net)
                      0.030516    0.000000  625.014404 ^ input2/A (sky130_fd_sc_hd__clkbuf_1)
     1    0.002690    0.070640    0.131081  625.145447 ^ input2/X (sky130_fd_sc_hd__clkbuf_1)
                                                         net2 (net)
                      0.070640    0.000057  625.145508 ^ fanout27/A (sky130_fd_sc_hd__dlymetal6s2s_1)
     5    0.026856    0.426509    0.417629  625.563171 ^ fanout27/X (sky130_fd_sc_hd__dlymetal6s2s_1)
                                                         net27 (net)
                      0.426509    0.000455  625.563599 ^ fanout23/A (sky130_fd_sc_hd__buf_2)
     7    0.030189    0.243306    0.472483  626.036072 ^ fanout23/X (sky130_fd_sc_hd__buf_2)
                                                         net23 (net)
                      0.243306    0.000682  626.036743 ^ _357_/RESET_B (sky130_fd_sc_hd__dfrtp_1)
                                            626.036743   data arrival time

                                  0.000000    0.000000   clock clk_i (rise edge)
                                  0.000000    0.000000   clock source latency
     1    0.018999    0.142997    0.097465    0.097465 ^ clk_i (in)
                                                         clk_i (net)
                      0.143010    0.000000    0.097465 ^ clkbuf_0_clk_i/A (sky130_fd_sc_hd__clkbuf_16)
     8    0.085313    0.155482    0.332710    0.430175 ^ clkbuf_0_clk_i/X (sky130_fd_sc_hd__clkbuf_16)
                                                         clknet_0_clk_i (net)
                      0.155528    0.002552    0.432727 ^ clkbuf_3_3__f_clk_i/A (sky130_fd_sc_hd__clkbuf_16)
     9    0.026391    0.075534    0.269911    0.702639 ^ clkbuf_3_3__f_clk_i/X (sky130_fd_sc_hd__clkbuf_16)
                                                         clknet_3_3__leaf_clk_i (net)
                      0.075534    0.000145    0.702784 ^ _357_/CLK (sky130_fd_sc_hd__dfrtp_1)
                                  0.250000    0.952784   clock uncertainty
                                  0.000000    0.952784   clock reconvergence pessimism
                                  0.712368    1.665152   library removal time
                                              1.665152   data required time
---------------------------------------------------------------------------------------------
                                              1.665152   data required time
                                           -626.036743   data arrival time
---------------------------------------------------------------------------------------------
                                            624.371582   slack (MET)


Startpoint: rst_i (input port clocked by clk_i)
Endpoint: _358_ (removal check against rising-edge clock clk_i)
Path Group: asynchronous
Path Type: min

Fanout         Cap        Slew       Delay        Time   Description
---------------------------------------------------------------------------------------------
                                  0.000000    0.000000   clock clk_i (rise edge)
                                  0.000000    0.000000   clock network delay (propagated)
                                625.000000  625.000000 ^ input external delay
     1    0.002536    0.030516    0.014381  625.014404 ^ rst_i (in)
                                                         rst_i (net)
                      0.030516    0.000000  625.014404 ^ input2/A (sky130_fd_sc_hd__clkbuf_1)
     1    0.002690    0.070640    0.131081  625.145447 ^ input2/X (sky130_fd_sc_hd__clkbuf_1)
                                                         net2 (net)
                      0.070640    0.000057  625.145508 ^ fanout27/A (sky130_fd_sc_hd__dlymetal6s2s_1)
     5    0.026856    0.426509    0.417629  625.563171 ^ fanout27/X (sky130_fd_sc_hd__dlymetal6s2s_1)
                                                         net27 (net)
                      0.426509    0.000455  625.563599 ^ fanout23/A (sky130_fd_sc_hd__buf_2)
     7    0.030189    0.243306    0.472483  626.036072 ^ fanout23/X (sky130_fd_sc_hd__buf_2)
                                                         net23 (net)
                      0.243307    0.001023  626.037109 ^ _358_/RESET_B (sky130_fd_sc_hd__dfrtp_1)
                                            626.037109   data arrival time

                                  0.000000    0.000000   clock clk_i (rise edge)
                                  0.000000    0.000000   clock source latency
     1    0.018999    0.142997    0.097465    0.097465 ^ clk_i (in)
                                                         clk_i (net)
                      0.143010    0.000000    0.097465 ^ clkbuf_0_clk_i/A (sky130_fd_sc_hd__clkbuf_16)
     8    0.085313    0.155482    0.332710    0.430175 ^ clkbuf_0_clk_i/X (sky130_fd_sc_hd__clkbuf_16)
                                                         clknet_0_clk_i (net)
                      0.155528    0.002552    0.432727 ^ clkbuf_3_3__f_clk_i/A (sky130_fd_sc_hd__clkbuf_16)
     9    0.026391    0.075534    0.269911    0.702639 ^ clkbuf_3_3__f_clk_i/X (sky130_fd_sc_hd__clkbuf_16)
                                                         clknet_3_3__leaf_clk_i (net)
                      0.075535    0.000339    0.702977 ^ _358_/CLK (sky130_fd_sc_hd__dfrtp_1)
                                  0.250000    0.952977   clock uncertainty
                                  0.000000    0.952977   clock reconvergence pessimism
                                  0.712369    1.665346   library removal time
                                              1.665346   data required time
---------------------------------------------------------------------------------------------
                                              1.665346   data required time
                                           -626.037109   data arrival time
---------------------------------------------------------------------------------------------
                                            624.371765   slack (MET)


Startpoint: rst_i (input port clocked by clk_i)
Endpoint: _359_ (removal check against rising-edge clock clk_i)
Path Group: asynchronous
Path Type: min

Fanout         Cap        Slew       Delay        Time   Description
---------------------------------------------------------------------------------------------
                                  0.000000    0.000000   clock clk_i (rise edge)
                                  0.000000    0.000000   clock network delay (propagated)
                                625.000000  625.000000 ^ input external delay
     1    0.002536    0.030516    0.014381  625.014404 ^ rst_i (in)
                                                         rst_i (net)
                      0.030516    0.000000  625.014404 ^ input2/A (sky130_fd_sc_hd__clkbuf_1)
     1    0.002690    0.070640    0.131081  625.145447 ^ input2/X (sky130_fd_sc_hd__clkbuf_1)
                                                         net2 (net)
                      0.070640    0.000057  625.145508 ^ fanout27/A (sky130_fd_sc_hd__dlymetal6s2s_1)
     5    0.026856    0.426509    0.417629  625.563171 ^ fanout27/X (sky130_fd_sc_hd__dlymetal6s2s_1)
                                                         net27 (net)
                      0.426509    0.000455  625.563599 ^ fanout23/A (sky130_fd_sc_hd__buf_2)
     7    0.030189    0.243306    0.472483  626.036072 ^ fanout23/X (sky130_fd_sc_hd__buf_2)
                                                         net23 (net)
                      0.243306    0.000568  626.036682 ^ _359_/RESET_B (sky130_fd_sc_hd__dfrtp_1)
                                            626.036682   data arrival time

                                  0.000000    0.000000   clock clk_i (rise edge)
                                  0.000000    0.000000   clock source latency
     1    0.018999    0.142997    0.097465    0.097465 ^ clk_i (in)
                                                         clk_i (net)
                      0.143010    0.000000    0.097465 ^ clkbuf_0_clk_i/A (sky130_fd_sc_hd__clkbuf_16)
     8    0.085313    0.155482    0.332710    0.430175 ^ clkbuf_0_clk_i/X (sky130_fd_sc_hd__clkbuf_16)
                                                         clknet_0_clk_i (net)
                      0.155528    0.002552    0.432727 ^ clkbuf_3_3__f_clk_i/A (sky130_fd_sc_hd__clkbuf_16)
     9    0.026391    0.075534    0.269911    0.702639 ^ clkbuf_3_3__f_clk_i/X (sky130_fd_sc_hd__clkbuf_16)
                                                         clknet_3_3__leaf_clk_i (net)
                      0.075534    0.000232    0.702871 ^ _359_/CLK (sky130_fd_sc_hd__dfrtp_1)
                                  0.250000    0.952871   clock uncertainty
                                  0.000000    0.952871   clock reconvergence pessimism
                                  0.712368    1.665239   library removal time
                                              1.665239   data required time
---------------------------------------------------------------------------------------------
                                              1.665239   data required time
                                           -626.036682   data arrival time
---------------------------------------------------------------------------------------------
                                            624.371399   slack (MET)


Startpoint: rst_i (input port clocked by clk_i)
Endpoint: _374_ (removal check against rising-edge clock clk_i)
Path Group: asynchronous
Path Type: min

Fanout         Cap        Slew       Delay        Time   Description
---------------------------------------------------------------------------------------------
                                  0.000000    0.000000   clock clk_i (rise edge)
                                  0.000000    0.000000   clock network delay (propagated)
                                625.000000  625.000000 ^ input external delay
     1    0.002536    0.030516    0.014381  625.014404 ^ rst_i (in)
                                                         rst_i (net)
                      0.030516    0.000000  625.014404 ^ input2/A (sky130_fd_sc_hd__clkbuf_1)
     1    0.002690    0.070640    0.131081  625.145447 ^ input2/X (sky130_fd_sc_hd__clkbuf_1)
                                                         net2 (net)
                      0.070640    0.000057  625.145508 ^ fanout27/A (sky130_fd_sc_hd__dlymetal6s2s_1)
     5    0.026856    0.426509    0.417629  625.563171 ^ fanout27/X (sky130_fd_sc_hd__dlymetal6s2s_1)
                                                         net27 (net)
                      0.426509    0.000455  625.563599 ^ fanout23/A (sky130_fd_sc_hd__buf_2)
     7    0.030189    0.243306    0.472483  626.036072 ^ fanout23/X (sky130_fd_sc_hd__buf_2)
                                                         net23 (net)
                      0.243307    0.001023  626.037109 ^ _374_/RESET_B (sky130_fd_sc_hd__dfrtp_1)
                                            626.037109   data arrival time

                                  0.000000    0.000000   clock clk_i (rise edge)
                                  0.000000    0.000000   clock source latency
     1    0.018999    0.142997    0.097465    0.097465 ^ clk_i (in)
                                                         clk_i (net)
                      0.143010    0.000000    0.097465 ^ clkbuf_0_clk_i/A (sky130_fd_sc_hd__clkbuf_16)
     8    0.085313    0.155482    0.332710    0.430175 ^ clkbuf_0_clk_i/X (sky130_fd_sc_hd__clkbuf_16)
                                                         clknet_0_clk_i (net)
                      0.155528    0.002552    0.432727 ^ clkbuf_3_3__f_clk_i/A (sky130_fd_sc_hd__clkbuf_16)
     9    0.026391    0.075534    0.269911    0.702639 ^ clkbuf_3_3__f_clk_i/X (sky130_fd_sc_hd__clkbuf_16)
                                                         clknet_3_3__leaf_clk_i (net)
                      0.075535    0.000330    0.702969 ^ _374_/CLK (sky130_fd_sc_hd__dfrtp_1)
                                  0.250000    0.952969   clock uncertainty
                                  0.000000    0.952969   clock reconvergence pessimism
                                  0.712369    1.665338   library removal time
                                              1.665338   data required time
---------------------------------------------------------------------------------------------
                                              1.665338   data required time
                                           -626.037109   data arrival time
---------------------------------------------------------------------------------------------
                                            624.371765   slack (MET)


Startpoint: rst_i (input port clocked by clk_i)
Endpoint: _362_ (removal check against rising-edge clock clk_i)
Path Group: asynchronous
Path Type: min

Fanout         Cap        Slew       Delay        Time   Description
---------------------------------------------------------------------------------------------
                                  0.000000    0.000000   clock clk_i (rise edge)
                                  0.000000    0.000000   clock network delay (propagated)
                                625.000000  625.000000 ^ input external delay
     1    0.002536    0.030516    0.014381  625.014404 ^ rst_i (in)
                                                         rst_i (net)
                      0.030516    0.000000  625.014404 ^ input2/A (sky130_fd_sc_hd__clkbuf_1)
     1    0.002690    0.070640    0.131081  625.145447 ^ input2/X (sky130_fd_sc_hd__clkbuf_1)
                                                         net2 (net)
                      0.070640    0.000057  625.145508 ^ fanout27/A (sky130_fd_sc_hd__dlymetal6s2s_1)
     5    0.026856    0.426509    0.417629  625.563171 ^ fanout27/X (sky130_fd_sc_hd__dlymetal6s2s_1)
                                                         net27 (net)
                      0.426509    0.000455  625.563599 ^ fanout21/A (sky130_fd_sc_hd__buf_2)
     7    0.030313    0.244193    0.473221  626.036804 ^ fanout21/X (sky130_fd_sc_hd__buf_2)
                                                         net21 (net)
                      0.244193    0.000455  626.037292 ^ _362_/RESET_B (sky130_fd_sc_hd__dfrtp_1)
                                            626.037292   data arrival time

                                  0.000000    0.000000   clock clk_i (rise edge)
                                  0.000000    0.000000   clock source latency
     1    0.018999    0.142997    0.097465    0.097465 ^ clk_i (in)
                                                         clk_i (net)
                      0.143010    0.000000    0.097465 ^ clkbuf_0_clk_i/A (sky130_fd_sc_hd__clkbuf_16)
     8    0.085313    0.155482    0.332710    0.430175 ^ clkbuf_0_clk_i/X (sky130_fd_sc_hd__clkbuf_16)
                                                         clknet_0_clk_i (net)
                      0.155509    0.002071    0.432246 ^ clkbuf_3_0__f_clk_i/A (sky130_fd_sc_hd__clkbuf_16)
    10    0.026272    0.075379    0.269719    0.701965 ^ clkbuf_3_0__f_clk_i/X (sky130_fd_sc_hd__clkbuf_16)
                                                         clknet_3_0__leaf_clk_i (net)
                      0.075379    0.000206    0.702171 ^ _362_/CLK (sky130_fd_sc_hd__dfrtp_1)
                                  0.250000    0.952171   clock uncertainty
                                  0.000000    0.952171   clock reconvergence pessimism
                                  0.712594    1.664765   library removal time
                                              1.664765   data required time
---------------------------------------------------------------------------------------------
                                              1.664765   data required time
                                           -626.037292   data arrival time
---------------------------------------------------------------------------------------------
                                            624.372498   slack (MET)


Startpoint: rst_i (input port clocked by clk_i)
Endpoint: _360_ (removal check against rising-edge clock clk_i)
Path Group: asynchronous
Path Type: min

Fanout         Cap        Slew       Delay        Time   Description
---------------------------------------------------------------------------------------------
                                  0.000000    0.000000   clock clk_i (rise edge)
                                  0.000000    0.000000   clock network delay (propagated)
                                625.000000  625.000000 ^ input external delay
     1    0.002536    0.030516    0.014381  625.014404 ^ rst_i (in)
                                                         rst_i (net)
                      0.030516    0.000000  625.014404 ^ input2/A (sky130_fd_sc_hd__clkbuf_1)
     1    0.002690    0.070640    0.131081  625.145447 ^ input2/X (sky130_fd_sc_hd__clkbuf_1)
                                                         net2 (net)
                      0.070640    0.000057  625.145508 ^ fanout27/A (sky130_fd_sc_hd__dlymetal6s2s_1)
     5    0.026856    0.426509    0.417629  625.563171 ^ fanout27/X (sky130_fd_sc_hd__dlymetal6s2s_1)
                                                         net27 (net)
                      0.426509    0.000455  625.563599 ^ fanout23/A (sky130_fd_sc_hd__buf_2)
     7    0.030189    0.243306    0.472483  626.036072 ^ fanout23/X (sky130_fd_sc_hd__buf_2)
                                                         net23 (net)
                      0.243306    0.000796  626.036865 ^ _360_/RESET_B (sky130_fd_sc_hd__dfrtp_1)
                                            626.036865   data arrival time

                                  0.000000    0.000000   clock clk_i (rise edge)
                                  0.000000    0.000000   clock source latency
     1    0.018999    0.142997    0.097465    0.097465 ^ clk_i (in)
                                                         clk_i (net)
                      0.143010    0.000000    0.097465 ^ clkbuf_0_clk_i/A (sky130_fd_sc_hd__clkbuf_16)
     8    0.085313    0.155482    0.332710    0.430175 ^ clkbuf_0_clk_i/X (sky130_fd_sc_hd__clkbuf_16)
                                                         clknet_0_clk_i (net)
                      0.155527    0.002532    0.432708 ^ clkbuf_3_2__f_clk_i/A (sky130_fd_sc_hd__clkbuf_16)
     9    0.024041    0.072492    0.266515    0.699223 ^ clkbuf_3_2__f_clk_i/X (sky130_fd_sc_hd__clkbuf_16)
                                                         clknet_3_2__leaf_clk_i (net)
                      0.072492    0.000115    0.699338 ^ _360_/CLK (sky130_fd_sc_hd__dfrtp_1)
                                  0.250000    0.949338   clock uncertainty
                                  0.000000    0.949338   clock reconvergence pessimism
                                  0.711453    1.660791   library removal time
                                              1.660791   data required time
---------------------------------------------------------------------------------------------
                                              1.660791   data required time
                                           -626.036865   data arrival time
---------------------------------------------------------------------------------------------
                                            624.376099   slack (MET)


Startpoint: rst_i (input port clocked by clk_i)
Endpoint: _373_ (removal check against rising-edge clock clk_i)
Path Group: asynchronous
Path Type: min

Fanout         Cap        Slew       Delay        Time   Description
---------------------------------------------------------------------------------------------
                                  0.000000    0.000000   clock clk_i (rise edge)
                                  0.000000    0.000000   clock network delay (propagated)
                                625.000000  625.000000 ^ input external delay
     1    0.002536    0.030516    0.014381  625.014404 ^ rst_i (in)
                                                         rst_i (net)
                      0.030516    0.000000  625.014404 ^ input2/A (sky130_fd_sc_hd__clkbuf_1)
     1    0.002690    0.070640    0.131081  625.145447 ^ input2/X (sky130_fd_sc_hd__clkbuf_1)
                                                         net2 (net)
                      0.070640    0.000057  625.145508 ^ fanout27/A (sky130_fd_sc_hd__dlymetal6s2s_1)
     5    0.026856    0.426509    0.417629  625.563171 ^ fanout27/X (sky130_fd_sc_hd__dlymetal6s2s_1)
                                                         net27 (net)
                      0.426509    0.000455  625.563599 ^ fanout23/A (sky130_fd_sc_hd__buf_2)
     7    0.030189    0.243306    0.472483  626.036072 ^ fanout23/X (sky130_fd_sc_hd__buf_2)
                                                         net23 (net)
                      0.243306    0.000909  626.036987 ^ _373_/RESET_B (sky130_fd_sc_hd__dfrtp_1)
                                            626.036987   data arrival time

                                  0.000000    0.000000   clock clk_i (rise edge)
                                  0.000000    0.000000   clock source latency
     1    0.018999    0.142997    0.097465    0.097465 ^ clk_i (in)
                                                         clk_i (net)
                      0.143010    0.000000    0.097465 ^ clkbuf_0_clk_i/A (sky130_fd_sc_hd__clkbuf_16)
     8    0.085313    0.155482    0.332710    0.430175 ^ clkbuf_0_clk_i/X (sky130_fd_sc_hd__clkbuf_16)
                                                         clknet_0_clk_i (net)
                      0.155527    0.002532    0.432708 ^ clkbuf_3_2__f_clk_i/A (sky130_fd_sc_hd__clkbuf_16)
     9    0.024041    0.072492    0.266515    0.699223 ^ clkbuf_3_2__f_clk_i/X (sky130_fd_sc_hd__clkbuf_16)
                                                         clknet_3_2__leaf_clk_i (net)
                      0.072492    0.000190    0.699413 ^ _373_/CLK (sky130_fd_sc_hd__dfrtp_1)
                                  0.250000    0.949413   clock uncertainty
                                  0.000000    0.949413   clock reconvergence pessimism
                                  0.711453    1.660866   library removal time
                                              1.660866   data required time
---------------------------------------------------------------------------------------------
                                              1.660866   data required time
                                           -626.036987   data arrival time
---------------------------------------------------------------------------------------------
                                            624.376160   slack (MET)


Startpoint: rst_i (input port clocked by clk_i)
Endpoint: _386_ (removal check against rising-edge clock clk_i)
Path Group: asynchronous
Path Type: min

Fanout         Cap        Slew       Delay        Time   Description
---------------------------------------------------------------------------------------------
                                  0.000000    0.000000   clock clk_i (rise edge)
                                  0.000000    0.000000   clock network delay (propagated)
                                625.000000  625.000000 ^ input external delay
     1    0.002536    0.030516    0.014381  625.014404 ^ rst_i (in)
                                                         rst_i (net)
                      0.030516    0.000000  625.014404 ^ input2/A (sky130_fd_sc_hd__clkbuf_1)
     1    0.002690    0.070640    0.131081  625.145447 ^ input2/X (sky130_fd_sc_hd__clkbuf_1)
                                                         net2 (net)
                      0.070640    0.000057  625.145508 ^ fanout27/A (sky130_fd_sc_hd__dlymetal6s2s_1)
     5    0.026856    0.426509    0.417629  625.563171 ^ fanout27/X (sky130_fd_sc_hd__dlymetal6s2s_1)
                                                         net27 (net)
                      0.426509    0.000455  625.563599 ^ fanout21/A (sky130_fd_sc_hd__buf_2)
     7    0.030313    0.244193    0.473221  626.036804 ^ fanout21/X (sky130_fd_sc_hd__buf_2)
                                                         net21 (net)
                      0.244193    0.000853  626.037659 ^ _386_/RESET_B (sky130_fd_sc_hd__dfrtp_4)
                                            626.037659   data arrival time

                                  0.000000    0.000000   clock clk_i (rise edge)
                                  0.000000    0.000000   clock source latency
     1    0.018999    0.142997    0.097465    0.097465 ^ clk_i (in)
                                                         clk_i (net)
                      0.143010    0.000000    0.097465 ^ clkbuf_0_clk_i/A (sky130_fd_sc_hd__clkbuf_16)
     8    0.085313    0.155482    0.332710    0.430175 ^ clkbuf_0_clk_i/X (sky130_fd_sc_hd__clkbuf_16)
                                                         clknet_0_clk_i (net)
                      0.155493    0.001505    0.431681 ^ clkbuf_3_1__f_clk_i/A (sky130_fd_sc_hd__clkbuf_16)
     8    0.023914    0.072338    0.266419    0.698099 ^ clkbuf_3_1__f_clk_i/X (sky130_fd_sc_hd__clkbuf_16)
                                                         clknet_3_1__leaf_clk_i (net)
                      0.072338    0.000189    0.698288 ^ _386_/CLK (sky130_fd_sc_hd__dfrtp_4)
                                  0.250000    0.948288   clock uncertainty
                                  0.000000    0.948288   clock reconvergence pessimism
                                  0.713301    1.661589   library removal time
                                              1.661589   data required time
---------------------------------------------------------------------------------------------
                                              1.661589   data required time
                                           -626.037659   data arrival time
---------------------------------------------------------------------------------------------
                                            624.376099   slack (MET)


Startpoint: rst_i (input port clocked by clk_i)
Endpoint: _337_ (removal check against rising-edge clock clk_i)
Path Group: asynchronous
Path Type: min

Fanout         Cap        Slew       Delay        Time   Description
---------------------------------------------------------------------------------------------
                                  0.000000    0.000000   clock clk_i (rise edge)
                                  0.000000    0.000000   clock network delay (propagated)
                                625.000000  625.000000 ^ input external delay
     1    0.002536    0.030516    0.014381  625.014404 ^ rst_i (in)
                                                         rst_i (net)
                      0.030516    0.000000  625.014404 ^ input2/A (sky130_fd_sc_hd__clkbuf_1)
     1    0.002690    0.070640    0.131081  625.145447 ^ input2/X (sky130_fd_sc_hd__clkbuf_1)
                                                         net2 (net)
                      0.070640    0.000057  625.145508 ^ fanout27/A (sky130_fd_sc_hd__dlymetal6s2s_1)
     5    0.026856    0.426509    0.417629  625.563171 ^ fanout27/X (sky130_fd_sc_hd__dlymetal6s2s_1)
                                                         net27 (net)
                      0.426509    0.000455  625.563599 ^ fanout21/A (sky130_fd_sc_hd__buf_2)
     7    0.030313    0.244193    0.473221  626.036804 ^ fanout21/X (sky130_fd_sc_hd__buf_2)
                                                         net21 (net)
                      0.244193    0.000625  626.037476 ^ _337_/RESET_B (sky130_fd_sc_hd__dfrtp_1)
                                            626.037476   data arrival time

                                  0.000000    0.000000   clock clk_i (rise edge)
                                  0.000000    0.000000   clock source latency
     1    0.018999    0.142997    0.097465    0.097465 ^ clk_i (in)
                                                         clk_i (net)
                      0.143010    0.000000    0.097465 ^ clkbuf_0_clk_i/A (sky130_fd_sc_hd__clkbuf_16)
     8    0.085313    0.155482    0.332710    0.430175 ^ clkbuf_0_clk_i/X (sky130_fd_sc_hd__clkbuf_16)
                                                         clknet_0_clk_i (net)
                      0.155493    0.001505    0.431681 ^ clkbuf_3_1__f_clk_i/A (sky130_fd_sc_hd__clkbuf_16)
     8    0.023914    0.072338    0.266419    0.698099 ^ clkbuf_3_1__f_clk_i/X (sky130_fd_sc_hd__clkbuf_16)
                                                         clknet_3_1__leaf_clk_i (net)
                      0.072338    0.000130    0.698230 ^ _337_/CLK (sky130_fd_sc_hd__dfrtp_1)
                                  0.250000    0.948230   clock uncertainty
                                  0.000000    0.948230   clock reconvergence pessimism
                                  0.711679    1.659909   library removal time
                                              1.659909   data required time
---------------------------------------------------------------------------------------------
                                              1.659909   data required time
                                           -626.037476   data arrival time
---------------------------------------------------------------------------------------------
                                            624.377563   slack (MET)


Startpoint: rst_i (input port clocked by clk_i)
Endpoint: _385_ (removal check against rising-edge clock clk_i)
Path Group: asynchronous
Path Type: min

Fanout         Cap        Slew       Delay        Time   Description
---------------------------------------------------------------------------------------------
                                  0.000000    0.000000   clock clk_i (rise edge)
                                  0.000000    0.000000   clock network delay (propagated)
                                625.000000  625.000000 ^ input external delay
     1    0.002536    0.030516    0.014381  625.014404 ^ rst_i (in)
                                                         rst_i (net)
                      0.030516    0.000000  625.014404 ^ input2/A (sky130_fd_sc_hd__clkbuf_1)
     1    0.002690    0.070640    0.131081  625.145447 ^ input2/X (sky130_fd_sc_hd__clkbuf_1)
                                                         net2 (net)
                      0.070640    0.000057  625.145508 ^ fanout27/A (sky130_fd_sc_hd__dlymetal6s2s_1)
     5    0.026856    0.426509    0.417629  625.563171 ^ fanout27/X (sky130_fd_sc_hd__dlymetal6s2s_1)
                                                         net27 (net)
                      0.426509    0.000455  625.563599 ^ fanout21/A (sky130_fd_sc_hd__buf_2)
     7    0.030313    0.244193    0.473221  626.036804 ^ fanout21/X (sky130_fd_sc_hd__buf_2)
                                                         net21 (net)
                      0.244193    0.000398  626.037231 ^ _385_/RESET_B (sky130_fd_sc_hd__dfrtp_1)
                                            626.037231   data arrival time

                                  0.000000    0.000000   clock clk_i (rise edge)
                                  0.000000    0.000000   clock source latency
     1    0.018999    0.142997    0.097465    0.097465 ^ clk_i (in)
                                                         clk_i (net)
                      0.143010    0.000000    0.097465 ^ clkbuf_0_clk_i/A (sky130_fd_sc_hd__clkbuf_16)
     8    0.085313    0.155482    0.332710    0.430175 ^ clkbuf_0_clk_i/X (sky130_fd_sc_hd__clkbuf_16)
                                                         clknet_0_clk_i (net)
                      0.155493    0.001505    0.431681 ^ clkbuf_3_1__f_clk_i/A (sky130_fd_sc_hd__clkbuf_16)
     8    0.023914    0.072338    0.266419    0.698099 ^ clkbuf_3_1__f_clk_i/X (sky130_fd_sc_hd__clkbuf_16)
                                                         clknet_3_1__leaf_clk_i (net)
                      0.072338    0.000149    0.698249 ^ _385_/CLK (sky130_fd_sc_hd__dfrtp_1)
                                  0.250000    0.948249   clock uncertainty
                                  0.000000    0.948249   clock reconvergence pessimism
                                  0.711679    1.659928   library removal time
                                              1.659928   data required time
---------------------------------------------------------------------------------------------
                                              1.659928   data required time
                                           -626.037231   data arrival time
---------------------------------------------------------------------------------------------
                                            624.377258   slack (MET)


Startpoint: rst_i (input port clocked by clk_i)
Endpoint: _387_ (removal check against rising-edge clock clk_i)
Path Group: asynchronous
Path Type: min

Fanout         Cap        Slew       Delay        Time   Description
---------------------------------------------------------------------------------------------
                                  0.000000    0.000000   clock clk_i (rise edge)
                                  0.000000    0.000000   clock network delay (propagated)
                                625.000000  625.000000 ^ input external delay
     1    0.002536    0.030516    0.014381  625.014404 ^ rst_i (in)
                                                         rst_i (net)
                      0.030516    0.000000  625.014404 ^ input2/A (sky130_fd_sc_hd__clkbuf_1)
     1    0.002690    0.070640    0.131081  625.145447 ^ input2/X (sky130_fd_sc_hd__clkbuf_1)
                                                         net2 (net)
                      0.070640    0.000057  625.145508 ^ fanout27/A (sky130_fd_sc_hd__dlymetal6s2s_1)
     5    0.026856    0.426509    0.417629  625.563171 ^ fanout27/X (sky130_fd_sc_hd__dlymetal6s2s_1)
                                                         net27 (net)
                      0.426509    0.000455  625.563599 ^ fanout21/A (sky130_fd_sc_hd__buf_2)
     7    0.030313    0.244193    0.473221  626.036804 ^ fanout21/X (sky130_fd_sc_hd__buf_2)
                                                         net21 (net)
                      0.244193    0.000853  626.037659 ^ _387_/RESET_B (sky130_fd_sc_hd__dfrtp_4)
                                            626.037659   data arrival time

                                  0.000000    0.000000   clock clk_i (rise edge)
                                  0.000000    0.000000   clock source latency
     1    0.018999    0.142997    0.097465    0.097465 ^ clk_i (in)
                                                         clk_i (net)
                      0.143010    0.000000    0.097465 ^ clkbuf_0_clk_i/A (sky130_fd_sc_hd__clkbuf_16)
     8    0.085313    0.155482    0.332710    0.430175 ^ clkbuf_0_clk_i/X (sky130_fd_sc_hd__clkbuf_16)
                                                         clknet_0_clk_i (net)
                      0.155488    0.001265    0.431441 ^ clkbuf_3_4__f_clk_i/A (sky130_fd_sc_hd__clkbuf_16)
     7    0.023110    0.071328    0.265186    0.696626 ^ clkbuf_3_4__f_clk_i/X (sky130_fd_sc_hd__clkbuf_16)
                                                         clknet_3_4__leaf_clk_i (net)
                      0.071329    0.000498    0.697124 ^ _387_/CLK (sky130_fd_sc_hd__dfrtp_4)
                                  0.250000    0.947125   clock uncertainty
                                  0.000000    0.947125   clock reconvergence pessimism
                                  0.712997    1.660122   library removal time
                                              1.660122   data required time
---------------------------------------------------------------------------------------------
                                              1.660122   data required time
                                           -626.037659   data arrival time
---------------------------------------------------------------------------------------------
                                            624.377563   slack (MET)


Startpoint: rst_i (input port clocked by clk_i)
Endpoint: _392_ (removal check against rising-edge clock clk_i)
Path Group: asynchronous
Path Type: min

Fanout         Cap        Slew       Delay        Time   Description
---------------------------------------------------------------------------------------------
                                  0.000000    0.000000   clock clk_i (rise edge)
                                  0.000000    0.000000   clock network delay (propagated)
                                625.000000  625.000000 ^ input external delay
     1    0.002536    0.030516    0.014381  625.014404 ^ rst_i (in)
                                                         rst_i (net)
                      0.030516    0.000000  625.014404 ^ input2/A (sky130_fd_sc_hd__clkbuf_1)
     1    0.002690    0.070640    0.131081  625.145447 ^ input2/X (sky130_fd_sc_hd__clkbuf_1)
                                                         net2 (net)
                      0.070640    0.000057  625.145508 ^ fanout27/A (sky130_fd_sc_hd__dlymetal6s2s_1)
     5    0.026856    0.426509    0.417629  625.563171 ^ fanout27/X (sky130_fd_sc_hd__dlymetal6s2s_1)
                                                         net27 (net)
                      0.426509    0.000455  625.563599 ^ fanout21/A (sky130_fd_sc_hd__buf_2)
     7    0.030313    0.244193    0.473221  626.036804 ^ fanout21/X (sky130_fd_sc_hd__buf_2)
                                                         net21 (net)
                      0.244193    0.000171  626.036987 ^ _392_/RESET_B (sky130_fd_sc_hd__dfrtp_1)
                                            626.036987   data arrival time

                                  0.000000    0.000000   clock clk_i (rise edge)
                                  0.000000    0.000000   clock source latency
     1    0.018999    0.142997    0.097465    0.097465 ^ clk_i (in)
                                                         clk_i (net)
                      0.143010    0.000000    0.097465 ^ clkbuf_0_clk_i/A (sky130_fd_sc_hd__clkbuf_16)
     8    0.085313    0.155482    0.332710    0.430175 ^ clkbuf_0_clk_i/X (sky130_fd_sc_hd__clkbuf_16)
                                                         clknet_0_clk_i (net)
                      0.155493    0.001505    0.431681 ^ clkbuf_3_1__f_clk_i/A (sky130_fd_sc_hd__clkbuf_16)
     8    0.023914    0.072338    0.266419    0.698099 ^ clkbuf_3_1__f_clk_i/X (sky130_fd_sc_hd__clkbuf_16)
                                                         clknet_3_1__leaf_clk_i (net)
                      0.072338    0.000169    0.698269 ^ _392_/CLK (sky130_fd_sc_hd__dfrtp_1)
                                  0.250000    0.948268   clock uncertainty
                                  0.000000    0.948268   clock reconvergence pessimism
                                  0.711679    1.659948   library removal time
                                              1.659948   data required time
---------------------------------------------------------------------------------------------
                                              1.659948   data required time
                                           -626.036987   data arrival time
---------------------------------------------------------------------------------------------
                                            624.377075   slack (MET)


Startpoint: rst_i (input port clocked by clk_i)
Endpoint: _388_ (removal check against rising-edge clock clk_i)
Path Group: asynchronous
Path Type: min

Fanout         Cap        Slew       Delay        Time   Description
---------------------------------------------------------------------------------------------
                                  0.000000    0.000000   clock clk_i (rise edge)
                                  0.000000    0.000000   clock network delay (propagated)
                                625.000000  625.000000 ^ input external delay
     1    0.002536    0.030516    0.014381  625.014404 ^ rst_i (in)
                                                         rst_i (net)
                      0.030516    0.000000  625.014404 ^ input2/A (sky130_fd_sc_hd__clkbuf_1)
     1    0.002690    0.070640    0.131081  625.145447 ^ input2/X (sky130_fd_sc_hd__clkbuf_1)
                                                         net2 (net)
                      0.070640    0.000057  625.145508 ^ fanout27/A (sky130_fd_sc_hd__dlymetal6s2s_1)
     5    0.026856    0.426509    0.417629  625.563171 ^ fanout27/X (sky130_fd_sc_hd__dlymetal6s2s_1)
                                                         net27 (net)
                      0.426509    0.000455  625.563599 ^ fanout21/A (sky130_fd_sc_hd__buf_2)
     7    0.030313    0.244193    0.473221  626.036804 ^ fanout21/X (sky130_fd_sc_hd__buf_2)
                                                         net21 (net)
                      0.244193    0.000796  626.037598 ^ _388_/RESET_B (sky130_fd_sc_hd__dfrtp_2)
                                            626.037598   data arrival time

                                  0.000000    0.000000   clock clk_i (rise edge)
                                  0.000000    0.000000   clock source latency
     1    0.018999    0.142997    0.097465    0.097465 ^ clk_i (in)
                                                         clk_i (net)
                      0.143010    0.000000    0.097465 ^ clkbuf_0_clk_i/A (sky130_fd_sc_hd__clkbuf_16)
     8    0.085313    0.155482    0.332710    0.430175 ^ clkbuf_0_clk_i/X (sky130_fd_sc_hd__clkbuf_16)
                                                         clknet_0_clk_i (net)
                      0.155488    0.001265    0.431441 ^ clkbuf_3_4__f_clk_i/A (sky130_fd_sc_hd__clkbuf_16)
     7    0.023110    0.071328    0.265186    0.696626 ^ clkbuf_3_4__f_clk_i/X (sky130_fd_sc_hd__clkbuf_16)
                                                         clknet_3_4__leaf_clk_i (net)
                      0.071328    0.000492    0.697118 ^ _388_/CLK (sky130_fd_sc_hd__dfrtp_2)
                                  0.250000    0.947118   clock uncertainty
                                  0.000000    0.947118   clock reconvergence pessimism
                                  0.711212    1.658330   library removal time
                                              1.658330   data required time
---------------------------------------------------------------------------------------------
                                              1.658330   data required time
                                           -626.037598   data arrival time
---------------------------------------------------------------------------------------------
                                            624.379272   slack (MET)


Startpoint: rst_i (input port clocked by clk_i)
Endpoint: _382_ (removal check against rising-edge clock clk_i)
Path Group: asynchronous
Path Type: min

Fanout         Cap        Slew       Delay        Time   Description
---------------------------------------------------------------------------------------------
                                  0.000000    0.000000   clock clk_i (rise edge)
                                  0.000000    0.000000   clock network delay (propagated)
                                625.000000  625.000000 ^ input external delay
     1    0.002536    0.030516    0.014381  625.014404 ^ rst_i (in)
                                                         rst_i (net)
                      0.030516    0.000000  625.014404 ^ input2/A (sky130_fd_sc_hd__clkbuf_1)
     1    0.002690    0.070640    0.131081  625.145447 ^ input2/X (sky130_fd_sc_hd__clkbuf_1)
                                                         net2 (net)
                      0.070640    0.000057  625.145508 ^ fanout27/A (sky130_fd_sc_hd__dlymetal6s2s_1)
     5    0.026856    0.426509    0.417629  625.563171 ^ fanout27/X (sky130_fd_sc_hd__dlymetal6s2s_1)
                                                         net27 (net)
                      0.426509    0.000171  625.563293 ^ fanout26/A (sky130_fd_sc_hd__buf_2)
     8    0.035181    0.280068    0.499199  626.062500 ^ fanout26/X (sky130_fd_sc_hd__buf_2)
                                                         net26 (net)
                      0.280068    0.000284  626.062805 ^ _382_/RESET_B (sky130_fd_sc_hd__dfrtp_1)
                                            626.062805   data arrival time

                                  0.000000    0.000000   clock clk_i (rise edge)
                                  0.000000    0.000000   clock source latency
     1    0.018999    0.142997    0.097465    0.097465 ^ clk_i (in)
                                                         clk_i (net)
                      0.143010    0.000000    0.097465 ^ clkbuf_0_clk_i/A (sky130_fd_sc_hd__clkbuf_16)
     8    0.085313    0.155482    0.332710    0.430175 ^ clkbuf_0_clk_i/X (sky130_fd_sc_hd__clkbuf_16)
                                                         clknet_0_clk_i (net)
                      0.155484    0.000969    0.431144 ^ clkbuf_3_7__f_clk_i/A (sky130_fd_sc_hd__clkbuf_16)
     8    0.025893    0.074884    0.269188    0.700332 ^ clkbuf_3_7__f_clk_i/X (sky130_fd_sc_hd__clkbuf_16)
                                                         clknet_3_7__leaf_clk_i (net)
                      0.074884    0.000209    0.700541 ^ _382_/CLK (sky130_fd_sc_hd__dfrtp_1)
                                  0.250000    0.950541   clock uncertainty
                                  0.000000    0.950541   clock reconvergence pessimism
                                  0.723467    1.674008   library removal time
                                              1.674008   data required time
---------------------------------------------------------------------------------------------
                                              1.674008   data required time
                                           -626.062805   data arrival time
---------------------------------------------------------------------------------------------
                                            624.388794   slack (MET)


Startpoint: rst_i (input port clocked by clk_i)
Endpoint: _391_ (removal check against rising-edge clock clk_i)
Path Group: asynchronous
Path Type: min

Fanout         Cap        Slew       Delay        Time   Description
---------------------------------------------------------------------------------------------
                                  0.000000    0.000000   clock clk_i (rise edge)
                                  0.000000    0.000000   clock network delay (propagated)
                                625.000000  625.000000 ^ input external delay
     1    0.002536    0.030516    0.014381  625.014404 ^ rst_i (in)
                                                         rst_i (net)
                      0.030516    0.000000  625.014404 ^ input2/A (sky130_fd_sc_hd__clkbuf_1)
     1    0.002690    0.070640    0.131081  625.145447 ^ input2/X (sky130_fd_sc_hd__clkbuf_1)
                                                         net2 (net)
                      0.070640    0.000057  625.145508 ^ fanout27/A (sky130_fd_sc_hd__dlymetal6s2s_1)
     5    0.026856    0.426509    0.417629  625.563171 ^ fanout27/X (sky130_fd_sc_hd__dlymetal6s2s_1)
                                                         net27 (net)
                      0.426509    0.000171  625.563293 ^ fanout26/A (sky130_fd_sc_hd__buf_2)
     8    0.035181    0.280068    0.499199  626.062500 ^ fanout26/X (sky130_fd_sc_hd__buf_2)
                                                         net26 (net)
                      0.280068    0.000341  626.062866 ^ _391_/RESET_B (sky130_fd_sc_hd__dfrtp_1)
                                            626.062866   data arrival time

                                  0.000000    0.000000   clock clk_i (rise edge)
                                  0.000000    0.000000   clock source latency
     1    0.018999    0.142997    0.097465    0.097465 ^ clk_i (in)
                                                         clk_i (net)
                      0.143010    0.000000    0.097465 ^ clkbuf_0_clk_i/A (sky130_fd_sc_hd__clkbuf_16)
     8    0.085313    0.155482    0.332710    0.430175 ^ clkbuf_0_clk_i/X (sky130_fd_sc_hd__clkbuf_16)
                                                         clknet_0_clk_i (net)
                      0.155491    0.001415    0.431590 ^ clkbuf_3_5__f_clk_i/A (sky130_fd_sc_hd__clkbuf_16)
     9    0.025775    0.074726    0.269045    0.700635 ^ clkbuf_3_5__f_clk_i/X (sky130_fd_sc_hd__clkbuf_16)
                                                         clknet_3_5__leaf_clk_i (net)
                      0.074727    0.000325    0.700960 ^ _391_/CLK (sky130_fd_sc_hd__dfrtp_1)
                                  0.250000    0.950960   clock uncertainty
                                  0.000000    0.950960   clock reconvergence pessimism
                                  0.723420    1.674379   library removal time
                                              1.674379   data required time
---------------------------------------------------------------------------------------------
                                              1.674379   data required time
                                           -626.062866   data arrival time
---------------------------------------------------------------------------------------------
                                            624.388489   slack (MET)


Startpoint: rst_i (input port clocked by clk_i)
Endpoint: _348_ (removal check against rising-edge clock clk_i)
Path Group: asynchronous
Path Type: min

Fanout         Cap        Slew       Delay        Time   Description
---------------------------------------------------------------------------------------------
                                  0.000000    0.000000   clock clk_i (rise edge)
                                  0.000000    0.000000   clock network delay (propagated)
                                625.000000  625.000000 ^ input external delay
     1    0.002536    0.030516    0.014381  625.014404 ^ rst_i (in)
                                                         rst_i (net)
                      0.030516    0.000000  625.014404 ^ input2/A (sky130_fd_sc_hd__clkbuf_1)
     1    0.002690    0.070640    0.131081  625.145447 ^ input2/X (sky130_fd_sc_hd__clkbuf_1)
                                                         net2 (net)
                      0.070640    0.000057  625.145508 ^ fanout27/A (sky130_fd_sc_hd__dlymetal6s2s_1)
     5    0.026856    0.426509    0.417629  625.563171 ^ fanout27/X (sky130_fd_sc_hd__dlymetal6s2s_1)
                                                         net27 (net)
                      0.426509    0.000171  625.563293 ^ fanout26/A (sky130_fd_sc_hd__buf_2)
     8    0.035181    0.280068    0.499199  626.062500 ^ fanout26/X (sky130_fd_sc_hd__buf_2)
                                                         net26 (net)
                      0.280068    0.000682  626.063171 ^ _348_/RESET_B (sky130_fd_sc_hd__dfrtp_1)
                                            626.063171   data arrival time

                                  0.000000    0.000000   clock clk_i (rise edge)
                                  0.000000    0.000000   clock source latency
     1    0.018999    0.142997    0.097465    0.097465 ^ clk_i (in)
                                                         clk_i (net)
                      0.143010    0.000000    0.097465 ^ clkbuf_0_clk_i/A (sky130_fd_sc_hd__clkbuf_16)
     8    0.085313    0.155482    0.332710    0.430175 ^ clkbuf_0_clk_i/X (sky130_fd_sc_hd__clkbuf_16)
                                                         clknet_0_clk_i (net)
                      0.155484    0.000969    0.431144 ^ clkbuf_3_7__f_clk_i/A (sky130_fd_sc_hd__clkbuf_16)
     8    0.025893    0.074884    0.269188    0.700332 ^ clkbuf_3_7__f_clk_i/X (sky130_fd_sc_hd__clkbuf_16)
                                                         clknet_3_7__leaf_clk_i (net)
                      0.074884    0.000284    0.700616 ^ _348_/CLK (sky130_fd_sc_hd__dfrtp_1)
                                  0.250000    0.950616   clock uncertainty
                                  0.000000    0.950616   clock reconvergence pessimism
                                  0.723467    1.674083   library removal time
                                              1.674083   data required time
---------------------------------------------------------------------------------------------
                                              1.674083   data required time
                                           -626.063171   data arrival time
---------------------------------------------------------------------------------------------
                                            624.389099   slack (MET)


Startpoint: rst_i (input port clocked by clk_i)
Endpoint: _377_ (removal check against rising-edge clock clk_i)
Path Group: asynchronous
Path Type: min

Fanout         Cap        Slew       Delay        Time   Description
---------------------------------------------------------------------------------------------
                                  0.000000    0.000000   clock clk_i (rise edge)
                                  0.000000    0.000000   clock network delay (propagated)
                                625.000000  625.000000 ^ input external delay
     1    0.002536    0.030516    0.014381  625.014404 ^ rst_i (in)
                                                         rst_i (net)
                      0.030516    0.000000  625.014404 ^ input2/A (sky130_fd_sc_hd__clkbuf_1)
     1    0.002690    0.070640    0.131081  625.145447 ^ input2/X (sky130_fd_sc_hd__clkbuf_1)
                                                         net2 (net)
                      0.070640    0.000057  625.145508 ^ fanout27/A (sky130_fd_sc_hd__dlymetal6s2s_1)
     5    0.026856    0.426509    0.417629  625.563171 ^ fanout27/X (sky130_fd_sc_hd__dlymetal6s2s_1)
                                                         net27 (net)
                      0.426509    0.000171  625.563293 ^ fanout26/A (sky130_fd_sc_hd__buf_2)
     8    0.035181    0.280068    0.499199  626.062500 ^ fanout26/X (sky130_fd_sc_hd__buf_2)
                                                         net26 (net)
                      0.280068    0.000625  626.063171 ^ _377_/RESET_B (sky130_fd_sc_hd__dfrtp_1)
                                            626.063171   data arrival time

                                  0.000000    0.000000   clock clk_i (rise edge)
                                  0.000000    0.000000   clock source latency
     1    0.018999    0.142997    0.097465    0.097465 ^ clk_i (in)
                                                         clk_i (net)
                      0.143010    0.000000    0.097465 ^ clkbuf_0_clk_i/A (sky130_fd_sc_hd__clkbuf_16)
     8    0.085313    0.155482    0.332710    0.430175 ^ clkbuf_0_clk_i/X (sky130_fd_sc_hd__clkbuf_16)
                                                         clknet_0_clk_i (net)
                      0.155484    0.000969    0.431144 ^ clkbuf_3_7__f_clk_i/A (sky130_fd_sc_hd__clkbuf_16)
     8    0.025893    0.074884    0.269188    0.700332 ^ clkbuf_3_7__f_clk_i/X (sky130_fd_sc_hd__clkbuf_16)
                                                         clknet_3_7__leaf_clk_i (net)
                      0.074884    0.000256    0.700588 ^ _377_/CLK (sky130_fd_sc_hd__dfrtp_1)
                                  0.250000    0.950588   clock uncertainty
                                  0.000000    0.950588   clock reconvergence pessimism
                                  0.723467    1.674054   library removal time
                                              1.674054   data required time
---------------------------------------------------------------------------------------------
                                              1.674054   data required time
                                           -626.063171   data arrival time
---------------------------------------------------------------------------------------------
                                            624.389099   slack (MET)


Startpoint: rst_i (input port clocked by clk_i)
Endpoint: _383_ (removal check against rising-edge clock clk_i)
Path Group: asynchronous
Path Type: min

Fanout         Cap        Slew       Delay        Time   Description
---------------------------------------------------------------------------------------------
                                  0.000000    0.000000   clock clk_i (rise edge)
                                  0.000000    0.000000   clock network delay (propagated)
                                625.000000  625.000000 ^ input external delay
     1    0.002536    0.030516    0.014381  625.014404 ^ rst_i (in)
                                                         rst_i (net)
                      0.030516    0.000000  625.014404 ^ input2/A (sky130_fd_sc_hd__clkbuf_1)
     1    0.002690    0.070640    0.131081  625.145447 ^ input2/X (sky130_fd_sc_hd__clkbuf_1)
                                                         net2 (net)
                      0.070640    0.000057  625.145508 ^ fanout27/A (sky130_fd_sc_hd__dlymetal6s2s_1)
     5    0.026856    0.426509    0.417629  625.563171 ^ fanout27/X (sky130_fd_sc_hd__dlymetal6s2s_1)
                                                         net27 (net)
                      0.426509    0.000171  625.563293 ^ fanout26/A (sky130_fd_sc_hd__buf_2)
     8    0.035181    0.280068    0.499199  626.062500 ^ fanout26/X (sky130_fd_sc_hd__buf_2)
                                                         net26 (net)
                      0.280068    0.000625  626.063171 ^ _383_/RESET_B (sky130_fd_sc_hd__dfrtp_1)
                                            626.063171   data arrival time

                                  0.000000    0.000000   clock clk_i (rise edge)
                                  0.000000    0.000000   clock source latency
     1    0.018999    0.142997    0.097465    0.097465 ^ clk_i (in)
                                                         clk_i (net)
                      0.143010    0.000000    0.097465 ^ clkbuf_0_clk_i/A (sky130_fd_sc_hd__clkbuf_16)
     8    0.085313    0.155482    0.332710    0.430175 ^ clkbuf_0_clk_i/X (sky130_fd_sc_hd__clkbuf_16)
                                                         clknet_0_clk_i (net)
                      0.155484    0.000969    0.431144 ^ clkbuf_3_7__f_clk_i/A (sky130_fd_sc_hd__clkbuf_16)
     8    0.025893    0.074884    0.269188    0.700332 ^ clkbuf_3_7__f_clk_i/X (sky130_fd_sc_hd__clkbuf_16)
                                                         clknet_3_7__leaf_clk_i (net)
                      0.074884    0.000297    0.700628 ^ _383_/CLK (sky130_fd_sc_hd__dfrtp_1)
                                  0.250000    0.950628   clock uncertainty
                                  0.000000    0.950628   clock reconvergence pessimism
                                  0.723467    1.674095   library removal time
                                              1.674095   data required time
---------------------------------------------------------------------------------------------
                                              1.674095   data required time
                                           -626.063171   data arrival time
---------------------------------------------------------------------------------------------
                                            624.389038   slack (MET)


Startpoint: rst_i (input port clocked by clk_i)
Endpoint: _390_ (removal check against rising-edge clock clk_i)
Path Group: asynchronous
Path Type: min

Fanout         Cap        Slew       Delay        Time   Description
---------------------------------------------------------------------------------------------
                                  0.000000    0.000000   clock clk_i (rise edge)
                                  0.000000    0.000000   clock network delay (propagated)
                                625.000000  625.000000 ^ input external delay
     1    0.002536    0.030516    0.014381  625.014404 ^ rst_i (in)
                                                         rst_i (net)
                      0.030516    0.000000  625.014404 ^ input2/A (sky130_fd_sc_hd__clkbuf_1)
     1    0.002690    0.070640    0.131081  625.145447 ^ input2/X (sky130_fd_sc_hd__clkbuf_1)
                                                         net2 (net)
                      0.070640    0.000057  625.145508 ^ fanout27/A (sky130_fd_sc_hd__dlymetal6s2s_1)
     5    0.026856    0.426509    0.417629  625.563171 ^ fanout27/X (sky130_fd_sc_hd__dlymetal6s2s_1)
                                                         net27 (net)
                      0.426509    0.000171  625.563293 ^ fanout26/A (sky130_fd_sc_hd__buf_2)
     8    0.035181    0.280068    0.499199  626.062500 ^ fanout26/X (sky130_fd_sc_hd__buf_2)
                                                         net26 (net)
                      0.280068    0.000341  626.062866 ^ _390_/RESET_B (sky130_fd_sc_hd__dfrtp_1)
                                            626.062866   data arrival time

                                  0.000000    0.000000   clock clk_i (rise edge)
                                  0.000000    0.000000   clock source latency
     1    0.018999    0.142997    0.097465    0.097465 ^ clk_i (in)
                                                         clk_i (net)
                      0.143010    0.000000    0.097465 ^ clkbuf_0_clk_i/A (sky130_fd_sc_hd__clkbuf_16)
     8    0.085313    0.155482    0.332710    0.430175 ^ clkbuf_0_clk_i/X (sky130_fd_sc_hd__clkbuf_16)
                                                         clknet_0_clk_i (net)
                      0.155491    0.001415    0.431590 ^ clkbuf_3_5__f_clk_i/A (sky130_fd_sc_hd__clkbuf_16)
     9    0.025775    0.074726    0.269045    0.700635 ^ clkbuf_3_5__f_clk_i/X (sky130_fd_sc_hd__clkbuf_16)
                                                         clknet_3_5__leaf_clk_i (net)
                      0.074726    0.000102    0.700737 ^ _390_/CLK (sky130_fd_sc_hd__dfrtp_1)
                                  0.250000    0.950737   clock uncertainty
                                  0.000000    0.950737   clock reconvergence pessimism
                                  0.723419    1.674157   library removal time
                                              1.674157   data required time
---------------------------------------------------------------------------------------------
                                              1.674157   data required time
                                           -626.062866   data arrival time
---------------------------------------------------------------------------------------------
                                            624.388733   slack (MET)


Startpoint: rst_i (input port clocked by clk_i)
Endpoint: _353_ (removal check against rising-edge clock clk_i)
Path Group: asynchronous
Path Type: min

Fanout         Cap        Slew       Delay        Time   Description
---------------------------------------------------------------------------------------------
                                  0.000000    0.000000   clock clk_i (rise edge)
                                  0.000000    0.000000   clock network delay (propagated)
                                625.000000  625.000000 ^ input external delay
     1    0.002536    0.030516    0.014381  625.014404 ^ rst_i (in)
                                                         rst_i (net)
                      0.030516    0.000000  625.014404 ^ input2/A (sky130_fd_sc_hd__clkbuf_1)
     1    0.002690    0.070640    0.131081  625.145447 ^ input2/X (sky130_fd_sc_hd__clkbuf_1)
                                                         net2 (net)
                      0.070640    0.000057  625.145508 ^ fanout27/A (sky130_fd_sc_hd__dlymetal6s2s_1)
     5    0.026856    0.426509    0.417629  625.563171 ^ fanout27/X (sky130_fd_sc_hd__dlymetal6s2s_1)
                                                         net27 (net)
                      0.426509    0.000455  625.563599 ^ fanout22/A (sky130_fd_sc_hd__clkbuf_4)
    10    0.045800    0.231301    0.525745  626.089355 ^ fanout22/X (sky130_fd_sc_hd__clkbuf_4)
                                                         net22 (net)
                      0.231301    0.000227  626.089600 ^ _353_/RESET_B (sky130_fd_sc_hd__dfrtp_1)
                                            626.089600   data arrival time

                                  0.000000    0.000000   clock clk_i (rise edge)
                                  0.000000    0.000000   clock source latency
     1    0.018999    0.142997    0.097465    0.097465 ^ clk_i (in)
                                                         clk_i (net)
                      0.143010    0.000000    0.097465 ^ clkbuf_0_clk_i/A (sky130_fd_sc_hd__clkbuf_16)
     8    0.085313    0.155482    0.332710    0.430175 ^ clkbuf_0_clk_i/X (sky130_fd_sc_hd__clkbuf_16)
                                                         clknet_0_clk_i (net)
                      0.155528    0.002552    0.432727 ^ clkbuf_3_3__f_clk_i/A (sky130_fd_sc_hd__clkbuf_16)
     9    0.026391    0.075534    0.269911    0.702639 ^ clkbuf_3_3__f_clk_i/X (sky130_fd_sc_hd__clkbuf_16)
                                                         clknet_3_3__leaf_clk_i (net)
                      0.075534    0.000173    0.702812 ^ _353_/CLK (sky130_fd_sc_hd__dfrtp_1)
                                  0.250000    0.952812   clock uncertainty
                                  0.000000    0.952812   clock reconvergence pessimism
                                  0.708680    1.661492   library removal time
                                              1.661492   data required time
---------------------------------------------------------------------------------------------
                                              1.661492   data required time
                                           -626.089600   data arrival time
---------------------------------------------------------------------------------------------
                                            624.428101   slack (MET)


Startpoint: rst_i (input port clocked by clk_i)
Endpoint: _354_ (removal check against rising-edge clock clk_i)
Path Group: asynchronous
Path Type: min

Fanout         Cap        Slew       Delay        Time   Description
---------------------------------------------------------------------------------------------
                                  0.000000    0.000000   clock clk_i (rise edge)
                                  0.000000    0.000000   clock network delay (propagated)
                                625.000000  625.000000 ^ input external delay
     1    0.002536    0.030516    0.014381  625.014404 ^ rst_i (in)
                                                         rst_i (net)
                      0.030516    0.000000  625.014404 ^ input2/A (sky130_fd_sc_hd__clkbuf_1)
     1    0.002690    0.070640    0.131081  625.145447 ^ input2/X (sky130_fd_sc_hd__clkbuf_1)
                                                         net2 (net)
                      0.070640    0.000057  625.145508 ^ fanout27/A (sky130_fd_sc_hd__dlymetal6s2s_1)
     5    0.026856    0.426509    0.417629  625.563171 ^ fanout27/X (sky130_fd_sc_hd__dlymetal6s2s_1)
                                                         net27 (net)
                      0.426509    0.000455  625.563599 ^ fanout22/A (sky130_fd_sc_hd__clkbuf_4)
    10    0.045800    0.231301    0.525745  626.089355 ^ fanout22/X (sky130_fd_sc_hd__clkbuf_4)
                                                         net22 (net)
                      0.231301    0.000114  626.089478 ^ _354_/RESET_B (sky130_fd_sc_hd__dfrtp_1)
                                            626.089478   data arrival time

                                  0.000000    0.000000   clock clk_i (rise edge)
                                  0.000000    0.000000   clock source latency
     1    0.018999    0.142997    0.097465    0.097465 ^ clk_i (in)
                                                         clk_i (net)
                      0.143010    0.000000    0.097465 ^ clkbuf_0_clk_i/A (sky130_fd_sc_hd__clkbuf_16)
     8    0.085313    0.155482    0.332710    0.430175 ^ clkbuf_0_clk_i/X (sky130_fd_sc_hd__clkbuf_16)
                                                         clknet_0_clk_i (net)
                      0.155528    0.002552    0.432727 ^ clkbuf_3_3__f_clk_i/A (sky130_fd_sc_hd__clkbuf_16)
     9    0.026391    0.075534    0.269911    0.702639 ^ clkbuf_3_3__f_clk_i/X (sky130_fd_sc_hd__clkbuf_16)
                                                         clknet_3_3__leaf_clk_i (net)
                      0.075534    0.000298    0.702936 ^ _354_/CLK (sky130_fd_sc_hd__dfrtp_1)
                                  0.250000    0.952936   clock uncertainty
                                  0.000000    0.952936   clock reconvergence pessimism
                                  0.708680    1.661617   library removal time
                                              1.661617   data required time
---------------------------------------------------------------------------------------------
                                              1.661617   data required time
                                           -626.089478   data arrival time
---------------------------------------------------------------------------------------------
                                            624.427856   slack (MET)


Startpoint: rst_i (input port clocked by clk_i)
Endpoint: _338_ (removal check against rising-edge clock clk_i)
Path Group: asynchronous
Path Type: min

Fanout         Cap        Slew       Delay        Time   Description
---------------------------------------------------------------------------------------------
                                  0.000000    0.000000   clock clk_i (rise edge)
                                  0.000000    0.000000   clock network delay (propagated)
                                625.000000  625.000000 ^ input external delay
     1    0.002536    0.030516    0.014381  625.014404 ^ rst_i (in)
                                                         rst_i (net)
                      0.030516    0.000000  625.014404 ^ input2/A (sky130_fd_sc_hd__clkbuf_1)
     1    0.002690    0.070640    0.131081  625.145447 ^ input2/X (sky130_fd_sc_hd__clkbuf_1)
                                                         net2 (net)
                      0.070640    0.000057  625.145508 ^ fanout27/A (sky130_fd_sc_hd__dlymetal6s2s_1)
     5    0.026856    0.426509    0.417629  625.563171 ^ fanout27/X (sky130_fd_sc_hd__dlymetal6s2s_1)
                                                         net27 (net)
                      0.426509    0.000512  625.563660 ^ fanout20/A (sky130_fd_sc_hd__clkbuf_4)
    10    0.045895    0.231788    0.525802  626.089478 ^ fanout20/X (sky130_fd_sc_hd__clkbuf_4)
                                                         net20 (net)
                      0.231798    0.001819  626.091309 ^ _338_/RESET_B (sky130_fd_sc_hd__dfrtp_1)
                                            626.091309   data arrival time

                                  0.000000    0.000000   clock clk_i (rise edge)
                                  0.000000    0.000000   clock source latency
     1    0.018999    0.142997    0.097465    0.097465 ^ clk_i (in)
                                                         clk_i (net)
                      0.143010    0.000000    0.097465 ^ clkbuf_0_clk_i/A (sky130_fd_sc_hd__clkbuf_16)
     8    0.085313    0.155482    0.332710    0.430175 ^ clkbuf_0_clk_i/X (sky130_fd_sc_hd__clkbuf_16)
                                                         clknet_0_clk_i (net)
                      0.155509    0.002071    0.432246 ^ clkbuf_3_0__f_clk_i/A (sky130_fd_sc_hd__clkbuf_16)
    10    0.026272    0.075379    0.269719    0.701965 ^ clkbuf_3_0__f_clk_i/X (sky130_fd_sc_hd__clkbuf_16)
                                                         clknet_3_0__leaf_clk_i (net)
                      0.075380    0.000387    0.702352 ^ _338_/CLK (sky130_fd_sc_hd__dfrtp_1)
                                  0.250000    0.952352   clock uncertainty
                                  0.000000    0.952352   clock reconvergence pessimism
                                  0.708787    1.661139   library removal time
                                              1.661139   data required time
---------------------------------------------------------------------------------------------
                                              1.661139   data required time
                                           -626.091309   data arrival time
---------------------------------------------------------------------------------------------
                                            624.430176   slack (MET)


Startpoint: rst_i (input port clocked by clk_i)
Endpoint: _339_ (removal check against rising-edge clock clk_i)
Path Group: asynchronous
Path Type: min

Fanout         Cap        Slew       Delay        Time   Description
---------------------------------------------------------------------------------------------
                                  0.000000    0.000000   clock clk_i (rise edge)
                                  0.000000    0.000000   clock network delay (propagated)
                                625.000000  625.000000 ^ input external delay
     1    0.002536    0.030516    0.014381  625.014404 ^ rst_i (in)
                                                         rst_i (net)
                      0.030516    0.000000  625.014404 ^ input2/A (sky130_fd_sc_hd__clkbuf_1)
     1    0.002690    0.070640    0.131081  625.145447 ^ input2/X (sky130_fd_sc_hd__clkbuf_1)
                                                         net2 (net)
                      0.070640    0.000057  625.145508 ^ fanout27/A (sky130_fd_sc_hd__dlymetal6s2s_1)
     5    0.026856    0.426509    0.417629  625.563171 ^ fanout27/X (sky130_fd_sc_hd__dlymetal6s2s_1)
                                                         net27 (net)
                      0.426509    0.000512  625.563660 ^ fanout20/A (sky130_fd_sc_hd__clkbuf_4)
    10    0.045895    0.231788    0.525802  626.089478 ^ fanout20/X (sky130_fd_sc_hd__clkbuf_4)
                                                         net20 (net)
                      0.231800    0.001933  626.091370 ^ _339_/RESET_B (sky130_fd_sc_hd__dfrtp_2)
                                            626.091370   data arrival time

                                  0.000000    0.000000   clock clk_i (rise edge)
                                  0.000000    0.000000   clock source latency
     1    0.018999    0.142997    0.097465    0.097465 ^ clk_i (in)
                                                         clk_i (net)
                      0.143010    0.000000    0.097465 ^ clkbuf_0_clk_i/A (sky130_fd_sc_hd__clkbuf_16)
     8    0.085313    0.155482    0.332710    0.430175 ^ clkbuf_0_clk_i/X (sky130_fd_sc_hd__clkbuf_16)
                                                         clknet_0_clk_i (net)
                      0.155509    0.002071    0.432246 ^ clkbuf_3_0__f_clk_i/A (sky130_fd_sc_hd__clkbuf_16)
    10    0.026272    0.075379    0.269719    0.701965 ^ clkbuf_3_0__f_clk_i/X (sky130_fd_sc_hd__clkbuf_16)
                                                         clknet_3_0__leaf_clk_i (net)
                      0.075380    0.000424    0.702389 ^ _339_/CLK (sky130_fd_sc_hd__dfrtp_2)
                                  0.250000    0.952389   clock uncertainty
                                  0.000000    0.952389   clock reconvergence pessimism
                                  0.708633    1.661022   library removal time
                                              1.661022   data required time
---------------------------------------------------------------------------------------------
                                              1.661022   data required time
                                           -626.091370   data arrival time
---------------------------------------------------------------------------------------------
                                            624.430359   slack (MET)


Startpoint: rst_i (input port clocked by clk_i)
Endpoint: _340_ (removal check against rising-edge clock clk_i)
Path Group: asynchronous
Path Type: min

Fanout         Cap        Slew       Delay        Time   Description
---------------------------------------------------------------------------------------------
                                  0.000000    0.000000   clock clk_i (rise edge)
                                  0.000000    0.000000   clock network delay (propagated)
                                625.000000  625.000000 ^ input external delay
     1    0.002536    0.030516    0.014381  625.014404 ^ rst_i (in)
                                                         rst_i (net)
                      0.030516    0.000000  625.014404 ^ input2/A (sky130_fd_sc_hd__clkbuf_1)
     1    0.002690    0.070640    0.131081  625.145447 ^ input2/X (sky130_fd_sc_hd__clkbuf_1)
                                                         net2 (net)
                      0.070640    0.000057  625.145508 ^ fanout27/A (sky130_fd_sc_hd__dlymetal6s2s_1)
     5    0.026856    0.426509    0.417629  625.563171 ^ fanout27/X (sky130_fd_sc_hd__dlymetal6s2s_1)
                                                         net27 (net)
                      0.426509    0.000512  625.563660 ^ fanout20/A (sky130_fd_sc_hd__clkbuf_4)
    10    0.045895    0.231788    0.525802  626.089478 ^ fanout20/X (sky130_fd_sc_hd__clkbuf_4)
                                                         net20 (net)
                      0.231800    0.001933  626.091370 ^ _340_/RESET_B (sky130_fd_sc_hd__dfrtp_2)
                                            626.091370   data arrival time

                                  0.000000    0.000000   clock clk_i (rise edge)
                                  0.000000    0.000000   clock source latency
     1    0.018999    0.142997    0.097465    0.097465 ^ clk_i (in)
                                                         clk_i (net)
                      0.143010    0.000000    0.097465 ^ clkbuf_0_clk_i/A (sky130_fd_sc_hd__clkbuf_16)
     8    0.085313    0.155482    0.332710    0.430175 ^ clkbuf_0_clk_i/X (sky130_fd_sc_hd__clkbuf_16)
                                                         clknet_0_clk_i (net)
                      0.155509    0.002071    0.432246 ^ clkbuf_3_0__f_clk_i/A (sky130_fd_sc_hd__clkbuf_16)
    10    0.026272    0.075379    0.269719    0.701965 ^ clkbuf_3_0__f_clk_i/X (sky130_fd_sc_hd__clkbuf_16)
                                                         clknet_3_0__leaf_clk_i (net)
                      0.075380    0.000419    0.702384 ^ _340_/CLK (sky130_fd_sc_hd__dfrtp_2)
                                  0.250000    0.952384   clock uncertainty
                                  0.000000    0.952384   clock reconvergence pessimism
                                  0.708633    1.661016   library removal time
                                              1.661016   data required time
---------------------------------------------------------------------------------------------
                                              1.661016   data required time
                                           -626.091370   data arrival time
---------------------------------------------------------------------------------------------
                                            624.430359   slack (MET)


Startpoint: rst_i (input port clocked by clk_i)
Endpoint: _356_ (removal check against rising-edge clock clk_i)
Path Group: asynchronous
Path Type: min

Fanout         Cap        Slew       Delay        Time   Description
---------------------------------------------------------------------------------------------
                                  0.000000    0.000000   clock clk_i (rise edge)
                                  0.000000    0.000000   clock network delay (propagated)
                                625.000000  625.000000 ^ input external delay
     1    0.002536    0.030516    0.014381  625.014404 ^ rst_i (in)
                                                         rst_i (net)
                      0.030516    0.000000  625.014404 ^ input2/A (sky130_fd_sc_hd__clkbuf_1)
     1    0.002690    0.070640    0.131081  625.145447 ^ input2/X (sky130_fd_sc_hd__clkbuf_1)
                                                         net2 (net)
                      0.070640    0.000057  625.145508 ^ fanout27/A (sky130_fd_sc_hd__dlymetal6s2s_1)
     5    0.026856    0.426509    0.417629  625.563171 ^ fanout27/X (sky130_fd_sc_hd__dlymetal6s2s_1)
                                                         net27 (net)
                      0.426509    0.000512  625.563660 ^ fanout20/A (sky130_fd_sc_hd__clkbuf_4)
    10    0.045895    0.231788    0.525802  626.089478 ^ fanout20/X (sky130_fd_sc_hd__clkbuf_4)
                                                         net20 (net)
                      0.231797    0.001762  626.091248 ^ _356_/RESET_B (sky130_fd_sc_hd__dfrtp_1)
                                            626.091248   data arrival time

                                  0.000000    0.000000   clock clk_i (rise edge)
                                  0.000000    0.000000   clock source latency
     1    0.018999    0.142997    0.097465    0.097465 ^ clk_i (in)
                                                         clk_i (net)
                      0.143010    0.000000    0.097465 ^ clkbuf_0_clk_i/A (sky130_fd_sc_hd__clkbuf_16)
     8    0.085313    0.155482    0.332710    0.430175 ^ clkbuf_0_clk_i/X (sky130_fd_sc_hd__clkbuf_16)
                                                         clknet_0_clk_i (net)
                      0.155509    0.002071    0.432246 ^ clkbuf_3_0__f_clk_i/A (sky130_fd_sc_hd__clkbuf_16)
    10    0.026272    0.075379    0.269719    0.701965 ^ clkbuf_3_0__f_clk_i/X (sky130_fd_sc_hd__clkbuf_16)
                                                         clknet_3_0__leaf_clk_i (net)
                      0.075379    0.000330    0.702295 ^ _356_/CLK (sky130_fd_sc_hd__dfrtp_1)
                                  0.250000    0.952295   clock uncertainty
                                  0.000000    0.952295   clock reconvergence pessimism
                                  0.708786    1.661081   library removal time
                                              1.661081   data required time
---------------------------------------------------------------------------------------------
                                              1.661081   data required time
                                           -626.091248   data arrival time
---------------------------------------------------------------------------------------------
                                            624.430176   slack (MET)


Startpoint: rst_i (input port clocked by clk_i)
Endpoint: _365_ (removal check against rising-edge clock clk_i)
Path Group: asynchronous
Path Type: min

Fanout         Cap        Slew       Delay        Time   Description
---------------------------------------------------------------------------------------------
                                  0.000000    0.000000   clock clk_i (rise edge)
                                  0.000000    0.000000   clock network delay (propagated)
                                625.000000  625.000000 ^ input external delay
     1    0.002536    0.030516    0.014381  625.014404 ^ rst_i (in)
                                                         rst_i (net)
                      0.030516    0.000000  625.014404 ^ input2/A (sky130_fd_sc_hd__clkbuf_1)
     1    0.002690    0.070640    0.131081  625.145447 ^ input2/X (sky130_fd_sc_hd__clkbuf_1)
                                                         net2 (net)
                      0.070640    0.000057  625.145508 ^ fanout27/A (sky130_fd_sc_hd__dlymetal6s2s_1)
     5    0.026856    0.426509    0.417629  625.563171 ^ fanout27/X (sky130_fd_sc_hd__dlymetal6s2s_1)
                                                         net27 (net)
                      0.426509    0.000512  625.563660 ^ fanout20/A (sky130_fd_sc_hd__clkbuf_4)
    10    0.045895    0.231788    0.525802  626.089478 ^ fanout20/X (sky130_fd_sc_hd__clkbuf_4)
                                                         net20 (net)
                      0.231794    0.001535  626.091003 ^ _365_/RESET_B (sky130_fd_sc_hd__dfrtp_1)
                                            626.091003   data arrival time

                                  0.000000    0.000000   clock clk_i (rise edge)
                                  0.000000    0.000000   clock source latency
     1    0.018999    0.142997    0.097465    0.097465 ^ clk_i (in)
                                                         clk_i (net)
                      0.143010    0.000000    0.097465 ^ clkbuf_0_clk_i/A (sky130_fd_sc_hd__clkbuf_16)
     8    0.085313    0.155482    0.332710    0.430175 ^ clkbuf_0_clk_i/X (sky130_fd_sc_hd__clkbuf_16)
                                                         clknet_0_clk_i (net)
                      0.155509    0.002071    0.432246 ^ clkbuf_3_0__f_clk_i/A (sky130_fd_sc_hd__clkbuf_16)
    10    0.026272    0.075379    0.269719    0.701965 ^ clkbuf_3_0__f_clk_i/X (sky130_fd_sc_hd__clkbuf_16)
                                                         clknet_3_0__leaf_clk_i (net)
                      0.075379    0.000185    0.702150 ^ _365_/CLK (sky130_fd_sc_hd__dfrtp_1)
                                  0.250000    0.952150   clock uncertainty
                                  0.000000    0.952150   clock reconvergence pessimism
                                  0.708785    1.660935   library removal time
                                              1.660935   data required time
---------------------------------------------------------------------------------------------
                                              1.660935   data required time
                                           -626.091003   data arrival time
---------------------------------------------------------------------------------------------
                                            624.430115   slack (MET)


Startpoint: rst_i (input port clocked by clk_i)
Endpoint: _366_ (removal check against rising-edge clock clk_i)
Path Group: asynchronous
Path Type: min

Fanout         Cap        Slew       Delay        Time   Description
---------------------------------------------------------------------------------------------
                                  0.000000    0.000000   clock clk_i (rise edge)
                                  0.000000    0.000000   clock network delay (propagated)
                                625.000000  625.000000 ^ input external delay
     1    0.002536    0.030516    0.014381  625.014404 ^ rst_i (in)
                                                         rst_i (net)
                      0.030516    0.000000  625.014404 ^ input2/A (sky130_fd_sc_hd__clkbuf_1)
     1    0.002690    0.070640    0.131081  625.145447 ^ input2/X (sky130_fd_sc_hd__clkbuf_1)
                                                         net2 (net)
                      0.070640    0.000057  625.145508 ^ fanout27/A (sky130_fd_sc_hd__dlymetal6s2s_1)
     5    0.026856    0.426509    0.417629  625.563171 ^ fanout27/X (sky130_fd_sc_hd__dlymetal6s2s_1)
                                                         net27 (net)
                      0.426509    0.000512  625.563660 ^ fanout20/A (sky130_fd_sc_hd__clkbuf_4)
    10    0.045895    0.231788    0.525802  626.089478 ^ fanout20/X (sky130_fd_sc_hd__clkbuf_4)
                                                         net20 (net)
                      0.231794    0.001592  626.091064 ^ _366_/RESET_B (sky130_fd_sc_hd__dfrtp_1)
                                            626.091064   data arrival time

                                  0.000000    0.000000   clock clk_i (rise edge)
                                  0.000000    0.000000   clock source latency
     1    0.018999    0.142997    0.097465    0.097465 ^ clk_i (in)
                                                         clk_i (net)
                      0.143010    0.000000    0.097465 ^ clkbuf_0_clk_i/A (sky130_fd_sc_hd__clkbuf_16)
     8    0.085313    0.155482    0.332710    0.430175 ^ clkbuf_0_clk_i/X (sky130_fd_sc_hd__clkbuf_16)
                                                         clknet_0_clk_i (net)
                      0.155509    0.002071    0.432246 ^ clkbuf_3_0__f_clk_i/A (sky130_fd_sc_hd__clkbuf_16)
    10    0.026272    0.075379    0.269719    0.701965 ^ clkbuf_3_0__f_clk_i/X (sky130_fd_sc_hd__clkbuf_16)
                                                         clknet_3_0__leaf_clk_i (net)
                      0.075379    0.000213    0.702178 ^ _366_/CLK (sky130_fd_sc_hd__dfrtp_1)
                                  0.250000    0.952178   clock uncertainty
                                  0.000000    0.952178   clock reconvergence pessimism
                                  0.708785    1.660963   library removal time
                                              1.660963   data required time
---------------------------------------------------------------------------------------------
                                              1.660963   data required time
                                           -626.091064   data arrival time
---------------------------------------------------------------------------------------------
                                            624.430115   slack (MET)


Startpoint: rst_i (input port clocked by clk_i)
Endpoint: _368_ (removal check against rising-edge clock clk_i)
Path Group: asynchronous
Path Type: min

Fanout         Cap        Slew       Delay        Time   Description
---------------------------------------------------------------------------------------------
                                  0.000000    0.000000   clock clk_i (rise edge)
                                  0.000000    0.000000   clock network delay (propagated)
                                625.000000  625.000000 ^ input external delay
     1    0.002536    0.030516    0.014381  625.014404 ^ rst_i (in)
                                                         rst_i (net)
                      0.030516    0.000000  625.014404 ^ input2/A (sky130_fd_sc_hd__clkbuf_1)
     1    0.002690    0.070640    0.131081  625.145447 ^ input2/X (sky130_fd_sc_hd__clkbuf_1)
                                                         net2 (net)
                      0.070640    0.000057  625.145508 ^ fanout27/A (sky130_fd_sc_hd__dlymetal6s2s_1)
     5    0.026856    0.426509    0.417629  625.563171 ^ fanout27/X (sky130_fd_sc_hd__dlymetal6s2s_1)
                                                         net27 (net)
                      0.426509    0.000455  625.563599 ^ fanout22/A (sky130_fd_sc_hd__clkbuf_4)
    10    0.045800    0.231301    0.525745  626.089355 ^ fanout22/X (sky130_fd_sc_hd__clkbuf_4)
                                                         net22 (net)
                      0.231307    0.001535  626.090881 ^ _368_/RESET_B (sky130_fd_sc_hd__dfrtp_1)
                                            626.090881   data arrival time

                                  0.000000    0.000000   clock clk_i (rise edge)
                                  0.000000    0.000000   clock source latency
     1    0.018999    0.142997    0.097465    0.097465 ^ clk_i (in)
                                                         clk_i (net)
                      0.143010    0.000000    0.097465 ^ clkbuf_0_clk_i/A (sky130_fd_sc_hd__clkbuf_16)
     8    0.085313    0.155482    0.332710    0.430175 ^ clkbuf_0_clk_i/X (sky130_fd_sc_hd__clkbuf_16)
                                                         clknet_0_clk_i (net)
                      0.155509    0.002071    0.432246 ^ clkbuf_3_0__f_clk_i/A (sky130_fd_sc_hd__clkbuf_16)
    10    0.026272    0.075379    0.269719    0.701965 ^ clkbuf_3_0__f_clk_i/X (sky130_fd_sc_hd__clkbuf_16)
                                                         clknet_3_0__leaf_clk_i (net)
                      0.075379    0.000191    0.702156 ^ _368_/CLK (sky130_fd_sc_hd__dfrtp_1)
                                  0.250000    0.952156   clock uncertainty
                                  0.000000    0.952156   clock reconvergence pessimism
                                  0.708635    1.660791   library removal time
                                              1.660791   data required time
---------------------------------------------------------------------------------------------
                                              1.660791   data required time
                                           -626.090881   data arrival time
---------------------------------------------------------------------------------------------
                                            624.430115   slack (MET)


Startpoint: rst_i (input port clocked by clk_i)
Endpoint: _369_ (removal check against rising-edge clock clk_i)
Path Group: asynchronous
Path Type: min

Fanout         Cap        Slew       Delay        Time   Description
---------------------------------------------------------------------------------------------
                                  0.000000    0.000000   clock clk_i (rise edge)
                                  0.000000    0.000000   clock network delay (propagated)
                                625.000000  625.000000 ^ input external delay
     1    0.002536    0.030516    0.014381  625.014404 ^ rst_i (in)
                                                         rst_i (net)
                      0.030516    0.000000  625.014404 ^ input2/A (sky130_fd_sc_hd__clkbuf_1)
     1    0.002690    0.070640    0.131081  625.145447 ^ input2/X (sky130_fd_sc_hd__clkbuf_1)
                                                         net2 (net)
                      0.070640    0.000057  625.145508 ^ fanout27/A (sky130_fd_sc_hd__dlymetal6s2s_1)
     5    0.026856    0.426509    0.417629  625.563171 ^ fanout27/X (sky130_fd_sc_hd__dlymetal6s2s_1)
                                                         net27 (net)
                      0.426509    0.000512  625.563660 ^ fanout20/A (sky130_fd_sc_hd__clkbuf_4)
    10    0.045895    0.231788    0.525802  626.089478 ^ fanout20/X (sky130_fd_sc_hd__clkbuf_4)
                                                         net20 (net)
                      0.231797    0.001762  626.091248 ^ _369_/RESET_B (sky130_fd_sc_hd__dfrtp_1)
                                            626.091248   data arrival time

                                  0.000000    0.000000   clock clk_i (rise edge)
                                  0.000000    0.000000   clock source latency
     1    0.018999    0.142997    0.097465    0.097465 ^ clk_i (in)
                                                         clk_i (net)
                      0.143010    0.000000    0.097465 ^ clkbuf_0_clk_i/A (sky130_fd_sc_hd__clkbuf_16)
     8    0.085313    0.155482    0.332710    0.430175 ^ clkbuf_0_clk_i/X (sky130_fd_sc_hd__clkbuf_16)
                                                         clknet_0_clk_i (net)
                      0.155509    0.002071    0.432246 ^ clkbuf_3_0__f_clk_i/A (sky130_fd_sc_hd__clkbuf_16)
    10    0.026272    0.075379    0.269719    0.701965 ^ clkbuf_3_0__f_clk_i/X (sky130_fd_sc_hd__clkbuf_16)
                                                         clknet_3_0__leaf_clk_i (net)
                      0.075380    0.000365    0.702330 ^ _369_/CLK (sky130_fd_sc_hd__dfrtp_1)
                                  0.250000    0.952330   clock uncertainty
                                  0.000000    0.952330   clock reconvergence pessimism
                                  0.708786    1.661116   library removal time
                                              1.661116   data required time
---------------------------------------------------------------------------------------------
                                              1.661116   data required time
                                           -626.091248   data arrival time
---------------------------------------------------------------------------------------------
                                            624.430115   slack (MET)


Startpoint: rst_i (input port clocked by clk_i)
Endpoint: _336_ (removal check against rising-edge clock clk_i)
Path Group: asynchronous
Path Type: min

Fanout         Cap        Slew       Delay        Time   Description
---------------------------------------------------------------------------------------------
                                  0.000000    0.000000   clock clk_i (rise edge)
                                  0.000000    0.000000   clock network delay (propagated)
                                625.000000  625.000000 ^ input external delay
     1    0.002536    0.030516    0.014381  625.014404 ^ rst_i (in)
                                                         rst_i (net)
                      0.030516    0.000000  625.014404 ^ input2/A (sky130_fd_sc_hd__clkbuf_1)
     1    0.002690    0.070640    0.131081  625.145447 ^ input2/X (sky130_fd_sc_hd__clkbuf_1)
                                                         net2 (net)
                      0.070640    0.000057  625.145508 ^ fanout27/A (sky130_fd_sc_hd__dlymetal6s2s_1)
     5    0.026856    0.426509    0.417629  625.563171 ^ fanout27/X (sky130_fd_sc_hd__dlymetal6s2s_1)
                                                         net27 (net)
                      0.426509    0.000512  625.563660 ^ fanout20/A (sky130_fd_sc_hd__clkbuf_4)
    10    0.045895    0.231788    0.525802  626.089478 ^ fanout20/X (sky130_fd_sc_hd__clkbuf_4)
                                                         net20 (net)
                      0.231788    0.000512  626.089966 ^ _336_/RESET_B (sky130_fd_sc_hd__dfrtp_4)
                                            626.089966   data arrival time

                                  0.000000    0.000000   clock clk_i (rise edge)
                                  0.000000    0.000000   clock source latency
     1    0.018999    0.142997    0.097465    0.097465 ^ clk_i (in)
                                                         clk_i (net)
                      0.143010    0.000000    0.097465 ^ clkbuf_0_clk_i/A (sky130_fd_sc_hd__clkbuf_16)
     8    0.085313    0.155482    0.332710    0.430175 ^ clkbuf_0_clk_i/X (sky130_fd_sc_hd__clkbuf_16)
                                                         clknet_0_clk_i (net)
                      0.155493    0.001505    0.431681 ^ clkbuf_3_1__f_clk_i/A (sky130_fd_sc_hd__clkbuf_16)
     8    0.023914    0.072338    0.266419    0.698099 ^ clkbuf_3_1__f_clk_i/X (sky130_fd_sc_hd__clkbuf_16)
                                                         clknet_3_1__leaf_clk_i (net)
                      0.072338    0.000137    0.698236 ^ _336_/CLK (sky130_fd_sc_hd__dfrtp_4)
                                  0.250000    0.948236   clock uncertainty
                                  0.000000    0.948236   clock reconvergence pessimism
                                  0.709498    1.657734   library removal time
                                              1.657734   data required time
---------------------------------------------------------------------------------------------
                                              1.657734   data required time
                                           -626.089966   data arrival time
---------------------------------------------------------------------------------------------
                                            624.432251   slack (MET)


Startpoint: rst_i (input port clocked by clk_i)
Endpoint: _361_ (removal check against rising-edge clock clk_i)
Path Group: asynchronous
Path Type: min

Fanout         Cap        Slew       Delay        Time   Description
---------------------------------------------------------------------------------------------
                                  0.000000    0.000000   clock clk_i (rise edge)
                                  0.000000    0.000000   clock network delay (propagated)
                                625.000000  625.000000 ^ input external delay
     1    0.002536    0.030516    0.014381  625.014404 ^ rst_i (in)
                                                         rst_i (net)
                      0.030516    0.000000  625.014404 ^ input2/A (sky130_fd_sc_hd__clkbuf_1)
     1    0.002690    0.070640    0.131081  625.145447 ^ input2/X (sky130_fd_sc_hd__clkbuf_1)
                                                         net2 (net)
                      0.070640    0.000057  625.145508 ^ fanout27/A (sky130_fd_sc_hd__dlymetal6s2s_1)
     5    0.026856    0.426509    0.417629  625.563171 ^ fanout27/X (sky130_fd_sc_hd__dlymetal6s2s_1)
                                                         net27 (net)
                      0.426509    0.000455  625.563599 ^ fanout22/A (sky130_fd_sc_hd__clkbuf_4)
    10    0.045800    0.231301    0.525745  626.089355 ^ fanout22/X (sky130_fd_sc_hd__clkbuf_4)
                                                         net22 (net)
                      0.231303    0.001137  626.090515 ^ _361_/RESET_B (sky130_fd_sc_hd__dfrtp_1)
                                            626.090515   data arrival time

                                  0.000000    0.000000   clock clk_i (rise edge)
                                  0.000000    0.000000   clock source latency
     1    0.018999    0.142997    0.097465    0.097465 ^ clk_i (in)
                                                         clk_i (net)
                      0.143010    0.000000    0.097465 ^ clkbuf_0_clk_i/A (sky130_fd_sc_hd__clkbuf_16)
     8    0.085313    0.155482    0.332710    0.430175 ^ clkbuf_0_clk_i/X (sky130_fd_sc_hd__clkbuf_16)
                                                         clknet_0_clk_i (net)
                      0.155527    0.002532    0.432708 ^ clkbuf_3_2__f_clk_i/A (sky130_fd_sc_hd__clkbuf_16)
     9    0.024041    0.072492    0.266515    0.699223 ^ clkbuf_3_2__f_clk_i/X (sky130_fd_sc_hd__clkbuf_16)
                                                         clknet_3_2__leaf_clk_i (net)
                      0.072492    0.000319    0.699542 ^ _361_/CLK (sky130_fd_sc_hd__dfrtp_1)
                                  0.250000    0.949542   clock uncertainty
                                  0.000000    0.949542   clock reconvergence pessimism
                                  0.707765    1.657307   library removal time
                                              1.657307   data required time
---------------------------------------------------------------------------------------------
                                              1.657307   data required time
                                           -626.090515   data arrival time
---------------------------------------------------------------------------------------------
                                            624.433167   slack (MET)


Startpoint: rst_i (input port clocked by clk_i)
Endpoint: _363_ (removal check against rising-edge clock clk_i)
Path Group: asynchronous
Path Type: min

Fanout         Cap        Slew       Delay        Time   Description
---------------------------------------------------------------------------------------------
                                  0.000000    0.000000   clock clk_i (rise edge)
                                  0.000000    0.000000   clock network delay (propagated)
                                625.000000  625.000000 ^ input external delay
     1    0.002536    0.030516    0.014381  625.014404 ^ rst_i (in)
                                                         rst_i (net)
                      0.030516    0.000000  625.014404 ^ input2/A (sky130_fd_sc_hd__clkbuf_1)
     1    0.002690    0.070640    0.131081  625.145447 ^ input2/X (sky130_fd_sc_hd__clkbuf_1)
                                                         net2 (net)
                      0.070640    0.000057  625.145508 ^ fanout27/A (sky130_fd_sc_hd__dlymetal6s2s_1)
     5    0.026856    0.426509    0.417629  625.563171 ^ fanout27/X (sky130_fd_sc_hd__dlymetal6s2s_1)
                                                         net27 (net)
                      0.426509    0.000455  625.563599 ^ fanout22/A (sky130_fd_sc_hd__clkbuf_4)
    10    0.045800    0.231301    0.525745  626.089355 ^ fanout22/X (sky130_fd_sc_hd__clkbuf_4)
                                                         net22 (net)
                      0.231307    0.001535  626.090881 ^ _363_/RESET_B (sky130_fd_sc_hd__dfrtp_1)
                                            626.090881   data arrival time

                                  0.000000    0.000000   clock clk_i (rise edge)
                                  0.000000    0.000000   clock source latency
     1    0.018999    0.142997    0.097465    0.097465 ^ clk_i (in)
                                                         clk_i (net)
                      0.143010    0.000000    0.097465 ^ clkbuf_0_clk_i/A (sky130_fd_sc_hd__clkbuf_16)
     8    0.085313    0.155482    0.332710    0.430175 ^ clkbuf_0_clk_i/X (sky130_fd_sc_hd__clkbuf_16)
                                                         clknet_0_clk_i (net)
                      0.155527    0.002532    0.432708 ^ clkbuf_3_2__f_clk_i/A (sky130_fd_sc_hd__clkbuf_16)
     9    0.024041    0.072492    0.266515    0.699223 ^ clkbuf_3_2__f_clk_i/X (sky130_fd_sc_hd__clkbuf_16)
                                                         clknet_3_2__leaf_clk_i (net)
                      0.072498    0.000512    0.699735 ^ _363_/CLK (sky130_fd_sc_hd__dfrtp_1)
                                  0.250000    0.949735   clock uncertainty
                                  0.000000    0.949735   clock reconvergence pessimism
                                  0.707768    1.657503   library removal time
                                              1.657503   data required time
---------------------------------------------------------------------------------------------
                                              1.657503   data required time
                                           -626.090881   data arrival time
---------------------------------------------------------------------------------------------
                                            624.433411   slack (MET)


Startpoint: rst_i (input port clocked by clk_i)
Endpoint: _364_ (removal check against rising-edge clock clk_i)
Path Group: asynchronous
Path Type: min

Fanout         Cap        Slew       Delay        Time   Description
---------------------------------------------------------------------------------------------
                                  0.000000    0.000000   clock clk_i (rise edge)
                                  0.000000    0.000000   clock network delay (propagated)
                                625.000000  625.000000 ^ input external delay
     1    0.002536    0.030516    0.014381  625.014404 ^ rst_i (in)
                                                         rst_i (net)
                      0.030516    0.000000  625.014404 ^ input2/A (sky130_fd_sc_hd__clkbuf_1)
     1    0.002690    0.070640    0.131081  625.145447 ^ input2/X (sky130_fd_sc_hd__clkbuf_1)
                                                         net2 (net)
                      0.070640    0.000057  625.145508 ^ fanout27/A (sky130_fd_sc_hd__dlymetal6s2s_1)
     5    0.026856    0.426509    0.417629  625.563171 ^ fanout27/X (sky130_fd_sc_hd__dlymetal6s2s_1)
                                                         net27 (net)
                      0.426509    0.000455  625.563599 ^ fanout22/A (sky130_fd_sc_hd__clkbuf_4)
    10    0.045800    0.231301    0.525745  626.089355 ^ fanout22/X (sky130_fd_sc_hd__clkbuf_4)
                                                         net22 (net)
                      0.231303    0.001137  626.090515 ^ _364_/RESET_B (sky130_fd_sc_hd__dfrtp_1)
                                            626.090515   data arrival time

                                  0.000000    0.000000   clock clk_i (rise edge)
                                  0.000000    0.000000   clock source latency
     1    0.018999    0.142997    0.097465    0.097465 ^ clk_i (in)
                                                         clk_i (net)
                      0.143010    0.000000    0.097465 ^ clkbuf_0_clk_i/A (sky130_fd_sc_hd__clkbuf_16)
     8    0.085313    0.155482    0.332710    0.430175 ^ clkbuf_0_clk_i/X (sky130_fd_sc_hd__clkbuf_16)
                                                         clknet_0_clk_i (net)
                      0.155527    0.002532    0.432708 ^ clkbuf_3_2__f_clk_i/A (sky130_fd_sc_hd__clkbuf_16)
     9    0.024041    0.072492    0.266515    0.699223 ^ clkbuf_3_2__f_clk_i/X (sky130_fd_sc_hd__clkbuf_16)
                                                         clknet_3_2__leaf_clk_i (net)
                      0.072499    0.000547    0.699770 ^ _364_/CLK (sky130_fd_sc_hd__dfrtp_1)
                                  0.250000    0.949770   clock uncertainty
                                  0.000000    0.949770   clock reconvergence pessimism
                                  0.707767    1.657538   library removal time
                                              1.657538   data required time
---------------------------------------------------------------------------------------------
                                              1.657538   data required time
                                           -626.090515   data arrival time
---------------------------------------------------------------------------------------------
                                            624.432922   slack (MET)


Startpoint: rst_i (input port clocked by clk_i)
Endpoint: _367_ (removal check against rising-edge clock clk_i)
Path Group: asynchronous
Path Type: min

Fanout         Cap        Slew       Delay        Time   Description
---------------------------------------------------------------------------------------------
                                  0.000000    0.000000   clock clk_i (rise edge)
                                  0.000000    0.000000   clock network delay (propagated)
                                625.000000  625.000000 ^ input external delay
     1    0.002536    0.030516    0.014381  625.014404 ^ rst_i (in)
                                                         rst_i (net)
                      0.030516    0.000000  625.014404 ^ input2/A (sky130_fd_sc_hd__clkbuf_1)
     1    0.002690    0.070640    0.131081  625.145447 ^ input2/X (sky130_fd_sc_hd__clkbuf_1)
                                                         net2 (net)
                      0.070640    0.000057  625.145508 ^ fanout27/A (sky130_fd_sc_hd__dlymetal6s2s_1)
     5    0.026856    0.426509    0.417629  625.563171 ^ fanout27/X (sky130_fd_sc_hd__dlymetal6s2s_1)
                                                         net27 (net)
                      0.426509    0.000455  625.563599 ^ fanout22/A (sky130_fd_sc_hd__clkbuf_4)
    10    0.045800    0.231301    0.525745  626.089355 ^ fanout22/X (sky130_fd_sc_hd__clkbuf_4)
                                                         net22 (net)
                      0.231307    0.001535  626.090881 ^ _367_/RESET_B (sky130_fd_sc_hd__dfrtp_1)
                                            626.090881   data arrival time

                                  0.000000    0.000000   clock clk_i (rise edge)
                                  0.000000    0.000000   clock source latency
     1    0.018999    0.142997    0.097465    0.097465 ^ clk_i (in)
                                                         clk_i (net)
                      0.143010    0.000000    0.097465 ^ clkbuf_0_clk_i/A (sky130_fd_sc_hd__clkbuf_16)
     8    0.085313    0.155482    0.332710    0.430175 ^ clkbuf_0_clk_i/X (sky130_fd_sc_hd__clkbuf_16)
                                                         clknet_0_clk_i (net)
                      0.155527    0.002532    0.432708 ^ clkbuf_3_2__f_clk_i/A (sky130_fd_sc_hd__clkbuf_16)
     9    0.024041    0.072492    0.266515    0.699223 ^ clkbuf_3_2__f_clk_i/X (sky130_fd_sc_hd__clkbuf_16)
                                                         clknet_3_2__leaf_clk_i (net)
                      0.072498    0.000523    0.699746 ^ _367_/CLK (sky130_fd_sc_hd__dfrtp_1)
                                  0.250000    0.949746   clock uncertainty
                                  0.000000    0.949746   clock reconvergence pessimism
                                  0.707768    1.657514   library removal time
                                              1.657514   data required time
---------------------------------------------------------------------------------------------
                                              1.657514   data required time
                                           -626.090881   data arrival time
---------------------------------------------------------------------------------------------
                                            624.433411   slack (MET)


Startpoint: rst_i (input port clocked by clk_i)
Endpoint: _370_ (removal check against rising-edge clock clk_i)
Path Group: asynchronous
Path Type: min

Fanout         Cap        Slew       Delay        Time   Description
---------------------------------------------------------------------------------------------
                                  0.000000    0.000000   clock clk_i (rise edge)
                                  0.000000    0.000000   clock network delay (propagated)
                                625.000000  625.000000 ^ input external delay
     1    0.002536    0.030516    0.014381  625.014404 ^ rst_i (in)
                                                         rst_i (net)
                      0.030516    0.000000  625.014404 ^ input2/A (sky130_fd_sc_hd__clkbuf_1)
     1    0.002690    0.070640    0.131081  625.145447 ^ input2/X (sky130_fd_sc_hd__clkbuf_1)
                                                         net2 (net)
                      0.070640    0.000057  625.145508 ^ fanout27/A (sky130_fd_sc_hd__dlymetal6s2s_1)
     5    0.026856    0.426509    0.417629  625.563171 ^ fanout27/X (sky130_fd_sc_hd__dlymetal6s2s_1)
                                                         net27 (net)
                      0.426509    0.000455  625.563599 ^ fanout22/A (sky130_fd_sc_hd__clkbuf_4)
    10    0.045800    0.231301    0.525745  626.089355 ^ fanout22/X (sky130_fd_sc_hd__clkbuf_4)
                                                         net22 (net)
                      0.231305    0.001421  626.090759 ^ _370_/RESET_B (sky130_fd_sc_hd__dfrtp_1)
                                            626.090759   data arrival time

                                  0.000000    0.000000   clock clk_i (rise edge)
                                  0.000000    0.000000   clock source latency
     1    0.018999    0.142997    0.097465    0.097465 ^ clk_i (in)
                                                         clk_i (net)
                      0.143010    0.000000    0.097465 ^ clkbuf_0_clk_i/A (sky130_fd_sc_hd__clkbuf_16)
     8    0.085313    0.155482    0.332710    0.430175 ^ clkbuf_0_clk_i/X (sky130_fd_sc_hd__clkbuf_16)
                                                         clknet_0_clk_i (net)
                      0.155527    0.002532    0.432708 ^ clkbuf_3_2__f_clk_i/A (sky130_fd_sc_hd__clkbuf_16)
     9    0.024041    0.072492    0.266515    0.699223 ^ clkbuf_3_2__f_clk_i/X (sky130_fd_sc_hd__clkbuf_16)
                                                         clknet_3_2__leaf_clk_i (net)
                      0.072495    0.000439    0.699662 ^ _370_/CLK (sky130_fd_sc_hd__dfrtp_1)
                                  0.250000    0.949662   clock uncertainty
                                  0.000000    0.949662   clock reconvergence pessimism
                                  0.707767    1.657429   library removal time
                                              1.657429   data required time
---------------------------------------------------------------------------------------------
                                              1.657429   data required time
                                           -626.090759   data arrival time
---------------------------------------------------------------------------------------------
                                            624.433350   slack (MET)


Startpoint: rst_i (input port clocked by clk_i)
Endpoint: _371_ (removal check against rising-edge clock clk_i)
Path Group: asynchronous
Path Type: min

Fanout         Cap        Slew       Delay        Time   Description
---------------------------------------------------------------------------------------------
                                  0.000000    0.000000   clock clk_i (rise edge)
                                  0.000000    0.000000   clock network delay (propagated)
                                625.000000  625.000000 ^ input external delay
     1    0.002536    0.030516    0.014381  625.014404 ^ rst_i (in)
                                                         rst_i (net)
                      0.030516    0.000000  625.014404 ^ input2/A (sky130_fd_sc_hd__clkbuf_1)
     1    0.002690    0.070640    0.131081  625.145447 ^ input2/X (sky130_fd_sc_hd__clkbuf_1)
                                                         net2 (net)
                      0.070640    0.000057  625.145508 ^ fanout27/A (sky130_fd_sc_hd__dlymetal6s2s_1)
     5    0.026856    0.426509    0.417629  625.563171 ^ fanout27/X (sky130_fd_sc_hd__dlymetal6s2s_1)
                                                         net27 (net)
                      0.426509    0.000455  625.563599 ^ fanout22/A (sky130_fd_sc_hd__clkbuf_4)
    10    0.045800    0.231301    0.525745  626.089355 ^ fanout22/X (sky130_fd_sc_hd__clkbuf_4)
                                                         net22 (net)
                      0.231304    0.001307  626.090637 ^ _371_/RESET_B (sky130_fd_sc_hd__dfrtp_1)
                                            626.090637   data arrival time

                                  0.000000    0.000000   clock clk_i (rise edge)
                                  0.000000    0.000000   clock source latency
     1    0.018999    0.142997    0.097465    0.097465 ^ clk_i (in)
                                                         clk_i (net)
                      0.143010    0.000000    0.097465 ^ clkbuf_0_clk_i/A (sky130_fd_sc_hd__clkbuf_16)
     8    0.085313    0.155482    0.332710    0.430175 ^ clkbuf_0_clk_i/X (sky130_fd_sc_hd__clkbuf_16)
                                                         clknet_0_clk_i (net)
                      0.155527    0.002532    0.432708 ^ clkbuf_3_2__f_clk_i/A (sky130_fd_sc_hd__clkbuf_16)
     9    0.024041    0.072492    0.266515    0.699223 ^ clkbuf_3_2__f_clk_i/X (sky130_fd_sc_hd__clkbuf_16)
                                                         clknet_3_2__leaf_clk_i (net)
                      0.072497    0.000486    0.699709 ^ _371_/CLK (sky130_fd_sc_hd__dfrtp_1)
                                  0.250000    0.949709   clock uncertainty
                                  0.000000    0.949709   clock reconvergence pessimism
                                  0.707767    1.657476   library removal time
                                              1.657476   data required time
---------------------------------------------------------------------------------------------
                                              1.657476   data required time
                                           -626.090637   data arrival time
---------------------------------------------------------------------------------------------
                                            624.433167   slack (MET)


Startpoint: rst_i (input port clocked by clk_i)
Endpoint: _372_ (removal check against rising-edge clock clk_i)
Path Group: asynchronous
Path Type: min

Fanout         Cap        Slew       Delay        Time   Description
---------------------------------------------------------------------------------------------
                                  0.000000    0.000000   clock clk_i (rise edge)
                                  0.000000    0.000000   clock network delay (propagated)
                                625.000000  625.000000 ^ input external delay
     1    0.002536    0.030516    0.014381  625.014404 ^ rst_i (in)
                                                         rst_i (net)
                      0.030516    0.000000  625.014404 ^ input2/A (sky130_fd_sc_hd__clkbuf_1)
     1    0.002690    0.070640    0.131081  625.145447 ^ input2/X (sky130_fd_sc_hd__clkbuf_1)
                                                         net2 (net)
                      0.070640    0.000057  625.145508 ^ fanout27/A (sky130_fd_sc_hd__dlymetal6s2s_1)
     5    0.026856    0.426509    0.417629  625.563171 ^ fanout27/X (sky130_fd_sc_hd__dlymetal6s2s_1)
                                                         net27 (net)
                      0.426509    0.000455  625.563599 ^ fanout22/A (sky130_fd_sc_hd__clkbuf_4)
    10    0.045800    0.231301    0.525745  626.089355 ^ fanout22/X (sky130_fd_sc_hd__clkbuf_4)
                                                         net22 (net)
                      0.231303    0.001137  626.090515 ^ _372_/RESET_B (sky130_fd_sc_hd__dfrtp_1)
                                            626.090515   data arrival time

                                  0.000000    0.000000   clock clk_i (rise edge)
                                  0.000000    0.000000   clock source latency
     1    0.018999    0.142997    0.097465    0.097465 ^ clk_i (in)
                                                         clk_i (net)
                      0.143010    0.000000    0.097465 ^ clkbuf_0_clk_i/A (sky130_fd_sc_hd__clkbuf_16)
     8    0.085313    0.155482    0.332710    0.430175 ^ clkbuf_0_clk_i/X (sky130_fd_sc_hd__clkbuf_16)
                                                         clknet_0_clk_i (net)
                      0.155527    0.002532    0.432708 ^ clkbuf_3_2__f_clk_i/A (sky130_fd_sc_hd__clkbuf_16)
     9    0.024041    0.072492    0.266515    0.699223 ^ clkbuf_3_2__f_clk_i/X (sky130_fd_sc_hd__clkbuf_16)
                                                         clknet_3_2__leaf_clk_i (net)
                      0.072492    0.000337    0.699560 ^ _372_/CLK (sky130_fd_sc_hd__dfrtp_1)
                                  0.250000    0.949560   clock uncertainty
                                  0.000000    0.949560   clock reconvergence pessimism
                                  0.707765    1.657325   library removal time
                                              1.657325   data required time
---------------------------------------------------------------------------------------------
                                              1.657325   data required time
                                           -626.090515   data arrival time
---------------------------------------------------------------------------------------------
                                            624.433167   slack (MET)


Startpoint: rst_i (input port clocked by clk_i)
Endpoint: _334_ (removal check against rising-edge clock clk_i)
Path Group: asynchronous
Path Type: min

Fanout         Cap        Slew       Delay        Time   Description
---------------------------------------------------------------------------------------------
                                  0.000000    0.000000   clock clk_i (rise edge)
                                  0.000000    0.000000   clock network delay (propagated)
                                625.000000  625.000000 ^ input external delay
     1    0.002536    0.030516    0.014381  625.014404 ^ rst_i (in)
                                                         rst_i (net)
                      0.030516    0.000000  625.014404 ^ input2/A (sky130_fd_sc_hd__clkbuf_1)
     1    0.002690    0.070640    0.131081  625.145447 ^ input2/X (sky130_fd_sc_hd__clkbuf_1)
                                                         net2 (net)
                      0.070640    0.000057  625.145508 ^ fanout27/A (sky130_fd_sc_hd__dlymetal6s2s_1)
     5    0.026856    0.426509    0.417629  625.563171 ^ fanout27/X (sky130_fd_sc_hd__dlymetal6s2s_1)
                                                         net27 (net)
                      0.426509    0.000512  625.563660 ^ fanout20/A (sky130_fd_sc_hd__clkbuf_4)
    10    0.045895    0.231788    0.525802  626.089478 ^ fanout20/X (sky130_fd_sc_hd__clkbuf_4)
                                                         net20 (net)
                      0.231788    0.000909  626.090393 ^ _334_/RESET_B (sky130_fd_sc_hd__dfrtp_1)
                                            626.090393   data arrival time

                                  0.000000    0.000000   clock clk_i (rise edge)
                                  0.000000    0.000000   clock source latency
     1    0.018999    0.142997    0.097465    0.097465 ^ clk_i (in)
                                                         clk_i (net)
                      0.143010    0.000000    0.097465 ^ clkbuf_0_clk_i/A (sky130_fd_sc_hd__clkbuf_16)
     8    0.085313    0.155482    0.332710    0.430175 ^ clkbuf_0_clk_i/X (sky130_fd_sc_hd__clkbuf_16)
                                                         clknet_0_clk_i (net)
                      0.155493    0.001505    0.431681 ^ clkbuf_3_1__f_clk_i/A (sky130_fd_sc_hd__clkbuf_16)
     8    0.023914    0.072338    0.266419    0.698099 ^ clkbuf_3_1__f_clk_i/X (sky130_fd_sc_hd__clkbuf_16)
                                                         clknet_3_1__leaf_clk_i (net)
                      0.072338    0.000155    0.698254 ^ _334_/CLK (sky130_fd_sc_hd__dfrtp_1)
                                  0.250000    0.948254   clock uncertainty
                                  0.000000    0.948254   clock reconvergence pessimism
                                  0.707868    1.656122   library removal time
                                              1.656122   data required time
---------------------------------------------------------------------------------------------
                                              1.656122   data required time
                                           -626.090393   data arrival time
---------------------------------------------------------------------------------------------
                                            624.434265   slack (MET)


Startpoint: rst_i (input port clocked by clk_i)
Endpoint: _335_ (removal check against rising-edge clock clk_i)
Path Group: asynchronous
Path Type: min

Fanout         Cap        Slew       Delay        Time   Description
---------------------------------------------------------------------------------------------
                                  0.000000    0.000000   clock clk_i (rise edge)
                                  0.000000    0.000000   clock network delay (propagated)
                                625.000000  625.000000 ^ input external delay
     1    0.002536    0.030516    0.014381  625.014404 ^ rst_i (in)
                                                         rst_i (net)
                      0.030516    0.000000  625.014404 ^ input2/A (sky130_fd_sc_hd__clkbuf_1)
     1    0.002690    0.070640    0.131081  625.145447 ^ input2/X (sky130_fd_sc_hd__clkbuf_1)
                                                         net2 (net)
                      0.070640    0.000057  625.145508 ^ fanout27/A (sky130_fd_sc_hd__dlymetal6s2s_1)
     5    0.026856    0.426509    0.417629  625.563171 ^ fanout27/X (sky130_fd_sc_hd__dlymetal6s2s_1)
                                                         net27 (net)
                      0.426509    0.000512  625.563660 ^ fanout20/A (sky130_fd_sc_hd__clkbuf_4)
    10    0.045895    0.231788    0.525802  626.089478 ^ fanout20/X (sky130_fd_sc_hd__clkbuf_4)
                                                         net20 (net)
                      0.231788    0.000796  626.090271 ^ _335_/RESET_B (sky130_fd_sc_hd__dfrtp_1)
                                            626.090271   data arrival time

                                  0.000000    0.000000   clock clk_i (rise edge)
                                  0.000000    0.000000   clock source latency
     1    0.018999    0.142997    0.097465    0.097465 ^ clk_i (in)
                                                         clk_i (net)
                      0.143010    0.000000    0.097465 ^ clkbuf_0_clk_i/A (sky130_fd_sc_hd__clkbuf_16)
     8    0.085313    0.155482    0.332710    0.430175 ^ clkbuf_0_clk_i/X (sky130_fd_sc_hd__clkbuf_16)
                                                         clknet_0_clk_i (net)
                      0.155493    0.001505    0.431681 ^ clkbuf_3_1__f_clk_i/A (sky130_fd_sc_hd__clkbuf_16)
     8    0.023914    0.072338    0.266419    0.698099 ^ clkbuf_3_1__f_clk_i/X (sky130_fd_sc_hd__clkbuf_16)
                                                         clknet_3_1__leaf_clk_i (net)
                      0.072338    0.000114    0.698213 ^ _335_/CLK (sky130_fd_sc_hd__dfrtp_1)
                                  0.250000    0.948213   clock uncertainty
                                  0.000000    0.948213   clock reconvergence pessimism
                                  0.707868    1.656081   library removal time
                                              1.656081   data required time
---------------------------------------------------------------------------------------------
                                              1.656081   data required time
                                           -626.090271   data arrival time
---------------------------------------------------------------------------------------------
                                            624.434204   slack (MET)


Startpoint: rst_i (input port clocked by clk_i)
Endpoint: _344_ (removal check against rising-edge clock clk_i)
Path Group: asynchronous
Path Type: min

Fanout         Cap        Slew       Delay        Time   Description
---------------------------------------------------------------------------------------------
                                  0.000000    0.000000   clock clk_i (rise edge)
                                  0.000000    0.000000   clock network delay (propagated)
                                625.000000  625.000000 ^ input external delay
     1    0.002536    0.030516    0.014381  625.014404 ^ rst_i (in)
                                                         rst_i (net)
                      0.030516    0.000000  625.014404 ^ input2/A (sky130_fd_sc_hd__clkbuf_1)
     1    0.002690    0.070640    0.131081  625.145447 ^ input2/X (sky130_fd_sc_hd__clkbuf_1)
                                                         net2 (net)
                      0.070640    0.000057  625.145508 ^ fanout27/A (sky130_fd_sc_hd__dlymetal6s2s_1)
     5    0.026856    0.426509    0.417629  625.563171 ^ fanout27/X (sky130_fd_sc_hd__dlymetal6s2s_1)
                                                         net27 (net)
                      0.426509    0.000171  625.563293 ^ fanout26/A (sky130_fd_sc_hd__buf_2)
     8    0.035181    0.280068    0.499199  626.062500 ^ fanout26/X (sky130_fd_sc_hd__buf_2)
                                                         net26 (net)
                      0.280068    0.000227  626.062744 ^ fanout24/A (sky130_fd_sc_hd__clkbuf_4)
    10    0.047052    0.235790    0.465207  626.527954 ^ fanout24/X (sky130_fd_sc_hd__clkbuf_4)
                                                         net24 (net)
                      0.235792    0.001194  626.529175 ^ _344_/RESET_B (sky130_fd_sc_hd__dfrtp_1)
                                            626.529175   data arrival time

                                  0.000000    0.000000   clock clk_i (rise edge)
                                  0.000000    0.000000   clock source latency
     1    0.018999    0.142997    0.097465    0.097465 ^ clk_i (in)
                                                         clk_i (net)
                      0.143010    0.000000    0.097465 ^ clkbuf_0_clk_i/A (sky130_fd_sc_hd__clkbuf_16)
     8    0.085313    0.155482    0.332710    0.430175 ^ clkbuf_0_clk_i/X (sky130_fd_sc_hd__clkbuf_16)
                                                         clknet_0_clk_i (net)
                      0.155491    0.001415    0.431590 ^ clkbuf_3_5__f_clk_i/A (sky130_fd_sc_hd__clkbuf_16)
     9    0.025775    0.074726    0.269045    0.700635 ^ clkbuf_3_5__f_clk_i/X (sky130_fd_sc_hd__clkbuf_16)
                                                         clknet_3_5__leaf_clk_i (net)
                      0.074726    0.000142    0.700777 ^ _344_/CLK (sky130_fd_sc_hd__dfrtp_1)
                                  0.250000    0.950777   clock uncertainty
                                  0.000000    0.950777   clock reconvergence pessimism
                                  0.709817    1.660594   library removal time
                                              1.660594   data required time
---------------------------------------------------------------------------------------------
                                              1.660594   data required time
                                           -626.529175   data arrival time
---------------------------------------------------------------------------------------------
                                            624.868591   slack (MET)


Startpoint: rst_i (input port clocked by clk_i)
Endpoint: _378_ (removal check against rising-edge clock clk_i)
Path Group: asynchronous
Path Type: min

Fanout         Cap        Slew       Delay        Time   Description
---------------------------------------------------------------------------------------------
                                  0.000000    0.000000   clock clk_i (rise edge)
                                  0.000000    0.000000   clock network delay (propagated)
                                625.000000  625.000000 ^ input external delay
     1    0.002536    0.030516    0.014381  625.014404 ^ rst_i (in)
                                                         rst_i (net)
                      0.030516    0.000000  625.014404 ^ input2/A (sky130_fd_sc_hd__clkbuf_1)
     1    0.002690    0.070640    0.131081  625.145447 ^ input2/X (sky130_fd_sc_hd__clkbuf_1)
                                                         net2 (net)
                      0.070640    0.000057  625.145508 ^ fanout27/A (sky130_fd_sc_hd__dlymetal6s2s_1)
     5    0.026856    0.426509    0.417629  625.563171 ^ fanout27/X (sky130_fd_sc_hd__dlymetal6s2s_1)
                                                         net27 (net)
                      0.426509    0.000171  625.563293 ^ fanout26/A (sky130_fd_sc_hd__buf_2)
     8    0.035181    0.280068    0.499199  626.062500 ^ fanout26/X (sky130_fd_sc_hd__buf_2)
                                                         net26 (net)
                      0.280068    0.000227  626.062744 ^ fanout24/A (sky130_fd_sc_hd__clkbuf_4)
    10    0.047052    0.235790    0.465207  626.527954 ^ fanout24/X (sky130_fd_sc_hd__clkbuf_4)
                                                         net24 (net)
                      0.235790    0.000568  626.528503 ^ _378_/RESET_B (sky130_fd_sc_hd__dfrtp_1)
                                            626.528503   data arrival time

                                  0.000000    0.000000   clock clk_i (rise edge)
                                  0.000000    0.000000   clock source latency
     1    0.018999    0.142997    0.097465    0.097465 ^ clk_i (in)
                                                         clk_i (net)
                      0.143010    0.000000    0.097465 ^ clkbuf_0_clk_i/A (sky130_fd_sc_hd__clkbuf_16)
     8    0.085313    0.155482    0.332710    0.430175 ^ clkbuf_0_clk_i/X (sky130_fd_sc_hd__clkbuf_16)
                                                         clknet_0_clk_i (net)
                      0.155491    0.001415    0.431590 ^ clkbuf_3_5__f_clk_i/A (sky130_fd_sc_hd__clkbuf_16)
     9    0.025775    0.074726    0.269045    0.700635 ^ clkbuf_3_5__f_clk_i/X (sky130_fd_sc_hd__clkbuf_16)
                                                         clknet_3_5__leaf_clk_i (net)
                      0.074726    0.000083    0.700718 ^ _378_/CLK (sky130_fd_sc_hd__dfrtp_1)
                                  0.250000    0.950718   clock uncertainty
                                  0.000000    0.950718   clock reconvergence pessimism
                                  0.709816    1.660534   library removal time
                                              1.660534   data required time
---------------------------------------------------------------------------------------------
                                              1.660534   data required time
                                           -626.528503   data arrival time
---------------------------------------------------------------------------------------------
                                            624.867981   slack (MET)


Startpoint: rst_i (input port clocked by clk_i)
Endpoint: _379_ (removal check against rising-edge clock clk_i)
Path Group: asynchronous
Path Type: min

Fanout         Cap        Slew       Delay        Time   Description
---------------------------------------------------------------------------------------------
                                  0.000000    0.000000   clock clk_i (rise edge)
                                  0.000000    0.000000   clock network delay (propagated)
                                625.000000  625.000000 ^ input external delay
     1    0.002536    0.030516    0.014381  625.014404 ^ rst_i (in)
                                                         rst_i (net)
                      0.030516    0.000000  625.014404 ^ input2/A (sky130_fd_sc_hd__clkbuf_1)
     1    0.002690    0.070640    0.131081  625.145447 ^ input2/X (sky130_fd_sc_hd__clkbuf_1)
                                                         net2 (net)
                      0.070640    0.000057  625.145508 ^ fanout27/A (sky130_fd_sc_hd__dlymetal6s2s_1)
     5    0.026856    0.426509    0.417629  625.563171 ^ fanout27/X (sky130_fd_sc_hd__dlymetal6s2s_1)
                                                         net27 (net)
                      0.426509    0.000171  625.563293 ^ fanout26/A (sky130_fd_sc_hd__buf_2)
     8    0.035181    0.280068    0.499199  626.062500 ^ fanout26/X (sky130_fd_sc_hd__buf_2)
                                                         net26 (net)
                      0.280068    0.000227  626.062744 ^ fanout24/A (sky130_fd_sc_hd__clkbuf_4)
    10    0.047052    0.235790    0.465207  626.527954 ^ fanout24/X (sky130_fd_sc_hd__clkbuf_4)
                                                         net24 (net)
                      0.235790    0.000796  626.528748 ^ _379_/RESET_B (sky130_fd_sc_hd__dfrtp_1)
                                            626.528748   data arrival time

                                  0.000000    0.000000   clock clk_i (rise edge)
                                  0.000000    0.000000   clock source latency
     1    0.018999    0.142997    0.097465    0.097465 ^ clk_i (in)
                                                         clk_i (net)
                      0.143010    0.000000    0.097465 ^ clkbuf_0_clk_i/A (sky130_fd_sc_hd__clkbuf_16)
     8    0.085313    0.155482    0.332710    0.430175 ^ clkbuf_0_clk_i/X (sky130_fd_sc_hd__clkbuf_16)
                                                         clknet_0_clk_i (net)
                      0.155491    0.001415    0.431590 ^ clkbuf_3_5__f_clk_i/A (sky130_fd_sc_hd__clkbuf_16)
     9    0.025775    0.074726    0.269045    0.700635 ^ clkbuf_3_5__f_clk_i/X (sky130_fd_sc_hd__clkbuf_16)
                                                         clknet_3_5__leaf_clk_i (net)
                      0.074726    0.000113    0.700748 ^ _379_/CLK (sky130_fd_sc_hd__dfrtp_1)
                                  0.250000    0.950748   clock uncertainty
                                  0.000000    0.950748   clock reconvergence pessimism
                                  0.709816    1.660564   library removal time
                                              1.660564   data required time
---------------------------------------------------------------------------------------------
                                              1.660564   data required time
                                           -626.528748   data arrival time
---------------------------------------------------------------------------------------------
                                            624.868164   slack (MET)


Startpoint: rst_i (input port clocked by clk_i)
Endpoint: _346_ (removal check against rising-edge clock clk_i)
Path Group: asynchronous
Path Type: min

Fanout         Cap        Slew       Delay        Time   Description
---------------------------------------------------------------------------------------------
                                  0.000000    0.000000   clock clk_i (rise edge)
                                  0.000000    0.000000   clock network delay (propagated)
                                625.000000  625.000000 ^ input external delay
     1    0.002536    0.030516    0.014381  625.014404 ^ rst_i (in)
                                                         rst_i (net)
                      0.030516    0.000000  625.014404 ^ input2/A (sky130_fd_sc_hd__clkbuf_1)
     1    0.002690    0.070640    0.131081  625.145447 ^ input2/X (sky130_fd_sc_hd__clkbuf_1)
                                                         net2 (net)
                      0.070640    0.000057  625.145508 ^ fanout27/A (sky130_fd_sc_hd__dlymetal6s2s_1)
     5    0.026856    0.426509    0.417629  625.563171 ^ fanout27/X (sky130_fd_sc_hd__dlymetal6s2s_1)
                                                         net27 (net)
                      0.426509    0.000171  625.563293 ^ fanout26/A (sky130_fd_sc_hd__buf_2)
     8    0.035181    0.280068    0.499199  626.062500 ^ fanout26/X (sky130_fd_sc_hd__buf_2)
                                                         net26 (net)
                      0.280068    0.000227  626.062744 ^ fanout24/A (sky130_fd_sc_hd__clkbuf_4)
    10    0.047052    0.235790    0.465207  626.527954 ^ fanout24/X (sky130_fd_sc_hd__clkbuf_4)
                                                         net24 (net)
                      0.235798    0.001648  626.529602 ^ _346_/RESET_B (sky130_fd_sc_hd__dfrtp_1)
                                            626.529602   data arrival time

                                  0.000000    0.000000   clock clk_i (rise edge)
                                  0.000000    0.000000   clock source latency
     1    0.018999    0.142997    0.097465    0.097465 ^ clk_i (in)
                                                         clk_i (net)
                      0.143010    0.000000    0.097465 ^ clkbuf_0_clk_i/A (sky130_fd_sc_hd__clkbuf_16)
     8    0.085313    0.155482    0.332710    0.430175 ^ clkbuf_0_clk_i/X (sky130_fd_sc_hd__clkbuf_16)
                                                         clknet_0_clk_i (net)
                      0.155491    0.001415    0.431590 ^ clkbuf_3_5__f_clk_i/A (sky130_fd_sc_hd__clkbuf_16)
     9    0.025775    0.074726    0.269045    0.700635 ^ clkbuf_3_5__f_clk_i/X (sky130_fd_sc_hd__clkbuf_16)
                                                         clknet_3_5__leaf_clk_i (net)
                      0.074727    0.000342    0.700977 ^ _346_/CLK (sky130_fd_sc_hd__dfrtp_1)
                                  0.250000    0.950977   clock uncertainty
                                  0.000000    0.950977   clock reconvergence pessimism
                                  0.709819    1.660796   library removal time
                                              1.660796   data required time
---------------------------------------------------------------------------------------------
                                              1.660796   data required time
                                           -626.529602   data arrival time
---------------------------------------------------------------------------------------------
                                            624.868835   slack (MET)


Startpoint: rst_i (input port clocked by clk_i)
Endpoint: _389_ (removal check against rising-edge clock clk_i)
Path Group: asynchronous
Path Type: min

Fanout         Cap        Slew       Delay        Time   Description
---------------------------------------------------------------------------------------------
                                  0.000000    0.000000   clock clk_i (rise edge)
                                  0.000000    0.000000   clock network delay (propagated)
                                625.000000  625.000000 ^ input external delay
     1    0.002536    0.030516    0.014381  625.014404 ^ rst_i (in)
                                                         rst_i (net)
                      0.030516    0.000000  625.014404 ^ input2/A (sky130_fd_sc_hd__clkbuf_1)
     1    0.002690    0.070640    0.131081  625.145447 ^ input2/X (sky130_fd_sc_hd__clkbuf_1)
                                                         net2 (net)
                      0.070640    0.000057  625.145508 ^ fanout27/A (sky130_fd_sc_hd__dlymetal6s2s_1)
     5    0.026856    0.426509    0.417629  625.563171 ^ fanout27/X (sky130_fd_sc_hd__dlymetal6s2s_1)
                                                         net27 (net)
                      0.426509    0.000171  625.563293 ^ fanout26/A (sky130_fd_sc_hd__buf_2)
     8    0.035181    0.280068    0.499199  626.062500 ^ fanout26/X (sky130_fd_sc_hd__buf_2)
                                                         net26 (net)
                      0.280068    0.000227  626.062744 ^ fanout24/A (sky130_fd_sc_hd__clkbuf_4)
    10    0.047052    0.235790    0.465207  626.527954 ^ fanout24/X (sky130_fd_sc_hd__clkbuf_4)
                                                         net24 (net)
                      0.235793    0.001251  626.529175 ^ _389_/RESET_B (sky130_fd_sc_hd__dfrtp_1)
                                            626.529175   data arrival time

                                  0.000000    0.000000   clock clk_i (rise edge)
                                  0.000000    0.000000   clock source latency
     1    0.018999    0.142997    0.097465    0.097465 ^ clk_i (in)
                                                         clk_i (net)
                      0.143010    0.000000    0.097465 ^ clkbuf_0_clk_i/A (sky130_fd_sc_hd__clkbuf_16)
     8    0.085313    0.155482    0.332710    0.430175 ^ clkbuf_0_clk_i/X (sky130_fd_sc_hd__clkbuf_16)
                                                         clknet_0_clk_i (net)
                      0.155491    0.001415    0.431590 ^ clkbuf_3_5__f_clk_i/A (sky130_fd_sc_hd__clkbuf_16)
     9    0.025775    0.074726    0.269045    0.700635 ^ clkbuf_3_5__f_clk_i/X (sky130_fd_sc_hd__clkbuf_16)
                                                         clknet_3_5__leaf_clk_i (net)
                      0.074726    0.000159    0.700794 ^ _389_/CLK (sky130_fd_sc_hd__dfrtp_1)
                                  0.250000    0.950793   clock uncertainty
                                  0.000000    0.950793   clock reconvergence pessimism
                                  0.709817    1.660611   library removal time
                                              1.660611   data required time
---------------------------------------------------------------------------------------------
                                              1.660611   data required time
                                           -626.529175   data arrival time
---------------------------------------------------------------------------------------------
                                            624.868591   slack (MET)


Startpoint: rst_i (input port clocked by clk_i)
Endpoint: _375_ (removal check against rising-edge clock clk_i)
Path Group: asynchronous
Path Type: min

Fanout         Cap        Slew       Delay        Time   Description
---------------------------------------------------------------------------------------------
                                  0.000000    0.000000   clock clk_i (rise edge)
                                  0.000000    0.000000   clock network delay (propagated)
                                625.000000  625.000000 ^ input external delay
     1    0.002536    0.030516    0.014381  625.014404 ^ rst_i (in)
                                                         rst_i (net)
                      0.030516    0.000000  625.014404 ^ input2/A (sky130_fd_sc_hd__clkbuf_1)
     1    0.002690    0.070640    0.131081  625.145447 ^ input2/X (sky130_fd_sc_hd__clkbuf_1)
                                                         net2 (net)
                      0.070640    0.000057  625.145508 ^ fanout27/A (sky130_fd_sc_hd__dlymetal6s2s_1)
     5    0.026856    0.426509    0.417629  625.563171 ^ fanout27/X (sky130_fd_sc_hd__dlymetal6s2s_1)
                                                         net27 (net)
                      0.426509    0.000171  625.563293 ^ fanout26/A (sky130_fd_sc_hd__buf_2)
     8    0.035181    0.280068    0.499199  626.062500 ^ fanout26/X (sky130_fd_sc_hd__buf_2)
                                                         net26 (net)
                      0.280068    0.000398  626.062927 ^ fanout25/A (sky130_fd_sc_hd__clkbuf_4)
    10    0.048444    0.241824    0.469811  626.532715 ^ fanout25/X (sky130_fd_sc_hd__clkbuf_4)
                                                         net25 (net)
                      0.241831    0.001705  626.534424 ^ _375_/RESET_B (sky130_fd_sc_hd__dfrtp_1)
                                            626.534424   data arrival time

                                  0.000000    0.000000   clock clk_i (rise edge)
                                  0.000000    0.000000   clock source latency
     1    0.018999    0.142997    0.097465    0.097465 ^ clk_i (in)
                                                         clk_i (net)
                      0.143010    0.000000    0.097465 ^ clkbuf_0_clk_i/A (sky130_fd_sc_hd__clkbuf_16)
     8    0.085313    0.155482    0.332710    0.430175 ^ clkbuf_0_clk_i/X (sky130_fd_sc_hd__clkbuf_16)
                                                         clknet_0_clk_i (net)
                      0.155528    0.002552    0.432727 ^ clkbuf_3_3__f_clk_i/A (sky130_fd_sc_hd__clkbuf_16)
     9    0.026391    0.075534    0.269911    0.702639 ^ clkbuf_3_3__f_clk_i/X (sky130_fd_sc_hd__clkbuf_16)
                                                         clknet_3_3__leaf_clk_i (net)
                      0.075535    0.000321    0.702959 ^ _375_/CLK (sky130_fd_sc_hd__dfrtp_1)
                                  0.250000    0.952959   clock uncertainty
                                  0.000000    0.952959   clock reconvergence pessimism
                                  0.711915    1.664875   library removal time
                                              1.664875   data required time
---------------------------------------------------------------------------------------------
                                              1.664875   data required time
                                           -626.534424   data arrival time
---------------------------------------------------------------------------------------------
                                            624.869568   slack (MET)


Startpoint: rst_i (input port clocked by clk_i)
Endpoint: _384_ (removal check against rising-edge clock clk_i)
Path Group: asynchronous
Path Type: min

Fanout         Cap        Slew       Delay        Time   Description
---------------------------------------------------------------------------------------------
                                  0.000000    0.000000   clock clk_i (rise edge)
                                  0.000000    0.000000   clock network delay (propagated)
                                625.000000  625.000000 ^ input external delay
     1    0.002536    0.030516    0.014381  625.014404 ^ rst_i (in)
                                                         rst_i (net)
                      0.030516    0.000000  625.014404 ^ input2/A (sky130_fd_sc_hd__clkbuf_1)
     1    0.002690    0.070640    0.131081  625.145447 ^ input2/X (sky130_fd_sc_hd__clkbuf_1)
                                                         net2 (net)
                      0.070640    0.000057  625.145508 ^ fanout27/A (sky130_fd_sc_hd__dlymetal6s2s_1)
     5    0.026856    0.426509    0.417629  625.563171 ^ fanout27/X (sky130_fd_sc_hd__dlymetal6s2s_1)
                                                         net27 (net)
                      0.426509    0.000171  625.563293 ^ fanout26/A (sky130_fd_sc_hd__buf_2)
     8    0.035181    0.280068    0.499199  626.062500 ^ fanout26/X (sky130_fd_sc_hd__buf_2)
                                                         net26 (net)
                      0.280068    0.000227  626.062744 ^ fanout24/A (sky130_fd_sc_hd__clkbuf_4)
    10    0.047052    0.235790    0.465207  626.527954 ^ fanout24/X (sky130_fd_sc_hd__clkbuf_4)
                                                         net24 (net)
                      0.235805    0.002103  626.530029 ^ _384_/RESET_B (sky130_fd_sc_hd__dfrtp_1)
                                            626.530029   data arrival time

                                  0.000000    0.000000   clock clk_i (rise edge)
                                  0.000000    0.000000   clock source latency
     1    0.018999    0.142997    0.097465    0.097465 ^ clk_i (in)
                                                         clk_i (net)
                      0.143010    0.000000    0.097465 ^ clkbuf_0_clk_i/A (sky130_fd_sc_hd__clkbuf_16)
     8    0.085313    0.155482    0.332710    0.430175 ^ clkbuf_0_clk_i/X (sky130_fd_sc_hd__clkbuf_16)
                                                         clknet_0_clk_i (net)
                      0.155491    0.001415    0.431590 ^ clkbuf_3_5__f_clk_i/A (sky130_fd_sc_hd__clkbuf_16)
     9    0.025775    0.074726    0.269045    0.700635 ^ clkbuf_3_5__f_clk_i/X (sky130_fd_sc_hd__clkbuf_16)
                                                         clknet_3_5__leaf_clk_i (net)
                      0.074727    0.000276    0.700911 ^ _384_/CLK (sky130_fd_sc_hd__dfrtp_1)
                                  0.250000    0.950911   clock uncertainty
                                  0.000000    0.950911   clock reconvergence pessimism
                                  0.709821    1.660732   library removal time
                                              1.660732   data required time
---------------------------------------------------------------------------------------------
                                              1.660732   data required time
                                           -626.530029   data arrival time
---------------------------------------------------------------------------------------------
                                            624.869324   slack (MET)


Startpoint: rst_i (input port clocked by clk_i)
Endpoint: _341_ (removal check against rising-edge clock clk_i)
Path Group: asynchronous
Path Type: min

Fanout         Cap        Slew       Delay        Time   Description
---------------------------------------------------------------------------------------------
                                  0.000000    0.000000   clock clk_i (rise edge)
                                  0.000000    0.000000   clock network delay (propagated)
                                625.000000  625.000000 ^ input external delay
     1    0.002536    0.030516    0.014381  625.014404 ^ rst_i (in)
                                                         rst_i (net)
                      0.030516    0.000000  625.014404 ^ input2/A (sky130_fd_sc_hd__clkbuf_1)
     1    0.002690    0.070640    0.131081  625.145447 ^ input2/X (sky130_fd_sc_hd__clkbuf_1)
                                                         net2 (net)
                      0.070640    0.000057  625.145508 ^ fanout27/A (sky130_fd_sc_hd__dlymetal6s2s_1)
     5    0.026856    0.426509    0.417629  625.563171 ^ fanout27/X (sky130_fd_sc_hd__dlymetal6s2s_1)
                                                         net27 (net)
                      0.426509    0.000171  625.563293 ^ fanout26/A (sky130_fd_sc_hd__buf_2)
     8    0.035181    0.280068    0.499199  626.062500 ^ fanout26/X (sky130_fd_sc_hd__buf_2)
                                                         net26 (net)
                      0.280068    0.000398  626.062927 ^ fanout25/A (sky130_fd_sc_hd__clkbuf_4)
    10    0.048444    0.241824    0.469811  626.532715 ^ fanout25/X (sky130_fd_sc_hd__clkbuf_4)
                                                         net25 (net)
                      0.241824    0.000398  626.533142 ^ _341_/RESET_B (sky130_fd_sc_hd__dfrtp_1)
                                            626.533142   data arrival time

                                  0.000000    0.000000   clock clk_i (rise edge)
                                  0.000000    0.000000   clock source latency
     1    0.018999    0.142997    0.097465    0.097465 ^ clk_i (in)
                                                         clk_i (net)
                      0.143010    0.000000    0.097465 ^ clkbuf_0_clk_i/A (sky130_fd_sc_hd__clkbuf_16)
     8    0.085313    0.155482    0.332710    0.430175 ^ clkbuf_0_clk_i/X (sky130_fd_sc_hd__clkbuf_16)
                                                         clknet_0_clk_i (net)
                      0.155484    0.000969    0.431144 ^ clkbuf_3_7__f_clk_i/A (sky130_fd_sc_hd__clkbuf_16)
     8    0.025893    0.074884    0.269188    0.700332 ^ clkbuf_3_7__f_clk_i/X (sky130_fd_sc_hd__clkbuf_16)
                                                         clknet_3_7__leaf_clk_i (net)
                      0.074885    0.000326    0.700657 ^ _341_/CLK (sky130_fd_sc_hd__dfrtp_1)
                                  0.250000    0.950657   clock uncertainty
                                  0.000000    0.950657   clock reconvergence pessimism
                                  0.711718    1.662375   library removal time
                                              1.662375   data required time
---------------------------------------------------------------------------------------------
                                              1.662375   data required time
                                           -626.533142   data arrival time
---------------------------------------------------------------------------------------------
                                            624.870728   slack (MET)


Startpoint: rst_i (input port clocked by clk_i)
Endpoint: _342_ (removal check against rising-edge clock clk_i)
Path Group: asynchronous
Path Type: min

Fanout         Cap        Slew       Delay        Time   Description
---------------------------------------------------------------------------------------------
                                  0.000000    0.000000   clock clk_i (rise edge)
                                  0.000000    0.000000   clock network delay (propagated)
                                625.000000  625.000000 ^ input external delay
     1    0.002536    0.030516    0.014381  625.014404 ^ rst_i (in)
                                                         rst_i (net)
                      0.030516    0.000000  625.014404 ^ input2/A (sky130_fd_sc_hd__clkbuf_1)
     1    0.002690    0.070640    0.131081  625.145447 ^ input2/X (sky130_fd_sc_hd__clkbuf_1)
                                                         net2 (net)
                      0.070640    0.000057  625.145508 ^ fanout27/A (sky130_fd_sc_hd__dlymetal6s2s_1)
     5    0.026856    0.426509    0.417629  625.563171 ^ fanout27/X (sky130_fd_sc_hd__dlymetal6s2s_1)
                                                         net27 (net)
                      0.426509    0.000171  625.563293 ^ fanout26/A (sky130_fd_sc_hd__buf_2)
     8    0.035181    0.280068    0.499199  626.062500 ^ fanout26/X (sky130_fd_sc_hd__buf_2)
                                                         net26 (net)
                      0.280068    0.000398  626.062927 ^ fanout25/A (sky130_fd_sc_hd__clkbuf_4)
    10    0.048444    0.241824    0.469811  626.532715 ^ fanout25/X (sky130_fd_sc_hd__clkbuf_4)
                                                         net25 (net)
                      0.241829    0.001535  626.534241 ^ _342_/RESET_B (sky130_fd_sc_hd__dfrtp_1)
                                            626.534241   data arrival time

                                  0.000000    0.000000   clock clk_i (rise edge)
                                  0.000000    0.000000   clock source latency
     1    0.018999    0.142997    0.097465    0.097465 ^ clk_i (in)
                                                         clk_i (net)
                      0.143010    0.000000    0.097465 ^ clkbuf_0_clk_i/A (sky130_fd_sc_hd__clkbuf_16)
     8    0.085313    0.155482    0.332710    0.430175 ^ clkbuf_0_clk_i/X (sky130_fd_sc_hd__clkbuf_16)
                                                         clknet_0_clk_i (net)
                      0.155484    0.000969    0.431144 ^ clkbuf_3_7__f_clk_i/A (sky130_fd_sc_hd__clkbuf_16)
     8    0.025893    0.074884    0.269188    0.700332 ^ clkbuf_3_7__f_clk_i/X (sky130_fd_sc_hd__clkbuf_16)
                                                         clknet_3_7__leaf_clk_i (net)
                      0.074884    0.000266    0.700598 ^ _342_/CLK (sky130_fd_sc_hd__dfrtp_1)
                                  0.250000    0.950598   clock uncertainty
                                  0.000000    0.950598   clock reconvergence pessimism
                                  0.711719    1.662317   library removal time
                                              1.662317   data required time
---------------------------------------------------------------------------------------------
                                              1.662317   data required time
                                           -626.534241   data arrival time
---------------------------------------------------------------------------------------------
                                            624.871948   slack (MET)


Startpoint: rst_i (input port clocked by clk_i)
Endpoint: _343_ (removal check against rising-edge clock clk_i)
Path Group: asynchronous
Path Type: min

Fanout         Cap        Slew       Delay        Time   Description
---------------------------------------------------------------------------------------------
                                  0.000000    0.000000   clock clk_i (rise edge)
                                  0.000000    0.000000   clock network delay (propagated)
                                625.000000  625.000000 ^ input external delay
     1    0.002536    0.030516    0.014381  625.014404 ^ rst_i (in)
                                                         rst_i (net)
                      0.030516    0.000000  625.014404 ^ input2/A (sky130_fd_sc_hd__clkbuf_1)
     1    0.002690    0.070640    0.131081  625.145447 ^ input2/X (sky130_fd_sc_hd__clkbuf_1)
                                                         net2 (net)
                      0.070640    0.000057  625.145508 ^ fanout27/A (sky130_fd_sc_hd__dlymetal6s2s_1)
     5    0.026856    0.426509    0.417629  625.563171 ^ fanout27/X (sky130_fd_sc_hd__dlymetal6s2s_1)
                                                         net27 (net)
                      0.426509    0.000171  625.563293 ^ fanout26/A (sky130_fd_sc_hd__buf_2)
     8    0.035181    0.280068    0.499199  626.062500 ^ fanout26/X (sky130_fd_sc_hd__buf_2)
                                                         net26 (net)
                      0.280068    0.000398  626.062927 ^ fanout25/A (sky130_fd_sc_hd__clkbuf_4)
    10    0.048444    0.241824    0.469811  626.532715 ^ fanout25/X (sky130_fd_sc_hd__clkbuf_4)
                                                         net25 (net)
                      0.241826    0.001251  626.533997 ^ _343_/RESET_B (sky130_fd_sc_hd__dfrtp_1)
                                            626.533997   data arrival time

                                  0.000000    0.000000   clock clk_i (rise edge)
                                  0.000000    0.000000   clock source latency
     1    0.018999    0.142997    0.097465    0.097465 ^ clk_i (in)
                                                         clk_i (net)
                      0.143010    0.000000    0.097465 ^ clkbuf_0_clk_i/A (sky130_fd_sc_hd__clkbuf_16)
     8    0.085313    0.155482    0.332710    0.430175 ^ clkbuf_0_clk_i/X (sky130_fd_sc_hd__clkbuf_16)
                                                         clknet_0_clk_i (net)
                      0.155484    0.000969    0.431144 ^ clkbuf_3_7__f_clk_i/A (sky130_fd_sc_hd__clkbuf_16)
     8    0.025893    0.074884    0.269188    0.700332 ^ clkbuf_3_7__f_clk_i/X (sky130_fd_sc_hd__clkbuf_16)
                                                         clknet_3_7__leaf_clk_i (net)
                      0.074884    0.000177    0.700509 ^ _343_/CLK (sky130_fd_sc_hd__dfrtp_1)
                                  0.250000    0.950509   clock uncertainty
                                  0.000000    0.950509   clock reconvergence pessimism
                                  0.711718    1.662227   library removal time
                                              1.662227   data required time
---------------------------------------------------------------------------------------------
                                              1.662227   data required time
                                           -626.533997   data arrival time
---------------------------------------------------------------------------------------------
                                            624.871765   slack (MET)


Startpoint: rst_i (input port clocked by clk_i)
Endpoint: _333_ (removal check against rising-edge clock clk_i)
Path Group: asynchronous
Path Type: min

Fanout         Cap        Slew       Delay        Time   Description
---------------------------------------------------------------------------------------------
                                  0.000000    0.000000   clock clk_i (rise edge)
                                  0.000000    0.000000   clock network delay (propagated)
                                625.000000  625.000000 ^ input external delay
     1    0.002536    0.030516    0.014381  625.014404 ^ rst_i (in)
                                                         rst_i (net)
                      0.030516    0.000000  625.014404 ^ input2/A (sky130_fd_sc_hd__clkbuf_1)
     1    0.002690    0.070640    0.131081  625.145447 ^ input2/X (sky130_fd_sc_hd__clkbuf_1)
                                                         net2 (net)
                      0.070640    0.000057  625.145508 ^ fanout27/A (sky130_fd_sc_hd__dlymetal6s2s_1)
     5    0.026856    0.426509    0.417629  625.563171 ^ fanout27/X (sky130_fd_sc_hd__dlymetal6s2s_1)
                                                         net27 (net)
                      0.426509    0.000171  625.563293 ^ fanout26/A (sky130_fd_sc_hd__buf_2)
     8    0.035181    0.280068    0.499199  626.062500 ^ fanout26/X (sky130_fd_sc_hd__buf_2)
                                                         net26 (net)
                      0.280068    0.000227  626.062744 ^ fanout24/A (sky130_fd_sc_hd__clkbuf_4)
    10    0.047052    0.235790    0.465207  626.527954 ^ fanout24/X (sky130_fd_sc_hd__clkbuf_4)
                                                         net24 (net)
                      0.235802    0.001933  626.529907 ^ _333_/RESET_B (sky130_fd_sc_hd__dfrtp_1)
                                            626.529907   data arrival time

                                  0.000000    0.000000   clock clk_i (rise edge)
                                  0.000000    0.000000   clock source latency
     1    0.018999    0.142997    0.097465    0.097465 ^ clk_i (in)
                                                         clk_i (net)
                      0.143010    0.000000    0.097465 ^ clkbuf_0_clk_i/A (sky130_fd_sc_hd__clkbuf_16)
     8    0.085313    0.155482    0.332710    0.430175 ^ clkbuf_0_clk_i/X (sky130_fd_sc_hd__clkbuf_16)
                                                         clknet_0_clk_i (net)
                      0.155488    0.001265    0.431441 ^ clkbuf_3_4__f_clk_i/A (sky130_fd_sc_hd__clkbuf_16)
     7    0.023110    0.071328    0.265186    0.696626 ^ clkbuf_3_4__f_clk_i/X (sky130_fd_sc_hd__clkbuf_16)
                                                         clknet_3_4__leaf_clk_i (net)
                      0.071328    0.000395    0.697021 ^ _333_/CLK (sky130_fd_sc_hd__dfrtp_1)
                                  0.250000    0.947021   clock uncertainty
                                  0.000000    0.947021   clock reconvergence pessimism
                                  0.708797    1.655818   library removal time
                                              1.655818   data required time
---------------------------------------------------------------------------------------------
                                              1.655818   data required time
                                           -626.529907   data arrival time
---------------------------------------------------------------------------------------------
                                            624.874084   slack (MET)


Startpoint: rst_i (input port clocked by clk_i)
Endpoint: _347_ (removal check against rising-edge clock clk_i)
Path Group: asynchronous
Path Type: min

Fanout         Cap        Slew       Delay        Time   Description
---------------------------------------------------------------------------------------------
                                  0.000000    0.000000   clock clk_i (rise edge)
                                  0.000000    0.000000   clock network delay (propagated)
                                625.000000  625.000000 ^ input external delay
     1    0.002536    0.030516    0.014381  625.014404 ^ rst_i (in)
                                                         rst_i (net)
                      0.030516    0.000000  625.014404 ^ input2/A (sky130_fd_sc_hd__clkbuf_1)
     1    0.002690    0.070640    0.131081  625.145447 ^ input2/X (sky130_fd_sc_hd__clkbuf_1)
                                                         net2 (net)
                      0.070640    0.000057  625.145508 ^ fanout27/A (sky130_fd_sc_hd__dlymetal6s2s_1)
     5    0.026856    0.426509    0.417629  625.563171 ^ fanout27/X (sky130_fd_sc_hd__dlymetal6s2s_1)
                                                         net27 (net)
                      0.426509    0.000171  625.563293 ^ fanout26/A (sky130_fd_sc_hd__buf_2)
     8    0.035181    0.280068    0.499199  626.062500 ^ fanout26/X (sky130_fd_sc_hd__buf_2)
                                                         net26 (net)
                      0.280068    0.000398  626.062927 ^ fanout25/A (sky130_fd_sc_hd__clkbuf_4)
    10    0.048444    0.241824    0.469811  626.532715 ^ fanout25/X (sky130_fd_sc_hd__clkbuf_4)
                                                         net25 (net)
                      0.241827    0.001364  626.534119 ^ _347_/RESET_B (sky130_fd_sc_hd__dfrtp_1)
                                            626.534119   data arrival time

                                  0.000000    0.000000   clock clk_i (rise edge)
                                  0.000000    0.000000   clock source latency
     1    0.018999    0.142997    0.097465    0.097465 ^ clk_i (in)
                                                         clk_i (net)
                      0.143010    0.000000    0.097465 ^ clkbuf_0_clk_i/A (sky130_fd_sc_hd__clkbuf_16)
     8    0.085313    0.155482    0.332710    0.430175 ^ clkbuf_0_clk_i/X (sky130_fd_sc_hd__clkbuf_16)
                                                         clknet_0_clk_i (net)
                      0.155483    0.000940    0.431115 ^ clkbuf_3_6__f_clk_i/A (sky130_fd_sc_hd__clkbuf_16)
     7    0.024938    0.073643    0.267846    0.698961 ^ clkbuf_3_6__f_clk_i/X (sky130_fd_sc_hd__clkbuf_16)
                                                         clknet_3_6__leaf_clk_i (net)
                      0.073643    0.000064    0.699026 ^ _347_/CLK (sky130_fd_sc_hd__dfrtp_1)
                                  0.250000    0.949026   clock uncertainty
                                  0.000000    0.949026   clock reconvergence pessimism
                                  0.711345    1.660371   library removal time
                                              1.660371   data required time
---------------------------------------------------------------------------------------------
                                              1.660371   data required time
                                           -626.534119   data arrival time
---------------------------------------------------------------------------------------------
                                            624.873718   slack (MET)


Startpoint: rst_i (input port clocked by clk_i)
Endpoint: _349_ (removal check against rising-edge clock clk_i)
Path Group: asynchronous
Path Type: min

Fanout         Cap        Slew       Delay        Time   Description
---------------------------------------------------------------------------------------------
                                  0.000000    0.000000   clock clk_i (rise edge)
                                  0.000000    0.000000   clock network delay (propagated)
                                625.000000  625.000000 ^ input external delay
     1    0.002536    0.030516    0.014381  625.014404 ^ rst_i (in)
                                                         rst_i (net)
                      0.030516    0.000000  625.014404 ^ input2/A (sky130_fd_sc_hd__clkbuf_1)
     1    0.002690    0.070640    0.131081  625.145447 ^ input2/X (sky130_fd_sc_hd__clkbuf_1)
                                                         net2 (net)
                      0.070640    0.000057  625.145508 ^ fanout27/A (sky130_fd_sc_hd__dlymetal6s2s_1)
     5    0.026856    0.426509    0.417629  625.563171 ^ fanout27/X (sky130_fd_sc_hd__dlymetal6s2s_1)
                                                         net27 (net)
                      0.426509    0.000171  625.563293 ^ fanout26/A (sky130_fd_sc_hd__buf_2)
     8    0.035181    0.280068    0.499199  626.062500 ^ fanout26/X (sky130_fd_sc_hd__buf_2)
                                                         net26 (net)
                      0.280068    0.000398  626.062927 ^ fanout25/A (sky130_fd_sc_hd__clkbuf_4)
    10    0.048444    0.241824    0.469811  626.532715 ^ fanout25/X (sky130_fd_sc_hd__clkbuf_4)
                                                         net25 (net)
                      0.241826    0.001307  626.534058 ^ _349_/RESET_B (sky130_fd_sc_hd__dfrtp_1)
                                            626.534058   data arrival time

                                  0.000000    0.000000   clock clk_i (rise edge)
                                  0.000000    0.000000   clock source latency
     1    0.018999    0.142997    0.097465    0.097465 ^ clk_i (in)
                                                         clk_i (net)
                      0.143010    0.000000    0.097465 ^ clkbuf_0_clk_i/A (sky130_fd_sc_hd__clkbuf_16)
     8    0.085313    0.155482    0.332710    0.430175 ^ clkbuf_0_clk_i/X (sky130_fd_sc_hd__clkbuf_16)
                                                         clknet_0_clk_i (net)
                      0.155483    0.000940    0.431115 ^ clkbuf_3_6__f_clk_i/A (sky130_fd_sc_hd__clkbuf_16)
     7    0.024938    0.073643    0.267846    0.698961 ^ clkbuf_3_6__f_clk_i/X (sky130_fd_sc_hd__clkbuf_16)
                                                         clknet_3_6__leaf_clk_i (net)
                      0.073644    0.000309    0.699271 ^ _349_/CLK (sky130_fd_sc_hd__dfrtp_1)
                                  0.250000    0.949271   clock uncertainty
                                  0.000000    0.949271   clock reconvergence pessimism
                                  0.711345    1.660616   library removal time
                                              1.660616   data required time
---------------------------------------------------------------------------------------------
                                              1.660616   data required time
                                           -626.534058   data arrival time
---------------------------------------------------------------------------------------------
                                            624.873413   slack (MET)


Startpoint: rst_i (input port clocked by clk_i)
Endpoint: _350_ (removal check against rising-edge clock clk_i)
Path Group: asynchronous
Path Type: min

Fanout         Cap        Slew       Delay        Time   Description
---------------------------------------------------------------------------------------------
                                  0.000000    0.000000   clock clk_i (rise edge)
                                  0.000000    0.000000   clock network delay (propagated)
                                625.000000  625.000000 ^ input external delay
     1    0.002536    0.030516    0.014381  625.014404 ^ rst_i (in)
                                                         rst_i (net)
                      0.030516    0.000000  625.014404 ^ input2/A (sky130_fd_sc_hd__clkbuf_1)
     1    0.002690    0.070640    0.131081  625.145447 ^ input2/X (sky130_fd_sc_hd__clkbuf_1)
                                                         net2 (net)
                      0.070640    0.000057  625.145508 ^ fanout27/A (sky130_fd_sc_hd__dlymetal6s2s_1)
     5    0.026856    0.426509    0.417629  625.563171 ^ fanout27/X (sky130_fd_sc_hd__dlymetal6s2s_1)
                                                         net27 (net)
                      0.426509    0.000171  625.563293 ^ fanout26/A (sky130_fd_sc_hd__buf_2)
     8    0.035181    0.280068    0.499199  626.062500 ^ fanout26/X (sky130_fd_sc_hd__buf_2)
                                                         net26 (net)
                      0.280068    0.000398  626.062927 ^ fanout25/A (sky130_fd_sc_hd__clkbuf_4)
    10    0.048444    0.241824    0.469811  626.532715 ^ fanout25/X (sky130_fd_sc_hd__clkbuf_4)
                                                         net25 (net)
                      0.241828    0.001478  626.534180 ^ _350_/RESET_B (sky130_fd_sc_hd__dfrtp_1)
                                            626.534180   data arrival time

                                  0.000000    0.000000   clock clk_i (rise edge)
                                  0.000000    0.000000   clock source latency
     1    0.018999    0.142997    0.097465    0.097465 ^ clk_i (in)
                                                         clk_i (net)
                      0.143010    0.000000    0.097465 ^ clkbuf_0_clk_i/A (sky130_fd_sc_hd__clkbuf_16)
     8    0.085313    0.155482    0.332710    0.430175 ^ clkbuf_0_clk_i/X (sky130_fd_sc_hd__clkbuf_16)
                                                         clknet_0_clk_i (net)
                      0.155483    0.000940    0.431115 ^ clkbuf_3_6__f_clk_i/A (sky130_fd_sc_hd__clkbuf_16)
     7    0.024938    0.073643    0.267846    0.698961 ^ clkbuf_3_6__f_clk_i/X (sky130_fd_sc_hd__clkbuf_16)
                                                         clknet_3_6__leaf_clk_i (net)
                      0.073643    0.000216    0.699177 ^ _350_/CLK (sky130_fd_sc_hd__dfrtp_1)
                                  0.250000    0.949177   clock uncertainty
                                  0.000000    0.949177   clock reconvergence pessimism
                                  0.711345    1.660523   library removal time
                                              1.660523   data required time
---------------------------------------------------------------------------------------------
                                              1.660523   data required time
                                           -626.534180   data arrival time
---------------------------------------------------------------------------------------------
                                            624.873718   slack (MET)


Startpoint: rst_i (input port clocked by clk_i)
Endpoint: _352_ (removal check against rising-edge clock clk_i)
Path Group: asynchronous
Path Type: min

Fanout         Cap        Slew       Delay        Time   Description
---------------------------------------------------------------------------------------------
                                  0.000000    0.000000   clock clk_i (rise edge)
                                  0.000000    0.000000   clock network delay (propagated)
                                625.000000  625.000000 ^ input external delay
     1    0.002536    0.030516    0.014381  625.014404 ^ rst_i (in)
                                                         rst_i (net)
                      0.030516    0.000000  625.014404 ^ input2/A (sky130_fd_sc_hd__clkbuf_1)
     1    0.002690    0.070640    0.131081  625.145447 ^ input2/X (sky130_fd_sc_hd__clkbuf_1)
                                                         net2 (net)
                      0.070640    0.000057  625.145508 ^ fanout27/A (sky130_fd_sc_hd__dlymetal6s2s_1)
     5    0.026856    0.426509    0.417629  625.563171 ^ fanout27/X (sky130_fd_sc_hd__dlymetal6s2s_1)
                                                         net27 (net)
                      0.426509    0.000171  625.563293 ^ fanout26/A (sky130_fd_sc_hd__buf_2)
     8    0.035181    0.280068    0.499199  626.062500 ^ fanout26/X (sky130_fd_sc_hd__buf_2)
                                                         net26 (net)
                      0.280068    0.000398  626.062927 ^ fanout25/A (sky130_fd_sc_hd__clkbuf_4)
    10    0.048444    0.241824    0.469811  626.532715 ^ fanout25/X (sky130_fd_sc_hd__clkbuf_4)
                                                         net25 (net)
                      0.241829    0.001535  626.534241 ^ _352_/RESET_B (sky130_fd_sc_hd__dfrtp_1)
                                            626.534241   data arrival time

                                  0.000000    0.000000   clock clk_i (rise edge)
                                  0.000000    0.000000   clock source latency
     1    0.018999    0.142997    0.097465    0.097465 ^ clk_i (in)
                                                         clk_i (net)
                      0.143010    0.000000    0.097465 ^ clkbuf_0_clk_i/A (sky130_fd_sc_hd__clkbuf_16)
     8    0.085313    0.155482    0.332710    0.430175 ^ clkbuf_0_clk_i/X (sky130_fd_sc_hd__clkbuf_16)
                                                         clknet_0_clk_i (net)
                      0.155483    0.000940    0.431115 ^ clkbuf_3_6__f_clk_i/A (sky130_fd_sc_hd__clkbuf_16)
     7    0.024938    0.073643    0.267846    0.698961 ^ clkbuf_3_6__f_clk_i/X (sky130_fd_sc_hd__clkbuf_16)
                                                         clknet_3_6__leaf_clk_i (net)
                      0.073644    0.000300    0.699261 ^ _352_/CLK (sky130_fd_sc_hd__dfrtp_1)
                                  0.250000    0.949261   clock uncertainty
                                  0.000000    0.949261   clock reconvergence pessimism
                                  0.711346    1.660607   library removal time
                                              1.660607   data required time
---------------------------------------------------------------------------------------------
                                              1.660607   data required time
                                           -626.534241   data arrival time
---------------------------------------------------------------------------------------------
                                            624.873657   slack (MET)


Startpoint: rst_i (input port clocked by clk_i)
Endpoint: _345_ (removal check against rising-edge clock clk_i)
Path Group: asynchronous
Path Type: min

Fanout         Cap        Slew       Delay        Time   Description
---------------------------------------------------------------------------------------------
                                  0.000000    0.000000   clock clk_i (rise edge)
                                  0.000000    0.000000   clock network delay (propagated)
                                625.000000  625.000000 ^ input external delay
     1    0.002536    0.030516    0.014381  625.014404 ^ rst_i (in)
                                                         rst_i (net)
                      0.030516    0.000000  625.014404 ^ input2/A (sky130_fd_sc_hd__clkbuf_1)
     1    0.002690    0.070640    0.131081  625.145447 ^ input2/X (sky130_fd_sc_hd__clkbuf_1)
                                                         net2 (net)
                      0.070640    0.000057  625.145508 ^ fanout27/A (sky130_fd_sc_hd__dlymetal6s2s_1)
     5    0.026856    0.426509    0.417629  625.563171 ^ fanout27/X (sky130_fd_sc_hd__dlymetal6s2s_1)
                                                         net27 (net)
                      0.426509    0.000171  625.563293 ^ fanout26/A (sky130_fd_sc_hd__buf_2)
     8    0.035181    0.280068    0.499199  626.062500 ^ fanout26/X (sky130_fd_sc_hd__buf_2)
                                                         net26 (net)
                      0.280068    0.000227  626.062744 ^ fanout24/A (sky130_fd_sc_hd__clkbuf_4)
    10    0.047052    0.235790    0.465207  626.527954 ^ fanout24/X (sky130_fd_sc_hd__clkbuf_4)
                                                         net24 (net)
                      0.235804    0.001990  626.529968 ^ _345_/RESET_B (sky130_fd_sc_hd__dfrtp_1)
                                            626.529968   data arrival time

                                  0.000000    0.000000   clock clk_i (rise edge)
                                  0.000000    0.000000   clock source latency
     1    0.018999    0.142997    0.097465    0.097465 ^ clk_i (in)
                                                         clk_i (net)
                      0.143010    0.000000    0.097465 ^ clkbuf_0_clk_i/A (sky130_fd_sc_hd__clkbuf_16)
     8    0.085313    0.155482    0.332710    0.430175 ^ clkbuf_0_clk_i/X (sky130_fd_sc_hd__clkbuf_16)
                                                         clknet_0_clk_i (net)
                      0.155488    0.001265    0.431441 ^ clkbuf_3_4__f_clk_i/A (sky130_fd_sc_hd__clkbuf_16)
     7    0.023110    0.071328    0.265186    0.696626 ^ clkbuf_3_4__f_clk_i/X (sky130_fd_sc_hd__clkbuf_16)
                                                         clknet_3_4__leaf_clk_i (net)
                      0.071328    0.000160    0.696786 ^ _345_/CLK (sky130_fd_sc_hd__dfrtp_1)
                                  0.250000    0.946786   clock uncertainty
                                  0.000000    0.946786   clock reconvergence pessimism
                                  0.708798    1.655584   library removal time
                                              1.655584   data required time
---------------------------------------------------------------------------------------------
                                              1.655584   data required time
                                           -626.529968   data arrival time
---------------------------------------------------------------------------------------------
                                            624.874390   slack (MET)


Startpoint: rst_i (input port clocked by clk_i)
Endpoint: _351_ (removal check against rising-edge clock clk_i)
Path Group: asynchronous
Path Type: min

Fanout         Cap        Slew       Delay        Time   Description
---------------------------------------------------------------------------------------------
                                  0.000000    0.000000   clock clk_i (rise edge)
                                  0.000000    0.000000   clock network delay (propagated)
                                625.000000  625.000000 ^ input external delay
     1    0.002536    0.030516    0.014381  625.014404 ^ rst_i (in)
                                                         rst_i (net)
                      0.030516    0.000000  625.014404 ^ input2/A (sky130_fd_sc_hd__clkbuf_1)
     1    0.002690    0.070640    0.131081  625.145447 ^ input2/X (sky130_fd_sc_hd__clkbuf_1)
                                                         net2 (net)
                      0.070640    0.000057  625.145508 ^ fanout27/A (sky130_fd_sc_hd__dlymetal6s2s_1)
     5    0.026856    0.426509    0.417629  625.563171 ^ fanout27/X (sky130_fd_sc_hd__dlymetal6s2s_1)
                                                         net27 (net)
                      0.426509    0.000171  625.563293 ^ fanout26/A (sky130_fd_sc_hd__buf_2)
     8    0.035181    0.280068    0.499199  626.062500 ^ fanout26/X (sky130_fd_sc_hd__buf_2)
                                                         net26 (net)
                      0.280068    0.000398  626.062927 ^ fanout25/A (sky130_fd_sc_hd__clkbuf_4)
    10    0.048444    0.241824    0.469811  626.532715 ^ fanout25/X (sky130_fd_sc_hd__clkbuf_4)
                                                         net25 (net)
                      0.241831    0.001648  626.534363 ^ _351_/RESET_B (sky130_fd_sc_hd__dfrtp_1)
                                            626.534363   data arrival time

                                  0.000000    0.000000   clock clk_i (rise edge)
                                  0.000000    0.000000   clock source latency
     1    0.018999    0.142997    0.097465    0.097465 ^ clk_i (in)
                                                         clk_i (net)
                      0.143010    0.000000    0.097465 ^ clkbuf_0_clk_i/A (sky130_fd_sc_hd__clkbuf_16)
     8    0.085313    0.155482    0.332710    0.430175 ^ clkbuf_0_clk_i/X (sky130_fd_sc_hd__clkbuf_16)
                                                         clknet_0_clk_i (net)
                      0.155483    0.000940    0.431115 ^ clkbuf_3_6__f_clk_i/A (sky130_fd_sc_hd__clkbuf_16)
     7    0.024938    0.073643    0.267846    0.698961 ^ clkbuf_3_6__f_clk_i/X (sky130_fd_sc_hd__clkbuf_16)
                                                         clknet_3_6__leaf_clk_i (net)
                      0.073643    0.000218    0.699180 ^ _351_/CLK (sky130_fd_sc_hd__dfrtp_1)
                                  0.250000    0.949180   clock uncertainty
                                  0.000000    0.949180   clock reconvergence pessimism
                                  0.711346    1.660526   library removal time
                                              1.660526   data required time
---------------------------------------------------------------------------------------------
                                              1.660526   data required time
                                           -626.534363   data arrival time
---------------------------------------------------------------------------------------------
                                            624.873840   slack (MET)


Startpoint: rst_i (input port clocked by clk_i)
Endpoint: _376_ (removal check against rising-edge clock clk_i)
Path Group: asynchronous
Path Type: min

Fanout         Cap        Slew       Delay        Time   Description
---------------------------------------------------------------------------------------------
                                  0.000000    0.000000   clock clk_i (rise edge)
                                  0.000000    0.000000   clock network delay (propagated)
                                625.000000  625.000000 ^ input external delay
     1    0.002536    0.030516    0.014381  625.014404 ^ rst_i (in)
                                                         rst_i (net)
                      0.030516    0.000000  625.014404 ^ input2/A (sky130_fd_sc_hd__clkbuf_1)
     1    0.002690    0.070640    0.131081  625.145447 ^ input2/X (sky130_fd_sc_hd__clkbuf_1)
                                                         net2 (net)
                      0.070640    0.000057  625.145508 ^ fanout27/A (sky130_fd_sc_hd__dlymetal6s2s_1)
     5    0.026856    0.426509    0.417629  625.563171 ^ fanout27/X (sky130_fd_sc_hd__dlymetal6s2s_1)
                                                         net27 (net)
                      0.426509    0.000171  625.563293 ^ fanout26/A (sky130_fd_sc_hd__buf_2)
     8    0.035181    0.280068    0.499199  626.062500 ^ fanout26/X (sky130_fd_sc_hd__buf_2)
                                                         net26 (net)
                      0.280068    0.000398  626.062927 ^ fanout25/A (sky130_fd_sc_hd__clkbuf_4)
    10    0.048444    0.241824    0.469811  626.532715 ^ fanout25/X (sky130_fd_sc_hd__clkbuf_4)
                                                         net25 (net)
                      0.241829    0.001535  626.534241 ^ _376_/RESET_B (sky130_fd_sc_hd__dfrtp_1)
                                            626.534241   data arrival time

                                  0.000000    0.000000   clock clk_i (rise edge)
                                  0.000000    0.000000   clock source latency
     1    0.018999    0.142997    0.097465    0.097465 ^ clk_i (in)
                                                         clk_i (net)
                      0.143010    0.000000    0.097465 ^ clkbuf_0_clk_i/A (sky130_fd_sc_hd__clkbuf_16)
     8    0.085313    0.155482    0.332710    0.430175 ^ clkbuf_0_clk_i/X (sky130_fd_sc_hd__clkbuf_16)
                                                         clknet_0_clk_i (net)
                      0.155483    0.000940    0.431115 ^ clkbuf_3_6__f_clk_i/A (sky130_fd_sc_hd__clkbuf_16)
     7    0.024938    0.073643    0.267846    0.698961 ^ clkbuf_3_6__f_clk_i/X (sky130_fd_sc_hd__clkbuf_16)
                                                         clknet_3_6__leaf_clk_i (net)
                      0.073643    0.000078    0.699039 ^ _376_/CLK (sky130_fd_sc_hd__dfrtp_1)
                                  0.250000    0.949039   clock uncertainty
                                  0.000000    0.949039   clock reconvergence pessimism
                                  0.711346    1.660385   library removal time
                                              1.660385   data required time
---------------------------------------------------------------------------------------------
                                              1.660385   data required time
                                           -626.534241   data arrival time
---------------------------------------------------------------------------------------------
                                            624.873840   slack (MET)


Startpoint: rst_i (input port clocked by clk_i)
Endpoint: _380_ (removal check against rising-edge clock clk_i)
Path Group: asynchronous
Path Type: min

Fanout         Cap        Slew       Delay        Time   Description
---------------------------------------------------------------------------------------------
                                  0.000000    0.000000   clock clk_i (rise edge)
                                  0.000000    0.000000   clock network delay (propagated)
                                625.000000  625.000000 ^ input external delay
     1    0.002536    0.030516    0.014381  625.014404 ^ rst_i (in)
                                                         rst_i (net)
                      0.030516    0.000000  625.014404 ^ input2/A (sky130_fd_sc_hd__clkbuf_1)
     1    0.002690    0.070640    0.131081  625.145447 ^ input2/X (sky130_fd_sc_hd__clkbuf_1)
                                                         net2 (net)
                      0.070640    0.000057  625.145508 ^ fanout27/A (sky130_fd_sc_hd__dlymetal6s2s_1)
     5    0.026856    0.426509    0.417629  625.563171 ^ fanout27/X (sky130_fd_sc_hd__dlymetal6s2s_1)
                                                         net27 (net)
                      0.426509    0.000171  625.563293 ^ fanout26/A (sky130_fd_sc_hd__buf_2)
     8    0.035181    0.280068    0.499199  626.062500 ^ fanout26/X (sky130_fd_sc_hd__buf_2)
                                                         net26 (net)
                      0.280068    0.000227  626.062744 ^ fanout24/A (sky130_fd_sc_hd__clkbuf_4)
    10    0.047052    0.235790    0.465207  626.527954 ^ fanout24/X (sky130_fd_sc_hd__clkbuf_4)
                                                         net24 (net)
                      0.235801    0.001876  626.529846 ^ _380_/RESET_B (sky130_fd_sc_hd__dfrtp_1)
                                            626.529846   data arrival time

                                  0.000000    0.000000   clock clk_i (rise edge)
                                  0.000000    0.000000   clock source latency
     1    0.018999    0.142997    0.097465    0.097465 ^ clk_i (in)
                                                         clk_i (net)
                      0.143010    0.000000    0.097465 ^ clkbuf_0_clk_i/A (sky130_fd_sc_hd__clkbuf_16)
     8    0.085313    0.155482    0.332710    0.430175 ^ clkbuf_0_clk_i/X (sky130_fd_sc_hd__clkbuf_16)
                                                         clknet_0_clk_i (net)
                      0.155488    0.001265    0.431441 ^ clkbuf_3_4__f_clk_i/A (sky130_fd_sc_hd__clkbuf_16)
     7    0.023110    0.071328    0.265186    0.696626 ^ clkbuf_3_4__f_clk_i/X (sky130_fd_sc_hd__clkbuf_16)
                                                         clknet_3_4__leaf_clk_i (net)
                      0.071328    0.000272    0.696898 ^ _380_/CLK (sky130_fd_sc_hd__dfrtp_1)
                                  0.250000    0.946898   clock uncertainty
                                  0.000000    0.946898   clock reconvergence pessimism
                                  0.708797    1.655695   library removal time
                                              1.655695   data required time
---------------------------------------------------------------------------------------------
                                              1.655695   data required time
                                           -626.529846   data arrival time
---------------------------------------------------------------------------------------------
                                            624.874146   slack (MET)


Startpoint: rst_i (input port clocked by clk_i)
Endpoint: _381_ (removal check against rising-edge clock clk_i)
Path Group: asynchronous
Path Type: min

Fanout         Cap        Slew       Delay        Time   Description
---------------------------------------------------------------------------------------------
                                  0.000000    0.000000   clock clk_i (rise edge)
                                  0.000000    0.000000   clock network delay (propagated)
                                625.000000  625.000000 ^ input external delay
     1    0.002536    0.030516    0.014381  625.014404 ^ rst_i (in)
                                                         rst_i (net)
                      0.030516    0.000000  625.014404 ^ input2/A (sky130_fd_sc_hd__clkbuf_1)
     1    0.002690    0.070640    0.131081  625.145447 ^ input2/X (sky130_fd_sc_hd__clkbuf_1)
                                                         net2 (net)
                      0.070640    0.000057  625.145508 ^ fanout27/A (sky130_fd_sc_hd__dlymetal6s2s_1)
     5    0.026856    0.426509    0.417629  625.563171 ^ fanout27/X (sky130_fd_sc_hd__dlymetal6s2s_1)
                                                         net27 (net)
                      0.426509    0.000171  625.563293 ^ fanout26/A (sky130_fd_sc_hd__buf_2)
     8    0.035181    0.280068    0.499199  626.062500 ^ fanout26/X (sky130_fd_sc_hd__buf_2)
                                                         net26 (net)
                      0.280068    0.000227  626.062744 ^ fanout24/A (sky130_fd_sc_hd__clkbuf_4)
    10    0.047052    0.235790    0.465207  626.527954 ^ fanout24/X (sky130_fd_sc_hd__clkbuf_4)
                                                         net24 (net)
                      0.235802    0.001933  626.529907 ^ _381_/RESET_B (sky130_fd_sc_hd__dfrtp_1)
                                            626.529907   data arrival time

                                  0.000000    0.000000   clock clk_i (rise edge)
                                  0.000000    0.000000   clock source latency
     1    0.018999    0.142997    0.097465    0.097465 ^ clk_i (in)
                                                         clk_i (net)
                      0.143010    0.000000    0.097465 ^ clkbuf_0_clk_i/A (sky130_fd_sc_hd__clkbuf_16)
     8    0.085313    0.155482    0.332710    0.430175 ^ clkbuf_0_clk_i/X (sky130_fd_sc_hd__clkbuf_16)
                                                         clknet_0_clk_i (net)
                      0.155488    0.001265    0.431441 ^ clkbuf_3_4__f_clk_i/A (sky130_fd_sc_hd__clkbuf_16)
     7    0.023110    0.071328    0.265186    0.696626 ^ clkbuf_3_4__f_clk_i/X (sky130_fd_sc_hd__clkbuf_16)
                                                         clknet_3_4__leaf_clk_i (net)
                      0.071328    0.000464    0.697090 ^ _381_/CLK (sky130_fd_sc_hd__dfrtp_1)
                                  0.250000    0.947090   clock uncertainty
                                  0.000000    0.947090   clock reconvergence pessimism
                                  0.708797    1.655887   library removal time
                                              1.655887   data required time
---------------------------------------------------------------------------------------------
                                              1.655887   data required time
                                           -626.529907   data arrival time
---------------------------------------------------------------------------------------------
                                            624.873962   slack (MET)


Startpoint: _367_ (rising edge-triggered flip-flop clocked by clk_i)
Endpoint: num_to_send_o[0] (output port clocked by clk_i)
Path Group: clk_i
Path Type: min

Fanout         Cap        Slew       Delay        Time   Description
---------------------------------------------------------------------------------------------
                                  0.000000    0.000000   clock clk_i (rise edge)
                                  0.000000    0.000000   clock source latency
     1    0.018999    0.142997    0.097465    0.097465 ^ clk_i (in)
                                                         clk_i (net)
                      0.143010    0.000000    0.097465 ^ clkbuf_0_clk_i/A (sky130_fd_sc_hd__clkbuf_16)
     8    0.085313    0.155482    0.332710    0.430175 ^ clkbuf_0_clk_i/X (sky130_fd_sc_hd__clkbuf_16)
                                                         clknet_0_clk_i (net)
                      0.155527    0.002532    0.432708 ^ clkbuf_3_2__f_clk_i/A (sky130_fd_sc_hd__clkbuf_16)
     9    0.024041    0.072492    0.266515    0.699223 ^ clkbuf_3_2__f_clk_i/X (sky130_fd_sc_hd__clkbuf_16)
                                                         clknet_3_2__leaf_clk_i (net)
                      0.072498    0.000523    0.699746 ^ _367_/CLK (sky130_fd_sc_hd__dfrtp_1)
     3    0.011031    0.181918    0.728434    1.428179 ^ _367_/Q (sky130_fd_sc_hd__dfrtp_1)
                                                         net4 (net)
                      0.181918    0.000078    1.428257 ^ output4/A (sky130_fd_sc_hd__buf_2)
     1    0.034103    0.271035    0.395322    1.823579 ^ output4/X (sky130_fd_sc_hd__buf_2)
                                                         num_to_send_o[0] (net)
                      0.271035    0.000243    1.823822 ^ num_to_send_o[0] (out)
                                              1.823822   data arrival time

                                  0.000000    0.000000   clock clk_i (rise edge)
                                  0.000000    0.000000   clock network delay (propagated)
                                  0.250000    0.250000   clock uncertainty
                                  0.000000    0.250000   clock reconvergence pessimism
                               -625.000000 -624.750000   output external delay
                                           -624.750000   data required time
---------------------------------------------------------------------------------------------
                                           -624.750000   data required time
                                             -1.823822   data arrival time
---------------------------------------------------------------------------------------------
                                            626.573853   slack (MET)


Startpoint: _369_ (rising edge-triggered flip-flop clocked by clk_i)
Endpoint: num_to_send_o[2] (output port clocked by clk_i)
Path Group: clk_i
Path Type: min

Fanout         Cap        Slew       Delay        Time   Description
---------------------------------------------------------------------------------------------
                                  0.000000    0.000000   clock clk_i (rise edge)
                                  0.000000    0.000000   clock source latency
     1    0.018999    0.142997    0.097465    0.097465 ^ clk_i (in)
                                                         clk_i (net)
                      0.143010    0.000000    0.097465 ^ clkbuf_0_clk_i/A (sky130_fd_sc_hd__clkbuf_16)
     8    0.085313    0.155482    0.332710    0.430175 ^ clkbuf_0_clk_i/X (sky130_fd_sc_hd__clkbuf_16)
                                                         clknet_0_clk_i (net)
                      0.155509    0.002071    0.432246 ^ clkbuf_3_0__f_clk_i/A (sky130_fd_sc_hd__clkbuf_16)
    10    0.026272    0.075379    0.269719    0.701965 ^ clkbuf_3_0__f_clk_i/X (sky130_fd_sc_hd__clkbuf_16)
                                                         clknet_3_0__leaf_clk_i (net)
                      0.075380    0.000365    0.702330 ^ _369_/CLK (sky130_fd_sc_hd__dfrtp_1)
     4    0.011904    0.189435    0.738905    1.441235 ^ _369_/Q (sky130_fd_sc_hd__dfrtp_1)
                                                         net6 (net)
                      0.189435    0.000142    1.441377 ^ output6/A (sky130_fd_sc_hd__buf_2)
     1    0.034212    0.271860    0.399426    1.840804 ^ output6/X (sky130_fd_sc_hd__buf_2)
                                                         num_to_send_o[2] (net)
                      0.271860    0.000244    1.841048 ^ num_to_send_o[2] (out)
                                              1.841048   data arrival time

                                  0.000000    0.000000   clock clk_i (rise edge)
                                  0.000000    0.000000   clock network delay (propagated)
                                  0.250000    0.250000   clock uncertainty
                                  0.000000    0.250000   clock reconvergence pessimism
                               -625.000000 -624.750000   output external delay
                                           -624.750000   data required time
---------------------------------------------------------------------------------------------
                                           -624.750000   data required time
                                             -1.841048   data arrival time
---------------------------------------------------------------------------------------------
                                            626.591064   slack (MET)


Startpoint: _368_ (rising edge-triggered flip-flop clocked by clk_i)
Endpoint: num_to_send_o[1] (output port clocked by clk_i)
Path Group: clk_i
Path Type: min

Fanout         Cap        Slew       Delay        Time   Description
---------------------------------------------------------------------------------------------
                                  0.000000    0.000000   clock clk_i (rise edge)
                                  0.000000    0.000000   clock source latency
     1    0.018999    0.142997    0.097465    0.097465 ^ clk_i (in)
                                                         clk_i (net)
                      0.143010    0.000000    0.097465 ^ clkbuf_0_clk_i/A (sky130_fd_sc_hd__clkbuf_16)
     8    0.085313    0.155482    0.332710    0.430175 ^ clkbuf_0_clk_i/X (sky130_fd_sc_hd__clkbuf_16)
                                                         clknet_0_clk_i (net)
                      0.155509    0.002071    0.432246 ^ clkbuf_3_0__f_clk_i/A (sky130_fd_sc_hd__clkbuf_16)
    10    0.026272    0.075379    0.269719    0.701965 ^ clkbuf_3_0__f_clk_i/X (sky130_fd_sc_hd__clkbuf_16)
                                                         clknet_3_0__leaf_clk_i (net)
                      0.075379    0.000191    0.702156 ^ _368_/CLK (sky130_fd_sc_hd__dfrtp_1)
     5    0.014000    0.212591    0.760707    1.462863 ^ _368_/Q (sky130_fd_sc_hd__dfrtp_1)
                                                         net5 (net)
                      0.212591    0.000038    1.462901 ^ output5/A (sky130_fd_sc_hd__buf_2)
     1    0.034040    0.270626    0.409376    1.872277 ^ output5/X (sky130_fd_sc_hd__buf_2)
                                                         num_to_send_o[1] (net)
                      0.270626    0.000242    1.872520 ^ num_to_send_o[1] (out)
                                              1.872520   data arrival time

                                  0.000000    0.000000   clock clk_i (rise edge)
                                  0.000000    0.000000   clock network delay (propagated)
                                  0.250000    0.250000   clock uncertainty
                                  0.000000    0.250000   clock reconvergence pessimism
                               -625.000000 -624.750000   output external delay
                                           -624.750000   data required time
---------------------------------------------------------------------------------------------
                                           -624.750000   data required time
                                             -1.872520   data arrival time
---------------------------------------------------------------------------------------------
                                            626.622559   slack (MET)



