
===========================================================================
report_checks -path_delay min (Hold)
============================================================================
======================= max_ff_n40C_1v95 Corner ===================================

Startpoint: _368_ (rising edge-triggered flip-flop clocked by clk_i)
Endpoint: _364_ (rising edge-triggered flip-flop clocked by clk_i)
Path Group: clk_i
Path Type: min

Fanout         Cap        Slew       Delay        Time   Description
---------------------------------------------------------------------------------------------
                                  0.000000    0.000000   clock clk_i (rise edge)
                                  0.000000    0.000000   clock source latency
     1    0.020654    0.073648    0.051282    0.051282 ^ clk_i (in)
                                                         clk_i (net)
                      0.073738    0.000000    0.051282 ^ clkbuf_0_clk_i/A (sky130_fd_sc_hd__clkbuf_16)
     8    0.090655    0.082774    0.133017    0.184299 ^ clkbuf_0_clk_i/X (sky130_fd_sc_hd__clkbuf_16)
                                                         clknet_0_clk_i (net)
                      0.083915    0.007701    0.192000 ^ clkbuf_3_0__f_clk_i/A (sky130_fd_sc_hd__clkbuf_16)
    10    0.029685    0.038498    0.105014    0.297014 ^ clkbuf_3_0__f_clk_i/X (sky130_fd_sc_hd__clkbuf_16)
                                                         clknet_3_0__leaf_clk_i (net)
                      0.038561    0.001359    0.298373 ^ _368_/CLK (sky130_fd_sc_hd__dfrtp_1)
     5    0.015378    0.107871    0.258627    0.557000 ^ _368_/Q (sky130_fd_sc_hd__dfrtp_1)
                                                         net5 (net)
                      0.107875    0.000786    0.557786 ^ _305_/A1 (sky130_fd_sc_hd__mux2_1)
     1    0.002446    0.026686    0.088797    0.646583 ^ _305_/X (sky130_fd_sc_hd__mux2_1)
                                                         _031_ (net)
                      0.026688    0.000176    0.646759 ^ _364_/D (sky130_fd_sc_hd__dfrtp_1)
                                              0.646759   data arrival time

                                  0.000000    0.000000   clock clk_i (rise edge)
                                  0.000000    0.000000   clock source latency
     1    0.020654    0.073648    0.051282    0.051282 ^ clk_i (in)
                                                         clk_i (net)
                      0.073738    0.000000    0.051282 ^ clkbuf_0_clk_i/A (sky130_fd_sc_hd__clkbuf_16)
     8    0.090655    0.082774    0.133017    0.184299 ^ clkbuf_0_clk_i/X (sky130_fd_sc_hd__clkbuf_16)
                                                         clknet_0_clk_i (net)
                      0.084278    0.008832    0.193132 ^ clkbuf_3_2__f_clk_i/A (sky130_fd_sc_hd__clkbuf_16)
     9    0.027325    0.036815    0.103441    0.296573 ^ clkbuf_3_2__f_clk_i/X (sky130_fd_sc_hd__clkbuf_16)
                                                         clknet_3_2__leaf_clk_i (net)
                      0.037082    0.002260    0.298833 ^ _364_/CLK (sky130_fd_sc_hd__dfrtp_1)
                                  0.250000    0.548833   clock uncertainty
                                  0.000000    0.548833   clock reconvergence pessimism
                                 -0.019305    0.529528   library hold time
                                              0.529528   data required time
---------------------------------------------------------------------------------------------
                                              0.529528   data required time
                                             -0.646759   data arrival time
---------------------------------------------------------------------------------------------
                                              0.117231   slack (MET)


Startpoint: _342_ (rising edge-triggered flip-flop clocked by clk_i)
Endpoint: _342_ (rising edge-triggered flip-flop clocked by clk_i)
Path Group: clk_i
Path Type: min

Fanout         Cap        Slew       Delay        Time   Description
---------------------------------------------------------------------------------------------
                                  0.000000    0.000000   clock clk_i (rise edge)
                                  0.000000    0.000000   clock source latency
     1    0.020654    0.073648    0.051282    0.051282 ^ clk_i (in)
                                                         clk_i (net)
                      0.073738    0.000000    0.051282 ^ clkbuf_0_clk_i/A (sky130_fd_sc_hd__clkbuf_16)
     8    0.090655    0.082774    0.133017    0.184299 ^ clkbuf_0_clk_i/X (sky130_fd_sc_hd__clkbuf_16)
                                                         clknet_0_clk_i (net)
                      0.083269    0.005139    0.189438 ^ clkbuf_3_7__f_clk_i/A (sky130_fd_sc_hd__clkbuf_16)
     8    0.029344    0.038231    0.104709    0.294147 ^ clkbuf_3_7__f_clk_i/X (sky130_fd_sc_hd__clkbuf_16)
                                                         clknet_3_7__leaf_clk_i (net)
                      0.038306    0.001444    0.295591 ^ _342_/CLK (sky130_fd_sc_hd__dfrtp_1)
     4    0.015695    0.109901    0.259890    0.555480 ^ _342_/Q (sky130_fd_sc_hd__dfrtp_1)
                                                         rng_rd.mem[7][1] (net)
                      0.109902    0.000495    0.555976 ^ _284_/A0 (sky130_fd_sc_hd__mux2_1)
     1    0.002455    0.026932    0.087448    0.643423 ^ _284_/X (sky130_fd_sc_hd__mux2_1)
                                                         _010_ (net)
                      0.026932    0.000179    0.643602 ^ _342_/D (sky130_fd_sc_hd__dfrtp_1)
                                              0.643602   data arrival time

                                  0.000000    0.000000   clock clk_i (rise edge)
                                  0.000000    0.000000   clock source latency
     1    0.020654    0.073648    0.051282    0.051282 ^ clk_i (in)
                                                         clk_i (net)
                      0.073738    0.000000    0.051282 ^ clkbuf_0_clk_i/A (sky130_fd_sc_hd__clkbuf_16)
     8    0.090655    0.082774    0.133017    0.184299 ^ clkbuf_0_clk_i/X (sky130_fd_sc_hd__clkbuf_16)
                                                         clknet_0_clk_i (net)
                      0.083269    0.005139    0.189438 ^ clkbuf_3_7__f_clk_i/A (sky130_fd_sc_hd__clkbuf_16)
     8    0.029344    0.038231    0.104709    0.294147 ^ clkbuf_3_7__f_clk_i/X (sky130_fd_sc_hd__clkbuf_16)
                                                         clknet_3_7__leaf_clk_i (net)
                      0.038306    0.001444    0.295591 ^ _342_/CLK (sky130_fd_sc_hd__dfrtp_1)
                                  0.250000    0.545591   clock uncertainty
                                  0.000000    0.545591   clock reconvergence pessimism
                                 -0.019291    0.526300   library hold time
                                              0.526300   data required time
---------------------------------------------------------------------------------------------
                                              0.526300   data required time
                                             -0.643602   data arrival time
---------------------------------------------------------------------------------------------
                                              0.117303   slack (MET)


Startpoint: _342_ (rising edge-triggered flip-flop clocked by clk_i)
Endpoint: _383_ (rising edge-triggered flip-flop clocked by clk_i)
Path Group: clk_i
Path Type: min

Fanout         Cap        Slew       Delay        Time   Description
---------------------------------------------------------------------------------------------
                                  0.000000    0.000000   clock clk_i (rise edge)
                                  0.000000    0.000000   clock source latency
     1    0.020654    0.073648    0.051282    0.051282 ^ clk_i (in)
                                                         clk_i (net)
                      0.073738    0.000000    0.051282 ^ clkbuf_0_clk_i/A (sky130_fd_sc_hd__clkbuf_16)
     8    0.090655    0.082774    0.133017    0.184299 ^ clkbuf_0_clk_i/X (sky130_fd_sc_hd__clkbuf_16)
                                                         clknet_0_clk_i (net)
                      0.083269    0.005139    0.189438 ^ clkbuf_3_7__f_clk_i/A (sky130_fd_sc_hd__clkbuf_16)
     8    0.029344    0.038231    0.104709    0.294147 ^ clkbuf_3_7__f_clk_i/X (sky130_fd_sc_hd__clkbuf_16)
                                                         clknet_3_7__leaf_clk_i (net)
                      0.038306    0.001444    0.295591 ^ _342_/CLK (sky130_fd_sc_hd__dfrtp_1)
     4    0.015695    0.109901    0.259890    0.555480 ^ _342_/Q (sky130_fd_sc_hd__dfrtp_1)
                                                         rng_rd.mem[7][1] (net)
                      0.109904    0.000724    0.556204 ^ _323_/A1 (sky130_fd_sc_hd__mux2_1)
     1    0.002426    0.026565    0.089128    0.645332 ^ _323_/X (sky130_fd_sc_hd__mux2_1)
                                                         _049_ (net)
                      0.026568    0.000171    0.645503 ^ _383_/D (sky130_fd_sc_hd__dfrtp_1)
                                              0.645503   data arrival time

                                  0.000000    0.000000   clock clk_i (rise edge)
                                  0.000000    0.000000   clock source latency
     1    0.020654    0.073648    0.051282    0.051282 ^ clk_i (in)
                                                         clk_i (net)
                      0.073738    0.000000    0.051282 ^ clkbuf_0_clk_i/A (sky130_fd_sc_hd__clkbuf_16)
     8    0.090655    0.082774    0.133017    0.184299 ^ clkbuf_0_clk_i/X (sky130_fd_sc_hd__clkbuf_16)
                                                         clknet_0_clk_i (net)
                      0.083269    0.005139    0.189438 ^ clkbuf_3_7__f_clk_i/A (sky130_fd_sc_hd__clkbuf_16)
     8    0.029344    0.038231    0.104709    0.294147 ^ clkbuf_3_7__f_clk_i/X (sky130_fd_sc_hd__clkbuf_16)
                                                         clknet_3_7__leaf_clk_i (net)
                      0.038322    0.001580    0.295727 ^ _383_/CLK (sky130_fd_sc_hd__dfrtp_1)
                                  0.250000    0.545727   clock uncertainty
                                  0.000000    0.545727   clock reconvergence pessimism
                                 -0.019263    0.526464   library hold time
                                              0.526464   data required time
---------------------------------------------------------------------------------------------
                                              0.526464   data required time
                                             -0.645503   data arrival time
---------------------------------------------------------------------------------------------
                                              0.119039   slack (MET)


Startpoint: _353_ (rising edge-triggered flip-flop clocked by clk_i)
Endpoint: _350_ (rising edge-triggered flip-flop clocked by clk_i)
Path Group: clk_i
Path Type: min

Fanout         Cap        Slew       Delay        Time   Description
---------------------------------------------------------------------------------------------
                                  0.000000    0.000000   clock clk_i (rise edge)
                                  0.000000    0.000000   clock source latency
     1    0.020654    0.073648    0.051282    0.051282 ^ clk_i (in)
                                                         clk_i (net)
                      0.073738    0.000000    0.051282 ^ clkbuf_0_clk_i/A (sky130_fd_sc_hd__clkbuf_16)
     8    0.090655    0.082774    0.133017    0.184299 ^ clkbuf_0_clk_i/X (sky130_fd_sc_hd__clkbuf_16)
                                                         clknet_0_clk_i (net)
                      0.084292    0.008872    0.193172 ^ clkbuf_3_3__f_clk_i/A (sky130_fd_sc_hd__clkbuf_16)
     9    0.029992    0.038739    0.105269    0.298441 ^ clkbuf_3_3__f_clk_i/X (sky130_fd_sc_hd__clkbuf_16)
                                                         clknet_3_3__leaf_clk_i (net)
                      0.038822    0.001543    0.299984 ^ _353_/CLK (sky130_fd_sc_hd__dfrtp_1)
     4    0.015198    0.106780    0.257641    0.557625 ^ _353_/Q (sky130_fd_sc_hd__dfrtp_1)
                                                         rng_rd.mem[4][0] (net)
                      0.106787    0.000965    0.558591 ^ _292_/A1 (sky130_fd_sc_hd__mux2_1)
     1    0.002510    0.027035    0.088898    0.647489 ^ _292_/X (sky130_fd_sc_hd__mux2_1)
                                                         _018_ (net)
                      0.027036    0.000175    0.647663 ^ _350_/D (sky130_fd_sc_hd__dfrtp_1)
                                              0.647663   data arrival time

                                  0.000000    0.000000   clock clk_i (rise edge)
                                  0.000000    0.000000   clock source latency
     1    0.020654    0.073648    0.051282    0.051282 ^ clk_i (in)
                                                         clk_i (net)
                      0.073738    0.000000    0.051282 ^ clkbuf_0_clk_i/A (sky130_fd_sc_hd__clkbuf_16)
     8    0.090655    0.082774    0.133017    0.184299 ^ clkbuf_0_clk_i/X (sky130_fd_sc_hd__clkbuf_16)
                                                         clknet_0_clk_i (net)
                      0.083258    0.005081    0.189380 ^ clkbuf_3_6__f_clk_i/A (sky130_fd_sc_hd__clkbuf_16)
     7    0.028104    0.037321    0.103939    0.293320 ^ clkbuf_3_6__f_clk_i/X (sky130_fd_sc_hd__clkbuf_16)
                                                         clknet_3_6__leaf_clk_i (net)
                      0.037389    0.001360    0.294680 ^ _350_/CLK (sky130_fd_sc_hd__dfrtp_1)
                                  0.250000    0.544680   clock uncertainty
                                  0.000000    0.544680   clock reconvergence pessimism
                                 -0.019323    0.525357   library hold time
                                              0.525357   data required time
---------------------------------------------------------------------------------------------
                                              0.525357   data required time
                                             -0.647663   data arrival time
---------------------------------------------------------------------------------------------
                                              0.122307   slack (MET)


Startpoint: _340_ (rising edge-triggered flip-flop clocked by clk_i)
Endpoint: _340_ (rising edge-triggered flip-flop clocked by clk_i)
Path Group: clk_i
Path Type: min

Fanout         Cap        Slew       Delay        Time   Description
---------------------------------------------------------------------------------------------
                                  0.000000    0.000000   clock clk_i (rise edge)
                                  0.000000    0.000000   clock source latency
     1    0.020654    0.073648    0.051282    0.051282 ^ clk_i (in)
                                                         clk_i (net)
                      0.073738    0.000000    0.051282 ^ clkbuf_0_clk_i/A (sky130_fd_sc_hd__clkbuf_16)
     8    0.090655    0.082774    0.133017    0.184299 ^ clkbuf_0_clk_i/X (sky130_fd_sc_hd__clkbuf_16)
                                                         clknet_0_clk_i (net)
                      0.083915    0.007701    0.192000 ^ clkbuf_3_0__f_clk_i/A (sky130_fd_sc_hd__clkbuf_16)
    10    0.029685    0.038498    0.105014    0.297014 ^ clkbuf_3_0__f_clk_i/X (sky130_fd_sc_hd__clkbuf_16)
                                                         clknet_3_0__leaf_clk_i (net)
                      0.038705    0.002022    0.299036 ^ _340_/CLK (sky130_fd_sc_hd__dfrtp_2)
     8    0.023758    0.093019    0.266154    0.565191 ^ _340_/Q (sky130_fd_sc_hd__dfrtp_2)
                                                         rng_dp.seed_sel_i[1] (net)
                      0.093035    0.001244    0.566434 ^ _250_/A (sky130_fd_sc_hd__nand2_1)
     3    0.009581    0.045678    0.059944    0.626378 v _250_/Y (sky130_fd_sc_hd__nand2_1)
                                                         _138_ (net)
                      0.045681    0.000294    0.626672 v _251_/B (sky130_fd_sc_hd__nand2_1)
     1    0.003089    0.034400    0.050165    0.676837 ^ _251_/Y (sky130_fd_sc_hd__nand2_1)
                                                         _002_ (net)
                      0.034401    0.000213    0.677050 ^ _340_/D (sky130_fd_sc_hd__dfrtp_2)
                                              0.677050   data arrival time

                                  0.000000    0.000000   clock clk_i (rise edge)
                                  0.000000    0.000000   clock source latency
     1    0.020654    0.073648    0.051282    0.051282 ^ clk_i (in)
                                                         clk_i (net)
                      0.073738    0.000000    0.051282 ^ clkbuf_0_clk_i/A (sky130_fd_sc_hd__clkbuf_16)
     8    0.090655    0.082774    0.133017    0.184299 ^ clkbuf_0_clk_i/X (sky130_fd_sc_hd__clkbuf_16)
                                                         clknet_0_clk_i (net)
                      0.083915    0.007701    0.192000 ^ clkbuf_3_0__f_clk_i/A (sky130_fd_sc_hd__clkbuf_16)
    10    0.029685    0.038498    0.105014    0.297014 ^ clkbuf_3_0__f_clk_i/X (sky130_fd_sc_hd__clkbuf_16)
                                                         clknet_3_0__leaf_clk_i (net)
                      0.038705    0.002022    0.299036 ^ _340_/CLK (sky130_fd_sc_hd__dfrtp_2)
                                  0.250000    0.549036   clock uncertainty
                                  0.000000    0.549036   clock reconvergence pessimism
                                 -0.019787    0.529249   library hold time
                                              0.529249   data required time
---------------------------------------------------------------------------------------------
                                              0.529249   data required time
                                             -0.677050   data arrival time
---------------------------------------------------------------------------------------------
                                              0.147801   slack (MET)


Startpoint: _387_ (rising edge-triggered flip-flop clocked by clk_i)
Endpoint: _387_ (rising edge-triggered flip-flop clocked by clk_i)
Path Group: clk_i
Path Type: min

Fanout         Cap        Slew       Delay        Time   Description
---------------------------------------------------------------------------------------------
                                  0.000000    0.000000   clock clk_i (rise edge)
                                  0.000000    0.000000   clock source latency
     1    0.020654    0.073648    0.051282    0.051282 ^ clk_i (in)
                                                         clk_i (net)
                      0.073738    0.000000    0.051282 ^ clkbuf_0_clk_i/A (sky130_fd_sc_hd__clkbuf_16)
     8    0.090655    0.082774    0.133017    0.184299 ^ clkbuf_0_clk_i/X (sky130_fd_sc_hd__clkbuf_16)
                                                         clknet_0_clk_i (net)
                      0.083406    0.005775    0.190074 ^ clkbuf_3_4__f_clk_i/A (sky130_fd_sc_hd__clkbuf_16)
     7    0.025559    0.035540    0.102048    0.292122 ^ clkbuf_3_4__f_clk_i/X (sky130_fd_sc_hd__clkbuf_16)
                                                         clknet_3_4__leaf_clk_i (net)
                      0.035812    0.002234    0.294356 ^ _387_/CLK (sky130_fd_sc_hd__dfrtp_4)
     8    0.029014    0.079029    0.287377    0.581733 ^ _387_/Q (sky130_fd_sc_hd__dfrtp_4)
                                                         rng_dp.inst.next_num_o[1] (net)
                      0.079049    0.001357    0.583090 ^ _327_/B1 (sky130_fd_sc_hd__a21oi_1)
     1    0.003475    0.027311    0.028267    0.611356 v _327_/Y (sky130_fd_sc_hd__a21oi_1)
                                                         _165_ (net)
                      0.027312    0.000222    0.611579 v _328_/B (sky130_fd_sc_hd__nor2_1)
     1    0.003874    0.065254    0.062898    0.674477 ^ _328_/Y (sky130_fd_sc_hd__nor2_1)
                                                         _052_ (net)
                      0.065255    0.000245    0.674721 ^ _387_/D (sky130_fd_sc_hd__dfrtp_4)
                                              0.674721   data arrival time

                                  0.000000    0.000000   clock clk_i (rise edge)
                                  0.000000    0.000000   clock source latency
     1    0.020654    0.073648    0.051282    0.051282 ^ clk_i (in)
                                                         clk_i (net)
                      0.073738    0.000000    0.051282 ^ clkbuf_0_clk_i/A (sky130_fd_sc_hd__clkbuf_16)
     8    0.090655    0.082774    0.133017    0.184299 ^ clkbuf_0_clk_i/X (sky130_fd_sc_hd__clkbuf_16)
                                                         clknet_0_clk_i (net)
                      0.083406    0.005775    0.190074 ^ clkbuf_3_4__f_clk_i/A (sky130_fd_sc_hd__clkbuf_16)
     7    0.025559    0.035540    0.102048    0.292122 ^ clkbuf_3_4__f_clk_i/X (sky130_fd_sc_hd__clkbuf_16)
                                                         clknet_3_4__leaf_clk_i (net)
                      0.035812    0.002234    0.294356 ^ _387_/CLK (sky130_fd_sc_hd__dfrtp_4)
                                  0.250000    0.544356   clock uncertainty
                                  0.000000    0.544356   clock reconvergence pessimism
                                 -0.022253    0.522103   library hold time
                                              0.522103   data required time
---------------------------------------------------------------------------------------------
                                              0.522103   data required time
                                             -0.674721   data arrival time
---------------------------------------------------------------------------------------------
                                              0.152618   slack (MET)


Startpoint: _336_ (rising edge-triggered flip-flop clocked by clk_i)
Endpoint: _336_ (rising edge-triggered flip-flop clocked by clk_i)
Path Group: clk_i
Path Type: min

Fanout         Cap        Slew       Delay        Time   Description
---------------------------------------------------------------------------------------------
                                  0.000000    0.000000   clock clk_i (rise edge)
                                  0.000000    0.000000   clock source latency
     1    0.020654    0.073648    0.051282    0.051282 ^ clk_i (in)
                                                         clk_i (net)
                      0.073738    0.000000    0.051282 ^ clkbuf_0_clk_i/A (sky130_fd_sc_hd__clkbuf_16)
     8    0.090655    0.082774    0.133017    0.184299 ^ clkbuf_0_clk_i/X (sky130_fd_sc_hd__clkbuf_16)
                                                         clknet_0_clk_i (net)
                      0.083488    0.006122    0.190422 ^ clkbuf_3_1__f_clk_i/A (sky130_fd_sc_hd__clkbuf_16)
     8    0.026845    0.036437    0.103179    0.293601 ^ clkbuf_3_1__f_clk_i/X (sky130_fd_sc_hd__clkbuf_16)
                                                         clknet_3_1__leaf_clk_i (net)
                      0.036494    0.001219    0.294820 ^ _336_/CLK (sky130_fd_sc_hd__dfrtp_4)
    10    0.053840    0.127241    0.324659    0.619480 ^ _336_/Q (sky130_fd_sc_hd__dfrtp_4)
                                                         num_i_bar[0] (net)
                      0.127281    0.002217    0.621697 ^ _268_/B2 (sky130_fd_sc_hd__o32a_1)
     1    0.002792    0.031648    0.067406    0.689102 ^ _268_/X (sky130_fd_sc_hd__o32a_1)
                                                         _006_ (net)
                      0.031649    0.000187    0.689289 ^ _336_/D (sky130_fd_sc_hd__dfrtp_4)
                                              0.689289   data arrival time

                                  0.000000    0.000000   clock clk_i (rise edge)
                                  0.000000    0.000000   clock source latency
     1    0.020654    0.073648    0.051282    0.051282 ^ clk_i (in)
                                                         clk_i (net)
                      0.073738    0.000000    0.051282 ^ clkbuf_0_clk_i/A (sky130_fd_sc_hd__clkbuf_16)
     8    0.090655    0.082774    0.133017    0.184299 ^ clkbuf_0_clk_i/X (sky130_fd_sc_hd__clkbuf_16)
                                                         clknet_0_clk_i (net)
                      0.083488    0.006122    0.190422 ^ clkbuf_3_1__f_clk_i/A (sky130_fd_sc_hd__clkbuf_16)
     8    0.026845    0.036437    0.103179    0.293601 ^ clkbuf_3_1__f_clk_i/X (sky130_fd_sc_hd__clkbuf_16)
                                                         clknet_3_1__leaf_clk_i (net)
                      0.036494    0.001219    0.294820 ^ _336_/CLK (sky130_fd_sc_hd__dfrtp_4)
                                  0.250000    0.544820   clock uncertainty
                                  0.000000    0.544820   clock reconvergence pessimism
                                 -0.019695    0.525125   library hold time
                                              0.525125   data required time
---------------------------------------------------------------------------------------------
                                              0.525125   data required time
                                             -0.689289   data arrival time
---------------------------------------------------------------------------------------------
                                              0.164164   slack (MET)


Startpoint: _386_ (rising edge-triggered flip-flop clocked by clk_i)
Endpoint: _386_ (rising edge-triggered flip-flop clocked by clk_i)
Path Group: clk_i
Path Type: min

Fanout         Cap        Slew       Delay        Time   Description
---------------------------------------------------------------------------------------------
                                  0.000000    0.000000   clock clk_i (rise edge)
                                  0.000000    0.000000   clock source latency
     1    0.020654    0.073648    0.051282    0.051282 ^ clk_i (in)
                                                         clk_i (net)
                      0.073738    0.000000    0.051282 ^ clkbuf_0_clk_i/A (sky130_fd_sc_hd__clkbuf_16)
     8    0.090655    0.082774    0.133017    0.184299 ^ clkbuf_0_clk_i/X (sky130_fd_sc_hd__clkbuf_16)
                                                         clknet_0_clk_i (net)
                      0.083488    0.006122    0.190422 ^ clkbuf_3_1__f_clk_i/A (sky130_fd_sc_hd__clkbuf_16)
     8    0.026845    0.036437    0.103179    0.293601 ^ clkbuf_3_1__f_clk_i/X (sky130_fd_sc_hd__clkbuf_16)
                                                         clknet_3_1__leaf_clk_i (net)
                      0.036512    0.001387    0.294988 ^ _386_/CLK (sky130_fd_sc_hd__dfrtp_4)
     8    0.027547    0.076228    0.285762    0.580750 ^ _386_/Q (sky130_fd_sc_hd__dfrtp_4)
                                                         rng_dp.inst.next_num_o[0] (net)
                      0.076343    0.002572    0.583322 ^ _173_/A (sky130_fd_sc_hd__inv_2)
     3    0.010261    0.029756    0.030376    0.613698 v _173_/Y (sky130_fd_sc_hd__inv_2)
                                                         _064_ (net)
                      0.029763    0.000362    0.614060 v _325_/A (sky130_fd_sc_hd__xnor2_1)
     1    0.002769    0.023539    0.075897    0.689957 v _325_/Y (sky130_fd_sc_hd__xnor2_1)
                                                         _051_ (net)
                      0.023539    0.000120    0.690076 v _386_/D (sky130_fd_sc_hd__dfrtp_4)
                                              0.690076   data arrival time

                                  0.000000    0.000000   clock clk_i (rise edge)
                                  0.000000    0.000000   clock source latency
     1    0.020654    0.073648    0.051282    0.051282 ^ clk_i (in)
                                                         clk_i (net)
                      0.073738    0.000000    0.051282 ^ clkbuf_0_clk_i/A (sky130_fd_sc_hd__clkbuf_16)
     8    0.090655    0.082774    0.133017    0.184299 ^ clkbuf_0_clk_i/X (sky130_fd_sc_hd__clkbuf_16)
                                                         clknet_0_clk_i (net)
                      0.083488    0.006122    0.190422 ^ clkbuf_3_1__f_clk_i/A (sky130_fd_sc_hd__clkbuf_16)
     8    0.026845    0.036437    0.103179    0.293601 ^ clkbuf_3_1__f_clk_i/X (sky130_fd_sc_hd__clkbuf_16)
                                                         clknet_3_1__leaf_clk_i (net)
                      0.036512    0.001387    0.294988 ^ _386_/CLK (sky130_fd_sc_hd__dfrtp_4)
                                  0.250000    0.544988   clock uncertainty
                                  0.000000    0.544988   clock reconvergence pessimism
                                 -0.025394    0.519594   library hold time
                                              0.519594   data required time
---------------------------------------------------------------------------------------------
                                              0.519594   data required time
                                             -0.690076   data arrival time
---------------------------------------------------------------------------------------------
                                              0.170482   slack (MET)


Startpoint: _388_ (rising edge-triggered flip-flop clocked by clk_i)
Endpoint: _388_ (rising edge-triggered flip-flop clocked by clk_i)
Path Group: clk_i
Path Type: min

Fanout         Cap        Slew       Delay        Time   Description
---------------------------------------------------------------------------------------------
                                  0.000000    0.000000   clock clk_i (rise edge)
                                  0.000000    0.000000   clock source latency
     1    0.020654    0.073648    0.051282    0.051282 ^ clk_i (in)
                                                         clk_i (net)
                      0.073738    0.000000    0.051282 ^ clkbuf_0_clk_i/A (sky130_fd_sc_hd__clkbuf_16)
     8    0.090655    0.082774    0.133017    0.184299 ^ clkbuf_0_clk_i/X (sky130_fd_sc_hd__clkbuf_16)
                                                         clknet_0_clk_i (net)
                      0.083406    0.005775    0.190074 ^ clkbuf_3_4__f_clk_i/A (sky130_fd_sc_hd__clkbuf_16)
     7    0.025559    0.035540    0.102048    0.292122 ^ clkbuf_3_4__f_clk_i/X (sky130_fd_sc_hd__clkbuf_16)
                                                         clknet_3_4__leaf_clk_i (net)
                      0.035809    0.002215    0.294338 ^ _388_/CLK (sky130_fd_sc_hd__dfrtp_2)
     6    0.024938    0.096965    0.267953    0.562291 ^ _388_/Q (sky130_fd_sc_hd__dfrtp_2)
                                                         rng_dp.inst.next_num_o[2] (net)
                      0.096993    0.001579    0.563869 ^ _174_/A (sky130_fd_sc_hd__inv_2)
     4    0.016177    0.041631    0.043307    0.607176 v _174_/Y (sky130_fd_sc_hd__inv_2)
                                                         _065_ (net)
                      0.041641    0.000507    0.607683 v _329_/A (sky130_fd_sc_hd__xnor2_1)
     1    0.003668    0.026884    0.084275    0.691958 v _329_/Y (sky130_fd_sc_hd__xnor2_1)
                                                         _053_ (net)
                      0.026885    0.000150    0.692108 v _388_/D (sky130_fd_sc_hd__dfrtp_2)
                                              0.692108   data arrival time

                                  0.000000    0.000000   clock clk_i (rise edge)
                                  0.000000    0.000000   clock source latency
     1    0.020654    0.073648    0.051282    0.051282 ^ clk_i (in)
                                                         clk_i (net)
                      0.073738    0.000000    0.051282 ^ clkbuf_0_clk_i/A (sky130_fd_sc_hd__clkbuf_16)
     8    0.090655    0.082774    0.133017    0.184299 ^ clkbuf_0_clk_i/X (sky130_fd_sc_hd__clkbuf_16)
                                                         clknet_0_clk_i (net)
                      0.083406    0.005775    0.190074 ^ clkbuf_3_4__f_clk_i/A (sky130_fd_sc_hd__clkbuf_16)
     7    0.025559    0.035540    0.102048    0.292122 ^ clkbuf_3_4__f_clk_i/X (sky130_fd_sc_hd__clkbuf_16)
                                                         clknet_3_4__leaf_clk_i (net)
                      0.035809    0.002215    0.294338 ^ _388_/CLK (sky130_fd_sc_hd__dfrtp_2)
                                  0.250000    0.544337   clock uncertainty
                                  0.000000    0.544337   clock reconvergence pessimism
                                 -0.027659    0.516678   library hold time
                                              0.516678   data required time
---------------------------------------------------------------------------------------------
                                              0.516678   data required time
                                             -0.692108   data arrival time
---------------------------------------------------------------------------------------------
                                              0.175429   slack (MET)


Startpoint: _336_ (rising edge-triggered flip-flop clocked by clk_i)
Endpoint: _367_ (rising edge-triggered flip-flop clocked by clk_i)
Path Group: clk_i
Path Type: min

Fanout         Cap        Slew       Delay        Time   Description
---------------------------------------------------------------------------------------------
                                  0.000000    0.000000   clock clk_i (rise edge)
                                  0.000000    0.000000   clock source latency
     1    0.020654    0.073648    0.051282    0.051282 ^ clk_i (in)
                                                         clk_i (net)
                      0.073738    0.000000    0.051282 ^ clkbuf_0_clk_i/A (sky130_fd_sc_hd__clkbuf_16)
     8    0.090655    0.082774    0.133017    0.184299 ^ clkbuf_0_clk_i/X (sky130_fd_sc_hd__clkbuf_16)
                                                         clknet_0_clk_i (net)
                      0.083488    0.006122    0.190422 ^ clkbuf_3_1__f_clk_i/A (sky130_fd_sc_hd__clkbuf_16)
     8    0.026845    0.036437    0.103179    0.293601 ^ clkbuf_3_1__f_clk_i/X (sky130_fd_sc_hd__clkbuf_16)
                                                         clknet_3_1__leaf_clk_i (net)
                      0.036494    0.001219    0.294820 ^ _336_/CLK (sky130_fd_sc_hd__dfrtp_4)
    10    0.053840    0.127241    0.324659    0.619480 ^ _336_/Q (sky130_fd_sc_hd__dfrtp_4)
                                                         num_i_bar[0] (net)
                      0.127487    0.004896    0.624376 ^ _307_/A1 (sky130_fd_sc_hd__mux2_1)
     1    0.002599    0.027698    0.093124    0.717500 ^ _307_/X (sky130_fd_sc_hd__mux2_1)
                                                         _033_ (net)
                      0.027699    0.000177    0.717676 ^ _367_/D (sky130_fd_sc_hd__dfrtp_1)
                                              0.717676   data arrival time

                                  0.000000    0.000000   clock clk_i (rise edge)
                                  0.000000    0.000000   clock source latency
     1    0.020654    0.073648    0.051282    0.051282 ^ clk_i (in)
                                                         clk_i (net)
                      0.073738    0.000000    0.051282 ^ clkbuf_0_clk_i/A (sky130_fd_sc_hd__clkbuf_16)
     8    0.090655    0.082774    0.133017    0.184299 ^ clkbuf_0_clk_i/X (sky130_fd_sc_hd__clkbuf_16)
                                                         clknet_0_clk_i (net)
                      0.084278    0.008832    0.193132 ^ clkbuf_3_2__f_clk_i/A (sky130_fd_sc_hd__clkbuf_16)
     9    0.027325    0.036815    0.103441    0.296573 ^ clkbuf_3_2__f_clk_i/X (sky130_fd_sc_hd__clkbuf_16)
                                                         clknet_3_2__leaf_clk_i (net)
                      0.037068    0.002181    0.298754 ^ _367_/CLK (sky130_fd_sc_hd__dfrtp_1)
                                  0.250000    0.548754   clock uncertainty
                                  0.000000    0.548754   clock reconvergence pessimism
                                 -0.019382    0.529372   library hold time
                                              0.529372   data required time
---------------------------------------------------------------------------------------------
                                              0.529372   data required time
                                             -0.717676   data arrival time
---------------------------------------------------------------------------------------------
                                              0.188304   slack (MET)


Startpoint: _338_ (rising edge-triggered flip-flop clocked by clk_i)
Endpoint: _369_ (rising edge-triggered flip-flop clocked by clk_i)
Path Group: clk_i
Path Type: min

Fanout         Cap        Slew       Delay        Time   Description
---------------------------------------------------------------------------------------------
                                  0.000000    0.000000   clock clk_i (rise edge)
                                  0.000000    0.000000   clock source latency
     1    0.020654    0.073648    0.051282    0.051282 ^ clk_i (in)
                                                         clk_i (net)
                      0.073738    0.000000    0.051282 ^ clkbuf_0_clk_i/A (sky130_fd_sc_hd__clkbuf_16)
     8    0.090655    0.082774    0.133017    0.184299 ^ clkbuf_0_clk_i/X (sky130_fd_sc_hd__clkbuf_16)
                                                         clknet_0_clk_i (net)
                      0.083915    0.007701    0.192000 ^ clkbuf_3_0__f_clk_i/A (sky130_fd_sc_hd__clkbuf_16)
    10    0.029685    0.038498    0.105014    0.297014 ^ clkbuf_3_0__f_clk_i/X (sky130_fd_sc_hd__clkbuf_16)
                                                         clknet_3_0__leaf_clk_i (net)
                      0.038697    0.001978    0.298992 ^ _338_/CLK (sky130_fd_sc_hd__dfrtp_1)
     1    0.002120    0.027994    0.194998    0.493990 ^ _338_/Q (sky130_fd_sc_hd__dfrtp_1)
                                                         num_i_bar[2] (net)
                      0.027994    0.000098    0.494088 ^ fanout17/A (sky130_fd_sc_hd__buf_2)
     8    0.041243    0.153285    0.151983    0.646071 ^ fanout17/X (sky130_fd_sc_hd__buf_2)
                                                         net17 (net)
                      0.153328    0.002132    0.648203 ^ _309_/A1 (sky130_fd_sc_hd__mux2_1)
     1    0.002844    0.028933    0.096438    0.744641 ^ _309_/X (sky130_fd_sc_hd__mux2_1)
                                                         _035_ (net)
                      0.028934    0.000189    0.744830 ^ _369_/D (sky130_fd_sc_hd__dfrtp_1)
                                              0.744830   data arrival time

                                  0.000000    0.000000   clock clk_i (rise edge)
                                  0.000000    0.000000   clock source latency
     1    0.020654    0.073648    0.051282    0.051282 ^ clk_i (in)
                                                         clk_i (net)
                      0.073738    0.000000    0.051282 ^ clkbuf_0_clk_i/A (sky130_fd_sc_hd__clkbuf_16)
     8    0.090655    0.082774    0.133017    0.184299 ^ clkbuf_0_clk_i/X (sky130_fd_sc_hd__clkbuf_16)
                                                         clknet_0_clk_i (net)
                      0.083915    0.007701    0.192000 ^ clkbuf_3_0__f_clk_i/A (sky130_fd_sc_hd__clkbuf_16)
    10    0.029685    0.038498    0.105014    0.297014 ^ clkbuf_3_0__f_clk_i/X (sky130_fd_sc_hd__clkbuf_16)
                                                         clknet_3_0__leaf_clk_i (net)
                      0.038694    0.001958    0.298973 ^ _369_/CLK (sky130_fd_sc_hd__dfrtp_1)
                                  0.250000    0.548973   clock uncertainty
                                  0.000000    0.548973   clock reconvergence pessimism
                                 -0.019432    0.529541   library hold time
                                              0.529541   data required time
---------------------------------------------------------------------------------------------
                                              0.529541   data required time
                                             -0.744830   data arrival time
---------------------------------------------------------------------------------------------
                                              0.215289   slack (MET)


Startpoint: _338_ (rising edge-triggered flip-flop clocked by clk_i)
Endpoint: _338_ (rising edge-triggered flip-flop clocked by clk_i)
Path Group: clk_i
Path Type: min

Fanout         Cap        Slew       Delay        Time   Description
---------------------------------------------------------------------------------------------
                                  0.000000    0.000000   clock clk_i (rise edge)
                                  0.000000    0.000000   clock source latency
     1    0.020654    0.073648    0.051282    0.051282 ^ clk_i (in)
                                                         clk_i (net)
                      0.073738    0.000000    0.051282 ^ clkbuf_0_clk_i/A (sky130_fd_sc_hd__clkbuf_16)
     8    0.090655    0.082774    0.133017    0.184299 ^ clkbuf_0_clk_i/X (sky130_fd_sc_hd__clkbuf_16)
                                                         clknet_0_clk_i (net)
                      0.083915    0.007701    0.192000 ^ clkbuf_3_0__f_clk_i/A (sky130_fd_sc_hd__clkbuf_16)
    10    0.029685    0.038498    0.105014    0.297014 ^ clkbuf_3_0__f_clk_i/X (sky130_fd_sc_hd__clkbuf_16)
                                                         clknet_3_0__leaf_clk_i (net)
                      0.038697    0.001978    0.298992 ^ _338_/CLK (sky130_fd_sc_hd__dfrtp_1)
     1    0.002120    0.027994    0.194998    0.493990 ^ _338_/Q (sky130_fd_sc_hd__dfrtp_1)
                                                         num_i_bar[2] (net)
                      0.027994    0.000098    0.494088 ^ fanout17/A (sky130_fd_sc_hd__buf_2)
     8    0.041243    0.153285    0.151983    0.646071 ^ fanout17/X (sky130_fd_sc_hd__buf_2)
                                                         net17 (net)
                      0.153313    0.001727    0.647799 ^ _282_/B2 (sky130_fd_sc_hd__o2bb2a_1)
     1    0.002800    0.031659    0.097556    0.745354 ^ _282_/X (sky130_fd_sc_hd__o2bb2a_1)
                                                         _008_ (net)
                      0.031660    0.000205    0.745559 ^ _338_/D (sky130_fd_sc_hd__dfrtp_1)
                                              0.745559   data arrival time

                                  0.000000    0.000000   clock clk_i (rise edge)
                                  0.000000    0.000000   clock source latency
     1    0.020654    0.073648    0.051282    0.051282 ^ clk_i (in)
                                                         clk_i (net)
                      0.073738    0.000000    0.051282 ^ clkbuf_0_clk_i/A (sky130_fd_sc_hd__clkbuf_16)
     8    0.090655    0.082774    0.133017    0.184299 ^ clkbuf_0_clk_i/X (sky130_fd_sc_hd__clkbuf_16)
                                                         clknet_0_clk_i (net)
                      0.083915    0.007701    0.192000 ^ clkbuf_3_0__f_clk_i/A (sky130_fd_sc_hd__clkbuf_16)
    10    0.029685    0.038498    0.105014    0.297014 ^ clkbuf_3_0__f_clk_i/X (sky130_fd_sc_hd__clkbuf_16)
                                                         clknet_3_0__leaf_clk_i (net)
                      0.038697    0.001978    0.298992 ^ _338_/CLK (sky130_fd_sc_hd__dfrtp_1)
                                  0.250000    0.548992   clock uncertainty
                                  0.000000    0.548992   clock reconvergence pessimism
                                 -0.019638    0.529354   library hold time
                                              0.529354   data required time
---------------------------------------------------------------------------------------------
                                              0.529354   data required time
                                             -0.745559   data arrival time
---------------------------------------------------------------------------------------------
                                              0.216205   slack (MET)


Startpoint: _387_ (rising edge-triggered flip-flop clocked by clk_i)
Endpoint: _337_ (rising edge-triggered flip-flop clocked by clk_i)
Path Group: clk_i
Path Type: min

Fanout         Cap        Slew       Delay        Time   Description
---------------------------------------------------------------------------------------------
                                  0.000000    0.000000   clock clk_i (rise edge)
                                  0.000000    0.000000   clock source latency
     1    0.020654    0.073648    0.051282    0.051282 ^ clk_i (in)
                                                         clk_i (net)
                      0.073738    0.000000    0.051282 ^ clkbuf_0_clk_i/A (sky130_fd_sc_hd__clkbuf_16)
     8    0.090655    0.082774    0.133017    0.184299 ^ clkbuf_0_clk_i/X (sky130_fd_sc_hd__clkbuf_16)
                                                         clknet_0_clk_i (net)
                      0.083406    0.005775    0.190074 ^ clkbuf_3_4__f_clk_i/A (sky130_fd_sc_hd__clkbuf_16)
     7    0.025559    0.035540    0.102048    0.292122 ^ clkbuf_3_4__f_clk_i/X (sky130_fd_sc_hd__clkbuf_16)
                                                         clknet_3_4__leaf_clk_i (net)
                      0.035812    0.002234    0.294356 ^ _387_/CLK (sky130_fd_sc_hd__dfrtp_4)
     8    0.029014    0.079029    0.287377    0.581733 ^ _387_/Q (sky130_fd_sc_hd__dfrtp_4)
                                                         rng_dp.inst.next_num_o[1] (net)
                      0.079263    0.003686    0.585418 ^ _270_/A2 (sky130_fd_sc_hd__a22o_1)
     1    0.002858    0.029706    0.083235    0.668654 ^ _270_/X (sky130_fd_sc_hd__a22o_1)
                                                         _153_ (net)
                      0.029707    0.000175    0.668829 ^ _275_/A2_N (sky130_fd_sc_hd__o2bb2a_1)
     1    0.002649    0.024657    0.118178    0.787007 v _275_/X (sky130_fd_sc_hd__o2bb2a_1)
                                                         _007_ (net)
                      0.024657    0.000189    0.787197 v _337_/D (sky130_fd_sc_hd__dfrtp_1)
                                              0.787197   data arrival time

                                  0.000000    0.000000   clock clk_i (rise edge)
                                  0.000000    0.000000   clock source latency
     1    0.020654    0.073648    0.051282    0.051282 ^ clk_i (in)
                                                         clk_i (net)
                      0.073738    0.000000    0.051282 ^ clkbuf_0_clk_i/A (sky130_fd_sc_hd__clkbuf_16)
     8    0.090655    0.082774    0.133017    0.184299 ^ clkbuf_0_clk_i/X (sky130_fd_sc_hd__clkbuf_16)
                                                         clknet_0_clk_i (net)
                      0.083488    0.006122    0.190422 ^ clkbuf_3_1__f_clk_i/A (sky130_fd_sc_hd__clkbuf_16)
     8    0.026845    0.036437    0.103179    0.293601 ^ clkbuf_3_1__f_clk_i/X (sky130_fd_sc_hd__clkbuf_16)
                                                         clknet_3_1__leaf_clk_i (net)
                      0.036489    0.001176    0.294777 ^ _337_/CLK (sky130_fd_sc_hd__dfrtp_1)
                                  0.250000    0.544777   clock uncertainty
                                  0.000000    0.544777   clock reconvergence pessimism
                                 -0.029456    0.515321   library hold time
                                              0.515321   data required time
---------------------------------------------------------------------------------------------
                                              0.515321   data required time
                                             -0.787197   data arrival time
---------------------------------------------------------------------------------------------
                                              0.271876   slack (MET)


Startpoint: _337_ (rising edge-triggered flip-flop clocked by clk_i)
Endpoint: _368_ (rising edge-triggered flip-flop clocked by clk_i)
Path Group: clk_i
Path Type: min

Fanout         Cap        Slew       Delay        Time   Description
---------------------------------------------------------------------------------------------
                                  0.000000    0.000000   clock clk_i (rise edge)
                                  0.000000    0.000000   clock source latency
     1    0.020654    0.073648    0.051282    0.051282 ^ clk_i (in)
                                                         clk_i (net)
                      0.073738    0.000000    0.051282 ^ clkbuf_0_clk_i/A (sky130_fd_sc_hd__clkbuf_16)
     8    0.090655    0.082774    0.133017    0.184299 ^ clkbuf_0_clk_i/X (sky130_fd_sc_hd__clkbuf_16)
                                                         clknet_0_clk_i (net)
                      0.083488    0.006122    0.190422 ^ clkbuf_3_1__f_clk_i/A (sky130_fd_sc_hd__clkbuf_16)
     8    0.026845    0.036437    0.103179    0.293601 ^ clkbuf_3_1__f_clk_i/X (sky130_fd_sc_hd__clkbuf_16)
                                                         clknet_3_1__leaf_clk_i (net)
                      0.036489    0.001176    0.294777 ^ _337_/CLK (sky130_fd_sc_hd__dfrtp_1)
     2    0.008831    0.067447    0.227930    0.522707 ^ _337_/Q (sky130_fd_sc_hd__dfrtp_1)
                                                         num_i_bar[1] (net)
                      0.067449    0.000472    0.523179 ^ fanout18/A (sky130_fd_sc_hd__buf_2)
    10    0.048416    0.179051    0.178725    0.701904 ^ fanout18/X (sky130_fd_sc_hd__buf_2)
                                                         net18 (net)
                      0.179110    0.002718    0.704622 ^ _308_/A1 (sky130_fd_sc_hd__mux2_1)
     1    0.002562    0.027331    0.096946    0.801568 ^ _308_/X (sky130_fd_sc_hd__mux2_1)
                                                         _034_ (net)
                      0.027331    0.000117    0.801685 ^ _368_/D (sky130_fd_sc_hd__dfrtp_1)
                                              0.801685   data arrival time

                                  0.000000    0.000000   clock clk_i (rise edge)
                                  0.000000    0.000000   clock source latency
     1    0.020654    0.073648    0.051282    0.051282 ^ clk_i (in)
                                                         clk_i (net)
                      0.073738    0.000000    0.051282 ^ clkbuf_0_clk_i/A (sky130_fd_sc_hd__clkbuf_16)
     8    0.090655    0.082774    0.133017    0.184299 ^ clkbuf_0_clk_i/X (sky130_fd_sc_hd__clkbuf_16)
                                                         clknet_0_clk_i (net)
                      0.083915    0.007701    0.192000 ^ clkbuf_3_0__f_clk_i/A (sky130_fd_sc_hd__clkbuf_16)
    10    0.029685    0.038498    0.105014    0.297014 ^ clkbuf_3_0__f_clk_i/X (sky130_fd_sc_hd__clkbuf_16)
                                                         clknet_3_0__leaf_clk_i (net)
                      0.038561    0.001359    0.298373 ^ _368_/CLK (sky130_fd_sc_hd__dfrtp_1)
                                  0.250000    0.548373   clock uncertainty
                                  0.000000    0.548373   clock reconvergence pessimism
                                 -0.019314    0.529059   library hold time
                                              0.529059   data required time
---------------------------------------------------------------------------------------------
                                              0.529059   data required time
                                             -0.801685   data arrival time
---------------------------------------------------------------------------------------------
                                              0.272626   slack (MET)


Startpoint: _392_ (rising edge-triggered flip-flop clocked by clk_i)
Endpoint: _358_ (rising edge-triggered flip-flop clocked by clk_i)
Path Group: clk_i
Path Type: min

Fanout         Cap        Slew       Delay        Time   Description
---------------------------------------------------------------------------------------------
                                  0.000000    0.000000   clock clk_i (rise edge)
                                  0.000000    0.000000   clock source latency
     1    0.020654    0.073648    0.051282    0.051282 ^ clk_i (in)
                                                         clk_i (net)
                      0.073738    0.000000    0.051282 ^ clkbuf_0_clk_i/A (sky130_fd_sc_hd__clkbuf_16)
     8    0.090655    0.082774    0.133017    0.184299 ^ clkbuf_0_clk_i/X (sky130_fd_sc_hd__clkbuf_16)
                                                         clknet_0_clk_i (net)
                      0.083488    0.006122    0.190422 ^ clkbuf_3_1__f_clk_i/A (sky130_fd_sc_hd__clkbuf_16)
     8    0.026845    0.036437    0.103179    0.293601 ^ clkbuf_3_1__f_clk_i/X (sky130_fd_sc_hd__clkbuf_16)
                                                         clknet_3_1__leaf_clk_i (net)
                      0.036509    0.001357    0.294958 ^ _392_/CLK (sky130_fd_sc_hd__dfrtp_1)
     1    0.002988    0.032710    0.199279    0.494238 ^ _392_/Q (sky130_fd_sc_hd__dfrtp_1)
                                                         rng_rd.wr_pulse (net)
                      0.032710    0.000119    0.494357 ^ _252_/A (sky130_fd_sc_hd__and4_1)
     1    0.003840    0.042773    0.098863    0.593220 ^ _252_/X (sky130_fd_sc_hd__and4_1)
                                                         _139_ (net)
                      0.042773    0.000163    0.593383 ^ fanout12/A (sky130_fd_sc_hd__clkbuf_2)
     5    0.026845    0.115174    0.128491    0.721874 ^ fanout12/X (sky130_fd_sc_hd__clkbuf_2)
                                                         net12 (net)
                      0.115215    0.001772    0.723646 ^ _299_/S (sky130_fd_sc_hd__mux2_1)
     1    0.002937    0.029571    0.095703    0.819349 ^ _299_/X (sky130_fd_sc_hd__mux2_1)
                                                         _025_ (net)
                      0.029572    0.000215    0.819564 ^ _358_/D (sky130_fd_sc_hd__dfrtp_1)
                                              0.819564   data arrival time

                                  0.000000    0.000000   clock clk_i (rise edge)
                                  0.000000    0.000000   clock source latency
     1    0.020654    0.073648    0.051282    0.051282 ^ clk_i (in)
                                                         clk_i (net)
                      0.073738    0.000000    0.051282 ^ clkbuf_0_clk_i/A (sky130_fd_sc_hd__clkbuf_16)
     8    0.090655    0.082774    0.133017    0.184299 ^ clkbuf_0_clk_i/X (sky130_fd_sc_hd__clkbuf_16)
                                                         clknet_0_clk_i (net)
                      0.084292    0.008872    0.193172 ^ clkbuf_3_3__f_clk_i/A (sky130_fd_sc_hd__clkbuf_16)
     9    0.029992    0.038739    0.105269    0.298441 ^ clkbuf_3_3__f_clk_i/X (sky130_fd_sc_hd__clkbuf_16)
                                                         clknet_3_3__leaf_clk_i (net)
                      0.038941    0.002002    0.300443 ^ _358_/CLK (sky130_fd_sc_hd__dfrtp_1)
                                  0.250000    0.550443   clock uncertainty
                                  0.000000    0.550443   clock reconvergence pessimism
                                 -0.019474    0.530969   library hold time
                                              0.530969   data required time
---------------------------------------------------------------------------------------------
                                              0.530969   data required time
                                             -0.819564   data arrival time
---------------------------------------------------------------------------------------------
                                              0.288595   slack (MET)


Startpoint: _356_ (rising edge-triggered flip-flop clocked by clk_i)
Endpoint: _366_ (rising edge-triggered flip-flop clocked by clk_i)
Path Group: clk_i
Path Type: min

Fanout         Cap        Slew       Delay        Time   Description
---------------------------------------------------------------------------------------------
                                  0.000000    0.000000   clock clk_i (rise edge)
                                  0.000000    0.000000   clock source latency
     1    0.020654    0.073648    0.051282    0.051282 ^ clk_i (in)
                                                         clk_i (net)
                      0.073738    0.000000    0.051282 ^ clkbuf_0_clk_i/A (sky130_fd_sc_hd__clkbuf_16)
     8    0.090655    0.082774    0.133017    0.184299 ^ clkbuf_0_clk_i/X (sky130_fd_sc_hd__clkbuf_16)
                                                         clknet_0_clk_i (net)
                      0.083915    0.007701    0.192000 ^ clkbuf_3_0__f_clk_i/A (sky130_fd_sc_hd__clkbuf_16)
    10    0.029685    0.038498    0.105014    0.297014 ^ clkbuf_3_0__f_clk_i/X (sky130_fd_sc_hd__clkbuf_16)
                                                         clknet_3_0__leaf_clk_i (net)
                      0.038659    0.001727    0.298741 ^ _356_/CLK (sky130_fd_sc_hd__dfrtp_1)
     1    0.002666    0.030909    0.198070    0.496811 ^ _356_/Q (sky130_fd_sc_hd__dfrtp_1)
                                                         rng_rd.wr_ff1 (net)
                      0.030909    0.000173    0.496984 ^ hold1/A (sky130_fd_sc_hd__dlygate4sd3_1)
     1    0.002604    0.036082    0.369455    0.866439 ^ hold1/X (sky130_fd_sc_hd__dlygate4sd3_1)
                                                         net28 (net)
                      0.036082    0.000183    0.866623 ^ _366_/D (sky130_fd_sc_hd__dfrtp_1)
                                              0.866623   data arrival time

                                  0.000000    0.000000   clock clk_i (rise edge)
                                  0.000000    0.000000   clock source latency
     1    0.020654    0.073648    0.051282    0.051282 ^ clk_i (in)
                                                         clk_i (net)
                      0.073738    0.000000    0.051282 ^ clkbuf_0_clk_i/A (sky130_fd_sc_hd__clkbuf_16)
     8    0.090655    0.082774    0.133017    0.184299 ^ clkbuf_0_clk_i/X (sky130_fd_sc_hd__clkbuf_16)
                                                         clknet_0_clk_i (net)
                      0.083915    0.007701    0.192000 ^ clkbuf_3_0__f_clk_i/A (sky130_fd_sc_hd__clkbuf_16)
    10    0.029685    0.038498    0.105014    0.297014 ^ clkbuf_3_0__f_clk_i/X (sky130_fd_sc_hd__clkbuf_16)
                                                         clknet_3_0__leaf_clk_i (net)
                      0.038582    0.001546    0.298560 ^ _366_/CLK (sky130_fd_sc_hd__dfrtp_1)
                                  0.250000    0.548560   clock uncertainty
                                  0.000000    0.548560   clock reconvergence pessimism
                                 -0.019975    0.528585   library hold time
                                              0.528585   data required time
---------------------------------------------------------------------------------------------
                                              0.528585   data required time
                                             -0.866623   data arrival time
---------------------------------------------------------------------------------------------
                                              0.338038   slack (MET)


Startpoint: _366_ (rising edge-triggered flip-flop clocked by clk_i)
Endpoint: _385_ (rising edge-triggered flip-flop clocked by clk_i)
Path Group: clk_i
Path Type: min

Fanout         Cap        Slew       Delay        Time   Description
---------------------------------------------------------------------------------------------
                                  0.000000    0.000000   clock clk_i (rise edge)
                                  0.000000    0.000000   clock source latency
     1    0.020654    0.073648    0.051282    0.051282 ^ clk_i (in)
                                                         clk_i (net)
                      0.073738    0.000000    0.051282 ^ clkbuf_0_clk_i/A (sky130_fd_sc_hd__clkbuf_16)
     8    0.090655    0.082774    0.133017    0.184299 ^ clkbuf_0_clk_i/X (sky130_fd_sc_hd__clkbuf_16)
                                                         clknet_0_clk_i (net)
                      0.083915    0.007701    0.192000 ^ clkbuf_3_0__f_clk_i/A (sky130_fd_sc_hd__clkbuf_16)
    10    0.029685    0.038498    0.105014    0.297014 ^ clkbuf_3_0__f_clk_i/X (sky130_fd_sc_hd__clkbuf_16)
                                                         clknet_3_0__leaf_clk_i (net)
                      0.038582    0.001546    0.298560 ^ _366_/CLK (sky130_fd_sc_hd__dfrtp_1)
     1    0.002320    0.029054    0.196099    0.494659 ^ _366_/Q (sky130_fd_sc_hd__dfrtp_1)
                                                         rng_rd.wr_ff2 (net)
                      0.029054    0.000109    0.494768 ^ hold2/A (sky130_fd_sc_hd__dlygate4sd3_1)
     2    0.004754    0.050525    0.381819    0.876587 ^ hold2/X (sky130_fd_sc_hd__dlygate4sd3_1)
                                                         net29 (net)
                      0.050525    0.000234    0.876821 ^ _385_/D (sky130_fd_sc_hd__dfrtp_1)
                                              0.876821   data arrival time

                                  0.000000    0.000000   clock clk_i (rise edge)
                                  0.000000    0.000000   clock source latency
     1    0.020654    0.073648    0.051282    0.051282 ^ clk_i (in)
                                                         clk_i (net)
                      0.073738    0.000000    0.051282 ^ clkbuf_0_clk_i/A (sky130_fd_sc_hd__clkbuf_16)
     8    0.090655    0.082774    0.133017    0.184299 ^ clkbuf_0_clk_i/X (sky130_fd_sc_hd__clkbuf_16)
                                                         clknet_0_clk_i (net)
                      0.083488    0.006122    0.190422 ^ clkbuf_3_1__f_clk_i/A (sky130_fd_sc_hd__clkbuf_16)
     8    0.026845    0.036437    0.103179    0.293601 ^ clkbuf_3_1__f_clk_i/X (sky130_fd_sc_hd__clkbuf_16)
                                                         clknet_3_1__leaf_clk_i (net)
                      0.036499    0.001274    0.294875 ^ _385_/CLK (sky130_fd_sc_hd__dfrtp_1)
                                  0.250000    0.544875   clock uncertainty
                                  0.000000    0.544875   clock reconvergence pessimism
                                 -0.021121    0.523754   library hold time
                                              0.523754   data required time
---------------------------------------------------------------------------------------------
                                              0.523754   data required time
                                             -0.876821   data arrival time
---------------------------------------------------------------------------------------------
                                              0.353067   slack (MET)


Startpoint: _366_ (rising edge-triggered flip-flop clocked by clk_i)
Endpoint: _392_ (rising edge-triggered flip-flop clocked by clk_i)
Path Group: clk_i
Path Type: min

Fanout         Cap        Slew       Delay        Time   Description
---------------------------------------------------------------------------------------------
                                  0.000000    0.000000   clock clk_i (rise edge)
                                  0.000000    0.000000   clock source latency
     1    0.020654    0.073648    0.051282    0.051282 ^ clk_i (in)
                                                         clk_i (net)
                      0.073738    0.000000    0.051282 ^ clkbuf_0_clk_i/A (sky130_fd_sc_hd__clkbuf_16)
     8    0.090655    0.082774    0.133017    0.184299 ^ clkbuf_0_clk_i/X (sky130_fd_sc_hd__clkbuf_16)
                                                         clknet_0_clk_i (net)
                      0.083915    0.007701    0.192000 ^ clkbuf_3_0__f_clk_i/A (sky130_fd_sc_hd__clkbuf_16)
    10    0.029685    0.038498    0.105014    0.297014 ^ clkbuf_3_0__f_clk_i/X (sky130_fd_sc_hd__clkbuf_16)
                                                         clknet_3_0__leaf_clk_i (net)
                      0.038582    0.001546    0.298560 ^ _366_/CLK (sky130_fd_sc_hd__dfrtp_1)
     1    0.002320    0.029054    0.196099    0.494659 ^ _366_/Q (sky130_fd_sc_hd__dfrtp_1)
                                                         rng_rd.wr_ff2 (net)
                      0.029054    0.000109    0.494768 ^ hold2/A (sky130_fd_sc_hd__dlygate4sd3_1)
     2    0.004754    0.050525    0.381819    0.876587 ^ hold2/X (sky130_fd_sc_hd__dlygate4sd3_1)
                                                         net29 (net)
                      0.050525    0.000165    0.876752 ^ _248_/B (sky130_fd_sc_hd__and2b_1)
     1    0.004072    0.036801    0.080659    0.957410 ^ _248_/X (sky130_fd_sc_hd__and2b_1)
                                                         _000_ (net)
                      0.036802    0.000262    0.957672 ^ _392_/D (sky130_fd_sc_hd__dfrtp_1)
                                              0.957672   data arrival time

                                  0.000000    0.000000   clock clk_i (rise edge)
                                  0.000000    0.000000   clock source latency
     1    0.020654    0.073648    0.051282    0.051282 ^ clk_i (in)
                                                         clk_i (net)
                      0.073738    0.000000    0.051282 ^ clkbuf_0_clk_i/A (sky130_fd_sc_hd__clkbuf_16)
     8    0.090655    0.082774    0.133017    0.184299 ^ clkbuf_0_clk_i/X (sky130_fd_sc_hd__clkbuf_16)
                                                         clknet_0_clk_i (net)
                      0.083488    0.006122    0.190422 ^ clkbuf_3_1__f_clk_i/A (sky130_fd_sc_hd__clkbuf_16)
     8    0.026845    0.036437    0.103179    0.293601 ^ clkbuf_3_1__f_clk_i/X (sky130_fd_sc_hd__clkbuf_16)
                                                         clknet_3_1__leaf_clk_i (net)
                      0.036509    0.001357    0.294958 ^ _392_/CLK (sky130_fd_sc_hd__dfrtp_1)
                                  0.250000    0.544958   clock uncertainty
                                  0.000000    0.544958   clock reconvergence pessimism
                                 -0.020084    0.524874   library hold time
                                              0.524874   data required time
---------------------------------------------------------------------------------------------
                                              0.524874   data required time
                                             -0.957672   data arrival time
---------------------------------------------------------------------------------------------
                                              0.432798   slack (MET)


Startpoint: _339_ (rising edge-triggered flip-flop clocked by clk_i)
Endpoint: _339_ (rising edge-triggered flip-flop clocked by clk_i)
Path Group: clk_i
Path Type: min

Fanout         Cap        Slew       Delay        Time   Description
---------------------------------------------------------------------------------------------
                                  0.000000    0.000000   clock clk_i (rise edge)
                                  0.000000    0.000000   clock source latency
     1    0.020654    0.073648    0.051282    0.051282 ^ clk_i (in)
                                                         clk_i (net)
                      0.073738    0.000000    0.051282 ^ clkbuf_0_clk_i/A (sky130_fd_sc_hd__clkbuf_16)
     8    0.090655    0.082774    0.133017    0.184299 ^ clkbuf_0_clk_i/X (sky130_fd_sc_hd__clkbuf_16)
                                                         clknet_0_clk_i (net)
                      0.083915    0.007701    0.192000 ^ clkbuf_3_0__f_clk_i/A (sky130_fd_sc_hd__clkbuf_16)
    10    0.029685    0.038498    0.105014    0.297014 ^ clkbuf_3_0__f_clk_i/X (sky130_fd_sc_hd__clkbuf_16)
                                                         clknet_3_0__leaf_clk_i (net)
                      0.038707    0.002036    0.299050 ^ _339_/CLK (sky130_fd_sc_hd__dfrtp_2)
     7    0.019915    0.080163    0.256792    0.555842 ^ _339_/Q (sky130_fd_sc_hd__dfrtp_2)
                                                         rng_dp.seed_sel_i[0] (net)
                      0.080175    0.000983    0.556825 ^ hold4/A (sky130_fd_sc_hd__dlygate4sd3_1)
     1    0.004917    0.051571    0.392116    0.948941 ^ hold4/X (sky130_fd_sc_hd__dlygate4sd3_1)
                                                         net31 (net)
                      0.051571    0.000232    0.949173 ^ _176_/A (sky130_fd_sc_hd__inv_2)
     3    0.008119    0.021835    0.025092    0.974265 v _176_/Y (sky130_fd_sc_hd__inv_2)
                                                         _001_ (net)
                      0.021849    0.000440    0.974705 v _339_/D (sky130_fd_sc_hd__dfrtp_2)
                                              0.974705   data arrival time

                                  0.000000    0.000000   clock clk_i (rise edge)
                                  0.000000    0.000000   clock source latency
     1    0.020654    0.073648    0.051282    0.051282 ^ clk_i (in)
                                                         clk_i (net)
                      0.073738    0.000000    0.051282 ^ clkbuf_0_clk_i/A (sky130_fd_sc_hd__clkbuf_16)
     8    0.090655    0.082774    0.133017    0.184299 ^ clkbuf_0_clk_i/X (sky130_fd_sc_hd__clkbuf_16)
                                                         clknet_0_clk_i (net)
                      0.083915    0.007701    0.192000 ^ clkbuf_3_0__f_clk_i/A (sky130_fd_sc_hd__clkbuf_16)
    10    0.029685    0.038498    0.105014    0.297014 ^ clkbuf_3_0__f_clk_i/X (sky130_fd_sc_hd__clkbuf_16)
                                                         clknet_3_0__leaf_clk_i (net)
                      0.038707    0.002036    0.299050 ^ _339_/CLK (sky130_fd_sc_hd__dfrtp_2)
                                  0.250000    0.549050   clock uncertainty
                                  0.000000    0.549050   clock reconvergence pessimism
                                 -0.025754    0.523295   library hold time
                                              0.523295   data required time
---------------------------------------------------------------------------------------------
                                              0.523295   data required time
                                             -0.974705   data arrival time
---------------------------------------------------------------------------------------------
                                              0.451410   slack (MET)


Startpoint: _370_ (rising edge-triggered flip-flop clocked by clk_i)
Endpoint: _370_ (rising edge-triggered flip-flop clocked by clk_i)
Path Group: clk_i
Path Type: min

Fanout         Cap        Slew       Delay        Time   Description
---------------------------------------------------------------------------------------------
                                  0.000000    0.000000   clock clk_i (rise edge)
                                  0.000000    0.000000   clock source latency
     1    0.020654    0.073648    0.051282    0.051282 ^ clk_i (in)
                                                         clk_i (net)
                      0.073738    0.000000    0.051282 ^ clkbuf_0_clk_i/A (sky130_fd_sc_hd__clkbuf_16)
     8    0.090655    0.082774    0.133017    0.184299 ^ clkbuf_0_clk_i/X (sky130_fd_sc_hd__clkbuf_16)
                                                         clknet_0_clk_i (net)
                      0.084278    0.008832    0.193132 ^ clkbuf_3_2__f_clk_i/A (sky130_fd_sc_hd__clkbuf_16)
     9    0.027325    0.036815    0.103441    0.296573 ^ clkbuf_3_2__f_clk_i/X (sky130_fd_sc_hd__clkbuf_16)
                                                         clknet_3_2__leaf_clk_i (net)
                      0.037015    0.001875    0.298448 ^ _370_/CLK (sky130_fd_sc_hd__dfrtp_1)
     2    0.007660    0.060307    0.222495    0.520943 ^ _370_/Q (sky130_fd_sc_hd__dfrtp_1)
                                                         rng_rd.vld[0] (net)
                      0.060309    0.000422    0.521366 ^ hold5/A (sky130_fd_sc_hd__dlygate4sd3_1)
     2    0.005801    0.057545    0.393790    0.915155 ^ hold5/X (sky130_fd_sc_hd__dlygate4sd3_1)
                                                         net32 (net)
                      0.057545    0.000223    0.915378 ^ _310_/A (sky130_fd_sc_hd__or2_1)
     1    0.002838    0.029403    0.066486    0.981864 ^ _310_/X (sky130_fd_sc_hd__or2_1)
                                                         _036_ (net)
                      0.029405    0.000188    0.982053 ^ _370_/D (sky130_fd_sc_hd__dfrtp_1)
                                              0.982053   data arrival time

                                  0.000000    0.000000   clock clk_i (rise edge)
                                  0.000000    0.000000   clock source latency
     1    0.020654    0.073648    0.051282    0.051282 ^ clk_i (in)
                                                         clk_i (net)
                      0.073738    0.000000    0.051282 ^ clkbuf_0_clk_i/A (sky130_fd_sc_hd__clkbuf_16)
     8    0.090655    0.082774    0.133017    0.184299 ^ clkbuf_0_clk_i/X (sky130_fd_sc_hd__clkbuf_16)
                                                         clknet_0_clk_i (net)
                      0.084278    0.008832    0.193132 ^ clkbuf_3_2__f_clk_i/A (sky130_fd_sc_hd__clkbuf_16)
     9    0.027325    0.036815    0.103441    0.296573 ^ clkbuf_3_2__f_clk_i/X (sky130_fd_sc_hd__clkbuf_16)
                                                         clknet_3_2__leaf_clk_i (net)
                      0.037015    0.001875    0.298448 ^ _370_/CLK (sky130_fd_sc_hd__dfrtp_1)
                                  0.250000    0.548448   clock uncertainty
                                  0.000000    0.548448   clock reconvergence pessimism
                                 -0.019512    0.528937   library hold time
                                              0.528937   data required time
---------------------------------------------------------------------------------------------
                                              0.528937   data required time
                                             -0.982053   data arrival time
---------------------------------------------------------------------------------------------
                                              0.453116   slack (MET)


Startpoint: _334_ (rising edge-triggered flip-flop clocked by clk_i)
Endpoint: _334_ (rising edge-triggered flip-flop clocked by clk_i)
Path Group: clk_i
Path Type: min

Fanout         Cap        Slew       Delay        Time   Description
---------------------------------------------------------------------------------------------
                                  0.000000    0.000000   clock clk_i (rise edge)
                                  0.000000    0.000000   clock source latency
     1    0.020654    0.073648    0.051282    0.051282 ^ clk_i (in)
                                                         clk_i (net)
                      0.073738    0.000000    0.051282 ^ clkbuf_0_clk_i/A (sky130_fd_sc_hd__clkbuf_16)
     8    0.090655    0.082774    0.133017    0.184299 ^ clkbuf_0_clk_i/X (sky130_fd_sc_hd__clkbuf_16)
                                                         clknet_0_clk_i (net)
                      0.083488    0.006122    0.190422 ^ clkbuf_3_1__f_clk_i/A (sky130_fd_sc_hd__clkbuf_16)
     8    0.026845    0.036437    0.103179    0.293601 ^ clkbuf_3_1__f_clk_i/X (sky130_fd_sc_hd__clkbuf_16)
                                                         clknet_3_1__leaf_clk_i (net)
                      0.036500    0.001283    0.294884 ^ _334_/CLK (sky130_fd_sc_hd__dfrtp_1)
     3    0.008786    0.067154    0.227780    0.522663 ^ _334_/Q (sky130_fd_sc_hd__dfrtp_1)
                                                         rng_rd.mem[11][1] (net)
                      0.067155    0.000333    0.522997 ^ hold6/A (sky130_fd_sc_hd__dlygate4sd3_1)
     1    0.002977    0.038416    0.378825    0.901821 ^ hold6/X (sky130_fd_sc_hd__dlygate4sd3_1)
                                                         net33 (net)
                      0.038416    0.000194    0.902016 ^ _254_/A0 (sky130_fd_sc_hd__mux2_1)
     1    0.003521    0.032817    0.077085    0.979101 ^ _254_/X (sky130_fd_sc_hd__mux2_1)
                                                         _004_ (net)
                      0.032818    0.000221    0.979322 ^ _334_/D (sky130_fd_sc_hd__dfrtp_1)
                                              0.979322   data arrival time

                                  0.000000    0.000000   clock clk_i (rise edge)
                                  0.000000    0.000000   clock source latency
     1    0.020654    0.073648    0.051282    0.051282 ^ clk_i (in)
                                                         clk_i (net)
                      0.073738    0.000000    0.051282 ^ clkbuf_0_clk_i/A (sky130_fd_sc_hd__clkbuf_16)
     8    0.090655    0.082774    0.133017    0.184299 ^ clkbuf_0_clk_i/X (sky130_fd_sc_hd__clkbuf_16)
                                                         clknet_0_clk_i (net)
                      0.083488    0.006122    0.190422 ^ clkbuf_3_1__f_clk_i/A (sky130_fd_sc_hd__clkbuf_16)
     8    0.026845    0.036437    0.103179    0.293601 ^ clkbuf_3_1__f_clk_i/X (sky130_fd_sc_hd__clkbuf_16)
                                                         clknet_3_1__leaf_clk_i (net)
                      0.036500    0.001283    0.294884 ^ _334_/CLK (sky130_fd_sc_hd__dfrtp_1)
                                  0.250000    0.544884   clock uncertainty
                                  0.000000    0.544884   clock reconvergence pessimism
                                 -0.019783    0.525100   library hold time
                                              0.525100   data required time
---------------------------------------------------------------------------------------------
                                              0.525100   data required time
                                             -0.979322   data arrival time
---------------------------------------------------------------------------------------------
                                              0.454222   slack (MET)


Startpoint: _375_ (rising edge-triggered flip-flop clocked by clk_i)
Endpoint: _375_ (rising edge-triggered flip-flop clocked by clk_i)
Path Group: clk_i
Path Type: min

Fanout         Cap        Slew       Delay        Time   Description
---------------------------------------------------------------------------------------------
                                  0.000000    0.000000   clock clk_i (rise edge)
                                  0.000000    0.000000   clock source latency
     1    0.020654    0.073648    0.051282    0.051282 ^ clk_i (in)
                                                         clk_i (net)
                      0.073738    0.000000    0.051282 ^ clkbuf_0_clk_i/A (sky130_fd_sc_hd__clkbuf_16)
     8    0.090655    0.082774    0.133017    0.184299 ^ clkbuf_0_clk_i/X (sky130_fd_sc_hd__clkbuf_16)
                                                         clknet_0_clk_i (net)
                      0.084292    0.008872    0.193172 ^ clkbuf_3_3__f_clk_i/A (sky130_fd_sc_hd__clkbuf_16)
     9    0.029992    0.038739    0.105269    0.298441 ^ clkbuf_3_3__f_clk_i/X (sky130_fd_sc_hd__clkbuf_16)
                                                         clknet_3_3__leaf_clk_i (net)
                      0.038937    0.001978    0.300419 ^ _375_/CLK (sky130_fd_sc_hd__dfrtp_1)
     3    0.010832    0.079082    0.238136    0.538555 ^ _375_/Q (sky130_fd_sc_hd__dfrtp_1)
                                                         rng_rd.vld[5] (net)
                      0.079087    0.000745    0.539300 ^ hold24/A (sky130_fd_sc_hd__dlygate4sd3_1)
     1    0.001841    0.031835    0.373429    0.912728 ^ hold24/X (sky130_fd_sc_hd__dlygate4sd3_1)
                                                         net51 (net)
                      0.031835    0.000134    0.912862 ^ _315_/A0 (sky130_fd_sc_hd__mux2_1)
     1    0.003059    0.030170    0.072826    0.985688 ^ _315_/X (sky130_fd_sc_hd__mux2_1)
                                                         _041_ (net)
                      0.030171    0.000228    0.985917 ^ _375_/D (sky130_fd_sc_hd__dfrtp_1)
                                              0.985917   data arrival time

                                  0.000000    0.000000   clock clk_i (rise edge)
                                  0.000000    0.000000   clock source latency
     1    0.020654    0.073648    0.051282    0.051282 ^ clk_i (in)
                                                         clk_i (net)
                      0.073738    0.000000    0.051282 ^ clkbuf_0_clk_i/A (sky130_fd_sc_hd__clkbuf_16)
     8    0.090655    0.082774    0.133017    0.184299 ^ clkbuf_0_clk_i/X (sky130_fd_sc_hd__clkbuf_16)
                                                         clknet_0_clk_i (net)
                      0.084292    0.008872    0.193172 ^ clkbuf_3_3__f_clk_i/A (sky130_fd_sc_hd__clkbuf_16)
     9    0.029992    0.038739    0.105269    0.298441 ^ clkbuf_3_3__f_clk_i/X (sky130_fd_sc_hd__clkbuf_16)
                                                         clknet_3_3__leaf_clk_i (net)
                      0.038937    0.001978    0.300419 ^ _375_/CLK (sky130_fd_sc_hd__dfrtp_1)
                                  0.250000    0.550419   clock uncertainty
                                  0.000000    0.550419   clock reconvergence pessimism
                                 -0.019519    0.530900   library hold time
                                              0.530900   data required time
---------------------------------------------------------------------------------------------
                                              0.530900   data required time
                                             -0.985917   data arrival time
---------------------------------------------------------------------------------------------
                                              0.455017   slack (MET)


Startpoint: _373_ (rising edge-triggered flip-flop clocked by clk_i)
Endpoint: _374_ (rising edge-triggered flip-flop clocked by clk_i)
Path Group: clk_i
Path Type: min

Fanout         Cap        Slew       Delay        Time   Description
---------------------------------------------------------------------------------------------
                                  0.000000    0.000000   clock clk_i (rise edge)
                                  0.000000    0.000000   clock source latency
     1    0.020654    0.073648    0.051282    0.051282 ^ clk_i (in)
                                                         clk_i (net)
                      0.073738    0.000000    0.051282 ^ clkbuf_0_clk_i/A (sky130_fd_sc_hd__clkbuf_16)
     8    0.090655    0.082774    0.133017    0.184299 ^ clkbuf_0_clk_i/X (sky130_fd_sc_hd__clkbuf_16)
                                                         clknet_0_clk_i (net)
                      0.084278    0.008832    0.193132 ^ clkbuf_3_2__f_clk_i/A (sky130_fd_sc_hd__clkbuf_16)
     9    0.027325    0.036815    0.103441    0.296573 ^ clkbuf_3_2__f_clk_i/X (sky130_fd_sc_hd__clkbuf_16)
                                                         clknet_3_2__leaf_clk_i (net)
                      0.036931    0.001286    0.297859 ^ _373_/CLK (sky130_fd_sc_hd__dfrtp_1)
     2    0.006440    0.052925    0.216639    0.514499 ^ _373_/Q (sky130_fd_sc_hd__dfrtp_1)
                                                         rng_rd.vld[3] (net)
                      0.052926    0.000354    0.514853 ^ hold18/A (sky130_fd_sc_hd__dlygate4sd3_1)
     2    0.005766    0.057308    0.392422    0.907275 ^ hold18/X (sky130_fd_sc_hd__dlygate4sd3_1)
                                                         net45 (net)
                      0.057308    0.000236    0.907511 ^ _314_/A1 (sky130_fd_sc_hd__mux2_1)
     1    0.002683    0.028151    0.079168    0.986679 ^ _314_/X (sky130_fd_sc_hd__mux2_1)
                                                         _040_ (net)
                      0.028153    0.000200    0.986879 ^ _374_/D (sky130_fd_sc_hd__dfrtp_1)
                                              0.986879   data arrival time

                                  0.000000    0.000000   clock clk_i (rise edge)
                                  0.000000    0.000000   clock source latency
     1    0.020654    0.073648    0.051282    0.051282 ^ clk_i (in)
                                                         clk_i (net)
                      0.073738    0.000000    0.051282 ^ clkbuf_0_clk_i/A (sky130_fd_sc_hd__clkbuf_16)
     8    0.090655    0.082774    0.133017    0.184299 ^ clkbuf_0_clk_i/X (sky130_fd_sc_hd__clkbuf_16)
                                                         clknet_0_clk_i (net)
                      0.084292    0.008872    0.193172 ^ clkbuf_3_3__f_clk_i/A (sky130_fd_sc_hd__clkbuf_16)
     9    0.029992    0.038739    0.105269    0.298441 ^ clkbuf_3_3__f_clk_i/X (sky130_fd_sc_hd__clkbuf_16)
                                                         clknet_3_3__leaf_clk_i (net)
                      0.038941    0.002002    0.300443 ^ _374_/CLK (sky130_fd_sc_hd__dfrtp_1)
                                  0.250000    0.550443   clock uncertainty
                                  0.000000    0.550443   clock reconvergence pessimism
                                 -0.019366    0.531076   library hold time
                                              0.531076   data required time
---------------------------------------------------------------------------------------------
                                              0.531076   data required time
                                             -0.986879   data arrival time
---------------------------------------------------------------------------------------------
                                              0.455802   slack (MET)


Startpoint: _380_ (rising edge-triggered flip-flop clocked by clk_i)
Endpoint: _381_ (rising edge-triggered flip-flop clocked by clk_i)
Path Group: clk_i
Path Type: min

Fanout         Cap        Slew       Delay        Time   Description
---------------------------------------------------------------------------------------------
                                  0.000000    0.000000   clock clk_i (rise edge)
                                  0.000000    0.000000   clock source latency
     1    0.020654    0.073648    0.051282    0.051282 ^ clk_i (in)
                                                         clk_i (net)
                      0.073738    0.000000    0.051282 ^ clkbuf_0_clk_i/A (sky130_fd_sc_hd__clkbuf_16)
     8    0.090655    0.082774    0.133017    0.184299 ^ clkbuf_0_clk_i/X (sky130_fd_sc_hd__clkbuf_16)
                                                         clknet_0_clk_i (net)
                      0.083406    0.005775    0.190074 ^ clkbuf_3_4__f_clk_i/A (sky130_fd_sc_hd__clkbuf_16)
     7    0.025559    0.035540    0.102048    0.292122 ^ clkbuf_3_4__f_clk_i/X (sky130_fd_sc_hd__clkbuf_16)
                                                         clknet_3_4__leaf_clk_i (net)
                      0.035703    0.001559    0.293681 ^ _380_/CLK (sky130_fd_sc_hd__dfrtp_1)
     3    0.010645    0.077957    0.236438    0.530119 ^ _380_/Q (sky130_fd_sc_hd__dfrtp_1)
                                                         rng_rd.vld[10] (net)
                      0.077957    0.000352    0.530471 ^ _321_/A1 (sky130_fd_sc_hd__mux2_1)
     1    0.002485    0.026897    0.082618    0.613088 ^ _321_/X (sky130_fd_sc_hd__mux2_1)
                                                         _047_ (net)
                      0.026897    0.000102    0.613191 ^ hold8/A (sky130_fd_sc_hd__dlygate4sd3_1)
     1    0.002684    0.036552    0.369111    0.982301 ^ hold8/X (sky130_fd_sc_hd__dlygate4sd3_1)
                                                         net35 (net)
                      0.036552    0.000184    0.982485 ^ _381_/D (sky130_fd_sc_hd__dfrtp_1)
                                              0.982485   data arrival time

                                  0.000000    0.000000   clock clk_i (rise edge)
                                  0.000000    0.000000   clock source latency
     1    0.020654    0.073648    0.051282    0.051282 ^ clk_i (in)
                                                         clk_i (net)
                      0.073738    0.000000    0.051282 ^ clkbuf_0_clk_i/A (sky130_fd_sc_hd__clkbuf_16)
     8    0.090655    0.082774    0.133017    0.184299 ^ clkbuf_0_clk_i/X (sky130_fd_sc_hd__clkbuf_16)
                                                         clknet_0_clk_i (net)
                      0.083406    0.005775    0.190074 ^ clkbuf_3_4__f_clk_i/A (sky130_fd_sc_hd__clkbuf_16)
     7    0.025559    0.035540    0.102048    0.292122 ^ clkbuf_3_4__f_clk_i/X (sky130_fd_sc_hd__clkbuf_16)
                                                         clknet_3_4__leaf_clk_i (net)
                      0.035788    0.002095    0.294218 ^ _381_/CLK (sky130_fd_sc_hd__dfrtp_1)
                                  0.250000    0.544218   clock uncertainty
                                  0.000000    0.544218   clock reconvergence pessimism
                                 -0.020085    0.524133   library hold time
                                              0.524133   data required time
---------------------------------------------------------------------------------------------
                                              0.524133   data required time
                                             -0.982485   data arrival time
---------------------------------------------------------------------------------------------
                                              0.458352   slack (MET)


Startpoint: _372_ (rising edge-triggered flip-flop clocked by clk_i)
Endpoint: _372_ (rising edge-triggered flip-flop clocked by clk_i)
Path Group: clk_i
Path Type: min

Fanout         Cap        Slew       Delay        Time   Description
---------------------------------------------------------------------------------------------
                                  0.000000    0.000000   clock clk_i (rise edge)
                                  0.000000    0.000000   clock source latency
     1    0.020654    0.073648    0.051282    0.051282 ^ clk_i (in)
                                                         clk_i (net)
                      0.073738    0.000000    0.051282 ^ clkbuf_0_clk_i/A (sky130_fd_sc_hd__clkbuf_16)
     8    0.090655    0.082774    0.133017    0.184299 ^ clkbuf_0_clk_i/X (sky130_fd_sc_hd__clkbuf_16)
                                                         clknet_0_clk_i (net)
                      0.084278    0.008832    0.193132 ^ clkbuf_3_2__f_clk_i/A (sky130_fd_sc_hd__clkbuf_16)
     9    0.027325    0.036815    0.103441    0.296573 ^ clkbuf_3_2__f_clk_i/X (sky130_fd_sc_hd__clkbuf_16)
                                                         clknet_3_2__leaf_clk_i (net)
                      0.037000    0.001776    0.298349 ^ _372_/CLK (sky130_fd_sc_hd__dfrtp_1)
     3    0.010489    0.077107    0.236078    0.534428 ^ _372_/Q (sky130_fd_sc_hd__dfrtp_1)
                                                         rng_rd.vld[2] (net)
                      0.077108    0.000428    0.534856 ^ hold23/A (sky130_fd_sc_hd__dlygate4sd3_1)
     1    0.002824    0.037428    0.379413    0.914269 ^ hold23/X (sky130_fd_sc_hd__dlygate4sd3_1)
                                                         net50 (net)
                      0.037428    0.000188    0.914457 ^ _312_/A0 (sky130_fd_sc_hd__mux2_1)
     1    0.003012    0.029897    0.074162    0.988619 ^ _312_/X (sky130_fd_sc_hd__mux2_1)
                                                         _038_ (net)
                      0.029898    0.000197    0.988815 ^ _372_/D (sky130_fd_sc_hd__dfrtp_1)
                                              0.988815   data arrival time

                                  0.000000    0.000000   clock clk_i (rise edge)
                                  0.000000    0.000000   clock source latency
     1    0.020654    0.073648    0.051282    0.051282 ^ clk_i (in)
                                                         clk_i (net)
                      0.073738    0.000000    0.051282 ^ clkbuf_0_clk_i/A (sky130_fd_sc_hd__clkbuf_16)
     8    0.090655    0.082774    0.133017    0.184299 ^ clkbuf_0_clk_i/X (sky130_fd_sc_hd__clkbuf_16)
                                                         clknet_0_clk_i (net)
                      0.084278    0.008832    0.193132 ^ clkbuf_3_2__f_clk_i/A (sky130_fd_sc_hd__clkbuf_16)
     9    0.027325    0.036815    0.103441    0.296573 ^ clkbuf_3_2__f_clk_i/X (sky130_fd_sc_hd__clkbuf_16)
                                                         clknet_3_2__leaf_clk_i (net)
                      0.037000    0.001776    0.298349 ^ _372_/CLK (sky130_fd_sc_hd__dfrtp_1)
                                  0.250000    0.548349   clock uncertainty
                                  0.000000    0.548349   clock reconvergence pessimism
                                 -0.019550    0.528800   library hold time
                                              0.528800   data required time
---------------------------------------------------------------------------------------------
                                              0.528800   data required time
                                             -0.988815   data arrival time
---------------------------------------------------------------------------------------------
                                              0.460016   slack (MET)


Startpoint: _372_ (rising edge-triggered flip-flop clocked by clk_i)
Endpoint: _373_ (rising edge-triggered flip-flop clocked by clk_i)
Path Group: clk_i
Path Type: min

Fanout         Cap        Slew       Delay        Time   Description
---------------------------------------------------------------------------------------------
                                  0.000000    0.000000   clock clk_i (rise edge)
                                  0.000000    0.000000   clock source latency
     1    0.020654    0.073648    0.051282    0.051282 ^ clk_i (in)
                                                         clk_i (net)
                      0.073738    0.000000    0.051282 ^ clkbuf_0_clk_i/A (sky130_fd_sc_hd__clkbuf_16)
     8    0.090655    0.082774    0.133017    0.184299 ^ clkbuf_0_clk_i/X (sky130_fd_sc_hd__clkbuf_16)
                                                         clknet_0_clk_i (net)
                      0.084278    0.008832    0.193132 ^ clkbuf_3_2__f_clk_i/A (sky130_fd_sc_hd__clkbuf_16)
     9    0.027325    0.036815    0.103441    0.296573 ^ clkbuf_3_2__f_clk_i/X (sky130_fd_sc_hd__clkbuf_16)
                                                         clknet_3_2__leaf_clk_i (net)
                      0.037000    0.001776    0.298349 ^ _372_/CLK (sky130_fd_sc_hd__dfrtp_1)
     3    0.010489    0.077107    0.236078    0.534428 ^ _372_/Q (sky130_fd_sc_hd__dfrtp_1)
                                                         rng_rd.vld[2] (net)
                      0.077108    0.000474    0.534902 ^ _313_/A1 (sky130_fd_sc_hd__mux2_1)
     1    0.001969    0.024153    0.079761    0.614663 ^ _313_/X (sky130_fd_sc_hd__mux2_1)
                                                         _039_ (net)
                      0.024153    0.000090    0.614754 ^ hold19/A (sky130_fd_sc_hd__dlygate4sd3_1)
     1    0.003321    0.041146    0.372600    0.987354 ^ hold19/X (sky130_fd_sc_hd__dlygate4sd3_1)
                                                         net46 (net)
                      0.041146    0.000214    0.987568 ^ _373_/D (sky130_fd_sc_hd__dfrtp_1)
                                              0.987568   data arrival time

                                  0.000000    0.000000   clock clk_i (rise edge)
                                  0.000000    0.000000   clock source latency
     1    0.020654    0.073648    0.051282    0.051282 ^ clk_i (in)
                                                         clk_i (net)
                      0.073738    0.000000    0.051282 ^ clkbuf_0_clk_i/A (sky130_fd_sc_hd__clkbuf_16)
     8    0.090655    0.082774    0.133017    0.184299 ^ clkbuf_0_clk_i/X (sky130_fd_sc_hd__clkbuf_16)
                                                         clknet_0_clk_i (net)
                      0.084278    0.008832    0.193132 ^ clkbuf_3_2__f_clk_i/A (sky130_fd_sc_hd__clkbuf_16)
     9    0.027325    0.036815    0.103441    0.296573 ^ clkbuf_3_2__f_clk_i/X (sky130_fd_sc_hd__clkbuf_16)
                                                         clknet_3_2__leaf_clk_i (net)
                      0.036931    0.001286    0.297859 ^ _373_/CLK (sky130_fd_sc_hd__dfrtp_1)
                                  0.250000    0.547859   clock uncertainty
                                  0.000000    0.547859   clock reconvergence pessimism
                                 -0.020401    0.527458   library hold time
                                              0.527458   data required time
---------------------------------------------------------------------------------------------
                                              0.527458   data required time
                                             -0.987568   data arrival time
---------------------------------------------------------------------------------------------
                                              0.460110   slack (MET)


Startpoint: _364_ (rising edge-triggered flip-flop clocked by clk_i)
Endpoint: _361_ (rising edge-triggered flip-flop clocked by clk_i)
Path Group: clk_i
Path Type: min

Fanout         Cap        Slew       Delay        Time   Description
---------------------------------------------------------------------------------------------
                                  0.000000    0.000000   clock clk_i (rise edge)
                                  0.000000    0.000000   clock source latency
     1    0.020654    0.073648    0.051282    0.051282 ^ clk_i (in)
                                                         clk_i (net)
                      0.073738    0.000000    0.051282 ^ clkbuf_0_clk_i/A (sky130_fd_sc_hd__clkbuf_16)
     8    0.090655    0.082774    0.133017    0.184299 ^ clkbuf_0_clk_i/X (sky130_fd_sc_hd__clkbuf_16)
                                                         clknet_0_clk_i (net)
                      0.084278    0.008832    0.193132 ^ clkbuf_3_2__f_clk_i/A (sky130_fd_sc_hd__clkbuf_16)
     9    0.027325    0.036815    0.103441    0.296573 ^ clkbuf_3_2__f_clk_i/X (sky130_fd_sc_hd__clkbuf_16)
                                                         clknet_3_2__leaf_clk_i (net)
                      0.037082    0.002260    0.298833 ^ _364_/CLK (sky130_fd_sc_hd__dfrtp_1)
     2    0.007423    0.058877    0.221359    0.520192 ^ _364_/Q (sky130_fd_sc_hd__dfrtp_1)
                                                         rng_rd.mem[1][1] (net)
                      0.058878    0.000367    0.520559 ^ hold32/A (sky130_fd_sc_hd__dlygate4sd3_1)
     2    0.005255    0.053836    0.390555    0.911114 ^ hold32/X (sky130_fd_sc_hd__dlygate4sd3_1)
                                                         net59 (net)
                      0.053836    0.000312    0.911425 ^ _302_/A1 (sky130_fd_sc_hd__mux2_1)
     1    0.003016    0.030076    0.080129    0.991554 ^ _302_/X (sky130_fd_sc_hd__mux2_1)
                                                         _028_ (net)
                      0.030095    0.000215    0.991769 ^ _361_/D (sky130_fd_sc_hd__dfrtp_1)
                                              0.991769   data arrival time

                                  0.000000    0.000000   clock clk_i (rise edge)
                                  0.000000    0.000000   clock source latency
     1    0.020654    0.073648    0.051282    0.051282 ^ clk_i (in)
                                                         clk_i (net)
                      0.073738    0.000000    0.051282 ^ clkbuf_0_clk_i/A (sky130_fd_sc_hd__clkbuf_16)
     8    0.090655    0.082774    0.133017    0.184299 ^ clkbuf_0_clk_i/X (sky130_fd_sc_hd__clkbuf_16)
                                                         clknet_0_clk_i (net)
                      0.084278    0.008832    0.193132 ^ clkbuf_3_2__f_clk_i/A (sky130_fd_sc_hd__clkbuf_16)
     9    0.027325    0.036815    0.103441    0.296573 ^ clkbuf_3_2__f_clk_i/X (sky130_fd_sc_hd__clkbuf_16)
                                                         clknet_3_2__leaf_clk_i (net)
                      0.036987    0.001690    0.298263 ^ _361_/CLK (sky130_fd_sc_hd__dfrtp_1)
                                  0.250000    0.548263   clock uncertainty
                                  0.000000    0.548263   clock reconvergence pessimism
                                 -0.019565    0.528698   library hold time
                                              0.528698   data required time
---------------------------------------------------------------------------------------------
                                              0.528698   data required time
                                             -0.991769   data arrival time
---------------------------------------------------------------------------------------------
                                              0.463070   slack (MET)


Startpoint: _370_ (rising edge-triggered flip-flop clocked by clk_i)
Endpoint: _371_ (rising edge-triggered flip-flop clocked by clk_i)
Path Group: clk_i
Path Type: min

Fanout         Cap        Slew       Delay        Time   Description
---------------------------------------------------------------------------------------------
                                  0.000000    0.000000   clock clk_i (rise edge)
                                  0.000000    0.000000   clock source latency
     1    0.020654    0.073648    0.051282    0.051282 ^ clk_i (in)
                                                         clk_i (net)
                      0.073738    0.000000    0.051282 ^ clkbuf_0_clk_i/A (sky130_fd_sc_hd__clkbuf_16)
     8    0.090655    0.082774    0.133017    0.184299 ^ clkbuf_0_clk_i/X (sky130_fd_sc_hd__clkbuf_16)
                                                         clknet_0_clk_i (net)
                      0.084278    0.008832    0.193132 ^ clkbuf_3_2__f_clk_i/A (sky130_fd_sc_hd__clkbuf_16)
     9    0.027325    0.036815    0.103441    0.296573 ^ clkbuf_3_2__f_clk_i/X (sky130_fd_sc_hd__clkbuf_16)
                                                         clknet_3_2__leaf_clk_i (net)
                      0.037015    0.001875    0.298448 ^ _370_/CLK (sky130_fd_sc_hd__dfrtp_1)
     2    0.007660    0.060307    0.222495    0.520943 ^ _370_/Q (sky130_fd_sc_hd__dfrtp_1)
                                                         rng_rd.vld[0] (net)
                      0.060309    0.000422    0.521366 ^ hold5/A (sky130_fd_sc_hd__dlygate4sd3_1)
     2    0.005801    0.057545    0.393790    0.915155 ^ hold5/X (sky130_fd_sc_hd__dlygate4sd3_1)
                                                         net32 (net)
                      0.057545    0.000266    0.915421 ^ _311_/A1 (sky130_fd_sc_hd__mux2_1)
     1    0.002707    0.028328    0.079355    0.994776 ^ _311_/X (sky130_fd_sc_hd__mux2_1)
                                                         _037_ (net)
                      0.028328    0.000182    0.994958 ^ _371_/D (sky130_fd_sc_hd__dfrtp_1)
                                              0.994958   data arrival time

                                  0.000000    0.000000   clock clk_i (rise edge)
                                  0.000000    0.000000   clock source latency
     1    0.020654    0.073648    0.051282    0.051282 ^ clk_i (in)
                                                         clk_i (net)
                      0.073738    0.000000    0.051282 ^ clkbuf_0_clk_i/A (sky130_fd_sc_hd__clkbuf_16)
     8    0.090655    0.082774    0.133017    0.184299 ^ clkbuf_0_clk_i/X (sky130_fd_sc_hd__clkbuf_16)
                                                         clknet_0_clk_i (net)
                      0.084278    0.008832    0.193132 ^ clkbuf_3_2__f_clk_i/A (sky130_fd_sc_hd__clkbuf_16)
     9    0.027325    0.036815    0.103441    0.296573 ^ clkbuf_3_2__f_clk_i/X (sky130_fd_sc_hd__clkbuf_16)
                                                         clknet_3_2__leaf_clk_i (net)
                      0.037059    0.002133    0.298706 ^ _371_/CLK (sky130_fd_sc_hd__dfrtp_1)
                                  0.250000    0.548706   clock uncertainty
                                  0.000000    0.548706   clock reconvergence pessimism
                                 -0.019429    0.529276   library hold time
                                              0.529276   data required time
---------------------------------------------------------------------------------------------
                                              0.529276   data required time
                                             -0.994958   data arrival time
---------------------------------------------------------------------------------------------
                                              0.465682   slack (MET)


Startpoint: _378_ (rising edge-triggered flip-flop clocked by clk_i)
Endpoint: _379_ (rising edge-triggered flip-flop clocked by clk_i)
Path Group: clk_i
Path Type: min

Fanout         Cap        Slew       Delay        Time   Description
---------------------------------------------------------------------------------------------
                                  0.000000    0.000000   clock clk_i (rise edge)
                                  0.000000    0.000000   clock source latency
     1    0.020654    0.073648    0.051282    0.051282 ^ clk_i (in)
                                                         clk_i (net)
                      0.073738    0.000000    0.051282 ^ clkbuf_0_clk_i/A (sky130_fd_sc_hd__clkbuf_16)
     8    0.090655    0.082774    0.133017    0.184299 ^ clkbuf_0_clk_i/X (sky130_fd_sc_hd__clkbuf_16)
                                                         clknet_0_clk_i (net)
                      0.083509    0.006211    0.190510 ^ clkbuf_3_5__f_clk_i/A (sky130_fd_sc_hd__clkbuf_16)
     9    0.029482    0.038301    0.104985    0.295495 ^ clkbuf_3_5__f_clk_i/X (sky130_fd_sc_hd__clkbuf_16)
                                                         clknet_3_5__leaf_clk_i (net)
                      0.038333    0.000996    0.296491 ^ _378_/CLK (sky130_fd_sc_hd__dfrtp_1)
     2    0.006352    0.052380    0.216715    0.513206 ^ _378_/Q (sky130_fd_sc_hd__dfrtp_1)
                                                         rng_rd.vld[8] (net)
                      0.052380    0.000254    0.513460 ^ hold9/A (sky130_fd_sc_hd__dlygate4sd3_1)
     2    0.006288    0.060848    0.395121    0.908581 ^ hold9/X (sky130_fd_sc_hd__dlygate4sd3_1)
                                                         net36 (net)
                      0.060848    0.000335    0.908916 ^ _319_/A1 (sky130_fd_sc_hd__mux2_1)
     1    0.003407    0.032165    0.083656    0.992572 ^ _319_/X (sky130_fd_sc_hd__mux2_1)
                                                         _045_ (net)
                      0.032166    0.000214    0.992786 ^ _379_/D (sky130_fd_sc_hd__dfrtp_1)
                                              0.992786   data arrival time

                                  0.000000    0.000000   clock clk_i (rise edge)
                                  0.000000    0.000000   clock source latency
     1    0.020654    0.073648    0.051282    0.051282 ^ clk_i (in)
                                                         clk_i (net)
                      0.073738    0.000000    0.051282 ^ clkbuf_0_clk_i/A (sky130_fd_sc_hd__clkbuf_16)
     8    0.090655    0.082774    0.133017    0.184299 ^ clkbuf_0_clk_i/X (sky130_fd_sc_hd__clkbuf_16)
                                                         clknet_0_clk_i (net)
                      0.083509    0.006211    0.190510 ^ clkbuf_3_5__f_clk_i/A (sky130_fd_sc_hd__clkbuf_16)
     9    0.029482    0.038301    0.104985    0.295495 ^ clkbuf_3_5__f_clk_i/X (sky130_fd_sc_hd__clkbuf_16)
                                                         clknet_3_5__leaf_clk_i (net)
                      0.038335    0.001022    0.296518 ^ _379_/CLK (sky130_fd_sc_hd__dfrtp_1)
                                  0.250000    0.546517   clock uncertainty
                                  0.000000    0.546517   clock reconvergence pessimism
                                 -0.019686    0.526832   library hold time
                                              0.526832   data required time
---------------------------------------------------------------------------------------------
                                              0.526832   data required time
                                             -0.992786   data arrival time
---------------------------------------------------------------------------------------------
                                              0.465954   slack (MET)


Startpoint: _384_ (rising edge-triggered flip-flop clocked by clk_i)
Endpoint: _391_ (rising edge-triggered flip-flop clocked by clk_i)
Path Group: clk_i
Path Type: min

Fanout         Cap        Slew       Delay        Time   Description
---------------------------------------------------------------------------------------------
                                  0.000000    0.000000   clock clk_i (rise edge)
                                  0.000000    0.000000   clock source latency
     1    0.020654    0.073648    0.051282    0.051282 ^ clk_i (in)
                                                         clk_i (net)
                      0.073738    0.000000    0.051282 ^ clkbuf_0_clk_i/A (sky130_fd_sc_hd__clkbuf_16)
     8    0.090655    0.082774    0.133017    0.184299 ^ clkbuf_0_clk_i/X (sky130_fd_sc_hd__clkbuf_16)
                                                         clknet_0_clk_i (net)
                      0.083509    0.006211    0.190510 ^ clkbuf_3_5__f_clk_i/A (sky130_fd_sc_hd__clkbuf_16)
     9    0.029482    0.038301    0.104985    0.295495 ^ clkbuf_3_5__f_clk_i/X (sky130_fd_sc_hd__clkbuf_16)
                                                         clknet_3_5__leaf_clk_i (net)
                      0.038387    0.001536    0.297031 ^ _384_/CLK (sky130_fd_sc_hd__dfrtp_1)
     3    0.008054    0.062695    0.224846    0.521877 ^ _384_/Q (sky130_fd_sc_hd__dfrtp_1)
                                                         rng_rd.mem[8][2] (net)
                      0.062696    0.000372    0.522249 ^ hold33/A (sky130_fd_sc_hd__dlygate4sd3_1)
     2    0.005607    0.056236    0.393101    0.915350 ^ hold33/X (sky130_fd_sc_hd__dlygate4sd3_1)
                                                         net60 (net)
                      0.056236    0.000291    0.915641 ^ _332_/A1 (sky130_fd_sc_hd__mux2_1)
     1    0.002685    0.028208    0.078960    0.994601 ^ _332_/X (sky130_fd_sc_hd__mux2_1)
                                                         _056_ (net)
                      0.028208    0.000185    0.994787 ^ _391_/D (sky130_fd_sc_hd__dfrtp_1)
                                              0.994787   data arrival time

                                  0.000000    0.000000   clock clk_i (rise edge)
                                  0.000000    0.000000   clock source latency
     1    0.020654    0.073648    0.051282    0.051282 ^ clk_i (in)
                                                         clk_i (net)
                      0.073738    0.000000    0.051282 ^ clkbuf_0_clk_i/A (sky130_fd_sc_hd__clkbuf_16)
     8    0.090655    0.082774    0.133017    0.184299 ^ clkbuf_0_clk_i/X (sky130_fd_sc_hd__clkbuf_16)
                                                         clknet_0_clk_i (net)
                      0.083509    0.006211    0.190510 ^ clkbuf_3_5__f_clk_i/A (sky130_fd_sc_hd__clkbuf_16)
     9    0.029482    0.038301    0.104985    0.295495 ^ clkbuf_3_5__f_clk_i/X (sky130_fd_sc_hd__clkbuf_16)
                                                         clknet_3_5__leaf_clk_i (net)
                      0.038394    0.001591    0.297086 ^ _391_/CLK (sky130_fd_sc_hd__dfrtp_1)
                                  0.250000    0.547086   clock uncertainty
                                  0.000000    0.547086   clock reconvergence pessimism
                                 -0.019385    0.527701   library hold time
                                              0.527701   data required time
---------------------------------------------------------------------------------------------
                                              0.527701   data required time
                                             -0.994787   data arrival time
---------------------------------------------------------------------------------------------
                                              0.467085   slack (MET)


Startpoint: _375_ (rising edge-triggered flip-flop clocked by clk_i)
Endpoint: _376_ (rising edge-triggered flip-flop clocked by clk_i)
Path Group: clk_i
Path Type: min

Fanout         Cap        Slew       Delay        Time   Description
---------------------------------------------------------------------------------------------
                                  0.000000    0.000000   clock clk_i (rise edge)
                                  0.000000    0.000000   clock source latency
     1    0.020654    0.073648    0.051282    0.051282 ^ clk_i (in)
                                                         clk_i (net)
                      0.073738    0.000000    0.051282 ^ clkbuf_0_clk_i/A (sky130_fd_sc_hd__clkbuf_16)
     8    0.090655    0.082774    0.133017    0.184299 ^ clkbuf_0_clk_i/X (sky130_fd_sc_hd__clkbuf_16)
                                                         clknet_0_clk_i (net)
                      0.084292    0.008872    0.193172 ^ clkbuf_3_3__f_clk_i/A (sky130_fd_sc_hd__clkbuf_16)
     9    0.029992    0.038739    0.105269    0.298441 ^ clkbuf_3_3__f_clk_i/X (sky130_fd_sc_hd__clkbuf_16)
                                                         clknet_3_3__leaf_clk_i (net)
                      0.038937    0.001978    0.300419 ^ _375_/CLK (sky130_fd_sc_hd__dfrtp_1)
     3    0.010832    0.079082    0.238136    0.538555 ^ _375_/Q (sky130_fd_sc_hd__dfrtp_1)
                                                         rng_rd.vld[5] (net)
                      0.079087    0.000718    0.539273 ^ _316_/A1 (sky130_fd_sc_hd__mux2_1)
     1    0.002692    0.028248    0.083907    0.623180 ^ _316_/X (sky130_fd_sc_hd__mux2_1)
                                                         _042_ (net)
                      0.028248    0.000185    0.623365 ^ hold15/A (sky130_fd_sc_hd__dlygate4sd3_1)
     1    0.002530    0.035653    0.368415    0.991780 ^ hold15/X (sky130_fd_sc_hd__dlygate4sd3_1)
                                                         net42 (net)
                      0.035653    0.000177    0.991957 ^ _376_/D (sky130_fd_sc_hd__dfrtp_1)
                                              0.991957   data arrival time

                                  0.000000    0.000000   clock clk_i (rise edge)
                                  0.000000    0.000000   clock source latency
     1    0.020654    0.073648    0.051282    0.051282 ^ clk_i (in)
                                                         clk_i (net)
                      0.073738    0.000000    0.051282 ^ clkbuf_0_clk_i/A (sky130_fd_sc_hd__clkbuf_16)
     8    0.090655    0.082774    0.133017    0.184299 ^ clkbuf_0_clk_i/X (sky130_fd_sc_hd__clkbuf_16)
                                                         clknet_0_clk_i (net)
                      0.083258    0.005081    0.189380 ^ clkbuf_3_6__f_clk_i/A (sky130_fd_sc_hd__clkbuf_16)
     7    0.028104    0.037321    0.103939    0.293320 ^ clkbuf_3_6__f_clk_i/X (sky130_fd_sc_hd__clkbuf_16)
                                                         clknet_3_6__leaf_clk_i (net)
                      0.037339    0.000803    0.294123 ^ _376_/CLK (sky130_fd_sc_hd__dfrtp_1)
                                  0.250000    0.544123   clock uncertainty
                                  0.000000    0.544123   clock reconvergence pessimism
                                 -0.019975    0.524147   library hold time
                                              0.524147   data required time
---------------------------------------------------------------------------------------------
                                              0.524147   data required time
                                             -0.991957   data arrival time
---------------------------------------------------------------------------------------------
                                              0.467810   slack (MET)


Startpoint: _365_ (rising edge-triggered flip-flop clocked by clk_i)
Endpoint: _362_ (rising edge-triggered flip-flop clocked by clk_i)
Path Group: clk_i
Path Type: min

Fanout         Cap        Slew       Delay        Time   Description
---------------------------------------------------------------------------------------------
                                  0.000000    0.000000   clock clk_i (rise edge)
                                  0.000000    0.000000   clock source latency
     1    0.020654    0.073648    0.051282    0.051282 ^ clk_i (in)
                                                         clk_i (net)
                      0.073738    0.000000    0.051282 ^ clkbuf_0_clk_i/A (sky130_fd_sc_hd__clkbuf_16)
     8    0.090655    0.082774    0.133017    0.184299 ^ clkbuf_0_clk_i/X (sky130_fd_sc_hd__clkbuf_16)
                                                         clknet_0_clk_i (net)
                      0.083915    0.007701    0.192000 ^ clkbuf_3_0__f_clk_i/A (sky130_fd_sc_hd__clkbuf_16)
    10    0.029685    0.038498    0.105014    0.297014 ^ clkbuf_3_0__f_clk_i/X (sky130_fd_sc_hd__clkbuf_16)
                                                         clknet_3_0__leaf_clk_i (net)
                      0.038562    0.001368    0.298382 ^ _365_/CLK (sky130_fd_sc_hd__dfrtp_1)
     3    0.011621    0.084083    0.241517    0.539899 ^ _365_/Q (sky130_fd_sc_hd__dfrtp_1)
                                                         rng_rd.mem[1][2] (net)
                      0.084088    0.000737    0.540636 ^ _303_/A1 (sky130_fd_sc_hd__mux2_1)
     1    0.002842    0.028917    0.085760    0.626396 ^ _303_/X (sky130_fd_sc_hd__mux2_1)
                                                         _029_ (net)
                      0.028917    0.000180    0.626576 ^ hold43/A (sky130_fd_sc_hd__dlygate4sd3_1)
     1    0.002767    0.037075    0.370078    0.996654 ^ hold43/X (sky130_fd_sc_hd__dlygate4sd3_1)
                                                         net70 (net)
                      0.037075    0.000189    0.996843 ^ _362_/D (sky130_fd_sc_hd__dfrtp_1)
                                              0.996843   data arrival time

                                  0.000000    0.000000   clock clk_i (rise edge)
                                  0.000000    0.000000   clock source latency
     1    0.020654    0.073648    0.051282    0.051282 ^ clk_i (in)
                                                         clk_i (net)
                      0.073738    0.000000    0.051282 ^ clkbuf_0_clk_i/A (sky130_fd_sc_hd__clkbuf_16)
     8    0.090655    0.082774    0.133017    0.184299 ^ clkbuf_0_clk_i/X (sky130_fd_sc_hd__clkbuf_16)
                                                         clknet_0_clk_i (net)
                      0.083915    0.007701    0.192000 ^ clkbuf_3_0__f_clk_i/A (sky130_fd_sc_hd__clkbuf_16)
    10    0.029685    0.038498    0.105014    0.297014 ^ clkbuf_3_0__f_clk_i/X (sky130_fd_sc_hd__clkbuf_16)
                                                         clknet_3_0__leaf_clk_i (net)
                      0.038567    0.001417    0.298432 ^ _362_/CLK (sky130_fd_sc_hd__dfrtp_1)
                                  0.250000    0.548432   clock uncertainty
                                  0.000000    0.548432   clock reconvergence pessimism
                                 -0.020050    0.528381   library hold time
                                              0.528381   data required time
---------------------------------------------------------------------------------------------
                                              0.528381   data required time
                                             -0.996843   data arrival time
---------------------------------------------------------------------------------------------
                                              0.468462   slack (MET)


Startpoint: _362_ (rising edge-triggered flip-flop clocked by clk_i)
Endpoint: _359_ (rising edge-triggered flip-flop clocked by clk_i)
Path Group: clk_i
Path Type: min

Fanout         Cap        Slew       Delay        Time   Description
---------------------------------------------------------------------------------------------
                                  0.000000    0.000000   clock clk_i (rise edge)
                                  0.000000    0.000000   clock source latency
     1    0.020654    0.073648    0.051282    0.051282 ^ clk_i (in)
                                                         clk_i (net)
                      0.073738    0.000000    0.051282 ^ clkbuf_0_clk_i/A (sky130_fd_sc_hd__clkbuf_16)
     8    0.090655    0.082774    0.133017    0.184299 ^ clkbuf_0_clk_i/X (sky130_fd_sc_hd__clkbuf_16)
                                                         clknet_0_clk_i (net)
                      0.083915    0.007701    0.192000 ^ clkbuf_3_0__f_clk_i/A (sky130_fd_sc_hd__clkbuf_16)
    10    0.029685    0.038498    0.105014    0.297014 ^ clkbuf_3_0__f_clk_i/X (sky130_fd_sc_hd__clkbuf_16)
                                                         clknet_3_0__leaf_clk_i (net)
                      0.038567    0.001417    0.298432 ^ _362_/CLK (sky130_fd_sc_hd__dfrtp_1)
     4    0.013066    0.093224    0.248111    0.546542 ^ _362_/Q (sky130_fd_sc_hd__dfrtp_1)
                                                         rng_rd.mem[2][2] (net)
                      0.093227    0.000725    0.547267 ^ _300_/A1 (sky130_fd_sc_hd__mux2_1)
     1    0.002008    0.024423    0.083398    0.630665 ^ _300_/X (sky130_fd_sc_hd__mux2_1)
                                                         _026_ (net)
                      0.024423    0.000093    0.630759 ^ hold38/A (sky130_fd_sc_hd__dlygate4sd3_1)
     1    0.002557    0.035808    0.367767    0.998526 ^ hold38/X (sky130_fd_sc_hd__dlygate4sd3_1)
                                                         net65 (net)
                      0.035808    0.000177    0.998703 ^ _359_/D (sky130_fd_sc_hd__dfrtp_1)
                                              0.998703   data arrival time

                                  0.000000    0.000000   clock clk_i (rise edge)
                                  0.000000    0.000000   clock source latency
     1    0.020654    0.073648    0.051282    0.051282 ^ clk_i (in)
                                                         clk_i (net)
                      0.073738    0.000000    0.051282 ^ clkbuf_0_clk_i/A (sky130_fd_sc_hd__clkbuf_16)
     8    0.090655    0.082774    0.133017    0.184299 ^ clkbuf_0_clk_i/X (sky130_fd_sc_hd__clkbuf_16)
                                                         clknet_0_clk_i (net)
                      0.084292    0.008872    0.193172 ^ clkbuf_3_3__f_clk_i/A (sky130_fd_sc_hd__clkbuf_16)
     9    0.029992    0.038739    0.105269    0.298441 ^ clkbuf_3_3__f_clk_i/X (sky130_fd_sc_hd__clkbuf_16)
                                                         clknet_3_3__leaf_clk_i (net)
                      0.038841    0.001690    0.300131 ^ _359_/CLK (sky130_fd_sc_hd__dfrtp_1)
                                  0.250000    0.550131   clock uncertainty
                                  0.000000    0.550131   clock reconvergence pessimism
                                 -0.019947    0.530184   library hold time
                                              0.530184   data required time
---------------------------------------------------------------------------------------------
                                              0.530184   data required time
                                             -0.998703   data arrival time
---------------------------------------------------------------------------------------------
                                              0.468520   slack (MET)


Startpoint: _392_ (rising edge-triggered flip-flop clocked by clk_i)
Endpoint: _355_ (rising edge-triggered flip-flop clocked by clk_i)
Path Group: clk_i
Path Type: min

Fanout         Cap        Slew       Delay        Time   Description
---------------------------------------------------------------------------------------------
                                  0.000000    0.000000   clock clk_i (rise edge)
                                  0.000000    0.000000   clock source latency
     1    0.020654    0.073648    0.051282    0.051282 ^ clk_i (in)
                                                         clk_i (net)
                      0.073738    0.000000    0.051282 ^ clkbuf_0_clk_i/A (sky130_fd_sc_hd__clkbuf_16)
     8    0.090655    0.082774    0.133017    0.184299 ^ clkbuf_0_clk_i/X (sky130_fd_sc_hd__clkbuf_16)
                                                         clknet_0_clk_i (net)
                      0.083488    0.006122    0.190422 ^ clkbuf_3_1__f_clk_i/A (sky130_fd_sc_hd__clkbuf_16)
     8    0.026845    0.036437    0.103179    0.293601 ^ clkbuf_3_1__f_clk_i/X (sky130_fd_sc_hd__clkbuf_16)
                                                         clknet_3_1__leaf_clk_i (net)
                      0.036509    0.001357    0.294958 ^ _392_/CLK (sky130_fd_sc_hd__dfrtp_1)
     1    0.002988    0.032710    0.199279    0.494238 ^ _392_/Q (sky130_fd_sc_hd__dfrtp_1)
                                                         rng_rd.wr_pulse (net)
                      0.032710    0.000119    0.494357 ^ _252_/A (sky130_fd_sc_hd__and4_1)
     1    0.003840    0.042773    0.098863    0.593220 ^ _252_/X (sky130_fd_sc_hd__and4_1)
                                                         _139_ (net)
                      0.042773    0.000163    0.593383 ^ fanout12/A (sky130_fd_sc_hd__clkbuf_2)
     5    0.026845    0.115174    0.128491    0.721874 ^ fanout12/X (sky130_fd_sc_hd__clkbuf_2)
                                                         net12 (net)
                      0.115182    0.000762    0.722636 ^ fanout8/A (sky130_fd_sc_hd__clkbuf_4)
    10    0.054409    0.127318    0.178788    0.901424 ^ fanout8/X (sky130_fd_sc_hd__clkbuf_4)
                                                         net8 (net)
                      0.127350    0.001683    0.903107 ^ _297_/S (sky130_fd_sc_hd__mux2_1)
     1    0.002633    0.027914    0.096003    0.999110 ^ _297_/X (sky130_fd_sc_hd__mux2_1)
                                                         _023_ (net)
                      0.027914    0.000181    0.999291 ^ _355_/D (sky130_fd_sc_hd__dfrtp_1)
                                              0.999291   data arrival time

                                  0.000000    0.000000   clock clk_i (rise edge)
                                  0.000000    0.000000   clock source latency
     1    0.020654    0.073648    0.051282    0.051282 ^ clk_i (in)
                                                         clk_i (net)
                      0.073738    0.000000    0.051282 ^ clkbuf_0_clk_i/A (sky130_fd_sc_hd__clkbuf_16)
     8    0.090655    0.082774    0.133017    0.184299 ^ clkbuf_0_clk_i/X (sky130_fd_sc_hd__clkbuf_16)
                                                         clknet_0_clk_i (net)
                      0.084292    0.008872    0.193172 ^ clkbuf_3_3__f_clk_i/A (sky130_fd_sc_hd__clkbuf_16)
     9    0.029992    0.038739    0.105269    0.298441 ^ clkbuf_3_3__f_clk_i/X (sky130_fd_sc_hd__clkbuf_16)
                                                         clknet_3_3__leaf_clk_i (net)
                      0.038833    0.001630    0.300071 ^ _355_/CLK (sky130_fd_sc_hd__dfrtp_1)
                                  0.250000    0.550071   clock uncertainty
                                  0.000000    0.550071   clock reconvergence pessimism
                                 -0.019351    0.530720   library hold time
                                              0.530720   data required time
---------------------------------------------------------------------------------------------
                                              0.530720   data required time
                                             -0.999291   data arrival time
---------------------------------------------------------------------------------------------
                                              0.468571   slack (MET)


Startpoint: _377_ (rising edge-triggered flip-flop clocked by clk_i)
Endpoint: _378_ (rising edge-triggered flip-flop clocked by clk_i)
Path Group: clk_i
Path Type: min

Fanout         Cap        Slew       Delay        Time   Description
---------------------------------------------------------------------------------------------
                                  0.000000    0.000000   clock clk_i (rise edge)
                                  0.000000    0.000000   clock source latency
     1    0.020654    0.073648    0.051282    0.051282 ^ clk_i (in)
                                                         clk_i (net)
                      0.073738    0.000000    0.051282 ^ clkbuf_0_clk_i/A (sky130_fd_sc_hd__clkbuf_16)
     8    0.090655    0.082774    0.133017    0.184299 ^ clkbuf_0_clk_i/X (sky130_fd_sc_hd__clkbuf_16)
                                                         clknet_0_clk_i (net)
                      0.083269    0.005139    0.189438 ^ clkbuf_3_7__f_clk_i/A (sky130_fd_sc_hd__clkbuf_16)
     8    0.029344    0.038231    0.104709    0.294147 ^ clkbuf_3_7__f_clk_i/X (sky130_fd_sc_hd__clkbuf_16)
                                                         clknet_3_7__leaf_clk_i (net)
                      0.038314    0.001516    0.295663 ^ _377_/CLK (sky130_fd_sc_hd__dfrtp_1)
     3    0.012117    0.087214    0.243733    0.539396 ^ _377_/Q (sky130_fd_sc_hd__dfrtp_1)
                                                         rng_rd.vld[7] (net)
                      0.087222    0.000903    0.540299 ^ _318_/A1 (sky130_fd_sc_hd__mux2_1)
     1    0.002592    0.027652    0.085148    0.625447 ^ _318_/X (sky130_fd_sc_hd__mux2_1)
                                                         _044_ (net)
                      0.027652    0.000123    0.625570 ^ hold10/A (sky130_fd_sc_hd__dlygate4sd3_1)
     1    0.002753    0.036985    0.369715    0.995285 ^ hold10/X (sky130_fd_sc_hd__dlygate4sd3_1)
                                                         net37 (net)
                      0.036985    0.000184    0.995470 ^ _378_/D (sky130_fd_sc_hd__dfrtp_1)
                                              0.995470   data arrival time

                                  0.000000    0.000000   clock clk_i (rise edge)
                                  0.000000    0.000000   clock source latency
     1    0.020654    0.073648    0.051282    0.051282 ^ clk_i (in)
                                                         clk_i (net)
                      0.073738    0.000000    0.051282 ^ clkbuf_0_clk_i/A (sky130_fd_sc_hd__clkbuf_16)
     8    0.090655    0.082774    0.133017    0.184299 ^ clkbuf_0_clk_i/X (sky130_fd_sc_hd__clkbuf_16)
                                                         clknet_0_clk_i (net)
                      0.083509    0.006211    0.190510 ^ clkbuf_3_5__f_clk_i/A (sky130_fd_sc_hd__clkbuf_16)
     9    0.029482    0.038301    0.104985    0.295495 ^ clkbuf_3_5__f_clk_i/X (sky130_fd_sc_hd__clkbuf_16)
                                                         clknet_3_5__leaf_clk_i (net)
                      0.038333    0.000996    0.296491 ^ _378_/CLK (sky130_fd_sc_hd__dfrtp_1)
                                  0.250000    0.546491   clock uncertainty
                                  0.000000    0.546491   clock reconvergence pessimism
                                 -0.020050    0.526442   library hold time
                                              0.526442   data required time
---------------------------------------------------------------------------------------------
                                              0.526442   data required time
                                             -0.995470   data arrival time
---------------------------------------------------------------------------------------------
                                              0.469028   slack (MET)


Startpoint: _345_ (rising edge-triggered flip-flop clocked by clk_i)
Endpoint: _345_ (rising edge-triggered flip-flop clocked by clk_i)
Path Group: clk_i
Path Type: min

Fanout         Cap        Slew       Delay        Time   Description
---------------------------------------------------------------------------------------------
                                  0.000000    0.000000   clock clk_i (rise edge)
                                  0.000000    0.000000   clock source latency
     1    0.020654    0.073648    0.051282    0.051282 ^ clk_i (in)
                                                         clk_i (net)
                      0.073738    0.000000    0.051282 ^ clkbuf_0_clk_i/A (sky130_fd_sc_hd__clkbuf_16)
     8    0.090655    0.082774    0.133017    0.184299 ^ clkbuf_0_clk_i/X (sky130_fd_sc_hd__clkbuf_16)
                                                         clknet_0_clk_i (net)
                      0.083406    0.005775    0.190074 ^ clkbuf_3_4__f_clk_i/A (sky130_fd_sc_hd__clkbuf_16)
     7    0.025559    0.035540    0.102048    0.292122 ^ clkbuf_3_4__f_clk_i/X (sky130_fd_sc_hd__clkbuf_16)
                                                         clknet_3_4__leaf_clk_i (net)
                      0.035588    0.001160    0.293283 ^ _345_/CLK (sky130_fd_sc_hd__dfrtp_1)
     4    0.013610    0.096643    0.249767    0.543050 ^ _345_/Q (sky130_fd_sc_hd__dfrtp_1)
                                                         rng_rd.mem[10][1] (net)
                      0.096646    0.000625    0.543675 ^ hold61/A (sky130_fd_sc_hd__dlygate4sd3_1)
     1    0.002368    0.034728    0.379564    0.923240 ^ hold61/X (sky130_fd_sc_hd__dlygate4sd3_1)
                                                         net88 (net)
                      0.034728    0.000153    0.923393 ^ _287_/A0 (sky130_fd_sc_hd__mux2_1)
     1    0.002454    0.026727    0.070520    0.993913 ^ _287_/X (sky130_fd_sc_hd__mux2_1)
                                                         _013_ (net)
                      0.026727    0.000111    0.994024 ^ _345_/D (sky130_fd_sc_hd__dfrtp_1)
                                              0.994024   data arrival time

                                  0.000000    0.000000   clock clk_i (rise edge)
                                  0.000000    0.000000   clock source latency
     1    0.020654    0.073648    0.051282    0.051282 ^ clk_i (in)
                                                         clk_i (net)
                      0.073738    0.000000    0.051282 ^ clkbuf_0_clk_i/A (sky130_fd_sc_hd__clkbuf_16)
     8    0.090655    0.082774    0.133017    0.184299 ^ clkbuf_0_clk_i/X (sky130_fd_sc_hd__clkbuf_16)
                                                         clknet_0_clk_i (net)
                      0.083406    0.005775    0.190074 ^ clkbuf_3_4__f_clk_i/A (sky130_fd_sc_hd__clkbuf_16)
     7    0.025559    0.035540    0.102048    0.292122 ^ clkbuf_3_4__f_clk_i/X (sky130_fd_sc_hd__clkbuf_16)
                                                         clknet_3_4__leaf_clk_i (net)
                      0.035588    0.001160    0.293283 ^ _345_/CLK (sky130_fd_sc_hd__dfrtp_1)
                                  0.250000    0.543283   clock uncertainty
                                  0.000000    0.543283   clock reconvergence pessimism
                                 -0.019347    0.523936   library hold time
                                              0.523936   data required time
---------------------------------------------------------------------------------------------
                                              0.523936   data required time
                                             -0.994024   data arrival time
---------------------------------------------------------------------------------------------
                                              0.470088   slack (MET)


Startpoint: _351_ (rising edge-triggered flip-flop clocked by clk_i)
Endpoint: _348_ (rising edge-triggered flip-flop clocked by clk_i)
Path Group: clk_i
Path Type: min

Fanout         Cap        Slew       Delay        Time   Description
---------------------------------------------------------------------------------------------
                                  0.000000    0.000000   clock clk_i (rise edge)
                                  0.000000    0.000000   clock source latency
     1    0.020654    0.073648    0.051282    0.051282 ^ clk_i (in)
                                                         clk_i (net)
                      0.073738    0.000000    0.051282 ^ clkbuf_0_clk_i/A (sky130_fd_sc_hd__clkbuf_16)
     8    0.090655    0.082774    0.133017    0.184299 ^ clkbuf_0_clk_i/X (sky130_fd_sc_hd__clkbuf_16)
                                                         clknet_0_clk_i (net)
                      0.083258    0.005081    0.189380 ^ clkbuf_3_6__f_clk_i/A (sky130_fd_sc_hd__clkbuf_16)
     7    0.028104    0.037321    0.103939    0.293320 ^ clkbuf_3_6__f_clk_i/X (sky130_fd_sc_hd__clkbuf_16)
                                                         clknet_3_6__leaf_clk_i (net)
                      0.037395    0.001419    0.294738 ^ _351_/CLK (sky130_fd_sc_hd__dfrtp_1)
     4    0.011748    0.084862    0.241862    0.536600 ^ _351_/Q (sky130_fd_sc_hd__dfrtp_1)
                                                         rng_rd.mem[5][1] (net)
                      0.084866    0.000668    0.537269 ^ _290_/A1 (sky130_fd_sc_hd__mux2_1)
     1    0.003073    0.030385    0.087115    0.624384 ^ _290_/X (sky130_fd_sc_hd__mux2_1)
                                                         _016_ (net)
                      0.030386    0.000211    0.624595 ^ hold45/A (sky130_fd_sc_hd__dlygate4sd3_1)
     1    0.002841    0.037547    0.370865    0.995460 ^ hold45/X (sky130_fd_sc_hd__dlygate4sd3_1)
                                                         net72 (net)
                      0.037547    0.000196    0.995656 ^ _348_/D (sky130_fd_sc_hd__dfrtp_1)
                                              0.995656   data arrival time

                                  0.000000    0.000000   clock clk_i (rise edge)
                                  0.000000    0.000000   clock source latency
     1    0.020654    0.073648    0.051282    0.051282 ^ clk_i (in)
                                                         clk_i (net)
                      0.073738    0.000000    0.051282 ^ clkbuf_0_clk_i/A (sky130_fd_sc_hd__clkbuf_16)
     8    0.090655    0.082774    0.133017    0.184299 ^ clkbuf_0_clk_i/X (sky130_fd_sc_hd__clkbuf_16)
                                                         clknet_0_clk_i (net)
                      0.083269    0.005139    0.189438 ^ clkbuf_3_7__f_clk_i/A (sky130_fd_sc_hd__clkbuf_16)
     8    0.029344    0.038231    0.104709    0.294147 ^ clkbuf_3_7__f_clk_i/X (sky130_fd_sc_hd__clkbuf_16)
                                                         clknet_3_7__leaf_clk_i (net)
                      0.038312    0.001497    0.295644 ^ _348_/CLK (sky130_fd_sc_hd__dfrtp_1)
                                  0.250000    0.545644   clock uncertainty
                                  0.000000    0.545644   clock reconvergence pessimism
                                 -0.020093    0.525552   library hold time
                                              0.525552   data required time
---------------------------------------------------------------------------------------------
                                              0.525552   data required time
                                             -0.995656   data arrival time
---------------------------------------------------------------------------------------------
                                              0.470104   slack (MET)


Startpoint: _349_ (rising edge-triggered flip-flop clocked by clk_i)
Endpoint: _349_ (rising edge-triggered flip-flop clocked by clk_i)
Path Group: clk_i
Path Type: min

Fanout         Cap        Slew       Delay        Time   Description
---------------------------------------------------------------------------------------------
                                  0.000000    0.000000   clock clk_i (rise edge)
                                  0.000000    0.000000   clock source latency
     1    0.020654    0.073648    0.051282    0.051282 ^ clk_i (in)
                                                         clk_i (net)
                      0.073738    0.000000    0.051282 ^ clkbuf_0_clk_i/A (sky130_fd_sc_hd__clkbuf_16)
     8    0.090655    0.082774    0.133017    0.184299 ^ clkbuf_0_clk_i/X (sky130_fd_sc_hd__clkbuf_16)
                                                         clknet_0_clk_i (net)
                      0.083258    0.005081    0.189380 ^ clkbuf_3_6__f_clk_i/A (sky130_fd_sc_hd__clkbuf_16)
     7    0.028104    0.037321    0.103939    0.293320 ^ clkbuf_3_6__f_clk_i/X (sky130_fd_sc_hd__clkbuf_16)
                                                         clknet_3_6__leaf_clk_i (net)
                      0.037427    0.001668    0.294988 ^ _349_/CLK (sky130_fd_sc_hd__dfrtp_1)
     2    0.008022    0.062502    0.224383    0.519371 ^ _349_/Q (sky130_fd_sc_hd__dfrtp_1)
                                                         rng_rd.mem[6][2] (net)
                      0.062502    0.000269    0.519640 ^ hold27/A (sky130_fd_sc_hd__dlygate4sd3_1)
     2    0.006271    0.060737    0.396631    0.916271 ^ hold27/X (sky130_fd_sc_hd__dlygate4sd3_1)
                                                         net54 (net)
                      0.060737    0.000357    0.916628 ^ _291_/A0 (sky130_fd_sc_hd__mux2_1)
     1    0.002942    0.029632    0.079755    0.996383 ^ _291_/X (sky130_fd_sc_hd__mux2_1)
                                                         _017_ (net)
                      0.029633    0.000218    0.996601 ^ _349_/D (sky130_fd_sc_hd__dfrtp_1)
                                              0.996601   data arrival time

                                  0.000000    0.000000   clock clk_i (rise edge)
                                  0.000000    0.000000   clock source latency
     1    0.020654    0.073648    0.051282    0.051282 ^ clk_i (in)
                                                         clk_i (net)
                      0.073738    0.000000    0.051282 ^ clkbuf_0_clk_i/A (sky130_fd_sc_hd__clkbuf_16)
     8    0.090655    0.082774    0.133017    0.184299 ^ clkbuf_0_clk_i/X (sky130_fd_sc_hd__clkbuf_16)
                                                         clknet_0_clk_i (net)
                      0.083258    0.005081    0.189380 ^ clkbuf_3_6__f_clk_i/A (sky130_fd_sc_hd__clkbuf_16)
     7    0.028104    0.037321    0.103939    0.293320 ^ clkbuf_3_6__f_clk_i/X (sky130_fd_sc_hd__clkbuf_16)
                                                         clknet_3_6__leaf_clk_i (net)
                      0.037427    0.001668    0.294988 ^ _349_/CLK (sky130_fd_sc_hd__dfrtp_1)
                                  0.250000    0.544988   clock uncertainty
                                  0.000000    0.544988   clock reconvergence pessimism
                                 -0.019518    0.525469   library hold time
                                              0.525469   data required time
---------------------------------------------------------------------------------------------
                                              0.525469   data required time
                                             -0.996601   data arrival time
---------------------------------------------------------------------------------------------
                                              0.471131   slack (MET)


Startpoint: _377_ (rising edge-triggered flip-flop clocked by clk_i)
Endpoint: _377_ (rising edge-triggered flip-flop clocked by clk_i)
Path Group: clk_i
Path Type: min

Fanout         Cap        Slew       Delay        Time   Description
---------------------------------------------------------------------------------------------
                                  0.000000    0.000000   clock clk_i (rise edge)
                                  0.000000    0.000000   clock source latency
     1    0.020654    0.073648    0.051282    0.051282 ^ clk_i (in)
                                                         clk_i (net)
                      0.073738    0.000000    0.051282 ^ clkbuf_0_clk_i/A (sky130_fd_sc_hd__clkbuf_16)
     8    0.090655    0.082774    0.133017    0.184299 ^ clkbuf_0_clk_i/X (sky130_fd_sc_hd__clkbuf_16)
                                                         clknet_0_clk_i (net)
                      0.083269    0.005139    0.189438 ^ clkbuf_3_7__f_clk_i/A (sky130_fd_sc_hd__clkbuf_16)
     8    0.029344    0.038231    0.104709    0.294147 ^ clkbuf_3_7__f_clk_i/X (sky130_fd_sc_hd__clkbuf_16)
                                                         clknet_3_7__leaf_clk_i (net)
                      0.038314    0.001516    0.295663 ^ _377_/CLK (sky130_fd_sc_hd__dfrtp_1)
     3    0.012117    0.087214    0.243733    0.539396 ^ _377_/Q (sky130_fd_sc_hd__dfrtp_1)
                                                         rng_rd.vld[7] (net)
                      0.087215    0.000551    0.539947 ^ hold16/A (sky130_fd_sc_hd__dlygate4sd3_1)
     1    0.003580    0.042816    0.385829    0.925776 ^ hold16/X (sky130_fd_sc_hd__dlygate4sd3_1)
                                                         net43 (net)
                      0.042816    0.000268    0.926044 ^ _317_/A0 (sky130_fd_sc_hd__mux2_1)
     1    0.002475    0.026838    0.072871    0.998915 ^ _317_/X (sky130_fd_sc_hd__mux2_1)
                                                         _043_ (net)
                      0.026839    0.000174    0.999089 ^ _377_/D (sky130_fd_sc_hd__dfrtp_1)
                                              0.999089   data arrival time

                                  0.000000    0.000000   clock clk_i (rise edge)
                                  0.000000    0.000000   clock source latency
     1    0.020654    0.073648    0.051282    0.051282 ^ clk_i (in)
                                                         clk_i (net)
                      0.073738    0.000000    0.051282 ^ clkbuf_0_clk_i/A (sky130_fd_sc_hd__clkbuf_16)
     8    0.090655    0.082774    0.133017    0.184299 ^ clkbuf_0_clk_i/X (sky130_fd_sc_hd__clkbuf_16)
                                                         clknet_0_clk_i (net)
                      0.083269    0.005139    0.189438 ^ clkbuf_3_7__f_clk_i/A (sky130_fd_sc_hd__clkbuf_16)
     8    0.029344    0.038231    0.104709    0.294147 ^ clkbuf_3_7__f_clk_i/X (sky130_fd_sc_hd__clkbuf_16)
                                                         clknet_3_7__leaf_clk_i (net)
                      0.038314    0.001516    0.295663 ^ _377_/CLK (sky130_fd_sc_hd__dfrtp_1)
                                  0.250000    0.545663   clock uncertainty
                                  0.000000    0.545663   clock reconvergence pessimism
                                 -0.019284    0.526379   library hold time
                                              0.526379   data required time
---------------------------------------------------------------------------------------------
                                              0.526379   data required time
                                             -0.999089   data arrival time
---------------------------------------------------------------------------------------------
                                              0.472710   slack (MET)


Startpoint: _347_ (rising edge-triggered flip-flop clocked by clk_i)
Endpoint: _341_ (rising edge-triggered flip-flop clocked by clk_i)
Path Group: clk_i
Path Type: min

Fanout         Cap        Slew       Delay        Time   Description
---------------------------------------------------------------------------------------------
                                  0.000000    0.000000   clock clk_i (rise edge)
                                  0.000000    0.000000   clock source latency
     1    0.020654    0.073648    0.051282    0.051282 ^ clk_i (in)
                                                         clk_i (net)
                      0.073738    0.000000    0.051282 ^ clkbuf_0_clk_i/A (sky130_fd_sc_hd__clkbuf_16)
     8    0.090655    0.082774    0.133017    0.184299 ^ clkbuf_0_clk_i/X (sky130_fd_sc_hd__clkbuf_16)
                                                         clknet_0_clk_i (net)
                      0.083258    0.005081    0.189380 ^ clkbuf_3_6__f_clk_i/A (sky130_fd_sc_hd__clkbuf_16)
     7    0.028104    0.037321    0.103939    0.293320 ^ clkbuf_3_6__f_clk_i/X (sky130_fd_sc_hd__clkbuf_16)
                                                         clknet_3_6__leaf_clk_i (net)
                      0.037334    0.000730    0.294049 ^ _347_/CLK (sky130_fd_sc_hd__dfrtp_1)
     4    0.014289    0.100997    0.253137    0.547186 ^ _347_/Q (sky130_fd_sc_hd__dfrtp_1)
                                                         rng_rd.mem[6][0] (net)
                      0.101004    0.000927    0.548113 ^ _283_/A1 (sky130_fd_sc_hd__mux2_1)
     1    0.001962    0.024074    0.084818    0.632931 ^ _283_/X (sky130_fd_sc_hd__mux2_1)
                                                         _009_ (net)
                      0.024074    0.000090    0.633021 ^ hold40/A (sky130_fd_sc_hd__dlygate4sd3_1)
     1    0.002576    0.035915    0.367811    1.000831 ^ hold40/X (sky130_fd_sc_hd__dlygate4sd3_1)
                                                         net67 (net)
                      0.035915    0.000179    1.001010 ^ _341_/D (sky130_fd_sc_hd__dfrtp_1)
                                              1.001010   data arrival time

                                  0.000000    0.000000   clock clk_i (rise edge)
                                  0.000000    0.000000   clock source latency
     1    0.020654    0.073648    0.051282    0.051282 ^ clk_i (in)
                                                         clk_i (net)
                      0.073738    0.000000    0.051282 ^ clkbuf_0_clk_i/A (sky130_fd_sc_hd__clkbuf_16)
     8    0.090655    0.082774    0.133017    0.184299 ^ clkbuf_0_clk_i/X (sky130_fd_sc_hd__clkbuf_16)
                                                         clknet_0_clk_i (net)
                      0.083269    0.005139    0.189438 ^ clkbuf_3_7__f_clk_i/A (sky130_fd_sc_hd__clkbuf_16)
     8    0.029344    0.038231    0.104709    0.294147 ^ clkbuf_3_7__f_clk_i/X (sky130_fd_sc_hd__clkbuf_16)
                                                         clknet_3_7__leaf_clk_i (net)
                      0.038337    0.001694    0.295841 ^ _341_/CLK (sky130_fd_sc_hd__dfrtp_1)
                                  0.250000    0.545841   clock uncertainty
                                  0.000000    0.545841   clock reconvergence pessimism
                                 -0.019969    0.525872   library hold time
                                              0.525872   data required time
---------------------------------------------------------------------------------------------
                                              0.525872   data required time
                                             -1.001010   data arrival time
---------------------------------------------------------------------------------------------
                                              0.475138   slack (MET)


Startpoint: _369_ (rising edge-triggered flip-flop clocked by clk_i)
Endpoint: _365_ (rising edge-triggered flip-flop clocked by clk_i)
Path Group: clk_i
Path Type: min

Fanout         Cap        Slew       Delay        Time   Description
---------------------------------------------------------------------------------------------
                                  0.000000    0.000000   clock clk_i (rise edge)
                                  0.000000    0.000000   clock source latency
     1    0.020654    0.073648    0.051282    0.051282 ^ clk_i (in)
                                                         clk_i (net)
                      0.073738    0.000000    0.051282 ^ clkbuf_0_clk_i/A (sky130_fd_sc_hd__clkbuf_16)
     8    0.090655    0.082774    0.133017    0.184299 ^ clkbuf_0_clk_i/X (sky130_fd_sc_hd__clkbuf_16)
                                                         clknet_0_clk_i (net)
                      0.083915    0.007701    0.192000 ^ clkbuf_3_0__f_clk_i/A (sky130_fd_sc_hd__clkbuf_16)
    10    0.029685    0.038498    0.105014    0.297014 ^ clkbuf_3_0__f_clk_i/X (sky130_fd_sc_hd__clkbuf_16)
                                                         clknet_3_0__leaf_clk_i (net)
                      0.038694    0.001958    0.298973 ^ _369_/CLK (sky130_fd_sc_hd__dfrtp_1)
     4    0.012749    0.091218    0.246715    0.545688 ^ _369_/Q (sky130_fd_sc_hd__dfrtp_1)
                                                         net6 (net)
                      0.091220    0.000585    0.546273 ^ _306_/A1 (sky130_fd_sc_hd__mux2_1)
     1    0.002940    0.029484    0.087809    0.634081 ^ _306_/X (sky130_fd_sc_hd__mux2_1)
                                                         _032_ (net)
                      0.029484    0.000186    0.634267 ^ hold52/A (sky130_fd_sc_hd__dlygate4sd3_1)
     1    0.002787    0.037201    0.370324    1.004591 ^ hold52/X (sky130_fd_sc_hd__dlygate4sd3_1)
                                                         net79 (net)
                      0.037201    0.000188    1.004779 ^ _365_/D (sky130_fd_sc_hd__dfrtp_1)
                                              1.004779   data arrival time

                                  0.000000    0.000000   clock clk_i (rise edge)
                                  0.000000    0.000000   clock source latency
     1    0.020654    0.073648    0.051282    0.051282 ^ clk_i (in)
                                                         clk_i (net)
                      0.073738    0.000000    0.051282 ^ clkbuf_0_clk_i/A (sky130_fd_sc_hd__clkbuf_16)
     8    0.090655    0.082774    0.133017    0.184299 ^ clkbuf_0_clk_i/X (sky130_fd_sc_hd__clkbuf_16)
                                                         clknet_0_clk_i (net)
                      0.083915    0.007701    0.192000 ^ clkbuf_3_0__f_clk_i/A (sky130_fd_sc_hd__clkbuf_16)
    10    0.029685    0.038498    0.105014    0.297014 ^ clkbuf_3_0__f_clk_i/X (sky130_fd_sc_hd__clkbuf_16)
                                                         clknet_3_0__leaf_clk_i (net)
                      0.038562    0.001368    0.298382 ^ _365_/CLK (sky130_fd_sc_hd__dfrtp_1)
                                  0.250000    0.548382   clock uncertainty
                                  0.000000    0.548382   clock reconvergence pessimism
                                 -0.020060    0.528322   library hold time
                                              0.528322   data required time
---------------------------------------------------------------------------------------------
                                              0.528322   data required time
                                             -1.004779   data arrival time
---------------------------------------------------------------------------------------------
                                              0.476457   slack (MET)


Startpoint: _343_ (rising edge-triggered flip-flop clocked by clk_i)
Endpoint: _384_ (rising edge-triggered flip-flop clocked by clk_i)
Path Group: clk_i
Path Type: min

Fanout         Cap        Slew       Delay        Time   Description
---------------------------------------------------------------------------------------------
                                  0.000000    0.000000   clock clk_i (rise edge)
                                  0.000000    0.000000   clock source latency
     1    0.020654    0.073648    0.051282    0.051282 ^ clk_i (in)
                                                         clk_i (net)
                      0.073738    0.000000    0.051282 ^ clkbuf_0_clk_i/A (sky130_fd_sc_hd__clkbuf_16)
     8    0.090655    0.082774    0.133017    0.184299 ^ clkbuf_0_clk_i/X (sky130_fd_sc_hd__clkbuf_16)
                                                         clknet_0_clk_i (net)
                      0.083269    0.005139    0.189438 ^ clkbuf_3_7__f_clk_i/A (sky130_fd_sc_hd__clkbuf_16)
     8    0.029344    0.038231    0.104709    0.294147 ^ clkbuf_3_7__f_clk_i/X (sky130_fd_sc_hd__clkbuf_16)
                                                         clknet_3_7__leaf_clk_i (net)
                      0.038291    0.001314    0.295461 ^ _343_/CLK (sky130_fd_sc_hd__dfrtp_1)
     4    0.013478    0.095835    0.249880    0.545342 ^ _343_/Q (sky130_fd_sc_hd__dfrtp_1)
                                                         rng_rd.mem[7][2] (net)
                      0.095839    0.000743    0.546084 ^ _324_/A1 (sky130_fd_sc_hd__mux2_1)
     1    0.002861    0.029083    0.088392    0.634477 ^ _324_/X (sky130_fd_sc_hd__mux2_1)
                                                         _050_ (net)
                      0.029084    0.000179    0.634656 ^ hold34/A (sky130_fd_sc_hd__dlygate4sd3_1)
     1    0.002774    0.037120    0.370158    1.004814 ^ hold34/X (sky130_fd_sc_hd__dlygate4sd3_1)
                                                         net61 (net)
                      0.037120    0.000188    1.005001 ^ _384_/D (sky130_fd_sc_hd__dfrtp_1)
                                              1.005001   data arrival time

                                  0.000000    0.000000   clock clk_i (rise edge)
                                  0.000000    0.000000   clock source latency
     1    0.020654    0.073648    0.051282    0.051282 ^ clk_i (in)
                                                         clk_i (net)
                      0.073738    0.000000    0.051282 ^ clkbuf_0_clk_i/A (sky130_fd_sc_hd__clkbuf_16)
     8    0.090655    0.082774    0.133017    0.184299 ^ clkbuf_0_clk_i/X (sky130_fd_sc_hd__clkbuf_16)
                                                         clknet_0_clk_i (net)
                      0.083509    0.006211    0.190510 ^ clkbuf_3_5__f_clk_i/A (sky130_fd_sc_hd__clkbuf_16)
     9    0.029482    0.038301    0.104985    0.295495 ^ clkbuf_3_5__f_clk_i/X (sky130_fd_sc_hd__clkbuf_16)
                                                         clknet_3_5__leaf_clk_i (net)
                      0.038387    0.001536    0.297031 ^ _384_/CLK (sky130_fd_sc_hd__dfrtp_1)
                                  0.250000    0.547031   clock uncertainty
                                  0.000000    0.547031   clock reconvergence pessimism
                                 -0.020058    0.526973   library hold time
                                              0.526973   data required time
---------------------------------------------------------------------------------------------
                                              0.526973   data required time
                                             -1.005001   data arrival time
---------------------------------------------------------------------------------------------
                                              0.478028   slack (MET)


Startpoint: _382_ (rising edge-triggered flip-flop clocked by clk_i)
Endpoint: _382_ (rising edge-triggered flip-flop clocked by clk_i)
Path Group: clk_i
Path Type: min

Fanout         Cap        Slew       Delay        Time   Description
---------------------------------------------------------------------------------------------
                                  0.000000    0.000000   clock clk_i (rise edge)
                                  0.000000    0.000000   clock source latency
     1    0.020654    0.073648    0.051282    0.051282 ^ clk_i (in)
                                                         clk_i (net)
                      0.073738    0.000000    0.051282 ^ clkbuf_0_clk_i/A (sky130_fd_sc_hd__clkbuf_16)
     8    0.090655    0.082774    0.133017    0.184299 ^ clkbuf_0_clk_i/X (sky130_fd_sc_hd__clkbuf_16)
                                                         clknet_0_clk_i (net)
                      0.083269    0.005139    0.189438 ^ clkbuf_3_7__f_clk_i/A (sky130_fd_sc_hd__clkbuf_16)
     8    0.029344    0.038231    0.104709    0.294147 ^ clkbuf_3_7__f_clk_i/X (sky130_fd_sc_hd__clkbuf_16)
                                                         clknet_3_7__leaf_clk_i (net)
                      0.038298    0.001376    0.295523 ^ _382_/CLK (sky130_fd_sc_hd__dfrtp_1)
     3    0.009238    0.069915    0.230511    0.526034 ^ _382_/Q (sky130_fd_sc_hd__dfrtp_1)
                                                         rng_rd.mem[8][0] (net)
                      0.069916    0.000379    0.526414 ^ hold50/A (sky130_fd_sc_hd__dlygate4sd3_1)
     2    0.006345    0.061224    0.398243    0.924656 ^ hold50/X (sky130_fd_sc_hd__dlygate4sd3_1)
                                                         net77 (net)
                      0.061224    0.000202    0.924858 ^ _322_/A0 (sky130_fd_sc_hd__mux2_1)
     1    0.002846    0.029096    0.079374    1.004233 ^ _322_/X (sky130_fd_sc_hd__mux2_1)
                                                         _048_ (net)
                      0.029097    0.000192    1.004425 ^ _382_/D (sky130_fd_sc_hd__dfrtp_1)
                                              1.004425   data arrival time

                                  0.000000    0.000000   clock clk_i (rise edge)
                                  0.000000    0.000000   clock source latency
     1    0.020654    0.073648    0.051282    0.051282 ^ clk_i (in)
                                                         clk_i (net)
                      0.073738    0.000000    0.051282 ^ clkbuf_0_clk_i/A (sky130_fd_sc_hd__clkbuf_16)
     8    0.090655    0.082774    0.133017    0.184299 ^ clkbuf_0_clk_i/X (sky130_fd_sc_hd__clkbuf_16)
                                                         clknet_0_clk_i (net)
                      0.083269    0.005139    0.189438 ^ clkbuf_3_7__f_clk_i/A (sky130_fd_sc_hd__clkbuf_16)
     8    0.029344    0.038231    0.104709    0.294147 ^ clkbuf_3_7__f_clk_i/X (sky130_fd_sc_hd__clkbuf_16)
                                                         clknet_3_7__leaf_clk_i (net)
                      0.038298    0.001376    0.295523 ^ _382_/CLK (sky130_fd_sc_hd__dfrtp_1)
                                  0.250000    0.545523   clock uncertainty
                                  0.000000    0.545523   clock reconvergence pessimism
                                 -0.019455    0.526069   library hold time
                                              0.526069   data required time
---------------------------------------------------------------------------------------------
                                              0.526069   data required time
                                             -1.004425   data arrival time
---------------------------------------------------------------------------------------------
                                              0.478356   slack (MET)


Startpoint: _391_ (rising edge-triggered flip-flop clocked by clk_i)
Endpoint: _346_ (rising edge-triggered flip-flop clocked by clk_i)
Path Group: clk_i
Path Type: min

Fanout         Cap        Slew       Delay        Time   Description
---------------------------------------------------------------------------------------------
                                  0.000000    0.000000   clock clk_i (rise edge)
                                  0.000000    0.000000   clock source latency
     1    0.020654    0.073648    0.051282    0.051282 ^ clk_i (in)
                                                         clk_i (net)
                      0.073738    0.000000    0.051282 ^ clkbuf_0_clk_i/A (sky130_fd_sc_hd__clkbuf_16)
     8    0.090655    0.082774    0.133017    0.184299 ^ clkbuf_0_clk_i/X (sky130_fd_sc_hd__clkbuf_16)
                                                         clknet_0_clk_i (net)
                      0.083509    0.006211    0.190510 ^ clkbuf_3_5__f_clk_i/A (sky130_fd_sc_hd__clkbuf_16)
     9    0.029482    0.038301    0.104985    0.295495 ^ clkbuf_3_5__f_clk_i/X (sky130_fd_sc_hd__clkbuf_16)
                                                         clknet_3_5__leaf_clk_i (net)
                      0.038394    0.001591    0.297086 ^ _391_/CLK (sky130_fd_sc_hd__dfrtp_1)
     2    0.008178    0.063483    0.225332    0.522418 ^ _391_/Q (sky130_fd_sc_hd__dfrtp_1)
                                                         rng_rd.mem[9][2] (net)
                      0.063486    0.000501    0.522919 ^ hold36/A (sky130_fd_sc_hd__dlygate4sd3_1)
     2    0.006642    0.063265    0.398790    0.921709 ^ hold36/X (sky130_fd_sc_hd__dlygate4sd3_1)
                                                         net63 (net)
                      0.063265    0.000435    0.922144 ^ _288_/A1 (sky130_fd_sc_hd__mux2_1)
     1    0.003394    0.032090    0.084112    1.006256 ^ _288_/X (sky130_fd_sc_hd__mux2_1)
                                                         _014_ (net)
                      0.032090    0.000215    1.006470 ^ _346_/D (sky130_fd_sc_hd__dfrtp_1)
                                              1.006470   data arrival time

                                  0.000000    0.000000   clock clk_i (rise edge)
                                  0.000000    0.000000   clock source latency
     1    0.020654    0.073648    0.051282    0.051282 ^ clk_i (in)
                                                         clk_i (net)
                      0.073738    0.000000    0.051282 ^ clkbuf_0_clk_i/A (sky130_fd_sc_hd__clkbuf_16)
     8    0.090655    0.082774    0.133017    0.184299 ^ clkbuf_0_clk_i/X (sky130_fd_sc_hd__clkbuf_16)
                                                         clknet_0_clk_i (net)
                      0.083509    0.006211    0.190510 ^ clkbuf_3_5__f_clk_i/A (sky130_fd_sc_hd__clkbuf_16)
     9    0.029482    0.038301    0.104985    0.295495 ^ clkbuf_3_5__f_clk_i/X (sky130_fd_sc_hd__clkbuf_16)
                                                         clknet_3_5__leaf_clk_i (net)
                      0.038400    0.001641    0.297136 ^ _346_/CLK (sky130_fd_sc_hd__dfrtp_1)
                                  0.250000    0.547136   clock uncertainty
                                  0.000000    0.547136   clock reconvergence pessimism
                                 -0.019678    0.527458   library hold time
                                              0.527458   data required time
---------------------------------------------------------------------------------------------
                                              0.527458   data required time
                                             -1.006470   data arrival time
---------------------------------------------------------------------------------------------
                                              0.479013   slack (MET)


Startpoint: _343_ (rising edge-triggered flip-flop clocked by clk_i)
Endpoint: _343_ (rising edge-triggered flip-flop clocked by clk_i)
Path Group: clk_i
Path Type: min

Fanout         Cap        Slew       Delay        Time   Description
---------------------------------------------------------------------------------------------
                                  0.000000    0.000000   clock clk_i (rise edge)
                                  0.000000    0.000000   clock source latency
     1    0.020654    0.073648    0.051282    0.051282 ^ clk_i (in)
                                                         clk_i (net)
                      0.073738    0.000000    0.051282 ^ clkbuf_0_clk_i/A (sky130_fd_sc_hd__clkbuf_16)
     8    0.090655    0.082774    0.133017    0.184299 ^ clkbuf_0_clk_i/X (sky130_fd_sc_hd__clkbuf_16)
                                                         clknet_0_clk_i (net)
                      0.083269    0.005139    0.189438 ^ clkbuf_3_7__f_clk_i/A (sky130_fd_sc_hd__clkbuf_16)
     8    0.029344    0.038231    0.104709    0.294147 ^ clkbuf_3_7__f_clk_i/X (sky130_fd_sc_hd__clkbuf_16)
                                                         clknet_3_7__leaf_clk_i (net)
                      0.038291    0.001314    0.295461 ^ _343_/CLK (sky130_fd_sc_hd__dfrtp_1)
     4    0.013478    0.095835    0.249880    0.545342 ^ _343_/Q (sky130_fd_sc_hd__dfrtp_1)
                                                         rng_rd.mem[7][2] (net)
                      0.095839    0.000760    0.546101 ^ _285_/A0 (sky130_fd_sc_hd__mux2_1)
     1    0.003648    0.033679    0.090836    0.636937 ^ _285_/X (sky130_fd_sc_hd__mux2_1)
                                                         _011_ (net)
                      0.033680    0.000233    0.637170 ^ hold28/A (sky130_fd_sc_hd__dlygate4sd3_1)
     1    0.002413    0.035009    0.368852    1.006022 ^ hold28/X (sky130_fd_sc_hd__dlygate4sd3_1)
                                                         net55 (net)
                      0.035009    0.000114    1.006137 ^ _343_/D (sky130_fd_sc_hd__dfrtp_1)
                                              1.006137   data arrival time

                                  0.000000    0.000000   clock clk_i (rise edge)
                                  0.000000    0.000000   clock source latency
     1    0.020654    0.073648    0.051282    0.051282 ^ clk_i (in)
                                                         clk_i (net)
                      0.073738    0.000000    0.051282 ^ clkbuf_0_clk_i/A (sky130_fd_sc_hd__clkbuf_16)
     8    0.090655    0.082774    0.133017    0.184299 ^ clkbuf_0_clk_i/X (sky130_fd_sc_hd__clkbuf_16)
                                                         clknet_0_clk_i (net)
                      0.083269    0.005139    0.189438 ^ clkbuf_3_7__f_clk_i/A (sky130_fd_sc_hd__clkbuf_16)
     8    0.029344    0.038231    0.104709    0.294147 ^ clkbuf_3_7__f_clk_i/X (sky130_fd_sc_hd__clkbuf_16)
                                                         clknet_3_7__leaf_clk_i (net)
                      0.038291    0.001314    0.295461 ^ _343_/CLK (sky130_fd_sc_hd__dfrtp_1)
                                  0.250000    0.545461   clock uncertainty
                                  0.000000    0.545461   clock reconvergence pessimism
                                 -0.019901    0.525560   library hold time
                                              0.525560   data required time
---------------------------------------------------------------------------------------------
                                              0.525560   data required time
                                             -1.006137   data arrival time
---------------------------------------------------------------------------------------------
                                              0.480577   slack (MET)


Startpoint: _392_ (rising edge-triggered flip-flop clocked by clk_i)
Endpoint: _389_ (rising edge-triggered flip-flop clocked by clk_i)
Path Group: clk_i
Path Type: min

Fanout         Cap        Slew       Delay        Time   Description
---------------------------------------------------------------------------------------------
                                  0.000000    0.000000   clock clk_i (rise edge)
                                  0.000000    0.000000   clock source latency
     1    0.020654    0.073648    0.051282    0.051282 ^ clk_i (in)
                                                         clk_i (net)
                      0.073738    0.000000    0.051282 ^ clkbuf_0_clk_i/A (sky130_fd_sc_hd__clkbuf_16)
     8    0.090655    0.082774    0.133017    0.184299 ^ clkbuf_0_clk_i/X (sky130_fd_sc_hd__clkbuf_16)
                                                         clknet_0_clk_i (net)
                      0.083488    0.006122    0.190422 ^ clkbuf_3_1__f_clk_i/A (sky130_fd_sc_hd__clkbuf_16)
     8    0.026845    0.036437    0.103179    0.293601 ^ clkbuf_3_1__f_clk_i/X (sky130_fd_sc_hd__clkbuf_16)
                                                         clknet_3_1__leaf_clk_i (net)
                      0.036509    0.001357    0.294958 ^ _392_/CLK (sky130_fd_sc_hd__dfrtp_1)
     1    0.002940    0.028336    0.222473    0.517431 v _392_/Q (sky130_fd_sc_hd__dfrtp_1)
                                                         rng_rd.wr_pulse (net)
                      0.028336    0.000117    0.517548 v _252_/A (sky130_fd_sc_hd__and4_1)
     1    0.003611    0.026177    0.091843    0.609390 v _252_/X (sky130_fd_sc_hd__and4_1)
                                                         _139_ (net)
                      0.026178    0.000150    0.609541 v fanout12/A (sky130_fd_sc_hd__clkbuf_2)
     5    0.025704    0.070505    0.108548    0.718089 v fanout12/X (sky130_fd_sc_hd__clkbuf_2)
                                                         net12 (net)
                      0.070534    0.001326    0.719414 v fanout11/A (sky130_fd_sc_hd__buf_2)
     8    0.041389    0.074316    0.140579    0.859994 v fanout11/X (sky130_fd_sc_hd__buf_2)
                                                         net11 (net)
                      0.074649    0.003962    0.863955 v _330_/S (sky130_fd_sc_hd__mux2_1)
     1    0.003635    0.033603    0.144107    1.008062 ^ _330_/X (sky130_fd_sc_hd__mux2_1)
                                                         _054_ (net)
                      0.033604    0.000236    1.008298 ^ _389_/D (sky130_fd_sc_hd__dfrtp_1)
                                              1.008298   data arrival time

                                  0.000000    0.000000   clock clk_i (rise edge)
                                  0.000000    0.000000   clock source latency
     1    0.020654    0.073648    0.051282    0.051282 ^ clk_i (in)
                                                         clk_i (net)
                      0.073738    0.000000    0.051282 ^ clkbuf_0_clk_i/A (sky130_fd_sc_hd__clkbuf_16)
     8    0.090655    0.082774    0.133017    0.184299 ^ clkbuf_0_clk_i/X (sky130_fd_sc_hd__clkbuf_16)
                                                         clknet_0_clk_i (net)
                      0.083509    0.006211    0.190510 ^ clkbuf_3_5__f_clk_i/A (sky130_fd_sc_hd__clkbuf_16)
     9    0.029482    0.038301    0.104985    0.295495 ^ clkbuf_3_5__f_clk_i/X (sky130_fd_sc_hd__clkbuf_16)
                                                         clknet_3_5__leaf_clk_i (net)
                      0.038350    0.001187    0.296683 ^ _389_/CLK (sky130_fd_sc_hd__dfrtp_1)
                                  0.250000    0.546683   clock uncertainty
                                  0.000000    0.546683   clock reconvergence pessimism
                                 -0.019794    0.526889   library hold time
                                              0.526889   data required time
---------------------------------------------------------------------------------------------
                                              0.526889   data required time
                                             -1.008298   data arrival time
---------------------------------------------------------------------------------------------
                                              0.481409   slack (MET)


Startpoint: _355_ (rising edge-triggered flip-flop clocked by clk_i)
Endpoint: _352_ (rising edge-triggered flip-flop clocked by clk_i)
Path Group: clk_i
Path Type: min

Fanout         Cap        Slew       Delay        Time   Description
---------------------------------------------------------------------------------------------
                                  0.000000    0.000000   clock clk_i (rise edge)
                                  0.000000    0.000000   clock source latency
     1    0.020654    0.073648    0.051282    0.051282 ^ clk_i (in)
                                                         clk_i (net)
                      0.073738    0.000000    0.051282 ^ clkbuf_0_clk_i/A (sky130_fd_sc_hd__clkbuf_16)
     8    0.090655    0.082774    0.133017    0.184299 ^ clkbuf_0_clk_i/X (sky130_fd_sc_hd__clkbuf_16)
                                                         clknet_0_clk_i (net)
                      0.084292    0.008872    0.193172 ^ clkbuf_3_3__f_clk_i/A (sky130_fd_sc_hd__clkbuf_16)
     9    0.029992    0.038739    0.105269    0.298441 ^ clkbuf_3_3__f_clk_i/X (sky130_fd_sc_hd__clkbuf_16)
                                                         clknet_3_3__leaf_clk_i (net)
                      0.038833    0.001630    0.300071 ^ _355_/CLK (sky130_fd_sc_hd__dfrtp_1)
     3    0.007898    0.061763    0.224188    0.524258 ^ _355_/Q (sky130_fd_sc_hd__dfrtp_1)
                                                         rng_rd.mem[4][2] (net)
                      0.061764    0.000403    0.524661 ^ hold41/A (sky130_fd_sc_hd__dlygate4sd3_1)
     2    0.007170    0.066871    0.401433    0.926094 ^ hold41/X (sky130_fd_sc_hd__dlygate4sd3_1)
                                                         net68 (net)
                      0.066871    0.000233    0.926327 ^ _294_/A1 (sky130_fd_sc_hd__mux2_1)
     1    0.002683    0.028196    0.081234    1.007561 ^ _294_/X (sky130_fd_sc_hd__mux2_1)
                                                         _020_ (net)
                      0.028196    0.000183    1.007743 ^ _352_/D (sky130_fd_sc_hd__dfrtp_1)
                                              1.007743   data arrival time

                                  0.000000    0.000000   clock clk_i (rise edge)
                                  0.000000    0.000000   clock source latency
     1    0.020654    0.073648    0.051282    0.051282 ^ clk_i (in)
                                                         clk_i (net)
                      0.073738    0.000000    0.051282 ^ clkbuf_0_clk_i/A (sky130_fd_sc_hd__clkbuf_16)
     8    0.090655    0.082774    0.133017    0.184299 ^ clkbuf_0_clk_i/X (sky130_fd_sc_hd__clkbuf_16)
                                                         clknet_0_clk_i (net)
                      0.083258    0.005081    0.189380 ^ clkbuf_3_6__f_clk_i/A (sky130_fd_sc_hd__clkbuf_16)
     7    0.028104    0.037321    0.103939    0.293320 ^ clkbuf_3_6__f_clk_i/X (sky130_fd_sc_hd__clkbuf_16)
                                                         clknet_3_6__leaf_clk_i (net)
                      0.037423    0.001640    0.294960 ^ _352_/CLK (sky130_fd_sc_hd__dfrtp_1)
                                  0.250000    0.544960   clock uncertainty
                                  0.000000    0.544960   clock reconvergence pessimism
                                 -0.019410    0.525550   library hold time
                                              0.525550   data required time
---------------------------------------------------------------------------------------------
                                              0.525550   data required time
                                             -1.007743   data arrival time
---------------------------------------------------------------------------------------------
                                              0.482194   slack (MET)


Startpoint: _350_ (rising edge-triggered flip-flop clocked by clk_i)
Endpoint: _347_ (rising edge-triggered flip-flop clocked by clk_i)
Path Group: clk_i
Path Type: min

Fanout         Cap        Slew       Delay        Time   Description
---------------------------------------------------------------------------------------------
                                  0.000000    0.000000   clock clk_i (rise edge)
                                  0.000000    0.000000   clock source latency
     1    0.020654    0.073648    0.051282    0.051282 ^ clk_i (in)
                                                         clk_i (net)
                      0.073738    0.000000    0.051282 ^ clkbuf_0_clk_i/A (sky130_fd_sc_hd__clkbuf_16)
     8    0.090655    0.082774    0.133017    0.184299 ^ clkbuf_0_clk_i/X (sky130_fd_sc_hd__clkbuf_16)
                                                         clknet_0_clk_i (net)
                      0.083258    0.005081    0.189380 ^ clkbuf_3_6__f_clk_i/A (sky130_fd_sc_hd__clkbuf_16)
     7    0.028104    0.037321    0.103939    0.293320 ^ clkbuf_3_6__f_clk_i/X (sky130_fd_sc_hd__clkbuf_16)
                                                         clknet_3_6__leaf_clk_i (net)
                      0.037389    0.001360    0.294680 ^ _350_/CLK (sky130_fd_sc_hd__dfrtp_1)
     4    0.014100    0.099760    0.252492    0.547171 ^ _350_/Q (sky130_fd_sc_hd__dfrtp_1)
                                                         rng_rd.mem[5][0] (net)
                      0.099760    0.000386    0.547557 ^ _289_/A1 (sky130_fd_sc_hd__mux2_1)
     1    0.003205    0.031005    0.091031    0.638588 ^ _289_/X (sky130_fd_sc_hd__mux2_1)
                                                         _015_ (net)
                      0.031006    0.000197    0.638785 ^ hold56/A (sky130_fd_sc_hd__dlygate4sd3_1)
     1    0.002344    0.034599    0.367819    1.006604 ^ hold56/X (sky130_fd_sc_hd__dlygate4sd3_1)
                                                         net83 (net)
                      0.034599    0.000170    1.006774 ^ _347_/D (sky130_fd_sc_hd__dfrtp_1)
                                              1.006774   data arrival time

                                  0.000000    0.000000   clock clk_i (rise edge)
                                  0.000000    0.000000   clock source latency
     1    0.020654    0.073648    0.051282    0.051282 ^ clk_i (in)
                                                         clk_i (net)
                      0.073738    0.000000    0.051282 ^ clkbuf_0_clk_i/A (sky130_fd_sc_hd__clkbuf_16)
     8    0.090655    0.082774    0.133017    0.184299 ^ clkbuf_0_clk_i/X (sky130_fd_sc_hd__clkbuf_16)
                                                         clknet_0_clk_i (net)
                      0.083258    0.005081    0.189380 ^ clkbuf_3_6__f_clk_i/A (sky130_fd_sc_hd__clkbuf_16)
     7    0.028104    0.037321    0.103939    0.293320 ^ clkbuf_3_6__f_clk_i/X (sky130_fd_sc_hd__clkbuf_16)
                                                         clknet_3_6__leaf_clk_i (net)
                      0.037334    0.000730    0.294049 ^ _347_/CLK (sky130_fd_sc_hd__dfrtp_1)
                                  0.250000    0.544049   clock uncertainty
                                  0.000000    0.544049   clock reconvergence pessimism
                                 -0.019896    0.524153   library hold time
                                              0.524153   data required time
---------------------------------------------------------------------------------------------
                                              0.524153   data required time
                                             -1.006774   data arrival time
---------------------------------------------------------------------------------------------
                                              0.482621   slack (MET)


Startpoint: _379_ (rising edge-triggered flip-flop clocked by clk_i)
Endpoint: _380_ (rising edge-triggered flip-flop clocked by clk_i)
Path Group: clk_i
Path Type: min

Fanout         Cap        Slew       Delay        Time   Description
---------------------------------------------------------------------------------------------
                                  0.000000    0.000000   clock clk_i (rise edge)
                                  0.000000    0.000000   clock source latency
     1    0.020654    0.073648    0.051282    0.051282 ^ clk_i (in)
                                                         clk_i (net)
                      0.073738    0.000000    0.051282 ^ clkbuf_0_clk_i/A (sky130_fd_sc_hd__clkbuf_16)
     8    0.090655    0.082774    0.133017    0.184299 ^ clkbuf_0_clk_i/X (sky130_fd_sc_hd__clkbuf_16)
                                                         clknet_0_clk_i (net)
                      0.083509    0.006211    0.190510 ^ clkbuf_3_5__f_clk_i/A (sky130_fd_sc_hd__clkbuf_16)
     9    0.029482    0.038301    0.104985    0.295495 ^ clkbuf_3_5__f_clk_i/X (sky130_fd_sc_hd__clkbuf_16)
                                                         clknet_3_5__leaf_clk_i (net)
                      0.038335    0.001022    0.296518 ^ _379_/CLK (sky130_fd_sc_hd__dfrtp_1)
     3    0.013997    0.099108    0.252310    0.548828 ^ _379_/Q (sky130_fd_sc_hd__dfrtp_1)
                                                         rng_rd.vld[9] (net)
                      0.099113    0.000814    0.549642 ^ _320_/A1 (sky130_fd_sc_hd__mux2_1)
     1    0.002447    0.026687    0.086925    0.636567 ^ _320_/X (sky130_fd_sc_hd__mux2_1)
                                                         _046_ (net)
                      0.026689    0.000178    0.636745 ^ hold12/A (sky130_fd_sc_hd__dlygate4sd3_1)
     1    0.003225    0.040515    0.372532    1.009277 ^ hold12/X (sky130_fd_sc_hd__dlygate4sd3_1)
                                                         net39 (net)
                      0.040515    0.000206    1.009483 ^ _380_/D (sky130_fd_sc_hd__dfrtp_1)
                                              1.009483   data arrival time

                                  0.000000    0.000000   clock clk_i (rise edge)
                                  0.000000    0.000000   clock source latency
     1    0.020654    0.073648    0.051282    0.051282 ^ clk_i (in)
                                                         clk_i (net)
                      0.073738    0.000000    0.051282 ^ clkbuf_0_clk_i/A (sky130_fd_sc_hd__clkbuf_16)
     8    0.090655    0.082774    0.133017    0.184299 ^ clkbuf_0_clk_i/X (sky130_fd_sc_hd__clkbuf_16)
                                                         clknet_0_clk_i (net)
                      0.083406    0.005775    0.190074 ^ clkbuf_3_4__f_clk_i/A (sky130_fd_sc_hd__clkbuf_16)
     7    0.025559    0.035540    0.102048    0.292122 ^ clkbuf_3_4__f_clk_i/X (sky130_fd_sc_hd__clkbuf_16)
                                                         clknet_3_4__leaf_clk_i (net)
                      0.035703    0.001559    0.293681 ^ _380_/CLK (sky130_fd_sc_hd__dfrtp_1)
                                  0.250000    0.543681   clock uncertainty
                                  0.000000    0.543681   clock reconvergence pessimism
                                 -0.020386    0.523295   library hold time
                                              0.523295   data required time
---------------------------------------------------------------------------------------------
                                              0.523295   data required time
                                             -1.009483   data arrival time
---------------------------------------------------------------------------------------------
                                              0.486188   slack (MET)


Startpoint: _360_ (rising edge-triggered flip-flop clocked by clk_i)
Endpoint: _360_ (rising edge-triggered flip-flop clocked by clk_i)
Path Group: clk_i
Path Type: min

Fanout         Cap        Slew       Delay        Time   Description
---------------------------------------------------------------------------------------------
                                  0.000000    0.000000   clock clk_i (rise edge)
                                  0.000000    0.000000   clock source latency
     1    0.020654    0.073648    0.051282    0.051282 ^ clk_i (in)
                                                         clk_i (net)
                      0.073738    0.000000    0.051282 ^ clkbuf_0_clk_i/A (sky130_fd_sc_hd__clkbuf_16)
     8    0.090655    0.082774    0.133017    0.184299 ^ clkbuf_0_clk_i/X (sky130_fd_sc_hd__clkbuf_16)
                                                         clknet_0_clk_i (net)
                      0.084278    0.008832    0.193132 ^ clkbuf_3_2__f_clk_i/A (sky130_fd_sc_hd__clkbuf_16)
     9    0.027325    0.036815    0.103441    0.296573 ^ clkbuf_3_2__f_clk_i/X (sky130_fd_sc_hd__clkbuf_16)
                                                         clknet_3_2__leaf_clk_i (net)
                      0.036856    0.001148    0.297722 ^ _360_/CLK (sky130_fd_sc_hd__dfrtp_1)
     3    0.009996    0.074392    0.233712    0.531433 ^ _360_/Q (sky130_fd_sc_hd__dfrtp_1)
                                                         rng_rd.mem[2][0] (net)
                      0.074392    0.000359    0.531792 ^ hold48/A (sky130_fd_sc_hd__dlygate4sd3_1)
     2    0.006701    0.063648    0.400878    0.932670 ^ hold48/X (sky130_fd_sc_hd__dlygate4sd3_1)
                                                         net75 (net)
                      0.063648    0.000362    0.933033 ^ _301_/A0 (sky130_fd_sc_hd__mux2_1)
     1    0.003085    0.030482    0.081126    1.014159 ^ _301_/X (sky130_fd_sc_hd__mux2_1)
                                                         _027_ (net)
                      0.030483    0.000200    1.014359 ^ _360_/D (sky130_fd_sc_hd__dfrtp_1)
                                              1.014359   data arrival time

                                  0.000000    0.000000   clock clk_i (rise edge)
                                  0.000000    0.000000   clock source latency
     1    0.020654    0.073648    0.051282    0.051282 ^ clk_i (in)
                                                         clk_i (net)
                      0.073738    0.000000    0.051282 ^ clkbuf_0_clk_i/A (sky130_fd_sc_hd__clkbuf_16)
     8    0.090655    0.082774    0.133017    0.184299 ^ clkbuf_0_clk_i/X (sky130_fd_sc_hd__clkbuf_16)
                                                         clknet_0_clk_i (net)
                      0.084278    0.008832    0.193132 ^ clkbuf_3_2__f_clk_i/A (sky130_fd_sc_hd__clkbuf_16)
     9    0.027325    0.036815    0.103441    0.296573 ^ clkbuf_3_2__f_clk_i/X (sky130_fd_sc_hd__clkbuf_16)
                                                         clknet_3_2__leaf_clk_i (net)
                      0.036856    0.001148    0.297722 ^ _360_/CLK (sky130_fd_sc_hd__dfrtp_1)
                                  0.250000    0.547722   clock uncertainty
                                  0.000000    0.547722   clock reconvergence pessimism
                                 -0.019598    0.528124   library hold time
                                              0.528124   data required time
---------------------------------------------------------------------------------------------
                                              0.528124   data required time
                                             -1.014359   data arrival time
---------------------------------------------------------------------------------------------
                                              0.486235   slack (MET)


Startpoint: _354_ (rising edge-triggered flip-flop clocked by clk_i)
Endpoint: _354_ (rising edge-triggered flip-flop clocked by clk_i)
Path Group: clk_i
Path Type: min

Fanout         Cap        Slew       Delay        Time   Description
---------------------------------------------------------------------------------------------
                                  0.000000    0.000000   clock clk_i (rise edge)
                                  0.000000    0.000000   clock source latency
     1    0.020654    0.073648    0.051282    0.051282 ^ clk_i (in)
                                                         clk_i (net)
                      0.073738    0.000000    0.051282 ^ clkbuf_0_clk_i/A (sky130_fd_sc_hd__clkbuf_16)
     8    0.090655    0.082774    0.133017    0.184299 ^ clkbuf_0_clk_i/X (sky130_fd_sc_hd__clkbuf_16)
                                                         clknet_0_clk_i (net)
                      0.084292    0.008872    0.193172 ^ clkbuf_3_3__f_clk_i/A (sky130_fd_sc_hd__clkbuf_16)
     9    0.029992    0.038739    0.105269    0.298441 ^ clkbuf_3_3__f_clk_i/X (sky130_fd_sc_hd__clkbuf_16)
                                                         clknet_3_3__leaf_clk_i (net)
                      0.038929    0.001927    0.300368 ^ _354_/CLK (sky130_fd_sc_hd__dfrtp_1)
     4    0.015047    0.105783    0.257196    0.557564 ^ _354_/Q (sky130_fd_sc_hd__dfrtp_1)
                                                         rng_rd.mem[4][1] (net)
                      0.105787    0.000792    0.558355 ^ _296_/A0 (sky130_fd_sc_hd__mux2_1)
     1    0.002459    0.026953    0.086635    0.644991 ^ _296_/X (sky130_fd_sc_hd__mux2_1)
                                                         _022_ (net)
                      0.026953    0.000114    0.645105 ^ hold31/A (sky130_fd_sc_hd__dlygate4sd3_1)
     1    0.003137    0.039940    0.372029    1.017134 ^ hold31/X (sky130_fd_sc_hd__dlygate4sd3_1)
                                                         net58 (net)
                      0.039940    0.000202    1.017337 ^ _354_/D (sky130_fd_sc_hd__dfrtp_1)
                                              1.017337   data arrival time

                                  0.000000    0.000000   clock clk_i (rise edge)
                                  0.000000    0.000000   clock source latency
     1    0.020654    0.073648    0.051282    0.051282 ^ clk_i (in)
                                                         clk_i (net)
                      0.073738    0.000000    0.051282 ^ clkbuf_0_clk_i/A (sky130_fd_sc_hd__clkbuf_16)
     8    0.090655    0.082774    0.133017    0.184299 ^ clkbuf_0_clk_i/X (sky130_fd_sc_hd__clkbuf_16)
                                                         clknet_0_clk_i (net)
                      0.084292    0.008872    0.193172 ^ clkbuf_3_3__f_clk_i/A (sky130_fd_sc_hd__clkbuf_16)
     9    0.029992    0.038739    0.105269    0.298441 ^ clkbuf_3_3__f_clk_i/X (sky130_fd_sc_hd__clkbuf_16)
                                                         clknet_3_3__leaf_clk_i (net)
                      0.038929    0.001927    0.300368 ^ _354_/CLK (sky130_fd_sc_hd__dfrtp_1)
                                  0.250000    0.550368   clock uncertainty
                                  0.000000    0.550368   clock reconvergence pessimism
                                 -0.020257    0.530111   library hold time
                                              0.530111   data required time
---------------------------------------------------------------------------------------------
                                              0.530111   data required time
                                             -1.017337   data arrival time
---------------------------------------------------------------------------------------------
                                              0.487226   slack (MET)


Startpoint: _353_ (rising edge-triggered flip-flop clocked by clk_i)
Endpoint: _353_ (rising edge-triggered flip-flop clocked by clk_i)
Path Group: clk_i
Path Type: min

Fanout         Cap        Slew       Delay        Time   Description
---------------------------------------------------------------------------------------------
                                  0.000000    0.000000   clock clk_i (rise edge)
                                  0.000000    0.000000   clock source latency
     1    0.020654    0.073648    0.051282    0.051282 ^ clk_i (in)
                                                         clk_i (net)
                      0.073738    0.000000    0.051282 ^ clkbuf_0_clk_i/A (sky130_fd_sc_hd__clkbuf_16)
     8    0.090655    0.082774    0.133017    0.184299 ^ clkbuf_0_clk_i/X (sky130_fd_sc_hd__clkbuf_16)
                                                         clknet_0_clk_i (net)
                      0.084292    0.008872    0.193172 ^ clkbuf_3_3__f_clk_i/A (sky130_fd_sc_hd__clkbuf_16)
     9    0.029992    0.038739    0.105269    0.298441 ^ clkbuf_3_3__f_clk_i/X (sky130_fd_sc_hd__clkbuf_16)
                                                         clknet_3_3__leaf_clk_i (net)
                      0.038822    0.001543    0.299984 ^ _353_/CLK (sky130_fd_sc_hd__dfrtp_1)
     4    0.015198    0.106780    0.257641    0.557625 ^ _353_/Q (sky130_fd_sc_hd__dfrtp_1)
                                                         rng_rd.mem[4][0] (net)
                      0.106782    0.000715    0.558340 ^ _295_/A0 (sky130_fd_sc_hd__mux2_1)
     1    0.003143    0.030813    0.090468    0.648809 ^ _295_/X (sky130_fd_sc_hd__mux2_1)
                                                         _021_ (net)
                      0.030814    0.000195    0.649004 ^ hold66/A (sky130_fd_sc_hd__dlygate4sd3_1)
     1    0.002531    0.035664    0.368975    1.017979 ^ hold66/X (sky130_fd_sc_hd__dlygate4sd3_1)
                                                         net93 (net)
                      0.035664    0.000177    1.018155 ^ _353_/D (sky130_fd_sc_hd__dfrtp_1)
                                              1.018155   data arrival time

                                  0.000000    0.000000   clock clk_i (rise edge)
                                  0.000000    0.000000   clock source latency
     1    0.020654    0.073648    0.051282    0.051282 ^ clk_i (in)
                                                         clk_i (net)
                      0.073738    0.000000    0.051282 ^ clkbuf_0_clk_i/A (sky130_fd_sc_hd__clkbuf_16)
     8    0.090655    0.082774    0.133017    0.184299 ^ clkbuf_0_clk_i/X (sky130_fd_sc_hd__clkbuf_16)
                                                         clknet_0_clk_i (net)
                      0.084292    0.008872    0.193172 ^ clkbuf_3_3__f_clk_i/A (sky130_fd_sc_hd__clkbuf_16)
     9    0.029992    0.038739    0.105269    0.298441 ^ clkbuf_3_3__f_clk_i/X (sky130_fd_sc_hd__clkbuf_16)
                                                         clknet_3_3__leaf_clk_i (net)
                      0.038822    0.001543    0.299984 ^ _353_/CLK (sky130_fd_sc_hd__dfrtp_1)
                                  0.250000    0.549984   clock uncertainty
                                  0.000000    0.549984   clock reconvergence pessimism
                                 -0.019937    0.530047   library hold time
                                              0.530047   data required time
---------------------------------------------------------------------------------------------
                                              0.530047   data required time
                                             -1.018155   data arrival time
---------------------------------------------------------------------------------------------
                                              0.488108   slack (MET)


Startpoint: _383_ (rising edge-triggered flip-flop clocked by clk_i)
Endpoint: _390_ (rising edge-triggered flip-flop clocked by clk_i)
Path Group: clk_i
Path Type: min

Fanout         Cap        Slew       Delay        Time   Description
---------------------------------------------------------------------------------------------
                                  0.000000    0.000000   clock clk_i (rise edge)
                                  0.000000    0.000000   clock source latency
     1    0.020654    0.073648    0.051282    0.051282 ^ clk_i (in)
                                                         clk_i (net)
                      0.073738    0.000000    0.051282 ^ clkbuf_0_clk_i/A (sky130_fd_sc_hd__clkbuf_16)
     8    0.090655    0.082774    0.133017    0.184299 ^ clkbuf_0_clk_i/X (sky130_fd_sc_hd__clkbuf_16)
                                                         clknet_0_clk_i (net)
                      0.083269    0.005139    0.189438 ^ clkbuf_3_7__f_clk_i/A (sky130_fd_sc_hd__clkbuf_16)
     8    0.029344    0.038231    0.104709    0.294147 ^ clkbuf_3_7__f_clk_i/X (sky130_fd_sc_hd__clkbuf_16)
                                                         clknet_3_7__leaf_clk_i (net)
                      0.038322    0.001580    0.295727 ^ _383_/CLK (sky130_fd_sc_hd__dfrtp_1)
     4    0.015898    0.111242    0.260554    0.556281 ^ _383_/Q (sky130_fd_sc_hd__dfrtp_1)
                                                         rng_rd.mem[8][1] (net)
                      0.111261    0.001438    0.557719 ^ _331_/A1 (sky130_fd_sc_hd__mux2_1)
     1    0.001988    0.024418    0.087145    0.644864 ^ _331_/X (sky130_fd_sc_hd__mux2_1)
                                                         _055_ (net)
                      0.024418    0.000091    0.644955 ^ hold60/A (sky130_fd_sc_hd__dlygate4sd3_1)
     1    0.003220    0.040478    0.371999    1.016953 ^ hold60/X (sky130_fd_sc_hd__dlygate4sd3_1)
                                                         net87 (net)
                      0.040478    0.000226    1.017179 ^ _390_/D (sky130_fd_sc_hd__dfrtp_1)
                                              1.017179   data arrival time

                                  0.000000    0.000000   clock clk_i (rise edge)
                                  0.000000    0.000000   clock source latency
     1    0.020654    0.073648    0.051282    0.051282 ^ clk_i (in)
                                                         clk_i (net)
                      0.073738    0.000000    0.051282 ^ clkbuf_0_clk_i/A (sky130_fd_sc_hd__clkbuf_16)
     8    0.090655    0.082774    0.133017    0.184299 ^ clkbuf_0_clk_i/X (sky130_fd_sc_hd__clkbuf_16)
                                                         clknet_0_clk_i (net)
                      0.083509    0.006211    0.190510 ^ clkbuf_3_5__f_clk_i/A (sky130_fd_sc_hd__clkbuf_16)
     9    0.029482    0.038301    0.104985    0.295495 ^ clkbuf_3_5__f_clk_i/X (sky130_fd_sc_hd__clkbuf_16)
                                                         clknet_3_5__leaf_clk_i (net)
                      0.038334    0.001012    0.296508 ^ _390_/CLK (sky130_fd_sc_hd__dfrtp_1)
                                  0.250000    0.546508   clock uncertainty
                                  0.000000    0.546508   clock reconvergence pessimism
                                 -0.020313    0.526194   library hold time
                                              0.526194   data required time
---------------------------------------------------------------------------------------------
                                              0.526194   data required time
                                             -1.017179   data arrival time
---------------------------------------------------------------------------------------------
                                              0.490985   slack (MET)


Startpoint: _354_ (rising edge-triggered flip-flop clocked by clk_i)
Endpoint: _351_ (rising edge-triggered flip-flop clocked by clk_i)
Path Group: clk_i
Path Type: min

Fanout         Cap        Slew       Delay        Time   Description
---------------------------------------------------------------------------------------------
                                  0.000000    0.000000   clock clk_i (rise edge)
                                  0.000000    0.000000   clock source latency
     1    0.020654    0.073648    0.051282    0.051282 ^ clk_i (in)
                                                         clk_i (net)
                      0.073738    0.000000    0.051282 ^ clkbuf_0_clk_i/A (sky130_fd_sc_hd__clkbuf_16)
     8    0.090655    0.082774    0.133017    0.184299 ^ clkbuf_0_clk_i/X (sky130_fd_sc_hd__clkbuf_16)
                                                         clknet_0_clk_i (net)
                      0.084292    0.008872    0.193172 ^ clkbuf_3_3__f_clk_i/A (sky130_fd_sc_hd__clkbuf_16)
     9    0.029992    0.038739    0.105269    0.298441 ^ clkbuf_3_3__f_clk_i/X (sky130_fd_sc_hd__clkbuf_16)
                                                         clknet_3_3__leaf_clk_i (net)
                      0.038929    0.001927    0.300368 ^ _354_/CLK (sky130_fd_sc_hd__dfrtp_1)
     4    0.015047    0.105783    0.257196    0.557564 ^ _354_/Q (sky130_fd_sc_hd__dfrtp_1)
                                                         rng_rd.mem[4][1] (net)
                      0.105783    0.000475    0.558038 ^ _293_/A1 (sky130_fd_sc_hd__mux2_1)
     1    0.002784    0.028590    0.090128    0.648166 ^ _293_/X (sky130_fd_sc_hd__mux2_1)
                                                         _019_ (net)
                      0.028591    0.000177    0.648344 ^ hold47/A (sky130_fd_sc_hd__dlygate4sd3_1)
     1    0.002633    0.036251    0.369147    1.017491 ^ hold47/X (sky130_fd_sc_hd__dlygate4sd3_1)
                                                         net74 (net)
                      0.036251    0.000180    1.017671 ^ _351_/D (sky130_fd_sc_hd__dfrtp_1)
                                              1.017671   data arrival time

                                  0.000000    0.000000   clock clk_i (rise edge)
                                  0.000000    0.000000   clock source latency
     1    0.020654    0.073648    0.051282    0.051282 ^ clk_i (in)
                                                         clk_i (net)
                      0.073738    0.000000    0.051282 ^ clkbuf_0_clk_i/A (sky130_fd_sc_hd__clkbuf_16)
     8    0.090655    0.082774    0.133017    0.184299 ^ clkbuf_0_clk_i/X (sky130_fd_sc_hd__clkbuf_16)
                                                         clknet_0_clk_i (net)
                      0.083258    0.005081    0.189380 ^ clkbuf_3_6__f_clk_i/A (sky130_fd_sc_hd__clkbuf_16)
     7    0.028104    0.037321    0.103939    0.293320 ^ clkbuf_3_6__f_clk_i/X (sky130_fd_sc_hd__clkbuf_16)
                                                         clknet_3_6__leaf_clk_i (net)
                      0.037395    0.001419    0.294738 ^ _351_/CLK (sky130_fd_sc_hd__dfrtp_1)
                                  0.250000    0.544738   clock uncertainty
                                  0.000000    0.544738   clock reconvergence pessimism
                                 -0.020019    0.524719   library hold time
                                              0.524719   data required time
---------------------------------------------------------------------------------------------
                                              0.524719   data required time
                                             -1.017671   data arrival time
---------------------------------------------------------------------------------------------
                                              0.492952   slack (MET)


Startpoint: _367_ (rising edge-triggered flip-flop clocked by clk_i)
Endpoint: _363_ (rising edge-triggered flip-flop clocked by clk_i)
Path Group: clk_i
Path Type: min

Fanout         Cap        Slew       Delay        Time   Description
---------------------------------------------------------------------------------------------
                                  0.000000    0.000000   clock clk_i (rise edge)
                                  0.000000    0.000000   clock source latency
     1    0.020654    0.073648    0.051282    0.051282 ^ clk_i (in)
                                                         clk_i (net)
                      0.073738    0.000000    0.051282 ^ clkbuf_0_clk_i/A (sky130_fd_sc_hd__clkbuf_16)
     8    0.090655    0.082774    0.133017    0.184299 ^ clkbuf_0_clk_i/X (sky130_fd_sc_hd__clkbuf_16)
                                                         clknet_0_clk_i (net)
                      0.084278    0.008832    0.193132 ^ clkbuf_3_2__f_clk_i/A (sky130_fd_sc_hd__clkbuf_16)
     9    0.027325    0.036815    0.103441    0.296573 ^ clkbuf_3_2__f_clk_i/X (sky130_fd_sc_hd__clkbuf_16)
                                                         clknet_3_2__leaf_clk_i (net)
                      0.037068    0.002181    0.298754 ^ _367_/CLK (sky130_fd_sc_hd__dfrtp_1)
     3    0.012070    0.086876    0.243324    0.542078 ^ _367_/Q (sky130_fd_sc_hd__dfrtp_1)
                                                         net4 (net)
                      0.086877    0.000541    0.542619 ^ hold62/A (sky130_fd_sc_hd__dlygate4sd3_1)
     2    0.006347    0.061172    0.400857    0.943476 ^ hold62/X (sky130_fd_sc_hd__dlygate4sd3_1)
                                                         net89 (net)
                      0.061172    0.000410    0.943885 ^ _304_/A1 (sky130_fd_sc_hd__mux2_1)
     1    0.002598    0.027719    0.079572    1.023457 ^ _304_/X (sky130_fd_sc_hd__mux2_1)
                                                         _030_ (net)
                      0.027719    0.000179    1.023636 ^ _363_/D (sky130_fd_sc_hd__dfrtp_1)
                                              1.023636   data arrival time

                                  0.000000    0.000000   clock clk_i (rise edge)
                                  0.000000    0.000000   clock source latency
     1    0.020654    0.073648    0.051282    0.051282 ^ clk_i (in)
                                                         clk_i (net)
                      0.073738    0.000000    0.051282 ^ clkbuf_0_clk_i/A (sky130_fd_sc_hd__clkbuf_16)
     8    0.090655    0.082774    0.133017    0.184299 ^ clkbuf_0_clk_i/X (sky130_fd_sc_hd__clkbuf_16)
                                                         clknet_0_clk_i (net)
                      0.084278    0.008832    0.193132 ^ clkbuf_3_2__f_clk_i/A (sky130_fd_sc_hd__clkbuf_16)
     9    0.027325    0.036815    0.103441    0.296573 ^ clkbuf_3_2__f_clk_i/X (sky130_fd_sc_hd__clkbuf_16)
                                                         clknet_3_2__leaf_clk_i (net)
                      0.037064    0.002163    0.298736 ^ _363_/CLK (sky130_fd_sc_hd__dfrtp_1)
                                  0.250000    0.548736   clock uncertainty
                                  0.000000    0.548736   clock reconvergence pessimism
                                 -0.019383    0.529353   library hold time
                                              0.529353   data required time
---------------------------------------------------------------------------------------------
                                              0.529353   data required time
                                             -1.023636   data arrival time
---------------------------------------------------------------------------------------------
                                              0.494282   slack (MET)


Startpoint: _344_ (rising edge-triggered flip-flop clocked by clk_i)
Endpoint: _333_ (rising edge-triggered flip-flop clocked by clk_i)
Path Group: clk_i
Path Type: min

Fanout         Cap        Slew       Delay        Time   Description
---------------------------------------------------------------------------------------------
                                  0.000000    0.000000   clock clk_i (rise edge)
                                  0.000000    0.000000   clock source latency
     1    0.020654    0.073648    0.051282    0.051282 ^ clk_i (in)
                                                         clk_i (net)
                      0.073738    0.000000    0.051282 ^ clkbuf_0_clk_i/A (sky130_fd_sc_hd__clkbuf_16)
     8    0.090655    0.082774    0.133017    0.184299 ^ clkbuf_0_clk_i/X (sky130_fd_sc_hd__clkbuf_16)
                                                         clknet_0_clk_i (net)
                      0.083509    0.006211    0.190510 ^ clkbuf_3_5__f_clk_i/A (sky130_fd_sc_hd__clkbuf_16)
     9    0.029482    0.038301    0.104985    0.295495 ^ clkbuf_3_5__f_clk_i/X (sky130_fd_sc_hd__clkbuf_16)
                                                         clknet_3_5__leaf_clk_i (net)
                      0.038342    0.001105    0.296600 ^ _344_/CLK (sky130_fd_sc_hd__dfrtp_1)
     4    0.015975    0.111692    0.261093    0.557693 ^ _344_/Q (sky130_fd_sc_hd__dfrtp_1)
                                                         rng_rd.mem[10][0] (net)
                      0.111704    0.001210    0.558902 ^ _253_/A1 (sky130_fd_sc_hd__mux2_1)
     1    0.002916    0.029346    0.092088    0.650990 ^ _253_/X (sky130_fd_sc_hd__mux2_1)
                                                         _003_ (net)
                      0.029347    0.000189    0.651179 ^ hold21/A (sky130_fd_sc_hd__dlygate4sd3_1)
     1    0.002350    0.034650    0.367518    1.018698 ^ hold21/X (sky130_fd_sc_hd__dlygate4sd3_1)
                                                         net48 (net)
                      0.034650    0.000108    1.018806 ^ _333_/D (sky130_fd_sc_hd__dfrtp_1)
                                              1.018806   data arrival time

                                  0.000000    0.000000   clock clk_i (rise edge)
                                  0.000000    0.000000   clock source latency
     1    0.020654    0.073648    0.051282    0.051282 ^ clk_i (in)
                                                         clk_i (net)
                      0.073738    0.000000    0.051282 ^ clkbuf_0_clk_i/A (sky130_fd_sc_hd__clkbuf_16)
     8    0.090655    0.082774    0.133017    0.184299 ^ clkbuf_0_clk_i/X (sky130_fd_sc_hd__clkbuf_16)
                                                         clknet_0_clk_i (net)
                      0.083406    0.005775    0.190074 ^ clkbuf_3_4__f_clk_i/A (sky130_fd_sc_hd__clkbuf_16)
     7    0.025559    0.035540    0.102048    0.292122 ^ clkbuf_3_4__f_clk_i/X (sky130_fd_sc_hd__clkbuf_16)
                                                         clknet_3_4__leaf_clk_i (net)
                      0.035756    0.001909    0.294031 ^ _333_/CLK (sky130_fd_sc_hd__dfrtp_1)
                                  0.250000    0.544031   clock uncertainty
                                  0.000000    0.544031   clock reconvergence pessimism
                                 -0.019942    0.524089   library hold time
                                              0.524089   data required time
---------------------------------------------------------------------------------------------
                                              0.524089   data required time
                                             -1.018806   data arrival time
---------------------------------------------------------------------------------------------
                                              0.494716   slack (MET)


Startpoint: _346_ (rising edge-triggered flip-flop clocked by clk_i)
Endpoint: _335_ (rising edge-triggered flip-flop clocked by clk_i)
Path Group: clk_i
Path Type: min

Fanout         Cap        Slew       Delay        Time   Description
---------------------------------------------------------------------------------------------
                                  0.000000    0.000000   clock clk_i (rise edge)
                                  0.000000    0.000000   clock source latency
     1    0.020654    0.073648    0.051282    0.051282 ^ clk_i (in)
                                                         clk_i (net)
                      0.073738    0.000000    0.051282 ^ clkbuf_0_clk_i/A (sky130_fd_sc_hd__clkbuf_16)
     8    0.090655    0.082774    0.133017    0.184299 ^ clkbuf_0_clk_i/X (sky130_fd_sc_hd__clkbuf_16)
                                                         clknet_0_clk_i (net)
                      0.083509    0.006211    0.190510 ^ clkbuf_3_5__f_clk_i/A (sky130_fd_sc_hd__clkbuf_16)
     9    0.029482    0.038301    0.104985    0.295495 ^ clkbuf_3_5__f_clk_i/X (sky130_fd_sc_hd__clkbuf_16)
                                                         clknet_3_5__leaf_clk_i (net)
                      0.038400    0.001641    0.297136 ^ _346_/CLK (sky130_fd_sc_hd__dfrtp_1)
     4    0.015615    0.109455    0.259216    0.556352 ^ _346_/Q (sky130_fd_sc_hd__dfrtp_1)
                                                         rng_rd.mem[10][2] (net)
                      0.109487    0.001779    0.558131 ^ _255_/A1 (sky130_fd_sc_hd__mux2_1)
     1    0.002787    0.028600    0.090936    0.649067 ^ _255_/X (sky130_fd_sc_hd__mux2_1)
                                                         _005_ (net)
                      0.028601    0.000179    0.649245 ^ hold26/A (sky130_fd_sc_hd__dlygate4sd3_1)
     1    0.003291    0.040949    0.373365    1.022610 ^ hold26/X (sky130_fd_sc_hd__dlygate4sd3_1)
                                                         net53 (net)
                      0.040949    0.000210    1.022821 ^ _335_/D (sky130_fd_sc_hd__dfrtp_1)
                                              1.022821   data arrival time

                                  0.000000    0.000000   clock clk_i (rise edge)
                                  0.000000    0.000000   clock source latency
     1    0.020654    0.073648    0.051282    0.051282 ^ clk_i (in)
                                                         clk_i (net)
                      0.073738    0.000000    0.051282 ^ clkbuf_0_clk_i/A (sky130_fd_sc_hd__clkbuf_16)
     8    0.090655    0.082774    0.133017    0.184299 ^ clkbuf_0_clk_i/X (sky130_fd_sc_hd__clkbuf_16)
                                                         clknet_0_clk_i (net)
                      0.083488    0.006122    0.190422 ^ clkbuf_3_1__f_clk_i/A (sky130_fd_sc_hd__clkbuf_16)
     8    0.026845    0.036437    0.103179    0.293601 ^ clkbuf_3_1__f_clk_i/X (sky130_fd_sc_hd__clkbuf_16)
                                                         clknet_3_1__leaf_clk_i (net)
                      0.036486    0.001147    0.294748 ^ _335_/CLK (sky130_fd_sc_hd__dfrtp_1)
                                  0.250000    0.544748   clock uncertainty
                                  0.000000    0.544748   clock reconvergence pessimism
                                 -0.020398    0.524350   library hold time
                                              0.524350   data required time
---------------------------------------------------------------------------------------------
                                              0.524350   data required time
                                             -1.022821   data arrival time
---------------------------------------------------------------------------------------------
                                              0.498471   slack (MET)


Startpoint: _357_ (rising edge-triggered flip-flop clocked by clk_i)
Endpoint: _357_ (rising edge-triggered flip-flop clocked by clk_i)
Path Group: clk_i
Path Type: min

Fanout         Cap        Slew       Delay        Time   Description
---------------------------------------------------------------------------------------------
                                  0.000000    0.000000   clock clk_i (rise edge)
                                  0.000000    0.000000   clock source latency
     1    0.020654    0.073648    0.051282    0.051282 ^ clk_i (in)
                                                         clk_i (net)
                      0.073738    0.000000    0.051282 ^ clkbuf_0_clk_i/A (sky130_fd_sc_hd__clkbuf_16)
     8    0.090655    0.082774    0.133017    0.184299 ^ clkbuf_0_clk_i/X (sky130_fd_sc_hd__clkbuf_16)
                                                         clknet_0_clk_i (net)
                      0.084292    0.008872    0.193172 ^ clkbuf_3_3__f_clk_i/A (sky130_fd_sc_hd__clkbuf_16)
     9    0.029992    0.038739    0.105269    0.298441 ^ clkbuf_3_3__f_clk_i/X (sky130_fd_sc_hd__clkbuf_16)
                                                         clknet_3_3__leaf_clk_i (net)
                      0.038802    0.001371    0.299812 ^ _357_/CLK (sky130_fd_sc_hd__dfrtp_1)
     4    0.017089    0.118765    0.266308    0.566120 ^ _357_/Q (sky130_fd_sc_hd__dfrtp_1)
                                                         rng_rd.mem[3][0] (net)
                      0.118769    0.000805    0.566925 ^ _298_/A0 (sky130_fd_sc_hd__mux2_1)
     1    0.003269    0.031534    0.093673    0.660598 ^ _298_/X (sky130_fd_sc_hd__mux2_1)
                                                         _024_ (net)
                      0.031534    0.000138    0.660736 ^ hold49/A (sky130_fd_sc_hd__dlygate4sd3_1)
     1    0.002690    0.036588    0.370137    1.030873 ^ hold49/X (sky130_fd_sc_hd__dlygate4sd3_1)
                                                         net76 (net)
                      0.036588    0.000196    1.031069 ^ _357_/D (sky130_fd_sc_hd__dfrtp_1)
                                              1.031069   data arrival time

                                  0.000000    0.000000   clock clk_i (rise edge)
                                  0.000000    0.000000   clock source latency
     1    0.020654    0.073648    0.051282    0.051282 ^ clk_i (in)
                                                         clk_i (net)
                      0.073738    0.000000    0.051282 ^ clkbuf_0_clk_i/A (sky130_fd_sc_hd__clkbuf_16)
     8    0.090655    0.082774    0.133017    0.184299 ^ clkbuf_0_clk_i/X (sky130_fd_sc_hd__clkbuf_16)
                                                         clknet_0_clk_i (net)
                      0.084292    0.008872    0.193172 ^ clkbuf_3_3__f_clk_i/A (sky130_fd_sc_hd__clkbuf_16)
     9    0.029992    0.038739    0.105269    0.298441 ^ clkbuf_3_3__f_clk_i/X (sky130_fd_sc_hd__clkbuf_16)
                                                         clknet_3_3__leaf_clk_i (net)
                      0.038802    0.001371    0.299812 ^ _357_/CLK (sky130_fd_sc_hd__dfrtp_1)
                                  0.250000    0.549812   clock uncertainty
                                  0.000000    0.549812   clock reconvergence pessimism
                                 -0.020007    0.529804   library hold time
                                              0.529804   data required time
---------------------------------------------------------------------------------------------
                                              0.529804   data required time
                                             -1.031069   data arrival time
---------------------------------------------------------------------------------------------
                                              0.501264   slack (MET)


Startpoint: _344_ (rising edge-triggered flip-flop clocked by clk_i)
Endpoint: _344_ (rising edge-triggered flip-flop clocked by clk_i)
Path Group: clk_i
Path Type: min

Fanout         Cap        Slew       Delay        Time   Description
---------------------------------------------------------------------------------------------
                                  0.000000    0.000000   clock clk_i (rise edge)
                                  0.000000    0.000000   clock source latency
     1    0.020654    0.073648    0.051282    0.051282 ^ clk_i (in)
                                                         clk_i (net)
                      0.073738    0.000000    0.051282 ^ clkbuf_0_clk_i/A (sky130_fd_sc_hd__clkbuf_16)
     8    0.090655    0.082774    0.133017    0.184299 ^ clkbuf_0_clk_i/X (sky130_fd_sc_hd__clkbuf_16)
                                                         clknet_0_clk_i (net)
                      0.083509    0.006211    0.190510 ^ clkbuf_3_5__f_clk_i/A (sky130_fd_sc_hd__clkbuf_16)
     9    0.029482    0.038301    0.104985    0.295495 ^ clkbuf_3_5__f_clk_i/X (sky130_fd_sc_hd__clkbuf_16)
                                                         clknet_3_5__leaf_clk_i (net)
                      0.038342    0.001105    0.296600 ^ _344_/CLK (sky130_fd_sc_hd__dfrtp_1)
     4    0.015975    0.111692    0.261093    0.557693 ^ _344_/Q (sky130_fd_sc_hd__dfrtp_1)
                                                         rng_rd.mem[10][0] (net)
                      0.111692    0.000472    0.558164 ^ _286_/A0 (sky130_fd_sc_hd__mux2_1)
     1    0.004096    0.036290    0.096444    0.654608 ^ _286_/X (sky130_fd_sc_hd__mux2_1)
                                                         _012_ (net)
                      0.036290    0.000185    0.654793 ^ hold58/A (sky130_fd_sc_hd__dlygate4sd3_1)
     1    0.003553    0.042672    0.376649    1.031443 ^ hold58/X (sky130_fd_sc_hd__dlygate4sd3_1)
                                                         net85 (net)
                      0.042672    0.000268    1.031711 ^ _344_/D (sky130_fd_sc_hd__dfrtp_1)
                                              1.031711   data arrival time

                                  0.000000    0.000000   clock clk_i (rise edge)
                                  0.000000    0.000000   clock source latency
     1    0.020654    0.073648    0.051282    0.051282 ^ clk_i (in)
                                                         clk_i (net)
                      0.073738    0.000000    0.051282 ^ clkbuf_0_clk_i/A (sky130_fd_sc_hd__clkbuf_16)
     8    0.090655    0.082774    0.133017    0.184299 ^ clkbuf_0_clk_i/X (sky130_fd_sc_hd__clkbuf_16)
                                                         clknet_0_clk_i (net)
                      0.083509    0.006211    0.190510 ^ clkbuf_3_5__f_clk_i/A (sky130_fd_sc_hd__clkbuf_16)
     9    0.029482    0.038301    0.104985    0.295495 ^ clkbuf_3_5__f_clk_i/X (sky130_fd_sc_hd__clkbuf_16)
                                                         clknet_3_5__leaf_clk_i (net)
                      0.038342    0.001105    0.296600 ^ _344_/CLK (sky130_fd_sc_hd__dfrtp_1)
                                  0.250000    0.546600   clock uncertainty
                                  0.000000    0.546600   clock reconvergence pessimism
                                 -0.020479    0.526121   library hold time
                                              0.526121   data required time
---------------------------------------------------------------------------------------------
                                              0.526121   data required time
                                             -1.031711   data arrival time
---------------------------------------------------------------------------------------------
                                              0.505590   slack (MET)


Startpoint: wr_i (input port clocked by clk_i)
Endpoint: _356_ (rising edge-triggered flip-flop clocked by clk_i)
Path Group: clk_i
Path Type: min

Fanout         Cap        Slew       Delay        Time   Description
---------------------------------------------------------------------------------------------
                                  0.000000    0.000000   clock clk_i (rise edge)
                                  0.000000    0.000000   clock network delay (propagated)
                                625.000000  625.000000 ^ input external delay
     1    0.003290    0.015676    0.008583  625.008606 ^ wr_i (in)
                                                         wr_i (net)
                      0.015678    0.000000  625.008606 ^ input3/A (sky130_fd_sc_hd__clkbuf_1)
     1    0.002409    0.028910    0.045816  625.054382 ^ input3/X (sky130_fd_sc_hd__clkbuf_1)
                                                         net3 (net)
                      0.028911    0.000171  625.054565 ^ _356_/D (sky130_fd_sc_hd__dfrtp_1)
                                            625.054565   data arrival time

                                  0.000000    0.000000   clock clk_i (rise edge)
                                  0.000000    0.000000   clock source latency
     1    0.020654    0.073648    0.051282    0.051282 ^ clk_i (in)
                                                         clk_i (net)
                      0.073738    0.000000    0.051282 ^ clkbuf_0_clk_i/A (sky130_fd_sc_hd__clkbuf_16)
     8    0.090655    0.082774    0.133017    0.184299 ^ clkbuf_0_clk_i/X (sky130_fd_sc_hd__clkbuf_16)
                                                         clknet_0_clk_i (net)
                      0.083915    0.007701    0.192000 ^ clkbuf_3_0__f_clk_i/A (sky130_fd_sc_hd__clkbuf_16)
    10    0.029685    0.038498    0.105014    0.297014 ^ clkbuf_3_0__f_clk_i/X (sky130_fd_sc_hd__clkbuf_16)
                                                         clknet_3_0__leaf_clk_i (net)
                      0.038659    0.001727    0.298741 ^ _356_/CLK (sky130_fd_sc_hd__dfrtp_1)
                                  0.250000    0.548741   clock uncertainty
                                  0.000000    0.548741   clock reconvergence pessimism
                                 -0.019431    0.529310   library hold time
                                              0.529310   data required time
---------------------------------------------------------------------------------------------
                                              0.529310   data required time
                                           -625.054565   data arrival time
---------------------------------------------------------------------------------------------
                                            624.525269   slack (MET)


Startpoint: rst_i (input port clocked by clk_i)
Endpoint: _355_ (removal check against rising-edge clock clk_i)
Path Group: asynchronous
Path Type: min

Fanout         Cap        Slew       Delay        Time   Description
---------------------------------------------------------------------------------------------
                                  0.000000    0.000000   clock clk_i (rise edge)
                                  0.000000    0.000000   clock network delay (propagated)
                                625.000000  625.000000 ^ input external delay
     1    0.002714    0.013605    0.007049  625.007080 ^ rst_i (in)
                                                         rst_i (net)
                      0.013612    0.000000  625.007080 ^ input2/A (sky130_fd_sc_hd__clkbuf_1)
     1    0.003106    0.034585    0.049397  625.056458 ^ input2/X (sky130_fd_sc_hd__clkbuf_1)
                                                         net2 (net)
                      0.034586    0.000227  625.056702 ^ fanout27/A (sky130_fd_sc_hd__dlymetal6s2s_1)
     5    0.030499    0.238820    0.202192  625.258850 ^ fanout27/X (sky130_fd_sc_hd__dlymetal6s2s_1)
                                                         net27 (net)
                      0.238856    0.002387  625.261230 ^ fanout23/A (sky130_fd_sc_hd__buf_2)
     7    0.034402    0.129464    0.170303  625.431580 ^ fanout23/X (sky130_fd_sc_hd__buf_2)
                                                         net23 (net)
                      0.129514    0.002103  625.433655 ^ _355_/RESET_B (sky130_fd_sc_hd__dfrtp_1)
                                            625.433655   data arrival time

                                  0.000000    0.000000   clock clk_i (rise edge)
                                  0.000000    0.000000   clock source latency
     1    0.020654    0.073648    0.051282    0.051282 ^ clk_i (in)
                                                         clk_i (net)
                      0.073738    0.000000    0.051282 ^ clkbuf_0_clk_i/A (sky130_fd_sc_hd__clkbuf_16)
     8    0.090655    0.082774    0.133017    0.184299 ^ clkbuf_0_clk_i/X (sky130_fd_sc_hd__clkbuf_16)
                                                         clknet_0_clk_i (net)
                      0.084292    0.008872    0.193172 ^ clkbuf_3_3__f_clk_i/A (sky130_fd_sc_hd__clkbuf_16)
     9    0.029992    0.038739    0.105269    0.298441 ^ clkbuf_3_3__f_clk_i/X (sky130_fd_sc_hd__clkbuf_16)
                                                         clknet_3_3__leaf_clk_i (net)
                      0.038833    0.001630    0.300071 ^ _355_/CLK (sky130_fd_sc_hd__dfrtp_1)
                                  0.250000    0.550071   clock uncertainty
                                  0.000000    0.550071   clock reconvergence pessimism
                                  0.223816    0.773887   library removal time
                                              0.773887   data required time
---------------------------------------------------------------------------------------------
                                              0.773887   data required time
                                           -625.433655   data arrival time
---------------------------------------------------------------------------------------------
                                            624.659790   slack (MET)


Startpoint: rst_i (input port clocked by clk_i)
Endpoint: _359_ (removal check against rising-edge clock clk_i)
Path Group: asynchronous
Path Type: min

Fanout         Cap        Slew       Delay        Time   Description
---------------------------------------------------------------------------------------------
                                  0.000000    0.000000   clock clk_i (rise edge)
                                  0.000000    0.000000   clock network delay (propagated)
                                625.000000  625.000000 ^ input external delay
     1    0.002714    0.013605    0.007049  625.007080 ^ rst_i (in)
                                                         rst_i (net)
                      0.013612    0.000000  625.007080 ^ input2/A (sky130_fd_sc_hd__clkbuf_1)
     1    0.003106    0.034585    0.049397  625.056458 ^ input2/X (sky130_fd_sc_hd__clkbuf_1)
                                                         net2 (net)
                      0.034586    0.000227  625.056702 ^ fanout27/A (sky130_fd_sc_hd__dlymetal6s2s_1)
     5    0.030499    0.238820    0.202192  625.258850 ^ fanout27/X (sky130_fd_sc_hd__dlymetal6s2s_1)
                                                         net27 (net)
                      0.238856    0.002387  625.261230 ^ fanout23/A (sky130_fd_sc_hd__buf_2)
     7    0.034402    0.129464    0.170303  625.431580 ^ fanout23/X (sky130_fd_sc_hd__buf_2)
                                                         net23 (net)
                      0.129553    0.002785  625.434326 ^ _359_/RESET_B (sky130_fd_sc_hd__dfrtp_1)
                                            625.434326   data arrival time

                                  0.000000    0.000000   clock clk_i (rise edge)
                                  0.000000    0.000000   clock source latency
     1    0.020654    0.073648    0.051282    0.051282 ^ clk_i (in)
                                                         clk_i (net)
                      0.073738    0.000000    0.051282 ^ clkbuf_0_clk_i/A (sky130_fd_sc_hd__clkbuf_16)
     8    0.090655    0.082774    0.133017    0.184299 ^ clkbuf_0_clk_i/X (sky130_fd_sc_hd__clkbuf_16)
                                                         clknet_0_clk_i (net)
                      0.084292    0.008872    0.193172 ^ clkbuf_3_3__f_clk_i/A (sky130_fd_sc_hd__clkbuf_16)
     9    0.029992    0.038739    0.105269    0.298441 ^ clkbuf_3_3__f_clk_i/X (sky130_fd_sc_hd__clkbuf_16)
                                                         clknet_3_3__leaf_clk_i (net)
                      0.038841    0.001690    0.300131 ^ _359_/CLK (sky130_fd_sc_hd__dfrtp_1)
                                  0.250000    0.550131   clock uncertainty
                                  0.000000    0.550131   clock reconvergence pessimism
                                  0.223828    0.773959   library removal time
                                              0.773959   data required time
---------------------------------------------------------------------------------------------
                                              0.773959   data required time
                                           -625.434326   data arrival time
---------------------------------------------------------------------------------------------
                                            624.660339   slack (MET)


Startpoint: rst_i (input port clocked by clk_i)
Endpoint: _357_ (removal check against rising-edge clock clk_i)
Path Group: asynchronous
Path Type: min

Fanout         Cap        Slew       Delay        Time   Description
---------------------------------------------------------------------------------------------
                                  0.000000    0.000000   clock clk_i (rise edge)
                                  0.000000    0.000000   clock network delay (propagated)
                                625.000000  625.000000 ^ input external delay
     1    0.002714    0.013605    0.007049  625.007080 ^ rst_i (in)
                                                         rst_i (net)
                      0.013612    0.000000  625.007080 ^ input2/A (sky130_fd_sc_hd__clkbuf_1)
     1    0.003106    0.034585    0.049397  625.056458 ^ input2/X (sky130_fd_sc_hd__clkbuf_1)
                                                         net2 (net)
                      0.034586    0.000227  625.056702 ^ fanout27/A (sky130_fd_sc_hd__dlymetal6s2s_1)
     5    0.030499    0.238820    0.202192  625.258850 ^ fanout27/X (sky130_fd_sc_hd__dlymetal6s2s_1)
                                                         net27 (net)
                      0.238856    0.002387  625.261230 ^ fanout23/A (sky130_fd_sc_hd__buf_2)
     7    0.034402    0.129464    0.170303  625.431580 ^ fanout23/X (sky130_fd_sc_hd__buf_2)
                                                         net23 (net)
                      0.129584    0.003240  625.434814 ^ _357_/RESET_B (sky130_fd_sc_hd__dfrtp_1)
                                            625.434814   data arrival time

                                  0.000000    0.000000   clock clk_i (rise edge)
                                  0.000000    0.000000   clock source latency
     1    0.020654    0.073648    0.051282    0.051282 ^ clk_i (in)
                                                         clk_i (net)
                      0.073738    0.000000    0.051282 ^ clkbuf_0_clk_i/A (sky130_fd_sc_hd__clkbuf_16)
     8    0.090655    0.082774    0.133017    0.184299 ^ clkbuf_0_clk_i/X (sky130_fd_sc_hd__clkbuf_16)
                                                         clknet_0_clk_i (net)
                      0.084292    0.008872    0.193172 ^ clkbuf_3_3__f_clk_i/A (sky130_fd_sc_hd__clkbuf_16)
     9    0.029992    0.038739    0.105269    0.298441 ^ clkbuf_3_3__f_clk_i/X (sky130_fd_sc_hd__clkbuf_16)
                                                         clknet_3_3__leaf_clk_i (net)
                      0.038802    0.001371    0.299812 ^ _357_/CLK (sky130_fd_sc_hd__dfrtp_1)
                                  0.250000    0.549812   clock uncertainty
                                  0.000000    0.549812   clock reconvergence pessimism
                                  0.223831    0.773642   library removal time
                                              0.773642   data required time
---------------------------------------------------------------------------------------------
                                              0.773642   data required time
                                           -625.434814   data arrival time
---------------------------------------------------------------------------------------------
                                            624.661133   slack (MET)


Startpoint: rst_i (input port clocked by clk_i)
Endpoint: _358_ (removal check against rising-edge clock clk_i)
Path Group: asynchronous
Path Type: min

Fanout         Cap        Slew       Delay        Time   Description
---------------------------------------------------------------------------------------------
                                  0.000000    0.000000   clock clk_i (rise edge)
                                  0.000000    0.000000   clock network delay (propagated)
                                625.000000  625.000000 ^ input external delay
     1    0.002714    0.013605    0.007049  625.007080 ^ rst_i (in)
                                                         rst_i (net)
                      0.013612    0.000000  625.007080 ^ input2/A (sky130_fd_sc_hd__clkbuf_1)
     1    0.003106    0.034585    0.049397  625.056458 ^ input2/X (sky130_fd_sc_hd__clkbuf_1)
                                                         net2 (net)
                      0.034586    0.000227  625.056702 ^ fanout27/A (sky130_fd_sc_hd__dlymetal6s2s_1)
     5    0.030499    0.238820    0.202192  625.258850 ^ fanout27/X (sky130_fd_sc_hd__dlymetal6s2s_1)
                                                         net27 (net)
                      0.238856    0.002387  625.261230 ^ fanout23/A (sky130_fd_sc_hd__buf_2)
     7    0.034402    0.129464    0.170303  625.431580 ^ fanout23/X (sky130_fd_sc_hd__buf_2)
                                                         net23 (net)
                      0.129678    0.004320  625.435852 ^ _358_/RESET_B (sky130_fd_sc_hd__dfrtp_1)
                                            625.435852   data arrival time

                                  0.000000    0.000000   clock clk_i (rise edge)
                                  0.000000    0.000000   clock source latency
     1    0.020654    0.073648    0.051282    0.051282 ^ clk_i (in)
                                                         clk_i (net)
                      0.073738    0.000000    0.051282 ^ clkbuf_0_clk_i/A (sky130_fd_sc_hd__clkbuf_16)
     8    0.090655    0.082774    0.133017    0.184299 ^ clkbuf_0_clk_i/X (sky130_fd_sc_hd__clkbuf_16)
                                                         clknet_0_clk_i (net)
                      0.084292    0.008872    0.193172 ^ clkbuf_3_3__f_clk_i/A (sky130_fd_sc_hd__clkbuf_16)
     9    0.029992    0.038739    0.105269    0.298441 ^ clkbuf_3_3__f_clk_i/X (sky130_fd_sc_hd__clkbuf_16)
                                                         clknet_3_3__leaf_clk_i (net)
                      0.038941    0.002002    0.300443 ^ _358_/CLK (sky130_fd_sc_hd__dfrtp_1)
                                  0.250000    0.550443   clock uncertainty
                                  0.000000    0.550443   clock reconvergence pessimism
                                  0.223874    0.774317   library removal time
                                              0.774317   data required time
---------------------------------------------------------------------------------------------
                                              0.774317   data required time
                                           -625.435852   data arrival time
---------------------------------------------------------------------------------------------
                                            624.661560   slack (MET)


Startpoint: rst_i (input port clocked by clk_i)
Endpoint: _374_ (removal check against rising-edge clock clk_i)
Path Group: asynchronous
Path Type: min

Fanout         Cap        Slew       Delay        Time   Description
---------------------------------------------------------------------------------------------
                                  0.000000    0.000000   clock clk_i (rise edge)
                                  0.000000    0.000000   clock network delay (propagated)
                                625.000000  625.000000 ^ input external delay
     1    0.002714    0.013605    0.007049  625.007080 ^ rst_i (in)
                                                         rst_i (net)
                      0.013612    0.000000  625.007080 ^ input2/A (sky130_fd_sc_hd__clkbuf_1)
     1    0.003106    0.034585    0.049397  625.056458 ^ input2/X (sky130_fd_sc_hd__clkbuf_1)
                                                         net2 (net)
                      0.034586    0.000227  625.056702 ^ fanout27/A (sky130_fd_sc_hd__dlymetal6s2s_1)
     5    0.030499    0.238820    0.202192  625.258850 ^ fanout27/X (sky130_fd_sc_hd__dlymetal6s2s_1)
                                                         net27 (net)
                      0.238856    0.002387  625.261230 ^ fanout23/A (sky130_fd_sc_hd__buf_2)
     7    0.034402    0.129464    0.170303  625.431580 ^ fanout23/X (sky130_fd_sc_hd__buf_2)
                                                         net23 (net)
                      0.129684    0.004320  625.435852 ^ _374_/RESET_B (sky130_fd_sc_hd__dfrtp_1)
                                            625.435852   data arrival time

                                  0.000000    0.000000   clock clk_i (rise edge)
                                  0.000000    0.000000   clock source latency
     1    0.020654    0.073648    0.051282    0.051282 ^ clk_i (in)
                                                         clk_i (net)
                      0.073738    0.000000    0.051282 ^ clkbuf_0_clk_i/A (sky130_fd_sc_hd__clkbuf_16)
     8    0.090655    0.082774    0.133017    0.184299 ^ clkbuf_0_clk_i/X (sky130_fd_sc_hd__clkbuf_16)
                                                         clknet_0_clk_i (net)
                      0.084292    0.008872    0.193172 ^ clkbuf_3_3__f_clk_i/A (sky130_fd_sc_hd__clkbuf_16)
     9    0.029992    0.038739    0.105269    0.298441 ^ clkbuf_3_3__f_clk_i/X (sky130_fd_sc_hd__clkbuf_16)
                                                         clknet_3_3__leaf_clk_i (net)
                      0.038941    0.002002    0.300443 ^ _374_/CLK (sky130_fd_sc_hd__dfrtp_1)
                                  0.250000    0.550443   clock uncertainty
                                  0.000000    0.550443   clock reconvergence pessimism
                                  0.223875    0.774318   library removal time
                                              0.774318   data required time
---------------------------------------------------------------------------------------------
                                              0.774318   data required time
                                           -625.435852   data arrival time
---------------------------------------------------------------------------------------------
                                            624.661560   slack (MET)


Startpoint: rst_i (input port clocked by clk_i)
Endpoint: _362_ (removal check against rising-edge clock clk_i)
Path Group: asynchronous
Path Type: min

Fanout         Cap        Slew       Delay        Time   Description
---------------------------------------------------------------------------------------------
                                  0.000000    0.000000   clock clk_i (rise edge)
                                  0.000000    0.000000   clock network delay (propagated)
                                625.000000  625.000000 ^ input external delay
     1    0.002714    0.013605    0.007049  625.007080 ^ rst_i (in)
                                                         rst_i (net)
                      0.013612    0.000000  625.007080 ^ input2/A (sky130_fd_sc_hd__clkbuf_1)
     1    0.003106    0.034585    0.049397  625.056458 ^ input2/X (sky130_fd_sc_hd__clkbuf_1)
                                                         net2 (net)
                      0.034586    0.000227  625.056702 ^ fanout27/A (sky130_fd_sc_hd__dlymetal6s2s_1)
     5    0.030499    0.238820    0.202192  625.258850 ^ fanout27/X (sky130_fd_sc_hd__dlymetal6s2s_1)
                                                         net27 (net)
                      0.238856    0.002387  625.261230 ^ fanout21/A (sky130_fd_sc_hd__buf_2)
     7    0.034448    0.129601    0.170814  625.432068 ^ fanout21/X (sky130_fd_sc_hd__buf_2)
                                                         net21 (net)
                      0.129678    0.002615  625.434692 ^ _362_/RESET_B (sky130_fd_sc_hd__dfrtp_1)
                                            625.434692   data arrival time

                                  0.000000    0.000000   clock clk_i (rise edge)
                                  0.000000    0.000000   clock source latency
     1    0.020654    0.073648    0.051282    0.051282 ^ clk_i (in)
                                                         clk_i (net)
                      0.073738    0.000000    0.051282 ^ clkbuf_0_clk_i/A (sky130_fd_sc_hd__clkbuf_16)
     8    0.090655    0.082774    0.133017    0.184299 ^ clkbuf_0_clk_i/X (sky130_fd_sc_hd__clkbuf_16)
                                                         clknet_0_clk_i (net)
                      0.083915    0.007701    0.192000 ^ clkbuf_3_0__f_clk_i/A (sky130_fd_sc_hd__clkbuf_16)
    10    0.029685    0.038498    0.105014    0.297014 ^ clkbuf_3_0__f_clk_i/X (sky130_fd_sc_hd__clkbuf_16)
                                                         clknet_3_0__leaf_clk_i (net)
                      0.038567    0.001417    0.298432 ^ _362_/CLK (sky130_fd_sc_hd__dfrtp_1)
                                  0.250000    0.548432   clock uncertainty
                                  0.000000    0.548432   clock reconvergence pessimism
                                  0.223823    0.772255   library removal time
                                              0.772255   data required time
---------------------------------------------------------------------------------------------
                                              0.772255   data required time
                                           -625.434692   data arrival time
---------------------------------------------------------------------------------------------
                                            624.662415   slack (MET)


Startpoint: rst_i (input port clocked by clk_i)
Endpoint: _360_ (removal check against rising-edge clock clk_i)
Path Group: asynchronous
Path Type: min

Fanout         Cap        Slew       Delay        Time   Description
---------------------------------------------------------------------------------------------
                                  0.000000    0.000000   clock clk_i (rise edge)
                                  0.000000    0.000000   clock network delay (propagated)
                                625.000000  625.000000 ^ input external delay
     1    0.002714    0.013605    0.007049  625.007080 ^ rst_i (in)
                                                         rst_i (net)
                      0.013612    0.000000  625.007080 ^ input2/A (sky130_fd_sc_hd__clkbuf_1)
     1    0.003106    0.034585    0.049397  625.056458 ^ input2/X (sky130_fd_sc_hd__clkbuf_1)
                                                         net2 (net)
                      0.034586    0.000227  625.056702 ^ fanout27/A (sky130_fd_sc_hd__dlymetal6s2s_1)
     5    0.030499    0.238820    0.202192  625.258850 ^ fanout27/X (sky130_fd_sc_hd__dlymetal6s2s_1)
                                                         net27 (net)
                      0.238856    0.002387  625.261230 ^ fanout23/A (sky130_fd_sc_hd__buf_2)
     7    0.034402    0.129464    0.170303  625.431580 ^ fanout23/X (sky130_fd_sc_hd__buf_2)
                                                         net23 (net)
                      0.129621    0.003695  625.435242 ^ _360_/RESET_B (sky130_fd_sc_hd__dfrtp_1)
                                            625.435242   data arrival time

                                  0.000000    0.000000   clock clk_i (rise edge)
                                  0.000000    0.000000   clock source latency
     1    0.020654    0.073648    0.051282    0.051282 ^ clk_i (in)
                                                         clk_i (net)
                      0.073738    0.000000    0.051282 ^ clkbuf_0_clk_i/A (sky130_fd_sc_hd__clkbuf_16)
     8    0.090655    0.082774    0.133017    0.184299 ^ clkbuf_0_clk_i/X (sky130_fd_sc_hd__clkbuf_16)
                                                         clknet_0_clk_i (net)
                      0.084278    0.008832    0.193132 ^ clkbuf_3_2__f_clk_i/A (sky130_fd_sc_hd__clkbuf_16)
     9    0.027325    0.036815    0.103441    0.296573 ^ clkbuf_3_2__f_clk_i/X (sky130_fd_sc_hd__clkbuf_16)
                                                         clknet_3_2__leaf_clk_i (net)
                      0.036856    0.001148    0.297722 ^ _360_/CLK (sky130_fd_sc_hd__dfrtp_1)
                                  0.250000    0.547722   clock uncertainty
                                  0.000000    0.547722   clock reconvergence pessimism
                                  0.223575    0.771296   library removal time
                                              0.771296   data required time
---------------------------------------------------------------------------------------------
                                              0.771296   data required time
                                           -625.435242   data arrival time
---------------------------------------------------------------------------------------------
                                            624.663940   slack (MET)


Startpoint: rst_i (input port clocked by clk_i)
Endpoint: _373_ (removal check against rising-edge clock clk_i)
Path Group: asynchronous
Path Type: min

Fanout         Cap        Slew       Delay        Time   Description
---------------------------------------------------------------------------------------------
                                  0.000000    0.000000   clock clk_i (rise edge)
                                  0.000000    0.000000   clock network delay (propagated)
                                625.000000  625.000000 ^ input external delay
     1    0.002714    0.013605    0.007049  625.007080 ^ rst_i (in)
                                                         rst_i (net)
                      0.013612    0.000000  625.007080 ^ input2/A (sky130_fd_sc_hd__clkbuf_1)
     1    0.003106    0.034585    0.049397  625.056458 ^ input2/X (sky130_fd_sc_hd__clkbuf_1)
                                                         net2 (net)
                      0.034586    0.000227  625.056702 ^ fanout27/A (sky130_fd_sc_hd__dlymetal6s2s_1)
     5    0.030499    0.238820    0.202192  625.258850 ^ fanout27/X (sky130_fd_sc_hd__dlymetal6s2s_1)
                                                         net27 (net)
                      0.238856    0.002387  625.261230 ^ fanout23/A (sky130_fd_sc_hd__buf_2)
     7    0.034402    0.129464    0.170303  625.431580 ^ fanout23/X (sky130_fd_sc_hd__buf_2)
                                                         net23 (net)
                      0.129651    0.004036  625.435608 ^ _373_/RESET_B (sky130_fd_sc_hd__dfrtp_1)
                                            625.435608   data arrival time

                                  0.000000    0.000000   clock clk_i (rise edge)
                                  0.000000    0.000000   clock source latency
     1    0.020654    0.073648    0.051282    0.051282 ^ clk_i (in)
                                                         clk_i (net)
                      0.073738    0.000000    0.051282 ^ clkbuf_0_clk_i/A (sky130_fd_sc_hd__clkbuf_16)
     8    0.090655    0.082774    0.133017    0.184299 ^ clkbuf_0_clk_i/X (sky130_fd_sc_hd__clkbuf_16)
                                                         clknet_0_clk_i (net)
                      0.084278    0.008832    0.193132 ^ clkbuf_3_2__f_clk_i/A (sky130_fd_sc_hd__clkbuf_16)
     9    0.027325    0.036815    0.103441    0.296573 ^ clkbuf_3_2__f_clk_i/X (sky130_fd_sc_hd__clkbuf_16)
                                                         clknet_3_2__leaf_clk_i (net)
                      0.036931    0.001286    0.297859 ^ _373_/CLK (sky130_fd_sc_hd__dfrtp_1)
                                  0.250000    0.547859   clock uncertainty
                                  0.000000    0.547859   clock reconvergence pessimism
                                  0.223593    0.771452   library removal time
                                              0.771452   data required time
---------------------------------------------------------------------------------------------
                                              0.771452   data required time
                                           -625.435608   data arrival time
---------------------------------------------------------------------------------------------
                                            624.664124   slack (MET)


Startpoint: rst_i (input port clocked by clk_i)
Endpoint: _392_ (removal check against rising-edge clock clk_i)
Path Group: asynchronous
Path Type: min

Fanout         Cap        Slew       Delay        Time   Description
---------------------------------------------------------------------------------------------
                                  0.000000    0.000000   clock clk_i (rise edge)
                                  0.000000    0.000000   clock network delay (propagated)
                                625.000000  625.000000 ^ input external delay
     1    0.002714    0.013605    0.007049  625.007080 ^ rst_i (in)
                                                         rst_i (net)
                      0.013612    0.000000  625.007080 ^ input2/A (sky130_fd_sc_hd__clkbuf_1)
     1    0.003106    0.034585    0.049397  625.056458 ^ input2/X (sky130_fd_sc_hd__clkbuf_1)
                                                         net2 (net)
                      0.034586    0.000227  625.056702 ^ fanout27/A (sky130_fd_sc_hd__dlymetal6s2s_1)
     5    0.030499    0.238820    0.202192  625.258850 ^ fanout27/X (sky130_fd_sc_hd__dlymetal6s2s_1)
                                                         net27 (net)
                      0.238856    0.002387  625.261230 ^ fanout21/A (sky130_fd_sc_hd__buf_2)
     7    0.034448    0.129601    0.170814  625.432068 ^ fanout21/X (sky130_fd_sc_hd__buf_2)
                                                         net21 (net)
                      0.129624    0.001421  625.433472 ^ _392_/RESET_B (sky130_fd_sc_hd__dfrtp_1)
                                            625.433472   data arrival time

                                  0.000000    0.000000   clock clk_i (rise edge)
                                  0.000000    0.000000   clock source latency
     1    0.020654    0.073648    0.051282    0.051282 ^ clk_i (in)
                                                         clk_i (net)
                      0.073738    0.000000    0.051282 ^ clkbuf_0_clk_i/A (sky130_fd_sc_hd__clkbuf_16)
     8    0.090655    0.082774    0.133017    0.184299 ^ clkbuf_0_clk_i/X (sky130_fd_sc_hd__clkbuf_16)
                                                         clknet_0_clk_i (net)
                      0.083488    0.006122    0.190422 ^ clkbuf_3_1__f_clk_i/A (sky130_fd_sc_hd__clkbuf_16)
     8    0.026845    0.036437    0.103179    0.293601 ^ clkbuf_3_1__f_clk_i/X (sky130_fd_sc_hd__clkbuf_16)
                                                         clknet_3_1__leaf_clk_i (net)
                      0.036509    0.001357    0.294958 ^ _392_/CLK (sky130_fd_sc_hd__dfrtp_1)
                                  0.250000    0.544958   clock uncertainty
                                  0.000000    0.544958   clock reconvergence pessimism
                                  0.223528    0.768486   library removal time
                                              0.768486   data required time
---------------------------------------------------------------------------------------------
                                              0.768486   data required time
                                           -625.433472   data arrival time
---------------------------------------------------------------------------------------------
                                            624.665039   slack (MET)


Startpoint: rst_i (input port clocked by clk_i)
Endpoint: _385_ (removal check against rising-edge clock clk_i)
Path Group: asynchronous
Path Type: min

Fanout         Cap        Slew       Delay        Time   Description
---------------------------------------------------------------------------------------------
                                  0.000000    0.000000   clock clk_i (rise edge)
                                  0.000000    0.000000   clock network delay (propagated)
                                625.000000  625.000000 ^ input external delay
     1    0.002714    0.013605    0.007049  625.007080 ^ rst_i (in)
                                                         rst_i (net)
                      0.013612    0.000000  625.007080 ^ input2/A (sky130_fd_sc_hd__clkbuf_1)
     1    0.003106    0.034585    0.049397  625.056458 ^ input2/X (sky130_fd_sc_hd__clkbuf_1)
                                                         net2 (net)
                      0.034586    0.000227  625.056702 ^ fanout27/A (sky130_fd_sc_hd__dlymetal6s2s_1)
     5    0.030499    0.238820    0.202192  625.258850 ^ fanout27/X (sky130_fd_sc_hd__dlymetal6s2s_1)
                                                         net27 (net)
                      0.238856    0.002387  625.261230 ^ fanout21/A (sky130_fd_sc_hd__buf_2)
     7    0.034448    0.129601    0.170814  625.432068 ^ fanout21/X (sky130_fd_sc_hd__buf_2)
                                                         net21 (net)
                      0.129654    0.002160  625.434204 ^ _385_/RESET_B (sky130_fd_sc_hd__dfrtp_1)
                                            625.434204   data arrival time

                                  0.000000    0.000000   clock clk_i (rise edge)
                                  0.000000    0.000000   clock source latency
     1    0.020654    0.073648    0.051282    0.051282 ^ clk_i (in)
                                                         clk_i (net)
                      0.073738    0.000000    0.051282 ^ clkbuf_0_clk_i/A (sky130_fd_sc_hd__clkbuf_16)
     8    0.090655    0.082774    0.133017    0.184299 ^ clkbuf_0_clk_i/X (sky130_fd_sc_hd__clkbuf_16)
                                                         clknet_0_clk_i (net)
                      0.083488    0.006122    0.190422 ^ clkbuf_3_1__f_clk_i/A (sky130_fd_sc_hd__clkbuf_16)
     8    0.026845    0.036437    0.103179    0.293601 ^ clkbuf_3_1__f_clk_i/X (sky130_fd_sc_hd__clkbuf_16)
                                                         clknet_3_1__leaf_clk_i (net)
                      0.036499    0.001274    0.294875 ^ _385_/CLK (sky130_fd_sc_hd__dfrtp_1)
                                  0.250000    0.544875   clock uncertainty
                                  0.000000    0.544875   clock reconvergence pessimism
                                  0.223535    0.768410   library removal time
                                              0.768410   data required time
---------------------------------------------------------------------------------------------
                                              0.768410   data required time
                                           -625.434204   data arrival time
---------------------------------------------------------------------------------------------
                                            624.665833   slack (MET)


Startpoint: rst_i (input port clocked by clk_i)
Endpoint: _337_ (removal check against rising-edge clock clk_i)
Path Group: asynchronous
Path Type: min

Fanout         Cap        Slew       Delay        Time   Description
---------------------------------------------------------------------------------------------
                                  0.000000    0.000000   clock clk_i (rise edge)
                                  0.000000    0.000000   clock network delay (propagated)
                                625.000000  625.000000 ^ input external delay
     1    0.002714    0.013605    0.007049  625.007080 ^ rst_i (in)
                                                         rst_i (net)
                      0.013612    0.000000  625.007080 ^ input2/A (sky130_fd_sc_hd__clkbuf_1)
     1    0.003106    0.034585    0.049397  625.056458 ^ input2/X (sky130_fd_sc_hd__clkbuf_1)
                                                         net2 (net)
                      0.034586    0.000227  625.056702 ^ fanout27/A (sky130_fd_sc_hd__dlymetal6s2s_1)
     5    0.030499    0.238820    0.202192  625.258850 ^ fanout27/X (sky130_fd_sc_hd__dlymetal6s2s_1)
                                                         net27 (net)
                      0.238856    0.002387  625.261230 ^ fanout21/A (sky130_fd_sc_hd__buf_2)
     7    0.034448    0.129601    0.170814  625.432068 ^ fanout21/X (sky130_fd_sc_hd__buf_2)
                                                         net21 (net)
                      0.129707    0.003070  625.435120 ^ _337_/RESET_B (sky130_fd_sc_hd__dfrtp_1)
                                            625.435120   data arrival time

                                  0.000000    0.000000   clock clk_i (rise edge)
                                  0.000000    0.000000   clock source latency
     1    0.020654    0.073648    0.051282    0.051282 ^ clk_i (in)
                                                         clk_i (net)
                      0.073738    0.000000    0.051282 ^ clkbuf_0_clk_i/A (sky130_fd_sc_hd__clkbuf_16)
     8    0.090655    0.082774    0.133017    0.184299 ^ clkbuf_0_clk_i/X (sky130_fd_sc_hd__clkbuf_16)
                                                         clknet_0_clk_i (net)
                      0.083488    0.006122    0.190422 ^ clkbuf_3_1__f_clk_i/A (sky130_fd_sc_hd__clkbuf_16)
     8    0.026845    0.036437    0.103179    0.293601 ^ clkbuf_3_1__f_clk_i/X (sky130_fd_sc_hd__clkbuf_16)
                                                         clknet_3_1__leaf_clk_i (net)
                      0.036489    0.001176    0.294777 ^ _337_/CLK (sky130_fd_sc_hd__dfrtp_1)
                                  0.250000    0.544777   clock uncertainty
                                  0.000000    0.544777   clock reconvergence pessimism
                                  0.223547    0.768324   library removal time
                                              0.768324   data required time
---------------------------------------------------------------------------------------------
                                              0.768324   data required time
                                           -625.435120   data arrival time
---------------------------------------------------------------------------------------------
                                            624.666870   slack (MET)


Startpoint: rst_i (input port clocked by clk_i)
Endpoint: _386_ (removal check against rising-edge clock clk_i)
Path Group: asynchronous
Path Type: min

Fanout         Cap        Slew       Delay        Time   Description
---------------------------------------------------------------------------------------------
                                  0.000000    0.000000   clock clk_i (rise edge)
                                  0.000000    0.000000   clock network delay (propagated)
                                625.000000  625.000000 ^ input external delay
     1    0.002714    0.013605    0.007049  625.007080 ^ rst_i (in)
                                                         rst_i (net)
                      0.013612    0.000000  625.007080 ^ input2/A (sky130_fd_sc_hd__clkbuf_1)
     1    0.003106    0.034585    0.049397  625.056458 ^ input2/X (sky130_fd_sc_hd__clkbuf_1)
                                                         net2 (net)
                      0.034586    0.000227  625.056702 ^ fanout27/A (sky130_fd_sc_hd__dlymetal6s2s_1)
     5    0.030499    0.238820    0.202192  625.258850 ^ fanout27/X (sky130_fd_sc_hd__dlymetal6s2s_1)
                                                         net27 (net)
                      0.238856    0.002387  625.261230 ^ fanout21/A (sky130_fd_sc_hd__buf_2)
     7    0.034448    0.129601    0.170814  625.432068 ^ fanout21/X (sky130_fd_sc_hd__buf_2)
                                                         net21 (net)
                      0.129756    0.003695  625.435791 ^ _386_/RESET_B (sky130_fd_sc_hd__dfrtp_4)
                                            625.435791   data arrival time

                                  0.000000    0.000000   clock clk_i (rise edge)
                                  0.000000    0.000000   clock source latency
     1    0.020654    0.073648    0.051282    0.051282 ^ clk_i (in)
                                                         clk_i (net)
                      0.073738    0.000000    0.051282 ^ clkbuf_0_clk_i/A (sky130_fd_sc_hd__clkbuf_16)
     8    0.090655    0.082774    0.133017    0.184299 ^ clkbuf_0_clk_i/X (sky130_fd_sc_hd__clkbuf_16)
                                                         clknet_0_clk_i (net)
                      0.083488    0.006122    0.190422 ^ clkbuf_3_1__f_clk_i/A (sky130_fd_sc_hd__clkbuf_16)
     8    0.026845    0.036437    0.103179    0.293601 ^ clkbuf_3_1__f_clk_i/X (sky130_fd_sc_hd__clkbuf_16)
                                                         clknet_3_1__leaf_clk_i (net)
                      0.036512    0.001387    0.294988 ^ _386_/CLK (sky130_fd_sc_hd__dfrtp_4)
                                  0.250000    0.544988   clock uncertainty
                                  0.000000    0.544988   clock reconvergence pessimism
                                  0.224435    0.769423   library removal time
                                              0.769423   data required time
---------------------------------------------------------------------------------------------
                                              0.769423   data required time
                                           -625.435791   data arrival time
---------------------------------------------------------------------------------------------
                                            624.666321   slack (MET)


Startpoint: rst_i (input port clocked by clk_i)
Endpoint: _387_ (removal check against rising-edge clock clk_i)
Path Group: asynchronous
Path Type: min

Fanout         Cap        Slew       Delay        Time   Description
---------------------------------------------------------------------------------------------
                                  0.000000    0.000000   clock clk_i (rise edge)
                                  0.000000    0.000000   clock network delay (propagated)
                                625.000000  625.000000 ^ input external delay
     1    0.002714    0.013605    0.007049  625.007080 ^ rst_i (in)
                                                         rst_i (net)
                      0.013612    0.000000  625.007080 ^ input2/A (sky130_fd_sc_hd__clkbuf_1)
     1    0.003106    0.034585    0.049397  625.056458 ^ input2/X (sky130_fd_sc_hd__clkbuf_1)
                                                         net2 (net)
                      0.034586    0.000227  625.056702 ^ fanout27/A (sky130_fd_sc_hd__dlymetal6s2s_1)
     5    0.030499    0.238820    0.202192  625.258850 ^ fanout27/X (sky130_fd_sc_hd__dlymetal6s2s_1)
                                                         net27 (net)
                      0.238856    0.002387  625.261230 ^ fanout21/A (sky130_fd_sc_hd__buf_2)
     7    0.034448    0.129601    0.170814  625.432068 ^ fanout21/X (sky130_fd_sc_hd__buf_2)
                                                         net21 (net)
                      0.129754    0.003638  625.435730 ^ _387_/RESET_B (sky130_fd_sc_hd__dfrtp_4)
                                            625.435730   data arrival time

                                  0.000000    0.000000   clock clk_i (rise edge)
                                  0.000000    0.000000   clock source latency
     1    0.020654    0.073648    0.051282    0.051282 ^ clk_i (in)
                                                         clk_i (net)
                      0.073738    0.000000    0.051282 ^ clkbuf_0_clk_i/A (sky130_fd_sc_hd__clkbuf_16)
     8    0.090655    0.082774    0.133017    0.184299 ^ clkbuf_0_clk_i/X (sky130_fd_sc_hd__clkbuf_16)
                                                         clknet_0_clk_i (net)
                      0.083406    0.005775    0.190074 ^ clkbuf_3_4__f_clk_i/A (sky130_fd_sc_hd__clkbuf_16)
     7    0.025559    0.035540    0.102048    0.292122 ^ clkbuf_3_4__f_clk_i/X (sky130_fd_sc_hd__clkbuf_16)
                                                         clknet_3_4__leaf_clk_i (net)
                      0.035812    0.002234    0.294356 ^ _387_/CLK (sky130_fd_sc_hd__dfrtp_4)
                                  0.250000    0.544356   clock uncertainty
                                  0.000000    0.544356   clock reconvergence pessimism
                                  0.224341    0.768697   library removal time
                                              0.768697   data required time
---------------------------------------------------------------------------------------------
                                              0.768697   data required time
                                           -625.435730   data arrival time
---------------------------------------------------------------------------------------------
                                            624.666992   slack (MET)


Startpoint: rst_i (input port clocked by clk_i)
Endpoint: _388_ (removal check against rising-edge clock clk_i)
Path Group: asynchronous
Path Type: min

Fanout         Cap        Slew       Delay        Time   Description
---------------------------------------------------------------------------------------------
                                  0.000000    0.000000   clock clk_i (rise edge)
                                  0.000000    0.000000   clock network delay (propagated)
                                625.000000  625.000000 ^ input external delay
     1    0.002714    0.013605    0.007049  625.007080 ^ rst_i (in)
                                                         rst_i (net)
                      0.013612    0.000000  625.007080 ^ input2/A (sky130_fd_sc_hd__clkbuf_1)
     1    0.003106    0.034585    0.049397  625.056458 ^ input2/X (sky130_fd_sc_hd__clkbuf_1)
                                                         net2 (net)
                      0.034586    0.000227  625.056702 ^ fanout27/A (sky130_fd_sc_hd__dlymetal6s2s_1)
     5    0.030499    0.238820    0.202192  625.258850 ^ fanout27/X (sky130_fd_sc_hd__dlymetal6s2s_1)
                                                         net27 (net)
                      0.238856    0.002387  625.261230 ^ fanout21/A (sky130_fd_sc_hd__buf_2)
     7    0.034448    0.129601    0.170814  625.432068 ^ fanout21/X (sky130_fd_sc_hd__buf_2)
                                                         net21 (net)
                      0.129745    0.003524  625.435608 ^ _388_/RESET_B (sky130_fd_sc_hd__dfrtp_2)
                                            625.435608   data arrival time

                                  0.000000    0.000000   clock clk_i (rise edge)
                                  0.000000    0.000000   clock source latency
     1    0.020654    0.073648    0.051282    0.051282 ^ clk_i (in)
                                                         clk_i (net)
                      0.073738    0.000000    0.051282 ^ clkbuf_0_clk_i/A (sky130_fd_sc_hd__clkbuf_16)
     8    0.090655    0.082774    0.133017    0.184299 ^ clkbuf_0_clk_i/X (sky130_fd_sc_hd__clkbuf_16)
                                                         clknet_0_clk_i (net)
                      0.083406    0.005775    0.190074 ^ clkbuf_3_4__f_clk_i/A (sky130_fd_sc_hd__clkbuf_16)
     7    0.025559    0.035540    0.102048    0.292122 ^ clkbuf_3_4__f_clk_i/X (sky130_fd_sc_hd__clkbuf_16)
                                                         clknet_3_4__leaf_clk_i (net)
                      0.035809    0.002215    0.294338 ^ _388_/CLK (sky130_fd_sc_hd__dfrtp_2)
                                  0.250000    0.544337   clock uncertainty
                                  0.000000    0.544337   clock reconvergence pessimism
                                  0.223464    0.767802   library removal time
                                              0.767802   data required time
---------------------------------------------------------------------------------------------
                                              0.767802   data required time
                                           -625.435608   data arrival time
---------------------------------------------------------------------------------------------
                                            624.667786   slack (MET)


Startpoint: rst_i (input port clocked by clk_i)
Endpoint: _390_ (removal check against rising-edge clock clk_i)
Path Group: asynchronous
Path Type: min

Fanout         Cap        Slew       Delay        Time   Description
---------------------------------------------------------------------------------------------
                                  0.000000    0.000000   clock clk_i (rise edge)
                                  0.000000    0.000000   clock network delay (propagated)
                                625.000000  625.000000 ^ input external delay
     1    0.002714    0.013605    0.007049  625.007080 ^ rst_i (in)
                                                         rst_i (net)
                      0.013612    0.000000  625.007080 ^ input2/A (sky130_fd_sc_hd__clkbuf_1)
     1    0.003106    0.034585    0.049397  625.056458 ^ input2/X (sky130_fd_sc_hd__clkbuf_1)
                                                         net2 (net)
                      0.034586    0.000227  625.056702 ^ fanout27/A (sky130_fd_sc_hd__dlymetal6s2s_1)
     5    0.030499    0.238820    0.202192  625.258850 ^ fanout27/X (sky130_fd_sc_hd__dlymetal6s2s_1)
                                                         net27 (net)
                      0.238830    0.001307  625.260193 ^ fanout26/A (sky130_fd_sc_hd__buf_2)
     8    0.039658    0.147126    0.184002  625.444153 ^ fanout26/X (sky130_fd_sc_hd__buf_2)
                                                         net26 (net)
                      0.147166    0.001990  625.446167 ^ _390_/RESET_B (sky130_fd_sc_hd__dfrtp_1)
                                            625.446167   data arrival time

                                  0.000000    0.000000   clock clk_i (rise edge)
                                  0.000000    0.000000   clock source latency
     1    0.020654    0.073648    0.051282    0.051282 ^ clk_i (in)
                                                         clk_i (net)
                      0.073738    0.000000    0.051282 ^ clkbuf_0_clk_i/A (sky130_fd_sc_hd__clkbuf_16)
     8    0.090655    0.082774    0.133017    0.184299 ^ clkbuf_0_clk_i/X (sky130_fd_sc_hd__clkbuf_16)
                                                         clknet_0_clk_i (net)
                      0.083509    0.006211    0.190510 ^ clkbuf_3_5__f_clk_i/A (sky130_fd_sc_hd__clkbuf_16)
     9    0.029482    0.038301    0.104985    0.295495 ^ clkbuf_3_5__f_clk_i/X (sky130_fd_sc_hd__clkbuf_16)
                                                         clknet_3_5__leaf_clk_i (net)
                      0.038334    0.001012    0.296508 ^ _390_/CLK (sky130_fd_sc_hd__dfrtp_1)
                                  0.250000    0.546508   clock uncertainty
                                  0.000000    0.546508   clock reconvergence pessimism
                                  0.228337    0.774844   library removal time
                                              0.774844   data required time
---------------------------------------------------------------------------------------------
                                              0.774844   data required time
                                           -625.446167   data arrival time
---------------------------------------------------------------------------------------------
                                            624.671326   slack (MET)


Startpoint: rst_i (input port clocked by clk_i)
Endpoint: _391_ (removal check against rising-edge clock clk_i)
Path Group: asynchronous
Path Type: min

Fanout         Cap        Slew       Delay        Time   Description
---------------------------------------------------------------------------------------------
                                  0.000000    0.000000   clock clk_i (rise edge)
                                  0.000000    0.000000   clock network delay (propagated)
                                625.000000  625.000000 ^ input external delay
     1    0.002714    0.013605    0.007049  625.007080 ^ rst_i (in)
                                                         rst_i (net)
                      0.013612    0.000000  625.007080 ^ input2/A (sky130_fd_sc_hd__clkbuf_1)
     1    0.003106    0.034585    0.049397  625.056458 ^ input2/X (sky130_fd_sc_hd__clkbuf_1)
                                                         net2 (net)
                      0.034586    0.000227  625.056702 ^ fanout27/A (sky130_fd_sc_hd__dlymetal6s2s_1)
     5    0.030499    0.238820    0.202192  625.258850 ^ fanout27/X (sky130_fd_sc_hd__dlymetal6s2s_1)
                                                         net27 (net)
                      0.238830    0.001307  625.260193 ^ fanout26/A (sky130_fd_sc_hd__buf_2)
     8    0.039658    0.147126    0.184002  625.444153 ^ fanout26/X (sky130_fd_sc_hd__buf_2)
                                                         net26 (net)
                      0.147173    0.002160  625.446350 ^ _391_/RESET_B (sky130_fd_sc_hd__dfrtp_1)
                                            625.446350   data arrival time

                                  0.000000    0.000000   clock clk_i (rise edge)
                                  0.000000    0.000000   clock source latency
     1    0.020654    0.073648    0.051282    0.051282 ^ clk_i (in)
                                                         clk_i (net)
                      0.073738    0.000000    0.051282 ^ clkbuf_0_clk_i/A (sky130_fd_sc_hd__clkbuf_16)
     8    0.090655    0.082774    0.133017    0.184299 ^ clkbuf_0_clk_i/X (sky130_fd_sc_hd__clkbuf_16)
                                                         clknet_0_clk_i (net)
                      0.083509    0.006211    0.190510 ^ clkbuf_3_5__f_clk_i/A (sky130_fd_sc_hd__clkbuf_16)
     9    0.029482    0.038301    0.104985    0.295495 ^ clkbuf_3_5__f_clk_i/X (sky130_fd_sc_hd__clkbuf_16)
                                                         clknet_3_5__leaf_clk_i (net)
                      0.038394    0.001591    0.297086 ^ _391_/CLK (sky130_fd_sc_hd__dfrtp_1)
                                  0.250000    0.547086   clock uncertainty
                                  0.000000    0.547086   clock reconvergence pessimism
                                  0.228347    0.775433   library removal time
                                              0.775433   data required time
---------------------------------------------------------------------------------------------
                                              0.775433   data required time
                                           -625.446350   data arrival time
---------------------------------------------------------------------------------------------
                                            624.670898   slack (MET)


Startpoint: rst_i (input port clocked by clk_i)
Endpoint: _382_ (removal check against rising-edge clock clk_i)
Path Group: asynchronous
Path Type: min

Fanout         Cap        Slew       Delay        Time   Description
---------------------------------------------------------------------------------------------
                                  0.000000    0.000000   clock clk_i (rise edge)
                                  0.000000    0.000000   clock network delay (propagated)
                                625.000000  625.000000 ^ input external delay
     1    0.002714    0.013605    0.007049  625.007080 ^ rst_i (in)
                                                         rst_i (net)
                      0.013612    0.000000  625.007080 ^ input2/A (sky130_fd_sc_hd__clkbuf_1)
     1    0.003106    0.034585    0.049397  625.056458 ^ input2/X (sky130_fd_sc_hd__clkbuf_1)
                                                         net2 (net)
                      0.034586    0.000227  625.056702 ^ fanout27/A (sky130_fd_sc_hd__dlymetal6s2s_1)
     5    0.030499    0.238820    0.202192  625.258850 ^ fanout27/X (sky130_fd_sc_hd__dlymetal6s2s_1)
                                                         net27 (net)
                      0.238830    0.001307  625.260193 ^ fanout26/A (sky130_fd_sc_hd__buf_2)
     8    0.039658    0.147126    0.184002  625.444153 ^ fanout26/X (sky130_fd_sc_hd__buf_2)
                                                         net26 (net)
                      0.147159    0.001819  625.445984 ^ _382_/RESET_B (sky130_fd_sc_hd__dfrtp_1)
                                            625.445984   data arrival time

                                  0.000000    0.000000   clock clk_i (rise edge)
                                  0.000000    0.000000   clock source latency
     1    0.020654    0.073648    0.051282    0.051282 ^ clk_i (in)
                                                         clk_i (net)
                      0.073738    0.000000    0.051282 ^ clkbuf_0_clk_i/A (sky130_fd_sc_hd__clkbuf_16)
     8    0.090655    0.082774    0.133017    0.184299 ^ clkbuf_0_clk_i/X (sky130_fd_sc_hd__clkbuf_16)
                                                         clknet_0_clk_i (net)
                      0.083269    0.005139    0.189438 ^ clkbuf_3_7__f_clk_i/A (sky130_fd_sc_hd__clkbuf_16)
     8    0.029344    0.038231    0.104709    0.294147 ^ clkbuf_3_7__f_clk_i/X (sky130_fd_sc_hd__clkbuf_16)
                                                         clknet_3_7__leaf_clk_i (net)
                      0.038298    0.001376    0.295523 ^ _382_/CLK (sky130_fd_sc_hd__dfrtp_1)
                                  0.250000    0.545523   clock uncertainty
                                  0.000000    0.545523   clock reconvergence pessimism
                                  0.228330    0.773853   library removal time
                                              0.773853   data required time
---------------------------------------------------------------------------------------------
                                              0.773853   data required time
                                           -625.445984   data arrival time
---------------------------------------------------------------------------------------------
                                            624.672119   slack (MET)


Startpoint: rst_i (input port clocked by clk_i)
Endpoint: _348_ (removal check against rising-edge clock clk_i)
Path Group: asynchronous
Path Type: min

Fanout         Cap        Slew       Delay        Time   Description
---------------------------------------------------------------------------------------------
                                  0.000000    0.000000   clock clk_i (rise edge)
                                  0.000000    0.000000   clock network delay (propagated)
                                625.000000  625.000000 ^ input external delay
     1    0.002714    0.013605    0.007049  625.007080 ^ rst_i (in)
                                                         rst_i (net)
                      0.013612    0.000000  625.007080 ^ input2/A (sky130_fd_sc_hd__clkbuf_1)
     1    0.003106    0.034585    0.049397  625.056458 ^ input2/X (sky130_fd_sc_hd__clkbuf_1)
                                                         net2 (net)
                      0.034586    0.000227  625.056702 ^ fanout27/A (sky130_fd_sc_hd__dlymetal6s2s_1)
     5    0.030499    0.238820    0.202192  625.258850 ^ fanout27/X (sky130_fd_sc_hd__dlymetal6s2s_1)
                                                         net27 (net)
                      0.238830    0.001307  625.260193 ^ fanout26/A (sky130_fd_sc_hd__buf_2)
     8    0.039658    0.147126    0.184002  625.444153 ^ fanout26/X (sky130_fd_sc_hd__buf_2)
                                                         net26 (net)
                      0.147219    0.003070  625.447266 ^ _348_/RESET_B (sky130_fd_sc_hd__dfrtp_1)
                                            625.447266   data arrival time

                                  0.000000    0.000000   clock clk_i (rise edge)
                                  0.000000    0.000000   clock source latency
     1    0.020654    0.073648    0.051282    0.051282 ^ clk_i (in)
                                                         clk_i (net)
                      0.073738    0.000000    0.051282 ^ clkbuf_0_clk_i/A (sky130_fd_sc_hd__clkbuf_16)
     8    0.090655    0.082774    0.133017    0.184299 ^ clkbuf_0_clk_i/X (sky130_fd_sc_hd__clkbuf_16)
                                                         clknet_0_clk_i (net)
                      0.083269    0.005139    0.189438 ^ clkbuf_3_7__f_clk_i/A (sky130_fd_sc_hd__clkbuf_16)
     8    0.029344    0.038231    0.104709    0.294147 ^ clkbuf_3_7__f_clk_i/X (sky130_fd_sc_hd__clkbuf_16)
                                                         clknet_3_7__leaf_clk_i (net)
                      0.038312    0.001497    0.295644 ^ _348_/CLK (sky130_fd_sc_hd__dfrtp_1)
                                  0.250000    0.545644   clock uncertainty
                                  0.000000    0.545644   clock reconvergence pessimism
                                  0.228347    0.773992   library removal time
                                              0.773992   data required time
---------------------------------------------------------------------------------------------
                                              0.773992   data required time
                                           -625.447266   data arrival time
---------------------------------------------------------------------------------------------
                                            624.673279   slack (MET)


Startpoint: rst_i (input port clocked by clk_i)
Endpoint: _377_ (removal check against rising-edge clock clk_i)
Path Group: asynchronous
Path Type: min

Fanout         Cap        Slew       Delay        Time   Description
---------------------------------------------------------------------------------------------
                                  0.000000    0.000000   clock clk_i (rise edge)
                                  0.000000    0.000000   clock network delay (propagated)
                                625.000000  625.000000 ^ input external delay
     1    0.002714    0.013605    0.007049  625.007080 ^ rst_i (in)
                                                         rst_i (net)
                      0.013612    0.000000  625.007080 ^ input2/A (sky130_fd_sc_hd__clkbuf_1)
     1    0.003106    0.034585    0.049397  625.056458 ^ input2/X (sky130_fd_sc_hd__clkbuf_1)
                                                         net2 (net)
                      0.034586    0.000227  625.056702 ^ fanout27/A (sky130_fd_sc_hd__dlymetal6s2s_1)
     5    0.030499    0.238820    0.202192  625.258850 ^ fanout27/X (sky130_fd_sc_hd__dlymetal6s2s_1)
                                                         net27 (net)
                      0.238830    0.001307  625.260193 ^ fanout26/A (sky130_fd_sc_hd__buf_2)
     8    0.039658    0.147126    0.184002  625.444153 ^ fanout26/X (sky130_fd_sc_hd__buf_2)
                                                         net26 (net)
                      0.147206    0.002842  625.447021 ^ _377_/RESET_B (sky130_fd_sc_hd__dfrtp_1)
                                            625.447021   data arrival time

                                  0.000000    0.000000   clock clk_i (rise edge)
                                  0.000000    0.000000   clock source latency
     1    0.020654    0.073648    0.051282    0.051282 ^ clk_i (in)
                                                         clk_i (net)
                      0.073738    0.000000    0.051282 ^ clkbuf_0_clk_i/A (sky130_fd_sc_hd__clkbuf_16)
     8    0.090655    0.082774    0.133017    0.184299 ^ clkbuf_0_clk_i/X (sky130_fd_sc_hd__clkbuf_16)
                                                         clknet_0_clk_i (net)
                      0.083269    0.005139    0.189438 ^ clkbuf_3_7__f_clk_i/A (sky130_fd_sc_hd__clkbuf_16)
     8    0.029344    0.038231    0.104709    0.294147 ^ clkbuf_3_7__f_clk_i/X (sky130_fd_sc_hd__clkbuf_16)
                                                         clknet_3_7__leaf_clk_i (net)
                      0.038314    0.001516    0.295663 ^ _377_/CLK (sky130_fd_sc_hd__dfrtp_1)
                                  0.250000    0.545663   clock uncertainty
                                  0.000000    0.545663   clock reconvergence pessimism
                                  0.228344    0.774008   library removal time
                                              0.774008   data required time
---------------------------------------------------------------------------------------------
                                              0.774008   data required time
                                           -625.447021   data arrival time
---------------------------------------------------------------------------------------------
                                            624.673035   slack (MET)


Startpoint: rst_i (input port clocked by clk_i)
Endpoint: _383_ (removal check against rising-edge clock clk_i)
Path Group: asynchronous
Path Type: min

Fanout         Cap        Slew       Delay        Time   Description
---------------------------------------------------------------------------------------------
                                  0.000000    0.000000   clock clk_i (rise edge)
                                  0.000000    0.000000   clock network delay (propagated)
                                625.000000  625.000000 ^ input external delay
     1    0.002714    0.013605    0.007049  625.007080 ^ rst_i (in)
                                                         rst_i (net)
                      0.013612    0.000000  625.007080 ^ input2/A (sky130_fd_sc_hd__clkbuf_1)
     1    0.003106    0.034585    0.049397  625.056458 ^ input2/X (sky130_fd_sc_hd__clkbuf_1)
                                                         net2 (net)
                      0.034586    0.000227  625.056702 ^ fanout27/A (sky130_fd_sc_hd__dlymetal6s2s_1)
     5    0.030499    0.238820    0.202192  625.258850 ^ fanout27/X (sky130_fd_sc_hd__dlymetal6s2s_1)
                                                         net27 (net)
                      0.238830    0.001307  625.260193 ^ fanout26/A (sky130_fd_sc_hd__buf_2)
     8    0.039658    0.147126    0.184002  625.444153 ^ fanout26/X (sky130_fd_sc_hd__buf_2)
                                                         net26 (net)
                      0.147202    0.002785  625.446960 ^ _383_/RESET_B (sky130_fd_sc_hd__dfrtp_1)
                                            625.446960   data arrival time

                                  0.000000    0.000000   clock clk_i (rise edge)
                                  0.000000    0.000000   clock source latency
     1    0.020654    0.073648    0.051282    0.051282 ^ clk_i (in)
                                                         clk_i (net)
                      0.073738    0.000000    0.051282 ^ clkbuf_0_clk_i/A (sky130_fd_sc_hd__clkbuf_16)
     8    0.090655    0.082774    0.133017    0.184299 ^ clkbuf_0_clk_i/X (sky130_fd_sc_hd__clkbuf_16)
                                                         clknet_0_clk_i (net)
                      0.083269    0.005139    0.189438 ^ clkbuf_3_7__f_clk_i/A (sky130_fd_sc_hd__clkbuf_16)
     8    0.029344    0.038231    0.104709    0.294147 ^ clkbuf_3_7__f_clk_i/X (sky130_fd_sc_hd__clkbuf_16)
                                                         clknet_3_7__leaf_clk_i (net)
                      0.038322    0.001580    0.295727 ^ _383_/CLK (sky130_fd_sc_hd__dfrtp_1)
                                  0.250000    0.545727   clock uncertainty
                                  0.000000    0.545727   clock reconvergence pessimism
                                  0.228344    0.774071   library removal time
                                              0.774071   data required time
---------------------------------------------------------------------------------------------
                                              0.774071   data required time
                                           -625.446960   data arrival time
---------------------------------------------------------------------------------------------
                                            624.672852   slack (MET)


Startpoint: rst_i (input port clocked by clk_i)
Endpoint: _354_ (removal check against rising-edge clock clk_i)
Path Group: asynchronous
Path Type: min

Fanout         Cap        Slew       Delay        Time   Description
---------------------------------------------------------------------------------------------
                                  0.000000    0.000000   clock clk_i (rise edge)
                                  0.000000    0.000000   clock network delay (propagated)
                                625.000000  625.000000 ^ input external delay
     1    0.002714    0.013605    0.007049  625.007080 ^ rst_i (in)
                                                         rst_i (net)
                      0.013612    0.000000  625.007080 ^ input2/A (sky130_fd_sc_hd__clkbuf_1)
     1    0.003106    0.034585    0.049397  625.056458 ^ input2/X (sky130_fd_sc_hd__clkbuf_1)
                                                         net2 (net)
                      0.034586    0.000227  625.056702 ^ fanout27/A (sky130_fd_sc_hd__dlymetal6s2s_1)
     5    0.030499    0.238820    0.202192  625.258850 ^ fanout27/X (sky130_fd_sc_hd__dlymetal6s2s_1)
                                                         net27 (net)
                      0.238850    0.002217  625.261108 ^ fanout22/A (sky130_fd_sc_hd__clkbuf_4)
    10    0.052189    0.124425    0.196451  625.457520 ^ fanout22/X (sky130_fd_sc_hd__clkbuf_4)
                                                         net22 (net)
                      0.124445    0.001364  625.458923 ^ _354_/RESET_B (sky130_fd_sc_hd__dfrtp_1)
                                            625.458923   data arrival time

                                  0.000000    0.000000   clock clk_i (rise edge)
                                  0.000000    0.000000   clock source latency
     1    0.020654    0.073648    0.051282    0.051282 ^ clk_i (in)
                                                         clk_i (net)
                      0.073738    0.000000    0.051282 ^ clkbuf_0_clk_i/A (sky130_fd_sc_hd__clkbuf_16)
     8    0.090655    0.082774    0.133017    0.184299 ^ clkbuf_0_clk_i/X (sky130_fd_sc_hd__clkbuf_16)
                                                         clknet_0_clk_i (net)
                      0.084292    0.008872    0.193172 ^ clkbuf_3_3__f_clk_i/A (sky130_fd_sc_hd__clkbuf_16)
     9    0.029992    0.038739    0.105269    0.298441 ^ clkbuf_3_3__f_clk_i/X (sky130_fd_sc_hd__clkbuf_16)
                                                         clknet_3_3__leaf_clk_i (net)
                      0.038929    0.001927    0.300368 ^ _354_/CLK (sky130_fd_sc_hd__dfrtp_1)
                                  0.250000    0.550368   clock uncertainty
                                  0.000000    0.550368   clock reconvergence pessimism
                                  0.222512    0.772880   library removal time
                                              0.772880   data required time
---------------------------------------------------------------------------------------------
                                              0.772880   data required time
                                           -625.458923   data arrival time
---------------------------------------------------------------------------------------------
                                            624.685974   slack (MET)


Startpoint: rst_i (input port clocked by clk_i)
Endpoint: _353_ (removal check against rising-edge clock clk_i)
Path Group: asynchronous
Path Type: min

Fanout         Cap        Slew       Delay        Time   Description
---------------------------------------------------------------------------------------------
                                  0.000000    0.000000   clock clk_i (rise edge)
                                  0.000000    0.000000   clock network delay (propagated)
                                625.000000  625.000000 ^ input external delay
     1    0.002714    0.013605    0.007049  625.007080 ^ rst_i (in)
                                                         rst_i (net)
                      0.013612    0.000000  625.007080 ^ input2/A (sky130_fd_sc_hd__clkbuf_1)
     1    0.003106    0.034585    0.049397  625.056458 ^ input2/X (sky130_fd_sc_hd__clkbuf_1)
                                                         net2 (net)
                      0.034586    0.000227  625.056702 ^ fanout27/A (sky130_fd_sc_hd__dlymetal6s2s_1)
     5    0.030499    0.238820    0.202192  625.258850 ^ fanout27/X (sky130_fd_sc_hd__dlymetal6s2s_1)
                                                         net27 (net)
                      0.238850    0.002217  625.261108 ^ fanout22/A (sky130_fd_sc_hd__clkbuf_4)
    10    0.052189    0.124425    0.196451  625.457520 ^ fanout22/X (sky130_fd_sc_hd__clkbuf_4)
                                                         net22 (net)
                      0.124453    0.001592  625.459106 ^ _353_/RESET_B (sky130_fd_sc_hd__dfrtp_1)
                                            625.459106   data arrival time

                                  0.000000    0.000000   clock clk_i (rise edge)
                                  0.000000    0.000000   clock source latency
     1    0.020654    0.073648    0.051282    0.051282 ^ clk_i (in)
                                                         clk_i (net)
                      0.073738    0.000000    0.051282 ^ clkbuf_0_clk_i/A (sky130_fd_sc_hd__clkbuf_16)
     8    0.090655    0.082774    0.133017    0.184299 ^ clkbuf_0_clk_i/X (sky130_fd_sc_hd__clkbuf_16)
                                                         clknet_0_clk_i (net)
                      0.084292    0.008872    0.193172 ^ clkbuf_3_3__f_clk_i/A (sky130_fd_sc_hd__clkbuf_16)
     9    0.029992    0.038739    0.105269    0.298441 ^ clkbuf_3_3__f_clk_i/X (sky130_fd_sc_hd__clkbuf_16)
                                                         clknet_3_3__leaf_clk_i (net)
                      0.038822    0.001543    0.299984 ^ _353_/CLK (sky130_fd_sc_hd__dfrtp_1)
                                  0.250000    0.549984   clock uncertainty
                                  0.000000    0.549984   clock reconvergence pessimism
                                  0.222500    0.772484   library removal time
                                              0.772484   data required time
---------------------------------------------------------------------------------------------
                                              0.772484   data required time
                                           -625.459106   data arrival time
---------------------------------------------------------------------------------------------
                                            624.686646   slack (MET)


Startpoint: rst_i (input port clocked by clk_i)
Endpoint: _361_ (removal check against rising-edge clock clk_i)
Path Group: asynchronous
Path Type: min

Fanout         Cap        Slew       Delay        Time   Description
---------------------------------------------------------------------------------------------
                                  0.000000    0.000000   clock clk_i (rise edge)
                                  0.000000    0.000000   clock network delay (propagated)
                                625.000000  625.000000 ^ input external delay
     1    0.002714    0.013605    0.007049  625.007080 ^ rst_i (in)
                                                         rst_i (net)
                      0.013612    0.000000  625.007080 ^ input2/A (sky130_fd_sc_hd__clkbuf_1)
     1    0.003106    0.034585    0.049397  625.056458 ^ input2/X (sky130_fd_sc_hd__clkbuf_1)
                                                         net2 (net)
                      0.034586    0.000227  625.056702 ^ fanout27/A (sky130_fd_sc_hd__dlymetal6s2s_1)
     5    0.030499    0.238820    0.202192  625.258850 ^ fanout27/X (sky130_fd_sc_hd__dlymetal6s2s_1)
                                                         net27 (net)
                      0.238850    0.002217  625.261108 ^ fanout22/A (sky130_fd_sc_hd__clkbuf_4)
    10    0.052189    0.124425    0.196451  625.457520 ^ fanout22/X (sky130_fd_sc_hd__clkbuf_4)
                                                         net22 (net)
                      0.124644    0.004263  625.461792 ^ _361_/RESET_B (sky130_fd_sc_hd__dfrtp_1)
                                            625.461792   data arrival time

                                  0.000000    0.000000   clock clk_i (rise edge)
                                  0.000000    0.000000   clock source latency
     1    0.020654    0.073648    0.051282    0.051282 ^ clk_i (in)
                                                         clk_i (net)
                      0.073738    0.000000    0.051282 ^ clkbuf_0_clk_i/A (sky130_fd_sc_hd__clkbuf_16)
     8    0.090655    0.082774    0.133017    0.184299 ^ clkbuf_0_clk_i/X (sky130_fd_sc_hd__clkbuf_16)
                                                         clknet_0_clk_i (net)
                      0.084278    0.008832    0.193132 ^ clkbuf_3_2__f_clk_i/A (sky130_fd_sc_hd__clkbuf_16)
     9    0.027325    0.036815    0.103441    0.296573 ^ clkbuf_3_2__f_clk_i/X (sky130_fd_sc_hd__clkbuf_16)
                                                         clknet_3_2__leaf_clk_i (net)
                      0.036987    0.001690    0.298263 ^ _361_/CLK (sky130_fd_sc_hd__dfrtp_1)
                                  0.250000    0.548263   clock uncertainty
                                  0.000000    0.548263   clock reconvergence pessimism
                                  0.222299    0.770562   library removal time
                                              0.770562   data required time
---------------------------------------------------------------------------------------------
                                              0.770562   data required time
                                           -625.461792   data arrival time
---------------------------------------------------------------------------------------------
                                            624.691223   slack (MET)


Startpoint: rst_i (input port clocked by clk_i)
Endpoint: _364_ (removal check against rising-edge clock clk_i)
Path Group: asynchronous
Path Type: min

Fanout         Cap        Slew       Delay        Time   Description
---------------------------------------------------------------------------------------------
                                  0.000000    0.000000   clock clk_i (rise edge)
                                  0.000000    0.000000   clock network delay (propagated)
                                625.000000  625.000000 ^ input external delay
     1    0.002714    0.013605    0.007049  625.007080 ^ rst_i (in)
                                                         rst_i (net)
                      0.013612    0.000000  625.007080 ^ input2/A (sky130_fd_sc_hd__clkbuf_1)
     1    0.003106    0.034585    0.049397  625.056458 ^ input2/X (sky130_fd_sc_hd__clkbuf_1)
                                                         net2 (net)
                      0.034586    0.000227  625.056702 ^ fanout27/A (sky130_fd_sc_hd__dlymetal6s2s_1)
     5    0.030499    0.238820    0.202192  625.258850 ^ fanout27/X (sky130_fd_sc_hd__dlymetal6s2s_1)
                                                         net27 (net)
                      0.238850    0.002217  625.261108 ^ fanout22/A (sky130_fd_sc_hd__clkbuf_4)
    10    0.052189    0.124425    0.196451  625.457520 ^ fanout22/X (sky130_fd_sc_hd__clkbuf_4)
                                                         net22 (net)
                      0.124648    0.004320  625.461853 ^ _364_/RESET_B (sky130_fd_sc_hd__dfrtp_1)
                                            625.461853   data arrival time

                                  0.000000    0.000000   clock clk_i (rise edge)
                                  0.000000    0.000000   clock source latency
     1    0.020654    0.073648    0.051282    0.051282 ^ clk_i (in)
                                                         clk_i (net)
                      0.073738    0.000000    0.051282 ^ clkbuf_0_clk_i/A (sky130_fd_sc_hd__clkbuf_16)
     8    0.090655    0.082774    0.133017    0.184299 ^ clkbuf_0_clk_i/X (sky130_fd_sc_hd__clkbuf_16)
                                                         clknet_0_clk_i (net)
                      0.084278    0.008832    0.193132 ^ clkbuf_3_2__f_clk_i/A (sky130_fd_sc_hd__clkbuf_16)
     9    0.027325    0.036815    0.103441    0.296573 ^ clkbuf_3_2__f_clk_i/X (sky130_fd_sc_hd__clkbuf_16)
                                                         clknet_3_2__leaf_clk_i (net)
                      0.037082    0.002260    0.298833 ^ _364_/CLK (sky130_fd_sc_hd__dfrtp_1)
                                  0.250000    0.548833   clock uncertainty
                                  0.000000    0.548833   clock reconvergence pessimism
                                  0.222313    0.771146   library removal time
                                              0.771146   data required time
---------------------------------------------------------------------------------------------
                                              0.771146   data required time
                                           -625.461853   data arrival time
---------------------------------------------------------------------------------------------
                                            624.690735   slack (MET)


Startpoint: rst_i (input port clocked by clk_i)
Endpoint: _366_ (removal check against rising-edge clock clk_i)
Path Group: asynchronous
Path Type: min

Fanout         Cap        Slew       Delay        Time   Description
---------------------------------------------------------------------------------------------
                                  0.000000    0.000000   clock clk_i (rise edge)
                                  0.000000    0.000000   clock network delay (propagated)
                                625.000000  625.000000 ^ input external delay
     1    0.002714    0.013605    0.007049  625.007080 ^ rst_i (in)
                                                         rst_i (net)
                      0.013612    0.000000  625.007080 ^ input2/A (sky130_fd_sc_hd__clkbuf_1)
     1    0.003106    0.034585    0.049397  625.056458 ^ input2/X (sky130_fd_sc_hd__clkbuf_1)
                                                         net2 (net)
                      0.034586    0.000227  625.056702 ^ fanout27/A (sky130_fd_sc_hd__dlymetal6s2s_1)
     5    0.030499    0.238820    0.202192  625.258850 ^ fanout27/X (sky130_fd_sc_hd__dlymetal6s2s_1)
                                                         net27 (net)
                      0.238857    0.002444  625.261292 ^ fanout20/A (sky130_fd_sc_hd__clkbuf_4)
    10    0.052284    0.124675    0.195598  625.456909 ^ fanout20/X (sky130_fd_sc_hd__clkbuf_4)
                                                         net20 (net)
                      0.125083    0.005798  625.462708 ^ _366_/RESET_B (sky130_fd_sc_hd__dfrtp_1)
                                            625.462708   data arrival time

                                  0.000000    0.000000   clock clk_i (rise edge)
                                  0.000000    0.000000   clock source latency
     1    0.020654    0.073648    0.051282    0.051282 ^ clk_i (in)
                                                         clk_i (net)
                      0.073738    0.000000    0.051282 ^ clkbuf_0_clk_i/A (sky130_fd_sc_hd__clkbuf_16)
     8    0.090655    0.082774    0.133017    0.184299 ^ clkbuf_0_clk_i/X (sky130_fd_sc_hd__clkbuf_16)
                                                         clknet_0_clk_i (net)
                      0.083915    0.007701    0.192000 ^ clkbuf_3_0__f_clk_i/A (sky130_fd_sc_hd__clkbuf_16)
    10    0.029685    0.038498    0.105014    0.297014 ^ clkbuf_3_0__f_clk_i/X (sky130_fd_sc_hd__clkbuf_16)
                                                         clknet_3_0__leaf_clk_i (net)
                      0.038582    0.001546    0.298560 ^ _366_/CLK (sky130_fd_sc_hd__dfrtp_1)
                                  0.250000    0.548560   clock uncertainty
                                  0.000000    0.548560   clock reconvergence pessimism
                                  0.222631    0.771190   library removal time
                                              0.771190   data required time
---------------------------------------------------------------------------------------------
                                              0.771190   data required time
                                           -625.462708   data arrival time
---------------------------------------------------------------------------------------------
                                            624.691528   slack (MET)


Startpoint: rst_i (input port clocked by clk_i)
Endpoint: _371_ (removal check against rising-edge clock clk_i)
Path Group: asynchronous
Path Type: min

Fanout         Cap        Slew       Delay        Time   Description
---------------------------------------------------------------------------------------------
                                  0.000000    0.000000   clock clk_i (rise edge)
                                  0.000000    0.000000   clock network delay (propagated)
                                625.000000  625.000000 ^ input external delay
     1    0.002714    0.013605    0.007049  625.007080 ^ rst_i (in)
                                                         rst_i (net)
                      0.013612    0.000000  625.007080 ^ input2/A (sky130_fd_sc_hd__clkbuf_1)
     1    0.003106    0.034585    0.049397  625.056458 ^ input2/X (sky130_fd_sc_hd__clkbuf_1)
                                                         net2 (net)
                      0.034586    0.000227  625.056702 ^ fanout27/A (sky130_fd_sc_hd__dlymetal6s2s_1)
     5    0.030499    0.238820    0.202192  625.258850 ^ fanout27/X (sky130_fd_sc_hd__dlymetal6s2s_1)
                                                         net27 (net)
                      0.238850    0.002217  625.261108 ^ fanout22/A (sky130_fd_sc_hd__clkbuf_4)
    10    0.052189    0.124425    0.196451  625.457520 ^ fanout22/X (sky130_fd_sc_hd__clkbuf_4)
                                                         net22 (net)
                      0.124696    0.004718  625.462280 ^ _371_/RESET_B (sky130_fd_sc_hd__dfrtp_1)
                                            625.462280   data arrival time

                                  0.000000    0.000000   clock clk_i (rise edge)
                                  0.000000    0.000000   clock source latency
     1    0.020654    0.073648    0.051282    0.051282 ^ clk_i (in)
                                                         clk_i (net)
                      0.073738    0.000000    0.051282 ^ clkbuf_0_clk_i/A (sky130_fd_sc_hd__clkbuf_16)
     8    0.090655    0.082774    0.133017    0.184299 ^ clkbuf_0_clk_i/X (sky130_fd_sc_hd__clkbuf_16)
                                                         clknet_0_clk_i (net)
                      0.084278    0.008832    0.193132 ^ clkbuf_3_2__f_clk_i/A (sky130_fd_sc_hd__clkbuf_16)
     9    0.027325    0.036815    0.103441    0.296573 ^ clkbuf_3_2__f_clk_i/X (sky130_fd_sc_hd__clkbuf_16)
                                                         clknet_3_2__leaf_clk_i (net)
                      0.037059    0.002133    0.298706 ^ _371_/CLK (sky130_fd_sc_hd__dfrtp_1)
                                  0.250000    0.548706   clock uncertainty
                                  0.000000    0.548706   clock reconvergence pessimism
                                  0.222322    0.771028   library removal time
                                              0.771028   data required time
---------------------------------------------------------------------------------------------
                                              0.771028   data required time
                                           -625.462280   data arrival time
---------------------------------------------------------------------------------------------
                                            624.691223   slack (MET)


Startpoint: rst_i (input port clocked by clk_i)
Endpoint: _372_ (removal check against rising-edge clock clk_i)
Path Group: asynchronous
Path Type: min

Fanout         Cap        Slew       Delay        Time   Description
---------------------------------------------------------------------------------------------
                                  0.000000    0.000000   clock clk_i (rise edge)
                                  0.000000    0.000000   clock network delay (propagated)
                                625.000000  625.000000 ^ input external delay
     1    0.002714    0.013605    0.007049  625.007080 ^ rst_i (in)
                                                         rst_i (net)
                      0.013612    0.000000  625.007080 ^ input2/A (sky130_fd_sc_hd__clkbuf_1)
     1    0.003106    0.034585    0.049397  625.056458 ^ input2/X (sky130_fd_sc_hd__clkbuf_1)
                                                         net2 (net)
                      0.034586    0.000227  625.056702 ^ fanout27/A (sky130_fd_sc_hd__dlymetal6s2s_1)
     5    0.030499    0.238820    0.202192  625.258850 ^ fanout27/X (sky130_fd_sc_hd__dlymetal6s2s_1)
                                                         net27 (net)
                      0.238850    0.002217  625.261108 ^ fanout22/A (sky130_fd_sc_hd__clkbuf_4)
    10    0.052189    0.124425    0.196451  625.457520 ^ fanout22/X (sky130_fd_sc_hd__clkbuf_4)
                                                         net22 (net)
                      0.124640    0.004206  625.461731 ^ _372_/RESET_B (sky130_fd_sc_hd__dfrtp_1)
                                            625.461731   data arrival time

                                  0.000000    0.000000   clock clk_i (rise edge)
                                  0.000000    0.000000   clock source latency
     1    0.020654    0.073648    0.051282    0.051282 ^ clk_i (in)
                                                         clk_i (net)
                      0.073738    0.000000    0.051282 ^ clkbuf_0_clk_i/A (sky130_fd_sc_hd__clkbuf_16)
     8    0.090655    0.082774    0.133017    0.184299 ^ clkbuf_0_clk_i/X (sky130_fd_sc_hd__clkbuf_16)
                                                         clknet_0_clk_i (net)
                      0.084278    0.008832    0.193132 ^ clkbuf_3_2__f_clk_i/A (sky130_fd_sc_hd__clkbuf_16)
     9    0.027325    0.036815    0.103441    0.296573 ^ clkbuf_3_2__f_clk_i/X (sky130_fd_sc_hd__clkbuf_16)
                                                         clknet_3_2__leaf_clk_i (net)
                      0.037000    0.001776    0.298349 ^ _372_/CLK (sky130_fd_sc_hd__dfrtp_1)
                                  0.250000    0.548349   clock uncertainty
                                  0.000000    0.548349   clock reconvergence pessimism
                                  0.222299    0.770649   library removal time
                                              0.770649   data required time
---------------------------------------------------------------------------------------------
                                              0.770649   data required time
                                           -625.461731   data arrival time
---------------------------------------------------------------------------------------------
                                            624.691101   slack (MET)


Startpoint: rst_i (input port clocked by clk_i)
Endpoint: _336_ (removal check against rising-edge clock clk_i)
Path Group: asynchronous
Path Type: min

Fanout         Cap        Slew       Delay        Time   Description
---------------------------------------------------------------------------------------------
                                  0.000000    0.000000   clock clk_i (rise edge)
                                  0.000000    0.000000   clock network delay (propagated)
                                625.000000  625.000000 ^ input external delay
     1    0.002714    0.013605    0.007049  625.007080 ^ rst_i (in)
                                                         rst_i (net)
                      0.013612    0.000000  625.007080 ^ input2/A (sky130_fd_sc_hd__clkbuf_1)
     1    0.003106    0.034585    0.049397  625.056458 ^ input2/X (sky130_fd_sc_hd__clkbuf_1)
                                                         net2 (net)
                      0.034586    0.000227  625.056702 ^ fanout27/A (sky130_fd_sc_hd__dlymetal6s2s_1)
     5    0.030499    0.238820    0.202192  625.258850 ^ fanout27/X (sky130_fd_sc_hd__dlymetal6s2s_1)
                                                         net27 (net)
                      0.238857    0.002444  625.261292 ^ fanout20/A (sky130_fd_sc_hd__clkbuf_4)
    10    0.052284    0.124675    0.195598  625.456909 ^ fanout20/X (sky130_fd_sc_hd__clkbuf_4)
                                                         net20 (net)
                      0.124788    0.003126  625.460022 ^ _336_/RESET_B (sky130_fd_sc_hd__dfrtp_4)
                                            625.460022   data arrival time

                                  0.000000    0.000000   clock clk_i (rise edge)
                                  0.000000    0.000000   clock source latency
     1    0.020654    0.073648    0.051282    0.051282 ^ clk_i (in)
                                                         clk_i (net)
                      0.073738    0.000000    0.051282 ^ clkbuf_0_clk_i/A (sky130_fd_sc_hd__clkbuf_16)
     8    0.090655    0.082774    0.133017    0.184299 ^ clkbuf_0_clk_i/X (sky130_fd_sc_hd__clkbuf_16)
                                                         clknet_0_clk_i (net)
                      0.083488    0.006122    0.190422 ^ clkbuf_3_1__f_clk_i/A (sky130_fd_sc_hd__clkbuf_16)
     8    0.026845    0.036437    0.103179    0.293601 ^ clkbuf_3_1__f_clk_i/X (sky130_fd_sc_hd__clkbuf_16)
                                                         clknet_3_1__leaf_clk_i (net)
                      0.036494    0.001219    0.294820 ^ _336_/CLK (sky130_fd_sc_hd__dfrtp_4)
                                  0.250000    0.544820   clock uncertainty
                                  0.000000    0.544820   clock reconvergence pessimism
                                  0.223153    0.767973   library removal time
                                              0.767973   data required time
---------------------------------------------------------------------------------------------
                                              0.767973   data required time
                                           -625.460022   data arrival time
---------------------------------------------------------------------------------------------
                                            624.692078   slack (MET)


Startpoint: rst_i (input port clocked by clk_i)
Endpoint: _338_ (removal check against rising-edge clock clk_i)
Path Group: asynchronous
Path Type: min

Fanout         Cap        Slew       Delay        Time   Description
---------------------------------------------------------------------------------------------
                                  0.000000    0.000000   clock clk_i (rise edge)
                                  0.000000    0.000000   clock network delay (propagated)
                                625.000000  625.000000 ^ input external delay
     1    0.002714    0.013605    0.007049  625.007080 ^ rst_i (in)
                                                         rst_i (net)
                      0.013612    0.000000  625.007080 ^ input2/A (sky130_fd_sc_hd__clkbuf_1)
     1    0.003106    0.034585    0.049397  625.056458 ^ input2/X (sky130_fd_sc_hd__clkbuf_1)
                                                         net2 (net)
                      0.034586    0.000227  625.056702 ^ fanout27/A (sky130_fd_sc_hd__dlymetal6s2s_1)
     5    0.030499    0.238820    0.202192  625.258850 ^ fanout27/X (sky130_fd_sc_hd__dlymetal6s2s_1)
                                                         net27 (net)
                      0.238857    0.002444  625.261292 ^ fanout20/A (sky130_fd_sc_hd__clkbuf_4)
    10    0.052284    0.124675    0.195598  625.456909 ^ fanout20/X (sky130_fd_sc_hd__clkbuf_4)
                                                         net20 (net)
                      0.125219    0.006651  625.463562 ^ _338_/RESET_B (sky130_fd_sc_hd__dfrtp_1)
                                            625.463562   data arrival time

                                  0.000000    0.000000   clock clk_i (rise edge)
                                  0.000000    0.000000   clock source latency
     1    0.020654    0.073648    0.051282    0.051282 ^ clk_i (in)
                                                         clk_i (net)
                      0.073738    0.000000    0.051282 ^ clkbuf_0_clk_i/A (sky130_fd_sc_hd__clkbuf_16)
     8    0.090655    0.082774    0.133017    0.184299 ^ clkbuf_0_clk_i/X (sky130_fd_sc_hd__clkbuf_16)
                                                         clknet_0_clk_i (net)
                      0.083915    0.007701    0.192000 ^ clkbuf_3_0__f_clk_i/A (sky130_fd_sc_hd__clkbuf_16)
    10    0.029685    0.038498    0.105014    0.297014 ^ clkbuf_3_0__f_clk_i/X (sky130_fd_sc_hd__clkbuf_16)
                                                         clknet_3_0__leaf_clk_i (net)
                      0.038697    0.001978    0.298992 ^ _338_/CLK (sky130_fd_sc_hd__dfrtp_1)
                                  0.250000    0.548992   clock uncertainty
                                  0.000000    0.548992   clock reconvergence pessimism
                                  0.222682    0.771674   library removal time
                                              0.771674   data required time
---------------------------------------------------------------------------------------------
                                              0.771674   data required time
                                           -625.463562   data arrival time
---------------------------------------------------------------------------------------------
                                            624.691895   slack (MET)


Startpoint: rst_i (input port clocked by clk_i)
Endpoint: _339_ (removal check against rising-edge clock clk_i)
Path Group: asynchronous
Path Type: min

Fanout         Cap        Slew       Delay        Time   Description
---------------------------------------------------------------------------------------------
                                  0.000000    0.000000   clock clk_i (rise edge)
                                  0.000000    0.000000   clock network delay (propagated)
                                625.000000  625.000000 ^ input external delay
     1    0.002714    0.013605    0.007049  625.007080 ^ rst_i (in)
                                                         rst_i (net)
                      0.013612    0.000000  625.007080 ^ input2/A (sky130_fd_sc_hd__clkbuf_1)
     1    0.003106    0.034585    0.049397  625.056458 ^ input2/X (sky130_fd_sc_hd__clkbuf_1)
                                                         net2 (net)
                      0.034586    0.000227  625.056702 ^ fanout27/A (sky130_fd_sc_hd__dlymetal6s2s_1)
     5    0.030499    0.238820    0.202192  625.258850 ^ fanout27/X (sky130_fd_sc_hd__dlymetal6s2s_1)
                                                         net27 (net)
                      0.238857    0.002444  625.261292 ^ fanout20/A (sky130_fd_sc_hd__clkbuf_4)
    10    0.052284    0.124675    0.195598  625.456909 ^ fanout20/X (sky130_fd_sc_hd__clkbuf_4)
                                                         net20 (net)
                      0.125275    0.006992  625.463928 ^ _339_/RESET_B (sky130_fd_sc_hd__dfrtp_2)
                                            625.463928   data arrival time

                                  0.000000    0.000000   clock clk_i (rise edge)
                                  0.000000    0.000000   clock source latency
     1    0.020654    0.073648    0.051282    0.051282 ^ clk_i (in)
                                                         clk_i (net)
                      0.073738    0.000000    0.051282 ^ clkbuf_0_clk_i/A (sky130_fd_sc_hd__clkbuf_16)
     8    0.090655    0.082774    0.133017    0.184299 ^ clkbuf_0_clk_i/X (sky130_fd_sc_hd__clkbuf_16)
                                                         clknet_0_clk_i (net)
                      0.083915    0.007701    0.192000 ^ clkbuf_3_0__f_clk_i/A (sky130_fd_sc_hd__clkbuf_16)
    10    0.029685    0.038498    0.105014    0.297014 ^ clkbuf_3_0__f_clk_i/X (sky130_fd_sc_hd__clkbuf_16)
                                                         clknet_3_0__leaf_clk_i (net)
                      0.038707    0.002036    0.299050 ^ _339_/CLK (sky130_fd_sc_hd__dfrtp_2)
                                  0.250000    0.549050   clock uncertainty
                                  0.000000    0.549050   clock reconvergence pessimism
                                  0.222698    0.771747   library removal time
                                              0.771747   data required time
---------------------------------------------------------------------------------------------
                                              0.771747   data required time
                                           -625.463928   data arrival time
---------------------------------------------------------------------------------------------
                                            624.692139   slack (MET)


Startpoint: rst_i (input port clocked by clk_i)
Endpoint: _340_ (removal check against rising-edge clock clk_i)
Path Group: asynchronous
Path Type: min

Fanout         Cap        Slew       Delay        Time   Description
---------------------------------------------------------------------------------------------
                                  0.000000    0.000000   clock clk_i (rise edge)
                                  0.000000    0.000000   clock network delay (propagated)
                                625.000000  625.000000 ^ input external delay
     1    0.002714    0.013605    0.007049  625.007080 ^ rst_i (in)
                                                         rst_i (net)
                      0.013612    0.000000  625.007080 ^ input2/A (sky130_fd_sc_hd__clkbuf_1)
     1    0.003106    0.034585    0.049397  625.056458 ^ input2/X (sky130_fd_sc_hd__clkbuf_1)
                                                         net2 (net)
                      0.034586    0.000227  625.056702 ^ fanout27/A (sky130_fd_sc_hd__dlymetal6s2s_1)
     5    0.030499    0.238820    0.202192  625.258850 ^ fanout27/X (sky130_fd_sc_hd__dlymetal6s2s_1)
                                                         net27 (net)
                      0.238857    0.002444  625.261292 ^ fanout20/A (sky130_fd_sc_hd__clkbuf_4)
    10    0.052284    0.124675    0.195598  625.456909 ^ fanout20/X (sky130_fd_sc_hd__clkbuf_4)
                                                         net20 (net)
                      0.125274    0.006992  625.463928 ^ _340_/RESET_B (sky130_fd_sc_hd__dfrtp_2)
                                            625.463928   data arrival time

                                  0.000000    0.000000   clock clk_i (rise edge)
                                  0.000000    0.000000   clock source latency
     1    0.020654    0.073648    0.051282    0.051282 ^ clk_i (in)
                                                         clk_i (net)
                      0.073738    0.000000    0.051282 ^ clkbuf_0_clk_i/A (sky130_fd_sc_hd__clkbuf_16)
     8    0.090655    0.082774    0.133017    0.184299 ^ clkbuf_0_clk_i/X (sky130_fd_sc_hd__clkbuf_16)
                                                         clknet_0_clk_i (net)
                      0.083915    0.007701    0.192000 ^ clkbuf_3_0__f_clk_i/A (sky130_fd_sc_hd__clkbuf_16)
    10    0.029685    0.038498    0.105014    0.297014 ^ clkbuf_3_0__f_clk_i/X (sky130_fd_sc_hd__clkbuf_16)
                                                         clknet_3_0__leaf_clk_i (net)
                      0.038705    0.002022    0.299036 ^ _340_/CLK (sky130_fd_sc_hd__dfrtp_2)
                                  0.250000    0.549036   clock uncertainty
                                  0.000000    0.549036   clock reconvergence pessimism
                                  0.222697    0.771733   library removal time
                                              0.771733   data required time
---------------------------------------------------------------------------------------------
                                              0.771733   data required time
                                           -625.463928   data arrival time
---------------------------------------------------------------------------------------------
                                            624.692200   slack (MET)


Startpoint: rst_i (input port clocked by clk_i)
Endpoint: _356_ (removal check against rising-edge clock clk_i)
Path Group: asynchronous
Path Type: min

Fanout         Cap        Slew       Delay        Time   Description
---------------------------------------------------------------------------------------------
                                  0.000000    0.000000   clock clk_i (rise edge)
                                  0.000000    0.000000   clock network delay (propagated)
                                625.000000  625.000000 ^ input external delay
     1    0.002714    0.013605    0.007049  625.007080 ^ rst_i (in)
                                                         rst_i (net)
                      0.013612    0.000000  625.007080 ^ input2/A (sky130_fd_sc_hd__clkbuf_1)
     1    0.003106    0.034585    0.049397  625.056458 ^ input2/X (sky130_fd_sc_hd__clkbuf_1)
                                                         net2 (net)
                      0.034586    0.000227  625.056702 ^ fanout27/A (sky130_fd_sc_hd__dlymetal6s2s_1)
     5    0.030499    0.238820    0.202192  625.258850 ^ fanout27/X (sky130_fd_sc_hd__dlymetal6s2s_1)
                                                         net27 (net)
                      0.238857    0.002444  625.261292 ^ fanout20/A (sky130_fd_sc_hd__clkbuf_4)
    10    0.052284    0.124675    0.195598  625.456909 ^ fanout20/X (sky130_fd_sc_hd__clkbuf_4)
                                                         net20 (net)
                      0.125178    0.006423  625.463318 ^ _356_/RESET_B (sky130_fd_sc_hd__dfrtp_1)
                                            625.463318   data arrival time

                                  0.000000    0.000000   clock clk_i (rise edge)
                                  0.000000    0.000000   clock source latency
     1    0.020654    0.073648    0.051282    0.051282 ^ clk_i (in)
                                                         clk_i (net)
                      0.073738    0.000000    0.051282 ^ clkbuf_0_clk_i/A (sky130_fd_sc_hd__clkbuf_16)
     8    0.090655    0.082774    0.133017    0.184299 ^ clkbuf_0_clk_i/X (sky130_fd_sc_hd__clkbuf_16)
                                                         clknet_0_clk_i (net)
                      0.083915    0.007701    0.192000 ^ clkbuf_3_0__f_clk_i/A (sky130_fd_sc_hd__clkbuf_16)
    10    0.029685    0.038498    0.105014    0.297014 ^ clkbuf_3_0__f_clk_i/X (sky130_fd_sc_hd__clkbuf_16)
                                                         clknet_3_0__leaf_clk_i (net)
                      0.038659    0.001727    0.298741 ^ _356_/CLK (sky130_fd_sc_hd__dfrtp_1)
                                  0.250000    0.548741   clock uncertainty
                                  0.000000    0.548741   clock reconvergence pessimism
                                  0.222666    0.771407   library removal time
                                              0.771407   data required time
---------------------------------------------------------------------------------------------
                                              0.771407   data required time
                                           -625.463318   data arrival time
---------------------------------------------------------------------------------------------
                                            624.691895   slack (MET)


Startpoint: rst_i (input port clocked by clk_i)
Endpoint: _363_ (removal check against rising-edge clock clk_i)
Path Group: asynchronous
Path Type: min

Fanout         Cap        Slew       Delay        Time   Description
---------------------------------------------------------------------------------------------
                                  0.000000    0.000000   clock clk_i (rise edge)
                                  0.000000    0.000000   clock network delay (propagated)
                                625.000000  625.000000 ^ input external delay
     1    0.002714    0.013605    0.007049  625.007080 ^ rst_i (in)
                                                         rst_i (net)
                      0.013612    0.000000  625.007080 ^ input2/A (sky130_fd_sc_hd__clkbuf_1)
     1    0.003106    0.034585    0.049397  625.056458 ^ input2/X (sky130_fd_sc_hd__clkbuf_1)
                                                         net2 (net)
                      0.034586    0.000227  625.056702 ^ fanout27/A (sky130_fd_sc_hd__dlymetal6s2s_1)
     5    0.030499    0.238820    0.202192  625.258850 ^ fanout27/X (sky130_fd_sc_hd__dlymetal6s2s_1)
                                                         net27 (net)
                      0.238850    0.002217  625.261108 ^ fanout22/A (sky130_fd_sc_hd__clkbuf_4)
    10    0.052189    0.124425    0.196451  625.457520 ^ fanout22/X (sky130_fd_sc_hd__clkbuf_4)
                                                         net22 (net)
                      0.124820    0.005684  625.463196 ^ _363_/RESET_B (sky130_fd_sc_hd__dfrtp_1)
                                            625.463196   data arrival time

                                  0.000000    0.000000   clock clk_i (rise edge)
                                  0.000000    0.000000   clock source latency
     1    0.020654    0.073648    0.051282    0.051282 ^ clk_i (in)
                                                         clk_i (net)
                      0.073738    0.000000    0.051282 ^ clkbuf_0_clk_i/A (sky130_fd_sc_hd__clkbuf_16)
     8    0.090655    0.082774    0.133017    0.184299 ^ clkbuf_0_clk_i/X (sky130_fd_sc_hd__clkbuf_16)
                                                         clknet_0_clk_i (net)
                      0.084278    0.008832    0.193132 ^ clkbuf_3_2__f_clk_i/A (sky130_fd_sc_hd__clkbuf_16)
     9    0.027325    0.036815    0.103441    0.296573 ^ clkbuf_3_2__f_clk_i/X (sky130_fd_sc_hd__clkbuf_16)
                                                         clknet_3_2__leaf_clk_i (net)
                      0.037064    0.002163    0.298736 ^ _363_/CLK (sky130_fd_sc_hd__dfrtp_1)
                                  0.250000    0.548736   clock uncertainty
                                  0.000000    0.548736   clock reconvergence pessimism
                                  0.222355    0.771092   library removal time
                                              0.771092   data required time
---------------------------------------------------------------------------------------------
                                              0.771092   data required time
                                           -625.463196   data arrival time
---------------------------------------------------------------------------------------------
                                            624.692139   slack (MET)


Startpoint: rst_i (input port clocked by clk_i)
Endpoint: _365_ (removal check against rising-edge clock clk_i)
Path Group: asynchronous
Path Type: min

Fanout         Cap        Slew       Delay        Time   Description
---------------------------------------------------------------------------------------------
                                  0.000000    0.000000   clock clk_i (rise edge)
                                  0.000000    0.000000   clock network delay (propagated)
                                625.000000  625.000000 ^ input external delay
     1    0.002714    0.013605    0.007049  625.007080 ^ rst_i (in)
                                                         rst_i (net)
                      0.013612    0.000000  625.007080 ^ input2/A (sky130_fd_sc_hd__clkbuf_1)
     1    0.003106    0.034585    0.049397  625.056458 ^ input2/X (sky130_fd_sc_hd__clkbuf_1)
                                                         net2 (net)
                      0.034586    0.000227  625.056702 ^ fanout27/A (sky130_fd_sc_hd__dlymetal6s2s_1)
     5    0.030499    0.238820    0.202192  625.258850 ^ fanout27/X (sky130_fd_sc_hd__dlymetal6s2s_1)
                                                         net27 (net)
                      0.238857    0.002444  625.261292 ^ fanout20/A (sky130_fd_sc_hd__clkbuf_4)
    10    0.052284    0.124675    0.195598  625.456909 ^ fanout20/X (sky130_fd_sc_hd__clkbuf_4)
                                                         net20 (net)
                      0.125094    0.005855  625.462769 ^ _365_/RESET_B (sky130_fd_sc_hd__dfrtp_1)
                                            625.462769   data arrival time

                                  0.000000    0.000000   clock clk_i (rise edge)
                                  0.000000    0.000000   clock source latency
     1    0.020654    0.073648    0.051282    0.051282 ^ clk_i (in)
                                                         clk_i (net)
                      0.073738    0.000000    0.051282 ^ clkbuf_0_clk_i/A (sky130_fd_sc_hd__clkbuf_16)
     8    0.090655    0.082774    0.133017    0.184299 ^ clkbuf_0_clk_i/X (sky130_fd_sc_hd__clkbuf_16)
                                                         clknet_0_clk_i (net)
                      0.083915    0.007701    0.192000 ^ clkbuf_3_0__f_clk_i/A (sky130_fd_sc_hd__clkbuf_16)
    10    0.029685    0.038498    0.105014    0.297014 ^ clkbuf_3_0__f_clk_i/X (sky130_fd_sc_hd__clkbuf_16)
                                                         clknet_3_0__leaf_clk_i (net)
                      0.038562    0.001368    0.298382 ^ _365_/CLK (sky130_fd_sc_hd__dfrtp_1)
                                  0.250000    0.548382   clock uncertainty
                                  0.000000    0.548382   clock reconvergence pessimism
                                  0.222631    0.771013   library removal time
                                              0.771013   data required time
---------------------------------------------------------------------------------------------
                                              0.771013   data required time
                                           -625.462769   data arrival time
---------------------------------------------------------------------------------------------
                                            624.691711   slack (MET)


Startpoint: rst_i (input port clocked by clk_i)
Endpoint: _367_ (removal check against rising-edge clock clk_i)
Path Group: asynchronous
Path Type: min

Fanout         Cap        Slew       Delay        Time   Description
---------------------------------------------------------------------------------------------
                                  0.000000    0.000000   clock clk_i (rise edge)
                                  0.000000    0.000000   clock network delay (propagated)
                                625.000000  625.000000 ^ input external delay
     1    0.002714    0.013605    0.007049  625.007080 ^ rst_i (in)
                                                         rst_i (net)
                      0.013612    0.000000  625.007080 ^ input2/A (sky130_fd_sc_hd__clkbuf_1)
     1    0.003106    0.034585    0.049397  625.056458 ^ input2/X (sky130_fd_sc_hd__clkbuf_1)
                                                         net2 (net)
                      0.034586    0.000227  625.056702 ^ fanout27/A (sky130_fd_sc_hd__dlymetal6s2s_1)
     5    0.030499    0.238820    0.202192  625.258850 ^ fanout27/X (sky130_fd_sc_hd__dlymetal6s2s_1)
                                                         net27 (net)
                      0.238850    0.002217  625.261108 ^ fanout22/A (sky130_fd_sc_hd__clkbuf_4)
    10    0.052189    0.124425    0.196451  625.457520 ^ fanout22/X (sky130_fd_sc_hd__clkbuf_4)
                                                         net22 (net)
                      0.124827    0.005741  625.463257 ^ _367_/RESET_B (sky130_fd_sc_hd__dfrtp_1)
                                            625.463257   data arrival time

                                  0.000000    0.000000   clock clk_i (rise edge)
                                  0.000000    0.000000   clock source latency
     1    0.020654    0.073648    0.051282    0.051282 ^ clk_i (in)
                                                         clk_i (net)
                      0.073738    0.000000    0.051282 ^ clkbuf_0_clk_i/A (sky130_fd_sc_hd__clkbuf_16)
     8    0.090655    0.082774    0.133017    0.184299 ^ clkbuf_0_clk_i/X (sky130_fd_sc_hd__clkbuf_16)
                                                         clknet_0_clk_i (net)
                      0.084278    0.008832    0.193132 ^ clkbuf_3_2__f_clk_i/A (sky130_fd_sc_hd__clkbuf_16)
     9    0.027325    0.036815    0.103441    0.296573 ^ clkbuf_3_2__f_clk_i/X (sky130_fd_sc_hd__clkbuf_16)
                                                         clknet_3_2__leaf_clk_i (net)
                      0.037068    0.002181    0.298754 ^ _367_/CLK (sky130_fd_sc_hd__dfrtp_1)
                                  0.250000    0.548754   clock uncertainty
                                  0.000000    0.548754   clock reconvergence pessimism
                                  0.222357    0.771111   library removal time
                                              0.771111   data required time
---------------------------------------------------------------------------------------------
                                              0.771111   data required time
                                           -625.463257   data arrival time
---------------------------------------------------------------------------------------------
                                            624.692139   slack (MET)


Startpoint: rst_i (input port clocked by clk_i)
Endpoint: _369_ (removal check against rising-edge clock clk_i)
Path Group: asynchronous
Path Type: min

Fanout         Cap        Slew       Delay        Time   Description
---------------------------------------------------------------------------------------------
                                  0.000000    0.000000   clock clk_i (rise edge)
                                  0.000000    0.000000   clock network delay (propagated)
                                625.000000  625.000000 ^ input external delay
     1    0.002714    0.013605    0.007049  625.007080 ^ rst_i (in)
                                                         rst_i (net)
                      0.013612    0.000000  625.007080 ^ input2/A (sky130_fd_sc_hd__clkbuf_1)
     1    0.003106    0.034585    0.049397  625.056458 ^ input2/X (sky130_fd_sc_hd__clkbuf_1)
                                                         net2 (net)
                      0.034586    0.000227  625.056702 ^ fanout27/A (sky130_fd_sc_hd__dlymetal6s2s_1)
     5    0.030499    0.238820    0.202192  625.258850 ^ fanout27/X (sky130_fd_sc_hd__dlymetal6s2s_1)
                                                         net27 (net)
                      0.238857    0.002444  625.261292 ^ fanout20/A (sky130_fd_sc_hd__clkbuf_4)
    10    0.052284    0.124675    0.195598  625.456909 ^ fanout20/X (sky130_fd_sc_hd__clkbuf_4)
                                                         net20 (net)
                      0.125180    0.006423  625.463318 ^ _369_/RESET_B (sky130_fd_sc_hd__dfrtp_1)
                                            625.463318   data arrival time

                                  0.000000    0.000000   clock clk_i (rise edge)
                                  0.000000    0.000000   clock source latency
     1    0.020654    0.073648    0.051282    0.051282 ^ clk_i (in)
                                                         clk_i (net)
                      0.073738    0.000000    0.051282 ^ clkbuf_0_clk_i/A (sky130_fd_sc_hd__clkbuf_16)
     8    0.090655    0.082774    0.133017    0.184299 ^ clkbuf_0_clk_i/X (sky130_fd_sc_hd__clkbuf_16)
                                                         clknet_0_clk_i (net)
                      0.083915    0.007701    0.192000 ^ clkbuf_3_0__f_clk_i/A (sky130_fd_sc_hd__clkbuf_16)
    10    0.029685    0.038498    0.105014    0.297014 ^ clkbuf_3_0__f_clk_i/X (sky130_fd_sc_hd__clkbuf_16)
                                                         clknet_3_0__leaf_clk_i (net)
                      0.038694    0.001958    0.298973 ^ _369_/CLK (sky130_fd_sc_hd__dfrtp_1)
                                  0.250000    0.548973   clock uncertainty
                                  0.000000    0.548973   clock reconvergence pessimism
                                  0.222671    0.771644   library removal time
                                              0.771644   data required time
---------------------------------------------------------------------------------------------
                                              0.771644   data required time
                                           -625.463318   data arrival time
---------------------------------------------------------------------------------------------
                                            624.691711   slack (MET)


Startpoint: rst_i (input port clocked by clk_i)
Endpoint: _368_ (removal check against rising-edge clock clk_i)
Path Group: asynchronous
Path Type: min

Fanout         Cap        Slew       Delay        Time   Description
---------------------------------------------------------------------------------------------
                                  0.000000    0.000000   clock clk_i (rise edge)
                                  0.000000    0.000000   clock network delay (propagated)
                                625.000000  625.000000 ^ input external delay
     1    0.002714    0.013605    0.007049  625.007080 ^ rst_i (in)
                                                         rst_i (net)
                      0.013612    0.000000  625.007080 ^ input2/A (sky130_fd_sc_hd__clkbuf_1)
     1    0.003106    0.034585    0.049397  625.056458 ^ input2/X (sky130_fd_sc_hd__clkbuf_1)
                                                         net2 (net)
                      0.034586    0.000227  625.056702 ^ fanout27/A (sky130_fd_sc_hd__dlymetal6s2s_1)
     5    0.030499    0.238820    0.202192  625.258850 ^ fanout27/X (sky130_fd_sc_hd__dlymetal6s2s_1)
                                                         net27 (net)
                      0.238850    0.002217  625.261108 ^ fanout22/A (sky130_fd_sc_hd__clkbuf_4)
    10    0.052189    0.124425    0.196451  625.457520 ^ fanout22/X (sky130_fd_sc_hd__clkbuf_4)
                                                         net22 (net)
                      0.124831    0.005741  625.463257 ^ _368_/RESET_B (sky130_fd_sc_hd__dfrtp_1)
                                            625.463257   data arrival time

                                  0.000000    0.000000   clock clk_i (rise edge)
                                  0.000000    0.000000   clock source latency
     1    0.020654    0.073648    0.051282    0.051282 ^ clk_i (in)
                                                         clk_i (net)
                      0.073738    0.000000    0.051282 ^ clkbuf_0_clk_i/A (sky130_fd_sc_hd__clkbuf_16)
     8    0.090655    0.082774    0.133017    0.184299 ^ clkbuf_0_clk_i/X (sky130_fd_sc_hd__clkbuf_16)
                                                         clknet_0_clk_i (net)
                      0.083915    0.007701    0.192000 ^ clkbuf_3_0__f_clk_i/A (sky130_fd_sc_hd__clkbuf_16)
    10    0.029685    0.038498    0.105014    0.297014 ^ clkbuf_3_0__f_clk_i/X (sky130_fd_sc_hd__clkbuf_16)
                                                         clknet_3_0__leaf_clk_i (net)
                      0.038561    0.001359    0.298373 ^ _368_/CLK (sky130_fd_sc_hd__dfrtp_1)
                                  0.250000    0.548373   clock uncertainty
                                  0.000000    0.548373   clock reconvergence pessimism
                                  0.222562    0.770936   library removal time
                                              0.770936   data required time
---------------------------------------------------------------------------------------------
                                              0.770936   data required time
                                           -625.463257   data arrival time
---------------------------------------------------------------------------------------------
                                            624.692383   slack (MET)


Startpoint: rst_i (input port clocked by clk_i)
Endpoint: _370_ (removal check against rising-edge clock clk_i)
Path Group: asynchronous
Path Type: min

Fanout         Cap        Slew       Delay        Time   Description
---------------------------------------------------------------------------------------------
                                  0.000000    0.000000   clock clk_i (rise edge)
                                  0.000000    0.000000   clock network delay (propagated)
                                625.000000  625.000000 ^ input external delay
     1    0.002714    0.013605    0.007049  625.007080 ^ rst_i (in)
                                                         rst_i (net)
                      0.013612    0.000000  625.007080 ^ input2/A (sky130_fd_sc_hd__clkbuf_1)
     1    0.003106    0.034585    0.049397  625.056458 ^ input2/X (sky130_fd_sc_hd__clkbuf_1)
                                                         net2 (net)
                      0.034586    0.000227  625.056702 ^ fanout27/A (sky130_fd_sc_hd__dlymetal6s2s_1)
     5    0.030499    0.238820    0.202192  625.258850 ^ fanout27/X (sky130_fd_sc_hd__dlymetal6s2s_1)
                                                         net27 (net)
                      0.238850    0.002217  625.261108 ^ fanout22/A (sky130_fd_sc_hd__clkbuf_4)
    10    0.052189    0.124425    0.196451  625.457520 ^ fanout22/X (sky130_fd_sc_hd__clkbuf_4)
                                                         net22 (net)
                      0.124772    0.005343  625.462891 ^ _370_/RESET_B (sky130_fd_sc_hd__dfrtp_1)
                                            625.462891   data arrival time

                                  0.000000    0.000000   clock clk_i (rise edge)
                                  0.000000    0.000000   clock source latency
     1    0.020654    0.073648    0.051282    0.051282 ^ clk_i (in)
                                                         clk_i (net)
                      0.073738    0.000000    0.051282 ^ clkbuf_0_clk_i/A (sky130_fd_sc_hd__clkbuf_16)
     8    0.090655    0.082774    0.133017    0.184299 ^ clkbuf_0_clk_i/X (sky130_fd_sc_hd__clkbuf_16)
                                                         clknet_0_clk_i (net)
                      0.084278    0.008832    0.193132 ^ clkbuf_3_2__f_clk_i/A (sky130_fd_sc_hd__clkbuf_16)
     9    0.027325    0.036815    0.103441    0.296573 ^ clkbuf_3_2__f_clk_i/X (sky130_fd_sc_hd__clkbuf_16)
                                                         clknet_3_2__leaf_clk_i (net)
                      0.037015    0.001875    0.298448 ^ _370_/CLK (sky130_fd_sc_hd__dfrtp_1)
                                  0.250000    0.548448   clock uncertainty
                                  0.000000    0.548448   clock reconvergence pessimism
                                  0.222336    0.770784   library removal time
                                              0.770784   data required time
---------------------------------------------------------------------------------------------
                                              0.770784   data required time
                                           -625.462891   data arrival time
---------------------------------------------------------------------------------------------
                                            624.692078   slack (MET)


Startpoint: rst_i (input port clocked by clk_i)
Endpoint: _334_ (removal check against rising-edge clock clk_i)
Path Group: asynchronous
Path Type: min

Fanout         Cap        Slew       Delay        Time   Description
---------------------------------------------------------------------------------------------
                                  0.000000    0.000000   clock clk_i (rise edge)
                                  0.000000    0.000000   clock network delay (propagated)
                                625.000000  625.000000 ^ input external delay
     1    0.002714    0.013605    0.007049  625.007080 ^ rst_i (in)
                                                         rst_i (net)
                      0.013612    0.000000  625.007080 ^ input2/A (sky130_fd_sc_hd__clkbuf_1)
     1    0.003106    0.034585    0.049397  625.056458 ^ input2/X (sky130_fd_sc_hd__clkbuf_1)
                                                         net2 (net)
                      0.034586    0.000227  625.056702 ^ fanout27/A (sky130_fd_sc_hd__dlymetal6s2s_1)
     5    0.030499    0.238820    0.202192  625.258850 ^ fanout27/X (sky130_fd_sc_hd__dlymetal6s2s_1)
                                                         net27 (net)
                      0.238857    0.002444  625.261292 ^ fanout20/A (sky130_fd_sc_hd__clkbuf_4)
    10    0.052284    0.124675    0.195598  625.456909 ^ fanout20/X (sky130_fd_sc_hd__clkbuf_4)
                                                         net20 (net)
                      0.124903    0.004377  625.461304 ^ _334_/RESET_B (sky130_fd_sc_hd__dfrtp_1)
                                            625.461304   data arrival time

                                  0.000000    0.000000   clock clk_i (rise edge)
                                  0.000000    0.000000   clock source latency
     1    0.020654    0.073648    0.051282    0.051282 ^ clk_i (in)
                                                         clk_i (net)
                      0.073738    0.000000    0.051282 ^ clkbuf_0_clk_i/A (sky130_fd_sc_hd__clkbuf_16)
     8    0.090655    0.082774    0.133017    0.184299 ^ clkbuf_0_clk_i/X (sky130_fd_sc_hd__clkbuf_16)
                                                         clknet_0_clk_i (net)
                      0.083488    0.006122    0.190422 ^ clkbuf_3_1__f_clk_i/A (sky130_fd_sc_hd__clkbuf_16)
     8    0.026845    0.036437    0.103179    0.293601 ^ clkbuf_3_1__f_clk_i/X (sky130_fd_sc_hd__clkbuf_16)
                                                         clknet_3_1__leaf_clk_i (net)
                      0.036500    0.001283    0.294884 ^ _334_/CLK (sky130_fd_sc_hd__dfrtp_1)
                                  0.250000    0.544884   clock uncertainty
                                  0.000000    0.544884   clock reconvergence pessimism
                                  0.222300    0.767183   library removal time
                                              0.767183   data required time
---------------------------------------------------------------------------------------------
                                              0.767183   data required time
                                           -625.461304   data arrival time
---------------------------------------------------------------------------------------------
                                            624.694153   slack (MET)


Startpoint: rst_i (input port clocked by clk_i)
Endpoint: _335_ (removal check against rising-edge clock clk_i)
Path Group: asynchronous
Path Type: min

Fanout         Cap        Slew       Delay        Time   Description
---------------------------------------------------------------------------------------------
                                  0.000000    0.000000   clock clk_i (rise edge)
                                  0.000000    0.000000   clock network delay (propagated)
                                625.000000  625.000000 ^ input external delay
     1    0.002714    0.013605    0.007049  625.007080 ^ rst_i (in)
                                                         rst_i (net)
                      0.013612    0.000000  625.007080 ^ input2/A (sky130_fd_sc_hd__clkbuf_1)
     1    0.003106    0.034585    0.049397  625.056458 ^ input2/X (sky130_fd_sc_hd__clkbuf_1)
                                                         net2 (net)
                      0.034586    0.000227  625.056702 ^ fanout27/A (sky130_fd_sc_hd__dlymetal6s2s_1)
     5    0.030499    0.238820    0.202192  625.258850 ^ fanout27/X (sky130_fd_sc_hd__dlymetal6s2s_1)
                                                         net27 (net)
                      0.238857    0.002444  625.261292 ^ fanout20/A (sky130_fd_sc_hd__clkbuf_4)
    10    0.052284    0.124675    0.195598  625.456909 ^ fanout20/X (sky130_fd_sc_hd__clkbuf_4)
                                                         net20 (net)
                      0.124883    0.004206  625.461121 ^ _335_/RESET_B (sky130_fd_sc_hd__dfrtp_1)
                                            625.461121   data arrival time

                                  0.000000    0.000000   clock clk_i (rise edge)
                                  0.000000    0.000000   clock source latency
     1    0.020654    0.073648    0.051282    0.051282 ^ clk_i (in)
                                                         clk_i (net)
                      0.073738    0.000000    0.051282 ^ clkbuf_0_clk_i/A (sky130_fd_sc_hd__clkbuf_16)
     8    0.090655    0.082774    0.133017    0.184299 ^ clkbuf_0_clk_i/X (sky130_fd_sc_hd__clkbuf_16)
                                                         clknet_0_clk_i (net)
                      0.083488    0.006122    0.190422 ^ clkbuf_3_1__f_clk_i/A (sky130_fd_sc_hd__clkbuf_16)
     8    0.026845    0.036437    0.103179    0.293601 ^ clkbuf_3_1__f_clk_i/X (sky130_fd_sc_hd__clkbuf_16)
                                                         clknet_3_1__leaf_clk_i (net)
                      0.036486    0.001147    0.294748 ^ _335_/CLK (sky130_fd_sc_hd__dfrtp_1)
                                  0.250000    0.544748   clock uncertainty
                                  0.000000    0.544748   clock reconvergence pessimism
                                  0.222293    0.767040   library removal time
                                              0.767040   data required time
---------------------------------------------------------------------------------------------
                                              0.767040   data required time
                                           -625.461121   data arrival time
---------------------------------------------------------------------------------------------
                                            624.694092   slack (MET)


Startpoint: rst_i (input port clocked by clk_i)
Endpoint: _378_ (removal check against rising-edge clock clk_i)
Path Group: asynchronous
Path Type: min

Fanout         Cap        Slew       Delay        Time   Description
---------------------------------------------------------------------------------------------
                                  0.000000    0.000000   clock clk_i (rise edge)
                                  0.000000    0.000000   clock network delay (propagated)
                                625.000000  625.000000 ^ input external delay
     1    0.002714    0.013605    0.007049  625.007080 ^ rst_i (in)
                                                         rst_i (net)
                      0.013612    0.000000  625.007080 ^ input2/A (sky130_fd_sc_hd__clkbuf_1)
     1    0.003106    0.034585    0.049397  625.056458 ^ input2/X (sky130_fd_sc_hd__clkbuf_1)
                                                         net2 (net)
                      0.034586    0.000227  625.056702 ^ fanout27/A (sky130_fd_sc_hd__dlymetal6s2s_1)
     5    0.030499    0.238820    0.202192  625.258850 ^ fanout27/X (sky130_fd_sc_hd__dlymetal6s2s_1)
                                                         net27 (net)
                      0.238830    0.001307  625.260193 ^ fanout26/A (sky130_fd_sc_hd__buf_2)
     8    0.039658    0.147126    0.184002  625.444153 ^ fanout26/X (sky130_fd_sc_hd__buf_2)
                                                         net26 (net)
                      0.147161    0.001876  625.446045 ^ fanout24/A (sky130_fd_sc_hd__clkbuf_4)
    10    0.053367    0.125938    0.181387  625.627441 ^ fanout24/X (sky130_fd_sc_hd__clkbuf_4)
                                                         net24 (net)
                      0.126018    0.002672  625.630127 ^ _378_/RESET_B (sky130_fd_sc_hd__dfrtp_1)
                                            625.630127   data arrival time

                                  0.000000    0.000000   clock clk_i (rise edge)
                                  0.000000    0.000000   clock source latency
     1    0.020654    0.073648    0.051282    0.051282 ^ clk_i (in)
                                                         clk_i (net)
                      0.073738    0.000000    0.051282 ^ clkbuf_0_clk_i/A (sky130_fd_sc_hd__clkbuf_16)
     8    0.090655    0.082774    0.133017    0.184299 ^ clkbuf_0_clk_i/X (sky130_fd_sc_hd__clkbuf_16)
                                                         clknet_0_clk_i (net)
                      0.083509    0.006211    0.190510 ^ clkbuf_3_5__f_clk_i/A (sky130_fd_sc_hd__clkbuf_16)
     9    0.029482    0.038301    0.104985    0.295495 ^ clkbuf_3_5__f_clk_i/X (sky130_fd_sc_hd__clkbuf_16)
                                                         clknet_3_5__leaf_clk_i (net)
                      0.038333    0.000996    0.296491 ^ _378_/CLK (sky130_fd_sc_hd__dfrtp_1)
                                  0.250000    0.546491   clock uncertainty
                                  0.000000    0.546491   clock reconvergence pessimism
                                  0.222840    0.769331   library removal time
                                              0.769331   data required time
---------------------------------------------------------------------------------------------
                                              0.769331   data required time
                                           -625.630127   data arrival time
---------------------------------------------------------------------------------------------
                                            624.860779   slack (MET)


Startpoint: rst_i (input port clocked by clk_i)
Endpoint: _379_ (removal check against rising-edge clock clk_i)
Path Group: asynchronous
Path Type: min

Fanout         Cap        Slew       Delay        Time   Description
---------------------------------------------------------------------------------------------
                                  0.000000    0.000000   clock clk_i (rise edge)
                                  0.000000    0.000000   clock network delay (propagated)
                                625.000000  625.000000 ^ input external delay
     1    0.002714    0.013605    0.007049  625.007080 ^ rst_i (in)
                                                         rst_i (net)
                      0.013612    0.000000  625.007080 ^ input2/A (sky130_fd_sc_hd__clkbuf_1)
     1    0.003106    0.034585    0.049397  625.056458 ^ input2/X (sky130_fd_sc_hd__clkbuf_1)
                                                         net2 (net)
                      0.034586    0.000227  625.056702 ^ fanout27/A (sky130_fd_sc_hd__dlymetal6s2s_1)
     5    0.030499    0.238820    0.202192  625.258850 ^ fanout27/X (sky130_fd_sc_hd__dlymetal6s2s_1)
                                                         net27 (net)
                      0.238830    0.001307  625.260193 ^ fanout26/A (sky130_fd_sc_hd__buf_2)
     8    0.039658    0.147126    0.184002  625.444153 ^ fanout26/X (sky130_fd_sc_hd__buf_2)
                                                         net26 (net)
                      0.147161    0.001876  625.446045 ^ fanout24/A (sky130_fd_sc_hd__clkbuf_4)
    10    0.053367    0.125938    0.181387  625.627441 ^ fanout24/X (sky130_fd_sc_hd__clkbuf_4)
                                                         net24 (net)
                      0.126081    0.003524  625.630981 ^ _379_/RESET_B (sky130_fd_sc_hd__dfrtp_1)
                                            625.630981   data arrival time

                                  0.000000    0.000000   clock clk_i (rise edge)
                                  0.000000    0.000000   clock source latency
     1    0.020654    0.073648    0.051282    0.051282 ^ clk_i (in)
                                                         clk_i (net)
                      0.073738    0.000000    0.051282 ^ clkbuf_0_clk_i/A (sky130_fd_sc_hd__clkbuf_16)
     8    0.090655    0.082774    0.133017    0.184299 ^ clkbuf_0_clk_i/X (sky130_fd_sc_hd__clkbuf_16)
                                                         clknet_0_clk_i (net)
                      0.083509    0.006211    0.190510 ^ clkbuf_3_5__f_clk_i/A (sky130_fd_sc_hd__clkbuf_16)
     9    0.029482    0.038301    0.104985    0.295495 ^ clkbuf_3_5__f_clk_i/X (sky130_fd_sc_hd__clkbuf_16)
                                                         clknet_3_5__leaf_clk_i (net)
                      0.038335    0.001022    0.296518 ^ _379_/CLK (sky130_fd_sc_hd__dfrtp_1)
                                  0.250000    0.546517   clock uncertainty
                                  0.000000    0.546517   clock reconvergence pessimism
                                  0.222856    0.769374   library removal time
                                              0.769374   data required time
---------------------------------------------------------------------------------------------
                                              0.769374   data required time
                                           -625.630981   data arrival time
---------------------------------------------------------------------------------------------
                                            624.861572   slack (MET)


Startpoint: rst_i (input port clocked by clk_i)
Endpoint: _341_ (removal check against rising-edge clock clk_i)
Path Group: asynchronous
Path Type: min

Fanout         Cap        Slew       Delay        Time   Description
---------------------------------------------------------------------------------------------
                                  0.000000    0.000000   clock clk_i (rise edge)
                                  0.000000    0.000000   clock network delay (propagated)
                                625.000000  625.000000 ^ input external delay
     1    0.002714    0.013605    0.007049  625.007080 ^ rst_i (in)
                                                         rst_i (net)
                      0.013612    0.000000  625.007080 ^ input2/A (sky130_fd_sc_hd__clkbuf_1)
     1    0.003106    0.034585    0.049397  625.056458 ^ input2/X (sky130_fd_sc_hd__clkbuf_1)
                                                         net2 (net)
                      0.034586    0.000227  625.056702 ^ fanout27/A (sky130_fd_sc_hd__dlymetal6s2s_1)
     5    0.030499    0.238820    0.202192  625.258850 ^ fanout27/X (sky130_fd_sc_hd__dlymetal6s2s_1)
                                                         net27 (net)
                      0.238830    0.001307  625.260193 ^ fanout26/A (sky130_fd_sc_hd__buf_2)
     8    0.039658    0.147126    0.184002  625.444153 ^ fanout26/X (sky130_fd_sc_hd__buf_2)
                                                         net26 (net)
                      0.147167    0.002046  625.446228 ^ fanout25/A (sky130_fd_sc_hd__clkbuf_4)
    10    0.055359    0.130234    0.184968  625.631165 ^ fanout25/X (sky130_fd_sc_hd__clkbuf_4)
                                                         net25 (net)
                      0.130269    0.001819  625.632996 ^ _341_/RESET_B (sky130_fd_sc_hd__dfrtp_1)
                                            625.632996   data arrival time

                                  0.000000    0.000000   clock clk_i (rise edge)
                                  0.000000    0.000000   clock source latency
     1    0.020654    0.073648    0.051282    0.051282 ^ clk_i (in)
                                                         clk_i (net)
                      0.073738    0.000000    0.051282 ^ clkbuf_0_clk_i/A (sky130_fd_sc_hd__clkbuf_16)
     8    0.090655    0.082774    0.133017    0.184299 ^ clkbuf_0_clk_i/X (sky130_fd_sc_hd__clkbuf_16)
                                                         clknet_0_clk_i (net)
                      0.083269    0.005139    0.189438 ^ clkbuf_3_7__f_clk_i/A (sky130_fd_sc_hd__clkbuf_16)
     8    0.029344    0.038231    0.104709    0.294147 ^ clkbuf_3_7__f_clk_i/X (sky130_fd_sc_hd__clkbuf_16)
                                                         clknet_3_7__leaf_clk_i (net)
                      0.038337    0.001694    0.295841 ^ _341_/CLK (sky130_fd_sc_hd__dfrtp_1)
                                  0.250000    0.545841   clock uncertainty
                                  0.000000    0.545841   clock reconvergence pessimism
                                  0.223945    0.769786   library removal time
                                              0.769786   data required time
---------------------------------------------------------------------------------------------
                                              0.769786   data required time
                                           -625.632996   data arrival time
---------------------------------------------------------------------------------------------
                                            624.863220   slack (MET)


Startpoint: rst_i (input port clocked by clk_i)
Endpoint: _344_ (removal check against rising-edge clock clk_i)
Path Group: asynchronous
Path Type: min

Fanout         Cap        Slew       Delay        Time   Description
---------------------------------------------------------------------------------------------
                                  0.000000    0.000000   clock clk_i (rise edge)
                                  0.000000    0.000000   clock network delay (propagated)
                                625.000000  625.000000 ^ input external delay
     1    0.002714    0.013605    0.007049  625.007080 ^ rst_i (in)
                                                         rst_i (net)
                      0.013612    0.000000  625.007080 ^ input2/A (sky130_fd_sc_hd__clkbuf_1)
     1    0.003106    0.034585    0.049397  625.056458 ^ input2/X (sky130_fd_sc_hd__clkbuf_1)
                                                         net2 (net)
                      0.034586    0.000227  625.056702 ^ fanout27/A (sky130_fd_sc_hd__dlymetal6s2s_1)
     5    0.030499    0.238820    0.202192  625.258850 ^ fanout27/X (sky130_fd_sc_hd__dlymetal6s2s_1)
                                                         net27 (net)
                      0.238830    0.001307  625.260193 ^ fanout26/A (sky130_fd_sc_hd__buf_2)
     8    0.039658    0.147126    0.184002  625.444153 ^ fanout26/X (sky130_fd_sc_hd__buf_2)
                                                         net26 (net)
                      0.147161    0.001876  625.446045 ^ fanout24/A (sky130_fd_sc_hd__clkbuf_4)
    10    0.053367    0.125938    0.181387  625.627441 ^ fanout24/X (sky130_fd_sc_hd__clkbuf_4)
                                                         net24 (net)
                      0.126260    0.005230  625.632690 ^ _344_/RESET_B (sky130_fd_sc_hd__dfrtp_1)
                                            625.632690   data arrival time

                                  0.000000    0.000000   clock clk_i (rise edge)
                                  0.000000    0.000000   clock source latency
     1    0.020654    0.073648    0.051282    0.051282 ^ clk_i (in)
                                                         clk_i (net)
                      0.073738    0.000000    0.051282 ^ clkbuf_0_clk_i/A (sky130_fd_sc_hd__clkbuf_16)
     8    0.090655    0.082774    0.133017    0.184299 ^ clkbuf_0_clk_i/X (sky130_fd_sc_hd__clkbuf_16)
                                                         clknet_0_clk_i (net)
                      0.083509    0.006211    0.190510 ^ clkbuf_3_5__f_clk_i/A (sky130_fd_sc_hd__clkbuf_16)
     9    0.029482    0.038301    0.104985    0.295495 ^ clkbuf_3_5__f_clk_i/X (sky130_fd_sc_hd__clkbuf_16)
                                                         clknet_3_5__leaf_clk_i (net)
                      0.038342    0.001105    0.296600 ^ _344_/CLK (sky130_fd_sc_hd__dfrtp_1)
                                  0.250000    0.546600   clock uncertainty
                                  0.000000    0.546600   clock reconvergence pessimism
                                  0.222904    0.769504   library removal time
                                              0.769504   data required time
---------------------------------------------------------------------------------------------
                                              0.769504   data required time
                                           -625.632690   data arrival time
---------------------------------------------------------------------------------------------
                                            624.863159   slack (MET)


Startpoint: rst_i (input port clocked by clk_i)
Endpoint: _375_ (removal check against rising-edge clock clk_i)
Path Group: asynchronous
Path Type: min

Fanout         Cap        Slew       Delay        Time   Description
---------------------------------------------------------------------------------------------
                                  0.000000    0.000000   clock clk_i (rise edge)
                                  0.000000    0.000000   clock network delay (propagated)
                                625.000000  625.000000 ^ input external delay
     1    0.002714    0.013605    0.007049  625.007080 ^ rst_i (in)
                                                         rst_i (net)
                      0.013612    0.000000  625.007080 ^ input2/A (sky130_fd_sc_hd__clkbuf_1)
     1    0.003106    0.034585    0.049397  625.056458 ^ input2/X (sky130_fd_sc_hd__clkbuf_1)
                                                         net2 (net)
                      0.034586    0.000227  625.056702 ^ fanout27/A (sky130_fd_sc_hd__dlymetal6s2s_1)
     5    0.030499    0.238820    0.202192  625.258850 ^ fanout27/X (sky130_fd_sc_hd__dlymetal6s2s_1)
                                                         net27 (net)
                      0.238830    0.001307  625.260193 ^ fanout26/A (sky130_fd_sc_hd__buf_2)
     8    0.039658    0.147126    0.184002  625.444153 ^ fanout26/X (sky130_fd_sc_hd__buf_2)
                                                         net26 (net)
                      0.147167    0.002046  625.446228 ^ fanout25/A (sky130_fd_sc_hd__clkbuf_4)
    10    0.055359    0.130234    0.184968  625.631165 ^ fanout25/X (sky130_fd_sc_hd__clkbuf_4)
                                                         net25 (net)
                      0.130690    0.006253  625.637451 ^ _375_/RESET_B (sky130_fd_sc_hd__dfrtp_1)
                                            625.637451   data arrival time

                                  0.000000    0.000000   clock clk_i (rise edge)
                                  0.000000    0.000000   clock source latency
     1    0.020654    0.073648    0.051282    0.051282 ^ clk_i (in)
                                                         clk_i (net)
                      0.073738    0.000000    0.051282 ^ clkbuf_0_clk_i/A (sky130_fd_sc_hd__clkbuf_16)
     8    0.090655    0.082774    0.133017    0.184299 ^ clkbuf_0_clk_i/X (sky130_fd_sc_hd__clkbuf_16)
                                                         clknet_0_clk_i (net)
                      0.084292    0.008872    0.193172 ^ clkbuf_3_3__f_clk_i/A (sky130_fd_sc_hd__clkbuf_16)
     9    0.029992    0.038739    0.105269    0.298441 ^ clkbuf_3_3__f_clk_i/X (sky130_fd_sc_hd__clkbuf_16)
                                                         clknet_3_3__leaf_clk_i (net)
                      0.038937    0.001978    0.300419 ^ _375_/CLK (sky130_fd_sc_hd__dfrtp_1)
                                  0.250000    0.550419   clock uncertainty
                                  0.000000    0.550419   clock reconvergence pessimism
                                  0.224137    0.774555   library removal time
                                              0.774555   data required time
---------------------------------------------------------------------------------------------
                                              0.774555   data required time
                                           -625.637451   data arrival time
---------------------------------------------------------------------------------------------
                                            624.862915   slack (MET)


Startpoint: rst_i (input port clocked by clk_i)
Endpoint: _389_ (removal check against rising-edge clock clk_i)
Path Group: asynchronous
Path Type: min

Fanout         Cap        Slew       Delay        Time   Description
---------------------------------------------------------------------------------------------
                                  0.000000    0.000000   clock clk_i (rise edge)
                                  0.000000    0.000000   clock network delay (propagated)
                                625.000000  625.000000 ^ input external delay
     1    0.002714    0.013605    0.007049  625.007080 ^ rst_i (in)
                                                         rst_i (net)
                      0.013612    0.000000  625.007080 ^ input2/A (sky130_fd_sc_hd__clkbuf_1)
     1    0.003106    0.034585    0.049397  625.056458 ^ input2/X (sky130_fd_sc_hd__clkbuf_1)
                                                         net2 (net)
                      0.034586    0.000227  625.056702 ^ fanout27/A (sky130_fd_sc_hd__dlymetal6s2s_1)
     5    0.030499    0.238820    0.202192  625.258850 ^ fanout27/X (sky130_fd_sc_hd__dlymetal6s2s_1)
                                                         net27 (net)
                      0.238830    0.001307  625.260193 ^ fanout26/A (sky130_fd_sc_hd__buf_2)
     8    0.039658    0.147126    0.184002  625.444153 ^ fanout26/X (sky130_fd_sc_hd__buf_2)
                                                         net26 (net)
                      0.147161    0.001876  625.446045 ^ fanout24/A (sky130_fd_sc_hd__clkbuf_4)
    10    0.053367    0.125938    0.181387  625.627441 ^ fanout24/X (sky130_fd_sc_hd__clkbuf_4)
                                                         net24 (net)
                      0.126283    0.005400  625.632812 ^ _389_/RESET_B (sky130_fd_sc_hd__dfrtp_1)
                                            625.632812   data arrival time

                                  0.000000    0.000000   clock clk_i (rise edge)
                                  0.000000    0.000000   clock source latency
     1    0.020654    0.073648    0.051282    0.051282 ^ clk_i (in)
                                                         clk_i (net)
                      0.073738    0.000000    0.051282 ^ clkbuf_0_clk_i/A (sky130_fd_sc_hd__clkbuf_16)
     8    0.090655    0.082774    0.133017    0.184299 ^ clkbuf_0_clk_i/X (sky130_fd_sc_hd__clkbuf_16)
                                                         clknet_0_clk_i (net)
                      0.083509    0.006211    0.190510 ^ clkbuf_3_5__f_clk_i/A (sky130_fd_sc_hd__clkbuf_16)
     9    0.029482    0.038301    0.104985    0.295495 ^ clkbuf_3_5__f_clk_i/X (sky130_fd_sc_hd__clkbuf_16)
                                                         clknet_3_5__leaf_clk_i (net)
                      0.038350    0.001187    0.296683 ^ _389_/CLK (sky130_fd_sc_hd__dfrtp_1)
                                  0.250000    0.546683   clock uncertainty
                                  0.000000    0.546683   clock reconvergence pessimism
                                  0.222911    0.769594   library removal time
                                              0.769594   data required time
---------------------------------------------------------------------------------------------
                                              0.769594   data required time
                                           -625.632812   data arrival time
---------------------------------------------------------------------------------------------
                                            624.863220   slack (MET)


Startpoint: rst_i (input port clocked by clk_i)
Endpoint: _346_ (removal check against rising-edge clock clk_i)
Path Group: asynchronous
Path Type: min

Fanout         Cap        Slew       Delay        Time   Description
---------------------------------------------------------------------------------------------
                                  0.000000    0.000000   clock clk_i (rise edge)
                                  0.000000    0.000000   clock network delay (propagated)
                                625.000000  625.000000 ^ input external delay
     1    0.002714    0.013605    0.007049  625.007080 ^ rst_i (in)
                                                         rst_i (net)
                      0.013612    0.000000  625.007080 ^ input2/A (sky130_fd_sc_hd__clkbuf_1)
     1    0.003106    0.034585    0.049397  625.056458 ^ input2/X (sky130_fd_sc_hd__clkbuf_1)
                                                         net2 (net)
                      0.034586    0.000227  625.056702 ^ fanout27/A (sky130_fd_sc_hd__dlymetal6s2s_1)
     5    0.030499    0.238820    0.202192  625.258850 ^ fanout27/X (sky130_fd_sc_hd__dlymetal6s2s_1)
                                                         net27 (net)
                      0.238830    0.001307  625.260193 ^ fanout26/A (sky130_fd_sc_hd__buf_2)
     8    0.039658    0.147126    0.184002  625.444153 ^ fanout26/X (sky130_fd_sc_hd__buf_2)
                                                         net26 (net)
                      0.147161    0.001876  625.446045 ^ fanout24/A (sky130_fd_sc_hd__clkbuf_4)
    10    0.053367    0.125938    0.181387  625.627441 ^ fanout24/X (sky130_fd_sc_hd__clkbuf_4)
                                                         net24 (net)
                      0.126482    0.006708  625.634155 ^ _346_/RESET_B (sky130_fd_sc_hd__dfrtp_1)
                                            625.634155   data arrival time

                                  0.000000    0.000000   clock clk_i (rise edge)
                                  0.000000    0.000000   clock source latency
     1    0.020654    0.073648    0.051282    0.051282 ^ clk_i (in)
                                                         clk_i (net)
                      0.073738    0.000000    0.051282 ^ clkbuf_0_clk_i/A (sky130_fd_sc_hd__clkbuf_16)
     8    0.090655    0.082774    0.133017    0.184299 ^ clkbuf_0_clk_i/X (sky130_fd_sc_hd__clkbuf_16)
                                                         clknet_0_clk_i (net)
                      0.083509    0.006211    0.190510 ^ clkbuf_3_5__f_clk_i/A (sky130_fd_sc_hd__clkbuf_16)
     9    0.029482    0.038301    0.104985    0.295495 ^ clkbuf_3_5__f_clk_i/X (sky130_fd_sc_hd__clkbuf_16)
                                                         clknet_3_5__leaf_clk_i (net)
                      0.038400    0.001641    0.297136 ^ _346_/CLK (sky130_fd_sc_hd__dfrtp_1)
                                  0.250000    0.547136   clock uncertainty
                                  0.000000    0.547136   clock reconvergence pessimism
                                  0.222969    0.770105   library removal time
                                              0.770105   data required time
---------------------------------------------------------------------------------------------
                                              0.770105   data required time
                                           -625.634155   data arrival time
---------------------------------------------------------------------------------------------
                                            624.864014   slack (MET)


Startpoint: rst_i (input port clocked by clk_i)
Endpoint: _384_ (removal check against rising-edge clock clk_i)
Path Group: asynchronous
Path Type: min

Fanout         Cap        Slew       Delay        Time   Description
---------------------------------------------------------------------------------------------
                                  0.000000    0.000000   clock clk_i (rise edge)
                                  0.000000    0.000000   clock network delay (propagated)
                                625.000000  625.000000 ^ input external delay
     1    0.002714    0.013605    0.007049  625.007080 ^ rst_i (in)
                                                         rst_i (net)
                      0.013612    0.000000  625.007080 ^ input2/A (sky130_fd_sc_hd__clkbuf_1)
     1    0.003106    0.034585    0.049397  625.056458 ^ input2/X (sky130_fd_sc_hd__clkbuf_1)
                                                         net2 (net)
                      0.034586    0.000227  625.056702 ^ fanout27/A (sky130_fd_sc_hd__dlymetal6s2s_1)
     5    0.030499    0.238820    0.202192  625.258850 ^ fanout27/X (sky130_fd_sc_hd__dlymetal6s2s_1)
                                                         net27 (net)
                      0.238830    0.001307  625.260193 ^ fanout26/A (sky130_fd_sc_hd__buf_2)
     8    0.039658    0.147126    0.184002  625.444153 ^ fanout26/X (sky130_fd_sc_hd__buf_2)
                                                         net26 (net)
                      0.147161    0.001876  625.446045 ^ fanout24/A (sky130_fd_sc_hd__clkbuf_4)
    10    0.053367    0.125938    0.181387  625.627441 ^ fanout24/X (sky130_fd_sc_hd__clkbuf_4)
                                                         net24 (net)
                      0.126665    0.007731  625.635193 ^ _384_/RESET_B (sky130_fd_sc_hd__dfrtp_1)
                                            625.635193   data arrival time

                                  0.000000    0.000000   clock clk_i (rise edge)
                                  0.000000    0.000000   clock source latency
     1    0.020654    0.073648    0.051282    0.051282 ^ clk_i (in)
                                                         clk_i (net)
                      0.073738    0.000000    0.051282 ^ clkbuf_0_clk_i/A (sky130_fd_sc_hd__clkbuf_16)
     8    0.090655    0.082774    0.133017    0.184299 ^ clkbuf_0_clk_i/X (sky130_fd_sc_hd__clkbuf_16)
                                                         clknet_0_clk_i (net)
                      0.083509    0.006211    0.190510 ^ clkbuf_3_5__f_clk_i/A (sky130_fd_sc_hd__clkbuf_16)
     9    0.029482    0.038301    0.104985    0.295495 ^ clkbuf_3_5__f_clk_i/X (sky130_fd_sc_hd__clkbuf_16)
                                                         clknet_3_5__leaf_clk_i (net)
                      0.038387    0.001536    0.297031 ^ _384_/CLK (sky130_fd_sc_hd__dfrtp_1)
                                  0.250000    0.547031   clock uncertainty
                                  0.000000    0.547031   clock reconvergence pessimism
                                  0.223015    0.770046   library removal time
                                              0.770046   data required time
---------------------------------------------------------------------------------------------
                                              0.770046   data required time
                                           -625.635193   data arrival time
---------------------------------------------------------------------------------------------
                                            624.865112   slack (MET)


Startpoint: rst_i (input port clocked by clk_i)
Endpoint: _343_ (removal check against rising-edge clock clk_i)
Path Group: asynchronous
Path Type: min

Fanout         Cap        Slew       Delay        Time   Description
---------------------------------------------------------------------------------------------
                                  0.000000    0.000000   clock clk_i (rise edge)
                                  0.000000    0.000000   clock network delay (propagated)
                                625.000000  625.000000 ^ input external delay
     1    0.002714    0.013605    0.007049  625.007080 ^ rst_i (in)
                                                         rst_i (net)
                      0.013612    0.000000  625.007080 ^ input2/A (sky130_fd_sc_hd__clkbuf_1)
     1    0.003106    0.034585    0.049397  625.056458 ^ input2/X (sky130_fd_sc_hd__clkbuf_1)
                                                         net2 (net)
                      0.034586    0.000227  625.056702 ^ fanout27/A (sky130_fd_sc_hd__dlymetal6s2s_1)
     5    0.030499    0.238820    0.202192  625.258850 ^ fanout27/X (sky130_fd_sc_hd__dlymetal6s2s_1)
                                                         net27 (net)
                      0.238830    0.001307  625.260193 ^ fanout26/A (sky130_fd_sc_hd__buf_2)
     8    0.039658    0.147126    0.184002  625.444153 ^ fanout26/X (sky130_fd_sc_hd__buf_2)
                                                         net26 (net)
                      0.147167    0.002046  625.446228 ^ fanout25/A (sky130_fd_sc_hd__clkbuf_4)
    10    0.055359    0.130234    0.184968  625.631165 ^ fanout25/X (sky130_fd_sc_hd__clkbuf_4)
                                                         net25 (net)
                      0.130517    0.005002  625.636169 ^ _343_/RESET_B (sky130_fd_sc_hd__dfrtp_1)
                                            625.636169   data arrival time

                                  0.000000    0.000000   clock clk_i (rise edge)
                                  0.000000    0.000000   clock source latency
     1    0.020654    0.073648    0.051282    0.051282 ^ clk_i (in)
                                                         clk_i (net)
                      0.073738    0.000000    0.051282 ^ clkbuf_0_clk_i/A (sky130_fd_sc_hd__clkbuf_16)
     8    0.090655    0.082774    0.133017    0.184299 ^ clkbuf_0_clk_i/X (sky130_fd_sc_hd__clkbuf_16)
                                                         clknet_0_clk_i (net)
                      0.083269    0.005139    0.189438 ^ clkbuf_3_7__f_clk_i/A (sky130_fd_sc_hd__clkbuf_16)
     8    0.029344    0.038231    0.104709    0.294147 ^ clkbuf_3_7__f_clk_i/X (sky130_fd_sc_hd__clkbuf_16)
                                                         clknet_3_7__leaf_clk_i (net)
                      0.038291    0.001314    0.295461 ^ _343_/CLK (sky130_fd_sc_hd__dfrtp_1)
                                  0.250000    0.545461   clock uncertainty
                                  0.000000    0.545461   clock reconvergence pessimism
                                  0.224003    0.769465   library removal time
                                              0.769465   data required time
---------------------------------------------------------------------------------------------
                                              0.769465   data required time
                                           -625.636169   data arrival time
---------------------------------------------------------------------------------------------
                                            624.866699   slack (MET)


Startpoint: rst_i (input port clocked by clk_i)
Endpoint: _342_ (removal check against rising-edge clock clk_i)
Path Group: asynchronous
Path Type: min

Fanout         Cap        Slew       Delay        Time   Description
---------------------------------------------------------------------------------------------
                                  0.000000    0.000000   clock clk_i (rise edge)
                                  0.000000    0.000000   clock network delay (propagated)
                                625.000000  625.000000 ^ input external delay
     1    0.002714    0.013605    0.007049  625.007080 ^ rst_i (in)
                                                         rst_i (net)
                      0.013612    0.000000  625.007080 ^ input2/A (sky130_fd_sc_hd__clkbuf_1)
     1    0.003106    0.034585    0.049397  625.056458 ^ input2/X (sky130_fd_sc_hd__clkbuf_1)
                                                         net2 (net)
                      0.034586    0.000227  625.056702 ^ fanout27/A (sky130_fd_sc_hd__dlymetal6s2s_1)
     5    0.030499    0.238820    0.202192  625.258850 ^ fanout27/X (sky130_fd_sc_hd__dlymetal6s2s_1)
                                                         net27 (net)
                      0.238830    0.001307  625.260193 ^ fanout26/A (sky130_fd_sc_hd__buf_2)
     8    0.039658    0.147126    0.184002  625.444153 ^ fanout26/X (sky130_fd_sc_hd__buf_2)
                                                         net26 (net)
                      0.147167    0.002046  625.446228 ^ fanout25/A (sky130_fd_sc_hd__clkbuf_4)
    10    0.055359    0.130234    0.184968  625.631165 ^ fanout25/X (sky130_fd_sc_hd__clkbuf_4)
                                                         net25 (net)
                      0.130638    0.005912  625.637085 ^ _342_/RESET_B (sky130_fd_sc_hd__dfrtp_1)
                                            625.637085   data arrival time

                                  0.000000    0.000000   clock clk_i (rise edge)
                                  0.000000    0.000000   clock source latency
     1    0.020654    0.073648    0.051282    0.051282 ^ clk_i (in)
                                                         clk_i (net)
                      0.073738    0.000000    0.051282 ^ clkbuf_0_clk_i/A (sky130_fd_sc_hd__clkbuf_16)
     8    0.090655    0.082774    0.133017    0.184299 ^ clkbuf_0_clk_i/X (sky130_fd_sc_hd__clkbuf_16)
                                                         clknet_0_clk_i (net)
                      0.083269    0.005139    0.189438 ^ clkbuf_3_7__f_clk_i/A (sky130_fd_sc_hd__clkbuf_16)
     8    0.029344    0.038231    0.104709    0.294147 ^ clkbuf_3_7__f_clk_i/X (sky130_fd_sc_hd__clkbuf_16)
                                                         clknet_3_7__leaf_clk_i (net)
                      0.038306    0.001444    0.295591 ^ _342_/CLK (sky130_fd_sc_hd__dfrtp_1)
                                  0.250000    0.545591   clock uncertainty
                                  0.000000    0.545591   clock reconvergence pessimism
                                  0.224037    0.769628   library removal time
                                              0.769628   data required time
---------------------------------------------------------------------------------------------
                                              0.769628   data required time
                                           -625.637085   data arrival time
---------------------------------------------------------------------------------------------
                                            624.867493   slack (MET)


Startpoint: rst_i (input port clocked by clk_i)
Endpoint: _349_ (removal check against rising-edge clock clk_i)
Path Group: asynchronous
Path Type: min

Fanout         Cap        Slew       Delay        Time   Description
---------------------------------------------------------------------------------------------
                                  0.000000    0.000000   clock clk_i (rise edge)
                                  0.000000    0.000000   clock network delay (propagated)
                                625.000000  625.000000 ^ input external delay
     1    0.002714    0.013605    0.007049  625.007080 ^ rst_i (in)
                                                         rst_i (net)
                      0.013612    0.000000  625.007080 ^ input2/A (sky130_fd_sc_hd__clkbuf_1)
     1    0.003106    0.034585    0.049397  625.056458 ^ input2/X (sky130_fd_sc_hd__clkbuf_1)
                                                         net2 (net)
                      0.034586    0.000227  625.056702 ^ fanout27/A (sky130_fd_sc_hd__dlymetal6s2s_1)
     5    0.030499    0.238820    0.202192  625.258850 ^ fanout27/X (sky130_fd_sc_hd__dlymetal6s2s_1)
                                                         net27 (net)
                      0.238830    0.001307  625.260193 ^ fanout26/A (sky130_fd_sc_hd__buf_2)
     8    0.039658    0.147126    0.184002  625.444153 ^ fanout26/X (sky130_fd_sc_hd__buf_2)
                                                         net26 (net)
                      0.147167    0.002046  625.446228 ^ fanout25/A (sky130_fd_sc_hd__clkbuf_4)
    10    0.055359    0.130234    0.184968  625.631165 ^ fanout25/X (sky130_fd_sc_hd__clkbuf_4)
                                                         net25 (net)
                      0.130518    0.005002  625.636169 ^ _349_/RESET_B (sky130_fd_sc_hd__dfrtp_1)
                                            625.636169   data arrival time

                                  0.000000    0.000000   clock clk_i (rise edge)
                                  0.000000    0.000000   clock source latency
     1    0.020654    0.073648    0.051282    0.051282 ^ clk_i (in)
                                                         clk_i (net)
                      0.073738    0.000000    0.051282 ^ clkbuf_0_clk_i/A (sky130_fd_sc_hd__clkbuf_16)
     8    0.090655    0.082774    0.133017    0.184299 ^ clkbuf_0_clk_i/X (sky130_fd_sc_hd__clkbuf_16)
                                                         clknet_0_clk_i (net)
                      0.083258    0.005081    0.189380 ^ clkbuf_3_6__f_clk_i/A (sky130_fd_sc_hd__clkbuf_16)
     7    0.028104    0.037321    0.103939    0.293320 ^ clkbuf_3_6__f_clk_i/X (sky130_fd_sc_hd__clkbuf_16)
                                                         clknet_3_6__leaf_clk_i (net)
                      0.037427    0.001668    0.294988 ^ _349_/CLK (sky130_fd_sc_hd__dfrtp_1)
                                  0.250000    0.544988   clock uncertainty
                                  0.000000    0.544988   clock reconvergence pessimism
                                  0.223886    0.768873   library removal time
                                              0.768873   data required time
---------------------------------------------------------------------------------------------
                                              0.768873   data required time
                                           -625.636169   data arrival time
---------------------------------------------------------------------------------------------
                                            624.867310   slack (MET)


Startpoint: rst_i (input port clocked by clk_i)
Endpoint: _333_ (removal check against rising-edge clock clk_i)
Path Group: asynchronous
Path Type: min

Fanout         Cap        Slew       Delay        Time   Description
---------------------------------------------------------------------------------------------
                                  0.000000    0.000000   clock clk_i (rise edge)
                                  0.000000    0.000000   clock network delay (propagated)
                                625.000000  625.000000 ^ input external delay
     1    0.002714    0.013605    0.007049  625.007080 ^ rst_i (in)
                                                         rst_i (net)
                      0.013612    0.000000  625.007080 ^ input2/A (sky130_fd_sc_hd__clkbuf_1)
     1    0.003106    0.034585    0.049397  625.056458 ^ input2/X (sky130_fd_sc_hd__clkbuf_1)
                                                         net2 (net)
                      0.034586    0.000227  625.056702 ^ fanout27/A (sky130_fd_sc_hd__dlymetal6s2s_1)
     5    0.030499    0.238820    0.202192  625.258850 ^ fanout27/X (sky130_fd_sc_hd__dlymetal6s2s_1)
                                                         net27 (net)
                      0.238830    0.001307  625.260193 ^ fanout26/A (sky130_fd_sc_hd__buf_2)
     8    0.039658    0.147126    0.184002  625.444153 ^ fanout26/X (sky130_fd_sc_hd__buf_2)
                                                         net26 (net)
                      0.147161    0.001876  625.446045 ^ fanout24/A (sky130_fd_sc_hd__clkbuf_4)
    10    0.053367    0.125938    0.181387  625.627441 ^ fanout24/X (sky130_fd_sc_hd__clkbuf_4)
                                                         net24 (net)
                      0.126636    0.007560  625.635010 ^ _333_/RESET_B (sky130_fd_sc_hd__dfrtp_1)
                                            625.635010   data arrival time

                                  0.000000    0.000000   clock clk_i (rise edge)
                                  0.000000    0.000000   clock source latency
     1    0.020654    0.073648    0.051282    0.051282 ^ clk_i (in)
                                                         clk_i (net)
                      0.073738    0.000000    0.051282 ^ clkbuf_0_clk_i/A (sky130_fd_sc_hd__clkbuf_16)
     8    0.090655    0.082774    0.133017    0.184299 ^ clkbuf_0_clk_i/X (sky130_fd_sc_hd__clkbuf_16)
                                                         clknet_0_clk_i (net)
                      0.083406    0.005775    0.190074 ^ clkbuf_3_4__f_clk_i/A (sky130_fd_sc_hd__clkbuf_16)
     7    0.025559    0.035540    0.102048    0.292122 ^ clkbuf_3_4__f_clk_i/X (sky130_fd_sc_hd__clkbuf_16)
                                                         clknet_3_4__leaf_clk_i (net)
                      0.035756    0.001909    0.294031 ^ _333_/CLK (sky130_fd_sc_hd__dfrtp_1)
                                  0.250000    0.544031   clock uncertainty
                                  0.000000    0.544031   clock reconvergence pessimism
                                  0.222649    0.766680   library removal time
                                              0.766680   data required time
---------------------------------------------------------------------------------------------
                                              0.766680   data required time
                                           -625.635010   data arrival time
---------------------------------------------------------------------------------------------
                                            624.868286   slack (MET)


Startpoint: rst_i (input port clocked by clk_i)
Endpoint: _350_ (removal check against rising-edge clock clk_i)
Path Group: asynchronous
Path Type: min

Fanout         Cap        Slew       Delay        Time   Description
---------------------------------------------------------------------------------------------
                                  0.000000    0.000000   clock clk_i (rise edge)
                                  0.000000    0.000000   clock network delay (propagated)
                                625.000000  625.000000 ^ input external delay
     1    0.002714    0.013605    0.007049  625.007080 ^ rst_i (in)
                                                         rst_i (net)
                      0.013612    0.000000  625.007080 ^ input2/A (sky130_fd_sc_hd__clkbuf_1)
     1    0.003106    0.034585    0.049397  625.056458 ^ input2/X (sky130_fd_sc_hd__clkbuf_1)
                                                         net2 (net)
                      0.034586    0.000227  625.056702 ^ fanout27/A (sky130_fd_sc_hd__dlymetal6s2s_1)
     5    0.030499    0.238820    0.202192  625.258850 ^ fanout27/X (sky130_fd_sc_hd__dlymetal6s2s_1)
                                                         net27 (net)
                      0.238830    0.001307  625.260193 ^ fanout26/A (sky130_fd_sc_hd__buf_2)
     8    0.039658    0.147126    0.184002  625.444153 ^ fanout26/X (sky130_fd_sc_hd__buf_2)
                                                         net26 (net)
                      0.147167    0.002046  625.446228 ^ fanout25/A (sky130_fd_sc_hd__clkbuf_4)
    10    0.055359    0.130234    0.184968  625.631165 ^ fanout25/X (sky130_fd_sc_hd__clkbuf_4)
                                                         net25 (net)
                      0.130618    0.005741  625.636963 ^ _350_/RESET_B (sky130_fd_sc_hd__dfrtp_1)
                                            625.636963   data arrival time

                                  0.000000    0.000000   clock clk_i (rise edge)
                                  0.000000    0.000000   clock source latency
     1    0.020654    0.073648    0.051282    0.051282 ^ clk_i (in)
                                                         clk_i (net)
                      0.073738    0.000000    0.051282 ^ clkbuf_0_clk_i/A (sky130_fd_sc_hd__clkbuf_16)
     8    0.090655    0.082774    0.133017    0.184299 ^ clkbuf_0_clk_i/X (sky130_fd_sc_hd__clkbuf_16)
                                                         clknet_0_clk_i (net)
                      0.083258    0.005081    0.189380 ^ clkbuf_3_6__f_clk_i/A (sky130_fd_sc_hd__clkbuf_16)
     7    0.028104    0.037321    0.103939    0.293320 ^ clkbuf_3_6__f_clk_i/X (sky130_fd_sc_hd__clkbuf_16)
                                                         clknet_3_6__leaf_clk_i (net)
                      0.037389    0.001360    0.294680 ^ _350_/CLK (sky130_fd_sc_hd__dfrtp_1)
                                  0.250000    0.544680   clock uncertainty
                                  0.000000    0.544680   clock reconvergence pessimism
                                  0.223907    0.768586   library removal time
                                              0.768586   data required time
---------------------------------------------------------------------------------------------
                                              0.768586   data required time
                                           -625.636963   data arrival time
---------------------------------------------------------------------------------------------
                                            624.868347   slack (MET)


Startpoint: rst_i (input port clocked by clk_i)
Endpoint: _380_ (removal check against rising-edge clock clk_i)
Path Group: asynchronous
Path Type: min

Fanout         Cap        Slew       Delay        Time   Description
---------------------------------------------------------------------------------------------
                                  0.000000    0.000000   clock clk_i (rise edge)
                                  0.000000    0.000000   clock network delay (propagated)
                                625.000000  625.000000 ^ input external delay
     1    0.002714    0.013605    0.007049  625.007080 ^ rst_i (in)
                                                         rst_i (net)
                      0.013612    0.000000  625.007080 ^ input2/A (sky130_fd_sc_hd__clkbuf_1)
     1    0.003106    0.034585    0.049397  625.056458 ^ input2/X (sky130_fd_sc_hd__clkbuf_1)
                                                         net2 (net)
                      0.034586    0.000227  625.056702 ^ fanout27/A (sky130_fd_sc_hd__dlymetal6s2s_1)
     5    0.030499    0.238820    0.202192  625.258850 ^ fanout27/X (sky130_fd_sc_hd__dlymetal6s2s_1)
                                                         net27 (net)
                      0.238830    0.001307  625.260193 ^ fanout26/A (sky130_fd_sc_hd__buf_2)
     8    0.039658    0.147126    0.184002  625.444153 ^ fanout26/X (sky130_fd_sc_hd__buf_2)
                                                         net26 (net)
                      0.147161    0.001876  625.446045 ^ fanout24/A (sky130_fd_sc_hd__clkbuf_4)
    10    0.053367    0.125938    0.181387  625.627441 ^ fanout24/X (sky130_fd_sc_hd__clkbuf_4)
                                                         net24 (net)
                      0.126532    0.006992  625.634460 ^ _380_/RESET_B (sky130_fd_sc_hd__dfrtp_1)
                                            625.634460   data arrival time

                                  0.000000    0.000000   clock clk_i (rise edge)
                                  0.000000    0.000000   clock source latency
     1    0.020654    0.073648    0.051282    0.051282 ^ clk_i (in)
                                                         clk_i (net)
                      0.073738    0.000000    0.051282 ^ clkbuf_0_clk_i/A (sky130_fd_sc_hd__clkbuf_16)
     8    0.090655    0.082774    0.133017    0.184299 ^ clkbuf_0_clk_i/X (sky130_fd_sc_hd__clkbuf_16)
                                                         clknet_0_clk_i (net)
                      0.083406    0.005775    0.190074 ^ clkbuf_3_4__f_clk_i/A (sky130_fd_sc_hd__clkbuf_16)
     7    0.025559    0.035540    0.102048    0.292122 ^ clkbuf_3_4__f_clk_i/X (sky130_fd_sc_hd__clkbuf_16)
                                                         clknet_3_4__leaf_clk_i (net)
                      0.035703    0.001559    0.293681 ^ _380_/CLK (sky130_fd_sc_hd__dfrtp_1)
                                  0.250000    0.543681   clock uncertainty
                                  0.000000    0.543681   clock reconvergence pessimism
                                  0.222614    0.766295   library removal time
                                              0.766295   data required time
---------------------------------------------------------------------------------------------
                                              0.766295   data required time
                                           -625.634460   data arrival time
---------------------------------------------------------------------------------------------
                                            624.868103   slack (MET)


Startpoint: rst_i (input port clocked by clk_i)
Endpoint: _351_ (removal check against rising-edge clock clk_i)
Path Group: asynchronous
Path Type: min

Fanout         Cap        Slew       Delay        Time   Description
---------------------------------------------------------------------------------------------
                                  0.000000    0.000000   clock clk_i (rise edge)
                                  0.000000    0.000000   clock network delay (propagated)
                                625.000000  625.000000 ^ input external delay
     1    0.002714    0.013605    0.007049  625.007080 ^ rst_i (in)
                                                         rst_i (net)
                      0.013612    0.000000  625.007080 ^ input2/A (sky130_fd_sc_hd__clkbuf_1)
     1    0.003106    0.034585    0.049397  625.056458 ^ input2/X (sky130_fd_sc_hd__clkbuf_1)
                                                         net2 (net)
                      0.034586    0.000227  625.056702 ^ fanout27/A (sky130_fd_sc_hd__dlymetal6s2s_1)
     5    0.030499    0.238820    0.202192  625.258850 ^ fanout27/X (sky130_fd_sc_hd__dlymetal6s2s_1)
                                                         net27 (net)
                      0.238830    0.001307  625.260193 ^ fanout26/A (sky130_fd_sc_hd__buf_2)
     8    0.039658    0.147126    0.184002  625.444153 ^ fanout26/X (sky130_fd_sc_hd__buf_2)
                                                         net26 (net)
                      0.147167    0.002046  625.446228 ^ fanout25/A (sky130_fd_sc_hd__clkbuf_4)
    10    0.055359    0.130234    0.184968  625.631165 ^ fanout25/X (sky130_fd_sc_hd__clkbuf_4)
                                                         net25 (net)
                      0.130683    0.006196  625.637390 ^ _351_/RESET_B (sky130_fd_sc_hd__dfrtp_1)
                                            625.637390   data arrival time

                                  0.000000    0.000000   clock clk_i (rise edge)
                                  0.000000    0.000000   clock source latency
     1    0.020654    0.073648    0.051282    0.051282 ^ clk_i (in)
                                                         clk_i (net)
                      0.073738    0.000000    0.051282 ^ clkbuf_0_clk_i/A (sky130_fd_sc_hd__clkbuf_16)
     8    0.090655    0.082774    0.133017    0.184299 ^ clkbuf_0_clk_i/X (sky130_fd_sc_hd__clkbuf_16)
                                                         clknet_0_clk_i (net)
                      0.083258    0.005081    0.189380 ^ clkbuf_3_6__f_clk_i/A (sky130_fd_sc_hd__clkbuf_16)
     7    0.028104    0.037321    0.103939    0.293320 ^ clkbuf_3_6__f_clk_i/X (sky130_fd_sc_hd__clkbuf_16)
                                                         clknet_3_6__leaf_clk_i (net)
                      0.037395    0.001419    0.294738 ^ _351_/CLK (sky130_fd_sc_hd__dfrtp_1)
                                  0.250000    0.544738   clock uncertainty
                                  0.000000    0.544738   clock reconvergence pessimism
                                  0.223924    0.768663   library removal time
                                              0.768663   data required time
---------------------------------------------------------------------------------------------
                                              0.768663   data required time
                                           -625.637390   data arrival time
---------------------------------------------------------------------------------------------
                                            624.868774   slack (MET)


Startpoint: rst_i (input port clocked by clk_i)
Endpoint: _352_ (removal check against rising-edge clock clk_i)
Path Group: asynchronous
Path Type: min

Fanout         Cap        Slew       Delay        Time   Description
---------------------------------------------------------------------------------------------
                                  0.000000    0.000000   clock clk_i (rise edge)
                                  0.000000    0.000000   clock network delay (propagated)
                                625.000000  625.000000 ^ input external delay
     1    0.002714    0.013605    0.007049  625.007080 ^ rst_i (in)
                                                         rst_i (net)
                      0.013612    0.000000  625.007080 ^ input2/A (sky130_fd_sc_hd__clkbuf_1)
     1    0.003106    0.034585    0.049397  625.056458 ^ input2/X (sky130_fd_sc_hd__clkbuf_1)
                                                         net2 (net)
                      0.034586    0.000227  625.056702 ^ fanout27/A (sky130_fd_sc_hd__dlymetal6s2s_1)
     5    0.030499    0.238820    0.202192  625.258850 ^ fanout27/X (sky130_fd_sc_hd__dlymetal6s2s_1)
                                                         net27 (net)
                      0.238830    0.001307  625.260193 ^ fanout26/A (sky130_fd_sc_hd__buf_2)
     8    0.039658    0.147126    0.184002  625.444153 ^ fanout26/X (sky130_fd_sc_hd__buf_2)
                                                         net26 (net)
                      0.147167    0.002046  625.446228 ^ fanout25/A (sky130_fd_sc_hd__clkbuf_4)
    10    0.055359    0.130234    0.184968  625.631165 ^ fanout25/X (sky130_fd_sc_hd__clkbuf_4)
                                                         net25 (net)
                      0.130631    0.005855  625.637024 ^ _352_/RESET_B (sky130_fd_sc_hd__dfrtp_1)
                                            625.637024   data arrival time

                                  0.000000    0.000000   clock clk_i (rise edge)
                                  0.000000    0.000000   clock source latency
     1    0.020654    0.073648    0.051282    0.051282 ^ clk_i (in)
                                                         clk_i (net)
                      0.073738    0.000000    0.051282 ^ clkbuf_0_clk_i/A (sky130_fd_sc_hd__clkbuf_16)
     8    0.090655    0.082774    0.133017    0.184299 ^ clkbuf_0_clk_i/X (sky130_fd_sc_hd__clkbuf_16)
                                                         clknet_0_clk_i (net)
                      0.083258    0.005081    0.189380 ^ clkbuf_3_6__f_clk_i/A (sky130_fd_sc_hd__clkbuf_16)
     7    0.028104    0.037321    0.103939    0.293320 ^ clkbuf_3_6__f_clk_i/X (sky130_fd_sc_hd__clkbuf_16)
                                                         clknet_3_6__leaf_clk_i (net)
                      0.037423    0.001640    0.294960 ^ _352_/CLK (sky130_fd_sc_hd__dfrtp_1)
                                  0.250000    0.544960   clock uncertainty
                                  0.000000    0.544960   clock reconvergence pessimism
                                  0.223915    0.768874   library removal time
                                              0.768874   data required time
---------------------------------------------------------------------------------------------
                                              0.768874   data required time
                                           -625.637024   data arrival time
---------------------------------------------------------------------------------------------
                                            624.868164   slack (MET)


Startpoint: rst_i (input port clocked by clk_i)
Endpoint: _381_ (removal check against rising-edge clock clk_i)
Path Group: asynchronous
Path Type: min

Fanout         Cap        Slew       Delay        Time   Description
---------------------------------------------------------------------------------------------
                                  0.000000    0.000000   clock clk_i (rise edge)
                                  0.000000    0.000000   clock network delay (propagated)
                                625.000000  625.000000 ^ input external delay
     1    0.002714    0.013605    0.007049  625.007080 ^ rst_i (in)
                                                         rst_i (net)
                      0.013612    0.000000  625.007080 ^ input2/A (sky130_fd_sc_hd__clkbuf_1)
     1    0.003106    0.034585    0.049397  625.056458 ^ input2/X (sky130_fd_sc_hd__clkbuf_1)
                                                         net2 (net)
                      0.034586    0.000227  625.056702 ^ fanout27/A (sky130_fd_sc_hd__dlymetal6s2s_1)
     5    0.030499    0.238820    0.202192  625.258850 ^ fanout27/X (sky130_fd_sc_hd__dlymetal6s2s_1)
                                                         net27 (net)
                      0.238830    0.001307  625.260193 ^ fanout26/A (sky130_fd_sc_hd__buf_2)
     8    0.039658    0.147126    0.184002  625.444153 ^ fanout26/X (sky130_fd_sc_hd__buf_2)
                                                         net26 (net)
                      0.147161    0.001876  625.446045 ^ fanout24/A (sky130_fd_sc_hd__clkbuf_4)
    10    0.053367    0.125938    0.181387  625.627441 ^ fanout24/X (sky130_fd_sc_hd__clkbuf_4)
                                                         net24 (net)
                      0.126638    0.007617  625.635071 ^ _381_/RESET_B (sky130_fd_sc_hd__dfrtp_1)
                                            625.635071   data arrival time

                                  0.000000    0.000000   clock clk_i (rise edge)
                                  0.000000    0.000000   clock source latency
     1    0.020654    0.073648    0.051282    0.051282 ^ clk_i (in)
                                                         clk_i (net)
                      0.073738    0.000000    0.051282 ^ clkbuf_0_clk_i/A (sky130_fd_sc_hd__clkbuf_16)
     8    0.090655    0.082774    0.133017    0.184299 ^ clkbuf_0_clk_i/X (sky130_fd_sc_hd__clkbuf_16)
                                                         clknet_0_clk_i (net)
                      0.083406    0.005775    0.190074 ^ clkbuf_3_4__f_clk_i/A (sky130_fd_sc_hd__clkbuf_16)
     7    0.025559    0.035540    0.102048    0.292122 ^ clkbuf_3_4__f_clk_i/X (sky130_fd_sc_hd__clkbuf_16)
                                                         clknet_3_4__leaf_clk_i (net)
                      0.035788    0.002095    0.294218 ^ _381_/CLK (sky130_fd_sc_hd__dfrtp_1)
                                  0.250000    0.544218   clock uncertainty
                                  0.000000    0.544218   clock reconvergence pessimism
                                  0.222654    0.766871   library removal time
                                              0.766871   data required time
---------------------------------------------------------------------------------------------
                                              0.766871   data required time
                                           -625.635071   data arrival time
---------------------------------------------------------------------------------------------
                                            624.868164   slack (MET)


Startpoint: rst_i (input port clocked by clk_i)
Endpoint: _345_ (removal check against rising-edge clock clk_i)
Path Group: asynchronous
Path Type: min

Fanout         Cap        Slew       Delay        Time   Description
---------------------------------------------------------------------------------------------
                                  0.000000    0.000000   clock clk_i (rise edge)
                                  0.000000    0.000000   clock network delay (propagated)
                                625.000000  625.000000 ^ input external delay
     1    0.002714    0.013605    0.007049  625.007080 ^ rst_i (in)
                                                         rst_i (net)
                      0.013612    0.000000  625.007080 ^ input2/A (sky130_fd_sc_hd__clkbuf_1)
     1    0.003106    0.034585    0.049397  625.056458 ^ input2/X (sky130_fd_sc_hd__clkbuf_1)
                                                         net2 (net)
                      0.034586    0.000227  625.056702 ^ fanout27/A (sky130_fd_sc_hd__dlymetal6s2s_1)
     5    0.030499    0.238820    0.202192  625.258850 ^ fanout27/X (sky130_fd_sc_hd__dlymetal6s2s_1)
                                                         net27 (net)
                      0.238830    0.001307  625.260193 ^ fanout26/A (sky130_fd_sc_hd__buf_2)
     8    0.039658    0.147126    0.184002  625.444153 ^ fanout26/X (sky130_fd_sc_hd__buf_2)
                                                         net26 (net)
                      0.147161    0.001876  625.446045 ^ fanout24/A (sky130_fd_sc_hd__clkbuf_4)
    10    0.053367    0.125938    0.181387  625.627441 ^ fanout24/X (sky130_fd_sc_hd__clkbuf_4)
                                                         net24 (net)
                      0.126634    0.007560  625.635010 ^ _345_/RESET_B (sky130_fd_sc_hd__dfrtp_1)
                                            625.635010   data arrival time

                                  0.000000    0.000000   clock clk_i (rise edge)
                                  0.000000    0.000000   clock source latency
     1    0.020654    0.073648    0.051282    0.051282 ^ clk_i (in)
                                                         clk_i (net)
                      0.073738    0.000000    0.051282 ^ clkbuf_0_clk_i/A (sky130_fd_sc_hd__clkbuf_16)
     8    0.090655    0.082774    0.133017    0.184299 ^ clkbuf_0_clk_i/X (sky130_fd_sc_hd__clkbuf_16)
                                                         clknet_0_clk_i (net)
                      0.083406    0.005775    0.190074 ^ clkbuf_3_4__f_clk_i/A (sky130_fd_sc_hd__clkbuf_16)
     7    0.025559    0.035540    0.102048    0.292122 ^ clkbuf_3_4__f_clk_i/X (sky130_fd_sc_hd__clkbuf_16)
                                                         clknet_3_4__leaf_clk_i (net)
                      0.035588    0.001160    0.293283 ^ _345_/CLK (sky130_fd_sc_hd__dfrtp_1)
                                  0.250000    0.543283   clock uncertainty
                                  0.000000    0.543283   clock reconvergence pessimism
                                  0.222625    0.765908   library removal time
                                              0.765908   data required time
---------------------------------------------------------------------------------------------
                                              0.765908   data required time
                                           -625.635010   data arrival time
---------------------------------------------------------------------------------------------
                                            624.869080   slack (MET)


Startpoint: rst_i (input port clocked by clk_i)
Endpoint: _347_ (removal check against rising-edge clock clk_i)
Path Group: asynchronous
Path Type: min

Fanout         Cap        Slew       Delay        Time   Description
---------------------------------------------------------------------------------------------
                                  0.000000    0.000000   clock clk_i (rise edge)
                                  0.000000    0.000000   clock network delay (propagated)
                                625.000000  625.000000 ^ input external delay
     1    0.002714    0.013605    0.007049  625.007080 ^ rst_i (in)
                                                         rst_i (net)
                      0.013612    0.000000  625.007080 ^ input2/A (sky130_fd_sc_hd__clkbuf_1)
     1    0.003106    0.034585    0.049397  625.056458 ^ input2/X (sky130_fd_sc_hd__clkbuf_1)
                                                         net2 (net)
                      0.034586    0.000227  625.056702 ^ fanout27/A (sky130_fd_sc_hd__dlymetal6s2s_1)
     5    0.030499    0.238820    0.202192  625.258850 ^ fanout27/X (sky130_fd_sc_hd__dlymetal6s2s_1)
                                                         net27 (net)
                      0.238830    0.001307  625.260193 ^ fanout26/A (sky130_fd_sc_hd__buf_2)
     8    0.039658    0.147126    0.184002  625.444153 ^ fanout26/X (sky130_fd_sc_hd__buf_2)
                                                         net26 (net)
                      0.147167    0.002046  625.446228 ^ fanout25/A (sky130_fd_sc_hd__clkbuf_4)
    10    0.055359    0.130234    0.184968  625.631165 ^ fanout25/X (sky130_fd_sc_hd__clkbuf_4)
                                                         net25 (net)
                      0.130566    0.005400  625.636597 ^ _347_/RESET_B (sky130_fd_sc_hd__dfrtp_1)
                                            625.636597   data arrival time

                                  0.000000    0.000000   clock clk_i (rise edge)
                                  0.000000    0.000000   clock source latency
     1    0.020654    0.073648    0.051282    0.051282 ^ clk_i (in)
                                                         clk_i (net)
                      0.073738    0.000000    0.051282 ^ clkbuf_0_clk_i/A (sky130_fd_sc_hd__clkbuf_16)
     8    0.090655    0.082774    0.133017    0.184299 ^ clkbuf_0_clk_i/X (sky130_fd_sc_hd__clkbuf_16)
                                                         clknet_0_clk_i (net)
                      0.083258    0.005081    0.189380 ^ clkbuf_3_6__f_clk_i/A (sky130_fd_sc_hd__clkbuf_16)
     7    0.028104    0.037321    0.103939    0.293320 ^ clkbuf_3_6__f_clk_i/X (sky130_fd_sc_hd__clkbuf_16)
                                                         clknet_3_6__leaf_clk_i (net)
                      0.037334    0.000730    0.294049 ^ _347_/CLK (sky130_fd_sc_hd__dfrtp_1)
                                  0.250000    0.544049   clock uncertainty
                                  0.000000    0.544049   clock reconvergence pessimism
                                  0.223886    0.767935   library removal time
                                              0.767935   data required time
---------------------------------------------------------------------------------------------
                                              0.767935   data required time
                                           -625.636597   data arrival time
---------------------------------------------------------------------------------------------
                                            624.868652   slack (MET)


Startpoint: rst_i (input port clocked by clk_i)
Endpoint: _376_ (removal check against rising-edge clock clk_i)
Path Group: asynchronous
Path Type: min

Fanout         Cap        Slew       Delay        Time   Description
---------------------------------------------------------------------------------------------
                                  0.000000    0.000000   clock clk_i (rise edge)
                                  0.000000    0.000000   clock network delay (propagated)
                                625.000000  625.000000 ^ input external delay
     1    0.002714    0.013605    0.007049  625.007080 ^ rst_i (in)
                                                         rst_i (net)
                      0.013612    0.000000  625.007080 ^ input2/A (sky130_fd_sc_hd__clkbuf_1)
     1    0.003106    0.034585    0.049397  625.056458 ^ input2/X (sky130_fd_sc_hd__clkbuf_1)
                                                         net2 (net)
                      0.034586    0.000227  625.056702 ^ fanout27/A (sky130_fd_sc_hd__dlymetal6s2s_1)
     5    0.030499    0.238820    0.202192  625.258850 ^ fanout27/X (sky130_fd_sc_hd__dlymetal6s2s_1)
                                                         net27 (net)
                      0.238830    0.001307  625.260193 ^ fanout26/A (sky130_fd_sc_hd__buf_2)
     8    0.039658    0.147126    0.184002  625.444153 ^ fanout26/X (sky130_fd_sc_hd__buf_2)
                                                         net26 (net)
                      0.147167    0.002046  625.446228 ^ fanout25/A (sky130_fd_sc_hd__clkbuf_4)
    10    0.055359    0.130234    0.184968  625.631165 ^ fanout25/X (sky130_fd_sc_hd__clkbuf_4)
                                                         net25 (net)
                      0.130664    0.006082  625.637268 ^ _376_/RESET_B (sky130_fd_sc_hd__dfrtp_1)
                                            625.637268   data arrival time

                                  0.000000    0.000000   clock clk_i (rise edge)
                                  0.000000    0.000000   clock source latency
     1    0.020654    0.073648    0.051282    0.051282 ^ clk_i (in)
                                                         clk_i (net)
                      0.073738    0.000000    0.051282 ^ clkbuf_0_clk_i/A (sky130_fd_sc_hd__clkbuf_16)
     8    0.090655    0.082774    0.133017    0.184299 ^ clkbuf_0_clk_i/X (sky130_fd_sc_hd__clkbuf_16)
                                                         clknet_0_clk_i (net)
                      0.083258    0.005081    0.189380 ^ clkbuf_3_6__f_clk_i/A (sky130_fd_sc_hd__clkbuf_16)
     7    0.028104    0.037321    0.103939    0.293320 ^ clkbuf_3_6__f_clk_i/X (sky130_fd_sc_hd__clkbuf_16)
                                                         clknet_3_6__leaf_clk_i (net)
                      0.037339    0.000803    0.294123 ^ _376_/CLK (sky130_fd_sc_hd__dfrtp_1)
                                  0.250000    0.544123   clock uncertainty
                                  0.000000    0.544123   clock reconvergence pessimism
                                  0.223912    0.768034   library removal time
                                              0.768034   data required time
---------------------------------------------------------------------------------------------
                                              0.768034   data required time
                                           -625.637268   data arrival time
---------------------------------------------------------------------------------------------
                                            624.869263   slack (MET)


Startpoint: _367_ (rising edge-triggered flip-flop clocked by clk_i)
Endpoint: num_to_send_o[0] (output port clocked by clk_i)
Path Group: clk_i
Path Type: min

Fanout         Cap        Slew       Delay        Time   Description
---------------------------------------------------------------------------------------------
                                  0.000000    0.000000   clock clk_i (rise edge)
                                  0.000000    0.000000   clock source latency
     1    0.020654    0.073648    0.051282    0.051282 ^ clk_i (in)
                                                         clk_i (net)
                      0.073738    0.000000    0.051282 ^ clkbuf_0_clk_i/A (sky130_fd_sc_hd__clkbuf_16)
     8    0.090655    0.082774    0.133017    0.184299 ^ clkbuf_0_clk_i/X (sky130_fd_sc_hd__clkbuf_16)
                                                         clknet_0_clk_i (net)
                      0.084278    0.008832    0.193132 ^ clkbuf_3_2__f_clk_i/A (sky130_fd_sc_hd__clkbuf_16)
     9    0.027325    0.036815    0.103441    0.296573 ^ clkbuf_3_2__f_clk_i/X (sky130_fd_sc_hd__clkbuf_16)
                                                         clknet_3_2__leaf_clk_i (net)
                      0.037068    0.002181    0.298754 ^ _367_/CLK (sky130_fd_sc_hd__dfrtp_1)
     3    0.011374    0.054175    0.253953    0.552706 v _367_/Q (sky130_fd_sc_hd__dfrtp_1)
                                                         net4 (net)
                      0.054180    0.000520    0.553226 v output4/A (sky130_fd_sc_hd__buf_2)
     1    0.034212    0.062726    0.126083    0.679309 v output4/X (sky130_fd_sc_hd__buf_2)
                                                         num_to_send_o[0] (net)
                      0.062783    0.001700    0.681009 v num_to_send_o[0] (out)
                                              0.681009   data arrival time

                                  0.000000    0.000000   clock clk_i (rise edge)
                                  0.000000    0.000000   clock network delay (propagated)
                                  0.250000    0.250000   clock uncertainty
                                  0.000000    0.250000   clock reconvergence pessimism
                               -625.000000 -624.750000   output external delay
                                           -624.750000   data required time
---------------------------------------------------------------------------------------------
                                           -624.750000   data required time
                                             -0.681009   data arrival time
---------------------------------------------------------------------------------------------
                                            625.430969   slack (MET)


Startpoint: _369_ (rising edge-triggered flip-flop clocked by clk_i)
Endpoint: num_to_send_o[2] (output port clocked by clk_i)
Path Group: clk_i
Path Type: min

Fanout         Cap        Slew       Delay        Time   Description
---------------------------------------------------------------------------------------------
                                  0.000000    0.000000   clock clk_i (rise edge)
                                  0.000000    0.000000   clock source latency
     1    0.020654    0.073648    0.051282    0.051282 ^ clk_i (in)
                                                         clk_i (net)
                      0.073738    0.000000    0.051282 ^ clkbuf_0_clk_i/A (sky130_fd_sc_hd__clkbuf_16)
     8    0.090655    0.082774    0.133017    0.184299 ^ clkbuf_0_clk_i/X (sky130_fd_sc_hd__clkbuf_16)
                                                         clknet_0_clk_i (net)
                      0.083915    0.007701    0.192000 ^ clkbuf_3_0__f_clk_i/A (sky130_fd_sc_hd__clkbuf_16)
    10    0.029685    0.038498    0.105014    0.297014 ^ clkbuf_3_0__f_clk_i/X (sky130_fd_sc_hd__clkbuf_16)
                                                         clknet_3_0__leaf_clk_i (net)
                      0.038694    0.001958    0.298973 ^ _369_/CLK (sky130_fd_sc_hd__dfrtp_1)
     4    0.011906    0.055667    0.255746    0.554719 v _369_/Q (sky130_fd_sc_hd__dfrtp_1)
                                                         net6 (net)
                      0.055678    0.000782    0.555501 v output6/A (sky130_fd_sc_hd__buf_2)
     1    0.034315    0.062886    0.126808    0.682309 v output6/X (sky130_fd_sc_hd__buf_2)
                                                         num_to_send_o[2] (net)
                      0.062944    0.001712    0.684020 v num_to_send_o[2] (out)
                                              0.684020   data arrival time

                                  0.000000    0.000000   clock clk_i (rise edge)
                                  0.000000    0.000000   clock network delay (propagated)
                                  0.250000    0.250000   clock uncertainty
                                  0.000000    0.250000   clock reconvergence pessimism
                               -625.000000 -624.750000   output external delay
                                           -624.750000   data required time
---------------------------------------------------------------------------------------------
                                           -624.750000   data required time
                                             -0.684020   data arrival time
---------------------------------------------------------------------------------------------
                                            625.434021   slack (MET)


Startpoint: _368_ (rising edge-triggered flip-flop clocked by clk_i)
Endpoint: num_to_send_o[1] (output port clocked by clk_i)
Path Group: clk_i
Path Type: min

Fanout         Cap        Slew       Delay        Time   Description
---------------------------------------------------------------------------------------------
                                  0.000000    0.000000   clock clk_i (rise edge)
                                  0.000000    0.000000   clock source latency
     1    0.020654    0.073648    0.051282    0.051282 ^ clk_i (in)
                                                         clk_i (net)
                      0.073738    0.000000    0.051282 ^ clkbuf_0_clk_i/A (sky130_fd_sc_hd__clkbuf_16)
     8    0.090655    0.082774    0.133017    0.184299 ^ clkbuf_0_clk_i/X (sky130_fd_sc_hd__clkbuf_16)
                                                         clknet_0_clk_i (net)
                      0.083915    0.007701    0.192000 ^ clkbuf_3_0__f_clk_i/A (sky130_fd_sc_hd__clkbuf_16)
    10    0.029685    0.038498    0.105014    0.297014 ^ clkbuf_3_0__f_clk_i/X (sky130_fd_sc_hd__clkbuf_16)
                                                         clknet_3_0__leaf_clk_i (net)
                      0.038561    0.001359    0.298373 ^ _368_/CLK (sky130_fd_sc_hd__dfrtp_1)
     5    0.014437    0.063162    0.262605    0.560979 v _368_/Q (sky130_fd_sc_hd__dfrtp_1)
                                                         net5 (net)
                      0.063164    0.000437    0.561416 v output5/A (sky130_fd_sc_hd__buf_2)
     1    0.034123    0.062621    0.129620    0.691035 v output5/X (sky130_fd_sc_hd__buf_2)
                                                         num_to_send_o[1] (net)
                      0.062678    0.001698    0.692734 v num_to_send_o[1] (out)
                                              0.692734   data arrival time

                                  0.000000    0.000000   clock clk_i (rise edge)
                                  0.000000    0.000000   clock network delay (propagated)
                                  0.250000    0.250000   clock uncertainty
                                  0.000000    0.250000   clock reconvergence pessimism
                               -625.000000 -624.750000   output external delay
                                           -624.750000   data required time
---------------------------------------------------------------------------------------------
                                           -624.750000   data required time
                                             -0.692734   data arrival time
---------------------------------------------------------------------------------------------
                                            625.442749   slack (MET)



