
===========================================================================
report_checks -path_delay max (Setup)
============================================================================
======================= nom_tt_025C_1v80 Corner ===================================

Startpoint: _183_ (rising edge-triggered flip-flop clocked by clk_i)
Endpoint: num_to_send_o[1] (output port clocked by clk_i)
Path Group: clk_i
Path Type: max

Fanout         Cap        Slew       Delay        Time   Description
---------------------------------------------------------------------------------------------
                                  0.000000    0.000000   clock clk_i (rise edge)
                                  0.000000    0.000000   clock source latency
     1    0.012202    0.061155    0.041178    0.041178 ^ clk_i (in)
                                                         clk_i (net)
                      0.061156    0.000000    0.041178 ^ clkbuf_0_clk_i/A (sky130_fd_sc_hd__clkbuf_16)
     4    0.035589    0.055923    0.144642    0.185820 ^ clkbuf_0_clk_i/X (sky130_fd_sc_hd__clkbuf_16)
                                                         clknet_0_clk_i (net)
                      0.055924    0.000156    0.185976 ^ clkbuf_2_2__f_clk_i/A (sky130_fd_sc_hd__clkbuf_16)
    10    0.024269    0.045608    0.133545    0.319521 ^ clkbuf_2_2__f_clk_i/X (sky130_fd_sc_hd__clkbuf_16)
                                                         clknet_2_2__leaf_clk_i (net)
                      0.045608    0.000106    0.319627 ^ _183_/CLK (sky130_fd_sc_hd__dfrtp_1)
     5    0.012493    0.123725    0.378579    0.698206 ^ _183_/Q (sky130_fd_sc_hd__dfrtp_1)
                                                         net5 (net)
                      0.123725    0.000014    0.698220 ^ output5/A (sky130_fd_sc_hd__buf_2)
     1    0.034413    0.171187    0.227769    0.925989 ^ output5/X (sky130_fd_sc_hd__buf_2)
                                                         num_to_send_o[1] (net)
                      0.171187    0.000214    0.926202 ^ num_to_send_o[1] (out)
                                              0.926202   data arrival time

                               3125.000000 3125.000000   clock clk_i (rise edge)
                                  0.000000 3125.000000   clock network delay (propagated)
                                 -0.250000 3124.750000   clock uncertainty
                                  0.000000 3124.750000   clock reconvergence pessimism
                               -625.000000 2499.750000   output external delay
                                           2499.750000   data required time
---------------------------------------------------------------------------------------------
                                           2499.750000   data required time
                                             -0.926202   data arrival time
---------------------------------------------------------------------------------------------
                                           2498.823730   slack (MET)


Startpoint: _184_ (rising edge-triggered flip-flop clocked by clk_i)
Endpoint: num_to_send_o[2] (output port clocked by clk_i)
Path Group: clk_i
Path Type: max

Fanout         Cap        Slew       Delay        Time   Description
---------------------------------------------------------------------------------------------
                                  0.000000    0.000000   clock clk_i (rise edge)
                                  0.000000    0.000000   clock source latency
     1    0.012202    0.061155    0.041178    0.041178 ^ clk_i (in)
                                                         clk_i (net)
                      0.061156    0.000000    0.041178 ^ clkbuf_0_clk_i/A (sky130_fd_sc_hd__clkbuf_16)
     4    0.035589    0.055923    0.144642    0.185820 ^ clkbuf_0_clk_i/X (sky130_fd_sc_hd__clkbuf_16)
                                                         clknet_0_clk_i (net)
                      0.055924    0.000156    0.185976 ^ clkbuf_2_2__f_clk_i/A (sky130_fd_sc_hd__clkbuf_16)
    10    0.024269    0.045608    0.133545    0.319521 ^ clkbuf_2_2__f_clk_i/X (sky130_fd_sc_hd__clkbuf_16)
                                                         clknet_2_2__leaf_clk_i (net)
                      0.045608    0.000109    0.319631 ^ _184_/CLK (sky130_fd_sc_hd__dfrtp_1)
     5    0.011933    0.119131    0.375181    0.694812 ^ _184_/Q (sky130_fd_sc_hd__dfrtp_1)
                                                         net6 (net)
                      0.119131    0.000019    0.694830 ^ output6/A (sky130_fd_sc_hd__buf_2)
     1    0.033953    0.171586    0.224823    0.919654 ^ output6/X (sky130_fd_sc_hd__buf_2)
                                                         num_to_send_o[2] (net)
                      0.171586    0.000074    0.919728 ^ num_to_send_o[2] (out)
                                              0.919728   data arrival time

                               3125.000000 3125.000000   clock clk_i (rise edge)
                                  0.000000 3125.000000   clock network delay (propagated)
                                 -0.250000 3124.750000   clock uncertainty
                                  0.000000 3124.750000   clock reconvergence pessimism
                               -625.000000 2499.750000   output external delay
                                           2499.750000   data required time
---------------------------------------------------------------------------------------------
                                           2499.750000   data required time
                                             -0.919728   data arrival time
---------------------------------------------------------------------------------------------
                                           2498.830078   slack (MET)


Startpoint: _182_ (rising edge-triggered flip-flop clocked by clk_i)
Endpoint: num_to_send_o[0] (output port clocked by clk_i)
Path Group: clk_i
Path Type: max

Fanout         Cap        Slew       Delay        Time   Description
---------------------------------------------------------------------------------------------
                                  0.000000    0.000000   clock clk_i (rise edge)
                                  0.000000    0.000000   clock source latency
     1    0.012202    0.061155    0.041178    0.041178 ^ clk_i (in)
                                                         clk_i (net)
                      0.061156    0.000000    0.041178 ^ clkbuf_0_clk_i/A (sky130_fd_sc_hd__clkbuf_16)
     4    0.035589    0.055923    0.144642    0.185820 ^ clkbuf_0_clk_i/X (sky130_fd_sc_hd__clkbuf_16)
                                                         clknet_0_clk_i (net)
                      0.055924    0.000156    0.185976 ^ clkbuf_2_2__f_clk_i/A (sky130_fd_sc_hd__clkbuf_16)
    10    0.024269    0.045608    0.133545    0.319521 ^ clkbuf_2_2__f_clk_i/X (sky130_fd_sc_hd__clkbuf_16)
                                                         clknet_2_2__leaf_clk_i (net)
                      0.045608    0.000083    0.319604 ^ _182_/CLK (sky130_fd_sc_hd__dfrtp_1)
     4    0.011408    0.111766    0.371965    0.691569 ^ _182_/Q (sky130_fd_sc_hd__dfrtp_1)
                                                         net4 (net)
                      0.111766    0.000056    0.691625 ^ output4/A (sky130_fd_sc_hd__buf_2)
     1    0.033936    0.171450    0.222054    0.913679 ^ output4/X (sky130_fd_sc_hd__buf_2)
                                                         num_to_send_o[0] (net)
                      0.171450    0.000070    0.913749 ^ num_to_send_o[0] (out)
                                              0.913749   data arrival time

                               3125.000000 3125.000000   clock clk_i (rise edge)
                                  0.000000 3125.000000   clock network delay (propagated)
                                 -0.250000 3124.750000   clock uncertainty
                                  0.000000 3124.750000   clock reconvergence pessimism
                               -625.000000 2499.750000   output external delay
                                           2499.750000   data required time
---------------------------------------------------------------------------------------------
                                           2499.750000   data required time
                                             -0.913749   data arrival time
---------------------------------------------------------------------------------------------
                                           2498.836182   slack (MET)


Startpoint: req_num_i (input port clocked by clk_i)
Endpoint: _188_ (rising edge-triggered flip-flop clocked by clk_i)
Path Group: clk_i
Path Type: max

Fanout         Cap        Slew       Delay        Time   Description
---------------------------------------------------------------------------------------------
                                  0.000000    0.000000   clock clk_i (rise edge)
                                  0.000000    0.000000   clock network delay (propagated)
                                625.000000  625.000000 v input external delay
     1    0.002898    0.008859    0.004604  625.004578 v req_num_i (in)
                                                         req_num_i (net)
                      0.008859    0.000000  625.004578 v input1/A (sky130_fd_sc_hd__clkbuf_1)
     1    0.001784    0.022063    0.066677  625.071289 v input1/X (sky130_fd_sc_hd__clkbuf_1)
                                                         net1 (net)
                      0.022063    0.000000  625.071289 v _081_/A (sky130_fd_sc_hd__or3_1)
     4    0.010900    0.111350    0.415014  625.486267 v _081_/X (sky130_fd_sc_hd__or3_1)
                                                         req_num (net)
                      0.111350    0.000000  625.486267 v _153_/C (sky130_fd_sc_hd__and3_1)
     2    0.006957    0.056341    0.224759  625.711060 v _153_/X (sky130_fd_sc_hd__and3_1)
                                                         _050_ (net)
                      0.056341    0.000000  625.711060 v _155_/B (sky130_fd_sc_hd__xor2_1)
     1    0.002165    0.045137    0.136140  625.847168 v _155_/X (sky130_fd_sc_hd__xor2_1)
                                                         _028_ (net)
                      0.045137    0.000000  625.847168 v _188_/D (sky130_fd_sc_hd__dfrtp_1)
                                            625.847168   data arrival time

                               3125.000000 3125.000000   clock clk_i (rise edge)
                                  0.000000 3125.000000   clock source latency
     1    0.012202    0.061155    0.041155 3125.041260 ^ clk_i (in)
                                                         clk_i (net)
                      0.061156    0.000000 3125.041260 ^ clkbuf_0_clk_i/A (sky130_fd_sc_hd__clkbuf_16)
     4    0.035589    0.055923    0.144610 3125.185791 ^ clkbuf_0_clk_i/X (sky130_fd_sc_hd__clkbuf_16)
                                                         clknet_0_clk_i (net)
                      0.055924    0.000227 3125.186035 ^ clkbuf_2_0__f_clk_i/A (sky130_fd_sc_hd__clkbuf_16)
    10    0.023985    0.045340    0.133241 3125.319336 ^ clkbuf_2_0__f_clk_i/X (sky130_fd_sc_hd__clkbuf_16)
                                                         clknet_2_0__leaf_clk_i (net)
                      0.045340    0.000000 3125.319336 ^ _188_/CLK (sky130_fd_sc_hd__dfrtp_1)
                                 -0.250000 3125.069092   clock uncertainty
                                  0.000000 3125.069092   clock reconvergence pessimism
                                 -0.114255 3124.954834   library setup time
                                           3124.954834   data required time
---------------------------------------------------------------------------------------------
                                           3124.954834   data required time
                                           -625.847168   data arrival time
---------------------------------------------------------------------------------------------
                                           2499.107666   slack (MET)


Startpoint: req_num_i (input port clocked by clk_i)
Endpoint: _187_ (rising edge-triggered flip-flop clocked by clk_i)
Path Group: clk_i
Path Type: max

Fanout         Cap        Slew       Delay        Time   Description
---------------------------------------------------------------------------------------------
                                  0.000000    0.000000   clock clk_i (rise edge)
                                  0.000000    0.000000   clock network delay (propagated)
                                625.000000  625.000000 v input external delay
     1    0.002898    0.008859    0.004604  625.004578 v req_num_i (in)
                                                         req_num_i (net)
                      0.008859    0.000000  625.004578 v input1/A (sky130_fd_sc_hd__clkbuf_1)
     1    0.001784    0.022063    0.066677  625.071289 v input1/X (sky130_fd_sc_hd__clkbuf_1)
                                                         net1 (net)
                      0.022063    0.000000  625.071289 v _081_/A (sky130_fd_sc_hd__or3_1)
     4    0.010900    0.111350    0.415014  625.486267 v _081_/X (sky130_fd_sc_hd__or3_1)
                                                         req_num (net)
                      0.111350    0.000000  625.486267 v _153_/C (sky130_fd_sc_hd__and3_1)
     2    0.006957    0.056341    0.224759  625.711060 v _153_/X (sky130_fd_sc_hd__and3_1)
                                                         _050_ (net)
                      0.056341    0.000000  625.711060 v _154_/B (sky130_fd_sc_hd__nor2_1)
     1    0.002364    0.071223    0.079922  625.790955 ^ _154_/Y (sky130_fd_sc_hd__nor2_1)
                                                         _027_ (net)
                      0.071223    0.000000  625.790955 ^ _187_/D (sky130_fd_sc_hd__dfrtp_1)
                                            625.790955   data arrival time

                               3125.000000 3125.000000   clock clk_i (rise edge)
                                  0.000000 3125.000000   clock source latency
     1    0.012202    0.061155    0.041155 3125.041260 ^ clk_i (in)
                                                         clk_i (net)
                      0.061156    0.000000 3125.041260 ^ clkbuf_0_clk_i/A (sky130_fd_sc_hd__clkbuf_16)
     4    0.035589    0.055923    0.144610 3125.185791 ^ clkbuf_0_clk_i/X (sky130_fd_sc_hd__clkbuf_16)
                                                         clknet_0_clk_i (net)
                      0.055924    0.000227 3125.186035 ^ clkbuf_2_0__f_clk_i/A (sky130_fd_sc_hd__clkbuf_16)
    10    0.023985    0.045340    0.133241 3125.319336 ^ clkbuf_2_0__f_clk_i/X (sky130_fd_sc_hd__clkbuf_16)
                                                         clknet_2_0__leaf_clk_i (net)
                      0.045340    0.000000 3125.319336 ^ _187_/CLK (sky130_fd_sc_hd__dfrtp_1)
                                 -0.250000 3125.069092   clock uncertainty
                                  0.000000 3125.069092   clock reconvergence pessimism
                                 -0.065833 3125.003174   library setup time
                                           3125.003174   data required time
---------------------------------------------------------------------------------------------
                                           3125.003174   data required time
                                           -625.790955   data arrival time
---------------------------------------------------------------------------------------------
                                           2499.212158   slack (MET)


Startpoint: req_num_i (input port clocked by clk_i)
Endpoint: _186_ (rising edge-triggered flip-flop clocked by clk_i)
Path Group: clk_i
Path Type: max

Fanout         Cap        Slew       Delay        Time   Description
---------------------------------------------------------------------------------------------
                                  0.000000    0.000000   clock clk_i (rise edge)
                                  0.000000    0.000000   clock network delay (propagated)
                                625.000000  625.000000 v input external delay
     1    0.002898    0.008859    0.004604  625.004578 v req_num_i (in)
                                                         req_num_i (net)
                      0.008859    0.000000  625.004578 v input1/A (sky130_fd_sc_hd__clkbuf_1)
     1    0.001784    0.022063    0.066677  625.071289 v input1/X (sky130_fd_sc_hd__clkbuf_1)
                                                         net1 (net)
                      0.022063    0.000000  625.071289 v _081_/A (sky130_fd_sc_hd__or3_1)
     4    0.010900    0.111350    0.415014  625.486267 v _081_/X (sky130_fd_sc_hd__or3_1)
                                                         req_num (net)
                      0.111350    0.000000  625.486267 v _151_/B (sky130_fd_sc_hd__xor2_1)
     1    0.002196    0.049817    0.158025  625.644348 v _151_/X (sky130_fd_sc_hd__xor2_1)
                                                         _026_ (net)
                      0.049817    0.000000  625.644348 v _186_/D (sky130_fd_sc_hd__dfrtp_1)
                                            625.644348   data arrival time

                               3125.000000 3125.000000   clock clk_i (rise edge)
                                  0.000000 3125.000000   clock source latency
     1    0.012202    0.061155    0.041155 3125.041260 ^ clk_i (in)
                                                         clk_i (net)
                      0.061156    0.000000 3125.041260 ^ clkbuf_0_clk_i/A (sky130_fd_sc_hd__clkbuf_16)
     4    0.035589    0.055923    0.144610 3125.185791 ^ clkbuf_0_clk_i/X (sky130_fd_sc_hd__clkbuf_16)
                                                         clknet_0_clk_i (net)
                      0.055924    0.000227 3125.186035 ^ clkbuf_2_0__f_clk_i/A (sky130_fd_sc_hd__clkbuf_16)
    10    0.023985    0.045340    0.133241 3125.319336 ^ clkbuf_2_0__f_clk_i/X (sky130_fd_sc_hd__clkbuf_16)
                                                         clknet_2_0__leaf_clk_i (net)
                      0.045340    0.000000 3125.319336 ^ _186_/CLK (sky130_fd_sc_hd__dfrtp_1)
                                 -0.250000 3125.069092   clock uncertainty
                                  0.000000 3125.069092   clock reconvergence pessimism
                                 -0.116297 3124.952881   library setup time
                                           3124.952881   data required time
---------------------------------------------------------------------------------------------
                                           3124.952881   data required time
                                           -625.644348   data arrival time
---------------------------------------------------------------------------------------------
                                           2499.308594   slack (MET)


Startpoint: wr_i (input port clocked by clk_i)
Endpoint: _161_ (rising edge-triggered flip-flop clocked by clk_i)
Path Group: clk_i
Path Type: max

Fanout         Cap        Slew       Delay        Time   Description
---------------------------------------------------------------------------------------------
                                  0.000000    0.000000   clock clk_i (rise edge)
                                  0.000000    0.000000   clock network delay (propagated)
                                625.000000  625.000000 ^ input external delay
     1    0.002677    0.019893    0.009891  625.009888 ^ wr_i (in)
                                                         wr_i (net)
                      0.019893    0.000000  625.009888 ^ input3/A (sky130_fd_sc_hd__buf_1)
     4    0.015011    0.181513    0.168484  625.178406 ^ input3/X (sky130_fd_sc_hd__buf_1)
                                                         net3 (net)
                      0.181513    0.000114  625.178467 ^ _129_/S (sky130_fd_sc_hd__mux2_1)
     1    0.002754    0.056472    0.337820  625.516296 v _129_/X (sky130_fd_sc_hd__mux2_1)
                                                         _004_ (net)
                      0.056472    0.000000  625.516296 v _161_/D (sky130_fd_sc_hd__dfrtp_1)
                                            625.516296   data arrival time

                               3125.000000 3125.000000   clock clk_i (rise edge)
                                  0.000000 3125.000000   clock source latency
     1    0.012202    0.061155    0.041155 3125.041260 ^ clk_i (in)
                                                         clk_i (net)
                      0.061156    0.000000 3125.041260 ^ clkbuf_0_clk_i/A (sky130_fd_sc_hd__clkbuf_16)
     4    0.035589    0.055923    0.144610 3125.185791 ^ clkbuf_0_clk_i/X (sky130_fd_sc_hd__clkbuf_16)
                                                         clknet_0_clk_i (net)
                      0.055924    0.000227 3125.186035 ^ clkbuf_2_1__f_clk_i/A (sky130_fd_sc_hd__clkbuf_16)
     9    0.023799    0.045180    0.133014 3125.319092 ^ clkbuf_2_1__f_clk_i/X (sky130_fd_sc_hd__clkbuf_16)
                                                         clknet_2_1__leaf_clk_i (net)
                      0.045180    0.000000 3125.319092 ^ _161_/CLK (sky130_fd_sc_hd__dfrtp_1)
                                 -0.250000 3125.068848   clock uncertainty
                                  0.000000 3125.068848   clock reconvergence pessimism
                                 -0.119237 3124.949707   library setup time
                                           3124.949707   data required time
---------------------------------------------------------------------------------------------
                                           3124.949707   data required time
                                           -625.516296   data arrival time
---------------------------------------------------------------------------------------------
                                           2499.433350   slack (MET)


Startpoint: wr_i (input port clocked by clk_i)
Endpoint: _159_ (rising edge-triggered flip-flop clocked by clk_i)
Path Group: clk_i
Path Type: max

Fanout         Cap        Slew       Delay        Time   Description
---------------------------------------------------------------------------------------------
                                  0.000000    0.000000   clock clk_i (rise edge)
                                  0.000000    0.000000   clock network delay (propagated)
                                625.000000  625.000000 ^ input external delay
     1    0.002677    0.019893    0.009891  625.009888 ^ wr_i (in)
                                                         wr_i (net)
                      0.019893    0.000000  625.009888 ^ input3/A (sky130_fd_sc_hd__buf_1)
     4    0.015011    0.181513    0.168484  625.178406 ^ input3/X (sky130_fd_sc_hd__buf_1)
                                                         net3 (net)
                      0.181513    0.000057  625.178406 ^ _127_/S (sky130_fd_sc_hd__mux2_1)
     1    0.002286    0.053783    0.333443  625.511902 v _127_/X (sky130_fd_sc_hd__mux2_1)
                                                         _002_ (net)
                      0.053783    0.000000  625.511902 v _159_/D (sky130_fd_sc_hd__dfrtp_1)
                                            625.511902   data arrival time

                               3125.000000 3125.000000   clock clk_i (rise edge)
                                  0.000000 3125.000000   clock source latency
     1    0.012202    0.061155    0.041155 3125.041260 ^ clk_i (in)
                                                         clk_i (net)
                      0.061156    0.000000 3125.041260 ^ clkbuf_0_clk_i/A (sky130_fd_sc_hd__clkbuf_16)
     4    0.035589    0.055923    0.144610 3125.185791 ^ clkbuf_0_clk_i/X (sky130_fd_sc_hd__clkbuf_16)
                                                         clknet_0_clk_i (net)
                      0.055924    0.000227 3125.186035 ^ clkbuf_2_0__f_clk_i/A (sky130_fd_sc_hd__clkbuf_16)
    10    0.023985    0.045340    0.133241 3125.319336 ^ clkbuf_2_0__f_clk_i/X (sky130_fd_sc_hd__clkbuf_16)
                                                         clknet_2_0__leaf_clk_i (net)
                      0.045340    0.000227 3125.319580 ^ _159_/CLK (sky130_fd_sc_hd__dfrtp_1)
                                 -0.250000 3125.069336   clock uncertainty
                                  0.000000 3125.069336   clock reconvergence pessimism
                                 -0.118028 3124.951416   library setup time
                                           3124.951416   data required time
---------------------------------------------------------------------------------------------
                                           3124.951416   data required time
                                           -625.511902   data arrival time
---------------------------------------------------------------------------------------------
                                           2499.439453   slack (MET)


Startpoint: wr_i (input port clocked by clk_i)
Endpoint: _160_ (rising edge-triggered flip-flop clocked by clk_i)
Path Group: clk_i
Path Type: max

Fanout         Cap        Slew       Delay        Time   Description
---------------------------------------------------------------------------------------------
                                  0.000000    0.000000   clock clk_i (rise edge)
                                  0.000000    0.000000   clock network delay (propagated)
                                625.000000  625.000000 ^ input external delay
     1    0.002677    0.019893    0.009891  625.009888 ^ wr_i (in)
                                                         wr_i (net)
                      0.019893    0.000000  625.009888 ^ input3/A (sky130_fd_sc_hd__buf_1)
     4    0.015011    0.181513    0.168484  625.178406 ^ input3/X (sky130_fd_sc_hd__buf_1)
                                                         net3 (net)
                      0.181513    0.000057  625.178406 ^ _128_/S (sky130_fd_sc_hd__mux2_1)
     1    0.002186    0.053206    0.332477  625.510925 v _128_/X (sky130_fd_sc_hd__mux2_1)
                                                         _003_ (net)
                      0.053206    0.000000  625.510925 v _160_/D (sky130_fd_sc_hd__dfrtp_1)
                                            625.510925   data arrival time

                               3125.000000 3125.000000   clock clk_i (rise edge)
                                  0.000000 3125.000000   clock source latency
     1    0.012202    0.061155    0.041155 3125.041260 ^ clk_i (in)
                                                         clk_i (net)
                      0.061156    0.000000 3125.041260 ^ clkbuf_0_clk_i/A (sky130_fd_sc_hd__clkbuf_16)
     4    0.035589    0.055923    0.144610 3125.185791 ^ clkbuf_0_clk_i/X (sky130_fd_sc_hd__clkbuf_16)
                                                         clknet_0_clk_i (net)
                      0.055924    0.000227 3125.186035 ^ clkbuf_2_0__f_clk_i/A (sky130_fd_sc_hd__clkbuf_16)
    10    0.023985    0.045340    0.133241 3125.319336 ^ clkbuf_2_0__f_clk_i/X (sky130_fd_sc_hd__clkbuf_16)
                                                         clknet_2_0__leaf_clk_i (net)
                      0.045340    0.000000 3125.319336 ^ _160_/CLK (sky130_fd_sc_hd__dfrtp_1)
                                 -0.250000 3125.069092   clock uncertainty
                                  0.000000 3125.069092   clock reconvergence pessimism
                                 -0.117776 3124.951416   library setup time
                                           3124.951416   data required time
---------------------------------------------------------------------------------------------
                                           3124.951416   data required time
                                           -625.510925   data arrival time
---------------------------------------------------------------------------------------------
                                           2499.440430   slack (MET)


Startpoint: rst_i (input port clocked by clk_i)
Endpoint: _159_ (recovery check against rising-edge clock clk_i)
Path Group: asynchronous
Path Type: max

Fanout         Cap        Slew       Delay        Time   Description
---------------------------------------------------------------------------------------------
                                  0.000000    0.000000   clock clk_i (rise edge)
                                  0.000000    0.000000   clock network delay (propagated)
                                625.000000  625.000000 ^ input external delay
     1    0.002655    0.019792    0.009777  625.009766 ^ rst_i (in)
                                                         rst_i (net)
                      0.019792    0.000000  625.009766 ^ input2/A (sky130_fd_sc_hd__buf_1)
     3    0.010383    0.128969    0.132047  625.141846 ^ input2/X (sky130_fd_sc_hd__buf_1)
                                                         net2 (net)
                      0.128969    0.000057  625.141907 ^ fanout15/A (sky130_fd_sc_hd__buf_2)
     9    0.037556    0.185416    0.239652  625.381531 ^ fanout15/X (sky130_fd_sc_hd__buf_2)
                                                         net15 (net)
                      0.185416    0.000227  625.381775 ^ fanout14/A (sky130_fd_sc_hd__clkbuf_4)
    10    0.040492    0.130233    0.248122  625.629883 ^ fanout14/X (sky130_fd_sc_hd__clkbuf_4)
                                                         net14 (net)
                      0.130233    0.000227  625.630127 ^ _159_/RESET_B (sky130_fd_sc_hd__dfrtp_1)
                                            625.630127   data arrival time

                               3125.000000 3125.000000   clock clk_i (rise edge)
                                  0.000000 3125.000000   clock source latency
     1    0.012202    0.061155    0.041155 3125.041260 ^ clk_i (in)
                                                         clk_i (net)
                      0.061156    0.000000 3125.041260 ^ clkbuf_0_clk_i/A (sky130_fd_sc_hd__clkbuf_16)
     4    0.035589    0.055923    0.144610 3125.185791 ^ clkbuf_0_clk_i/X (sky130_fd_sc_hd__clkbuf_16)
                                                         clknet_0_clk_i (net)
                      0.055924    0.000227 3125.186035 ^ clkbuf_2_0__f_clk_i/A (sky130_fd_sc_hd__clkbuf_16)
    10    0.023985    0.045340    0.133241 3125.319336 ^ clkbuf_2_0__f_clk_i/X (sky130_fd_sc_hd__clkbuf_16)
                                                         clknet_2_0__leaf_clk_i (net)
                      0.045340    0.000227 3125.319580 ^ _159_/CLK (sky130_fd_sc_hd__dfrtp_1)
                                 -0.250000 3125.069336   clock uncertainty
                                  0.000000 3125.069336   clock reconvergence pessimism
                                  0.208371 3125.277588   library recovery time
                                           3125.277588   data required time
---------------------------------------------------------------------------------------------
                                           3125.277588   data required time
                                           -625.630127   data arrival time
---------------------------------------------------------------------------------------------
                                           2499.647461   slack (MET)


Startpoint: rst_i (input port clocked by clk_i)
Endpoint: _160_ (recovery check against rising-edge clock clk_i)
Path Group: asynchronous
Path Type: max

Fanout         Cap        Slew       Delay        Time   Description
---------------------------------------------------------------------------------------------
                                  0.000000    0.000000   clock clk_i (rise edge)
                                  0.000000    0.000000   clock network delay (propagated)
                                625.000000  625.000000 ^ input external delay
     1    0.002655    0.019792    0.009777  625.009766 ^ rst_i (in)
                                                         rst_i (net)
                      0.019792    0.000000  625.009766 ^ input2/A (sky130_fd_sc_hd__buf_1)
     3    0.010383    0.128969    0.132047  625.141846 ^ input2/X (sky130_fd_sc_hd__buf_1)
                                                         net2 (net)
                      0.128969    0.000057  625.141907 ^ fanout15/A (sky130_fd_sc_hd__buf_2)
     9    0.037556    0.185416    0.239652  625.381531 ^ fanout15/X (sky130_fd_sc_hd__buf_2)
                                                         net15 (net)
                      0.185416    0.000227  625.381775 ^ fanout14/A (sky130_fd_sc_hd__clkbuf_4)
    10    0.040492    0.130233    0.248122  625.629883 ^ fanout14/X (sky130_fd_sc_hd__clkbuf_4)
                                                         net14 (net)
                      0.130233    0.000114  625.630005 ^ _160_/RESET_B (sky130_fd_sc_hd__dfrtp_1)
                                            625.630005   data arrival time

                               3125.000000 3125.000000   clock clk_i (rise edge)
                                  0.000000 3125.000000   clock source latency
     1    0.012202    0.061155    0.041155 3125.041260 ^ clk_i (in)
                                                         clk_i (net)
                      0.061156    0.000000 3125.041260 ^ clkbuf_0_clk_i/A (sky130_fd_sc_hd__clkbuf_16)
     4    0.035589    0.055923    0.144610 3125.185791 ^ clkbuf_0_clk_i/X (sky130_fd_sc_hd__clkbuf_16)
                                                         clknet_0_clk_i (net)
                      0.055924    0.000227 3125.186035 ^ clkbuf_2_0__f_clk_i/A (sky130_fd_sc_hd__clkbuf_16)
    10    0.023985    0.045340    0.133241 3125.319336 ^ clkbuf_2_0__f_clk_i/X (sky130_fd_sc_hd__clkbuf_16)
                                                         clknet_2_0__leaf_clk_i (net)
                      0.045340    0.000000 3125.319336 ^ _160_/CLK (sky130_fd_sc_hd__dfrtp_1)
                                 -0.250000 3125.069092   clock uncertainty
                                  0.000000 3125.069092   clock reconvergence pessimism
                                  0.208371 3125.277344   library recovery time
                                           3125.277344   data required time
---------------------------------------------------------------------------------------------
                                           3125.277344   data required time
                                           -625.630005   data arrival time
---------------------------------------------------------------------------------------------
                                           2499.647461   slack (MET)


Startpoint: rst_i (input port clocked by clk_i)
Endpoint: _161_ (recovery check against rising-edge clock clk_i)
Path Group: asynchronous
Path Type: max

Fanout         Cap        Slew       Delay        Time   Description
---------------------------------------------------------------------------------------------
                                  0.000000    0.000000   clock clk_i (rise edge)
                                  0.000000    0.000000   clock network delay (propagated)
                                625.000000  625.000000 ^ input external delay
     1    0.002655    0.019792    0.009777  625.009766 ^ rst_i (in)
                                                         rst_i (net)
                      0.019792    0.000000  625.009766 ^ input2/A (sky130_fd_sc_hd__buf_1)
     3    0.010383    0.128969    0.132047  625.141846 ^ input2/X (sky130_fd_sc_hd__buf_1)
                                                         net2 (net)
                      0.128969    0.000057  625.141907 ^ fanout15/A (sky130_fd_sc_hd__buf_2)
     9    0.037556    0.185416    0.239652  625.381531 ^ fanout15/X (sky130_fd_sc_hd__buf_2)
                                                         net15 (net)
                      0.185416    0.000227  625.381775 ^ fanout14/A (sky130_fd_sc_hd__clkbuf_4)
    10    0.040492    0.130233    0.248122  625.629883 ^ fanout14/X (sky130_fd_sc_hd__clkbuf_4)
                                                         net14 (net)
                      0.130233    0.000057  625.629944 ^ _161_/RESET_B (sky130_fd_sc_hd__dfrtp_1)
                                            625.629944   data arrival time

                               3125.000000 3125.000000   clock clk_i (rise edge)
                                  0.000000 3125.000000   clock source latency
     1    0.012202    0.061155    0.041155 3125.041260 ^ clk_i (in)
                                                         clk_i (net)
                      0.061156    0.000000 3125.041260 ^ clkbuf_0_clk_i/A (sky130_fd_sc_hd__clkbuf_16)
     4    0.035589    0.055923    0.144610 3125.185791 ^ clkbuf_0_clk_i/X (sky130_fd_sc_hd__clkbuf_16)
                                                         clknet_0_clk_i (net)
                      0.055924    0.000227 3125.186035 ^ clkbuf_2_1__f_clk_i/A (sky130_fd_sc_hd__clkbuf_16)
     9    0.023799    0.045180    0.133014 3125.319092 ^ clkbuf_2_1__f_clk_i/X (sky130_fd_sc_hd__clkbuf_16)
                                                         clknet_2_1__leaf_clk_i (net)
                      0.045180    0.000000 3125.319092 ^ _161_/CLK (sky130_fd_sc_hd__dfrtp_1)
                                 -0.250000 3125.068848   clock uncertainty
                                  0.000000 3125.068848   clock reconvergence pessimism
                                  0.208322 3125.277100   library recovery time
                                           3125.277100   data required time
---------------------------------------------------------------------------------------------
                                           3125.277100   data required time
                                           -625.629944   data arrival time
---------------------------------------------------------------------------------------------
                                           2499.647217   slack (MET)


Startpoint: rst_i (input port clocked by clk_i)
Endpoint: _168_ (recovery check against rising-edge clock clk_i)
Path Group: asynchronous
Path Type: max

Fanout         Cap        Slew       Delay        Time   Description
---------------------------------------------------------------------------------------------
                                  0.000000    0.000000   clock clk_i (rise edge)
                                  0.000000    0.000000   clock network delay (propagated)
                                625.000000  625.000000 ^ input external delay
     1    0.002655    0.019792    0.009777  625.009766 ^ rst_i (in)
                                                         rst_i (net)
                      0.019792    0.000000  625.009766 ^ input2/A (sky130_fd_sc_hd__buf_1)
     3    0.010383    0.128969    0.132047  625.141846 ^ input2/X (sky130_fd_sc_hd__buf_1)
                                                         net2 (net)
                      0.128969    0.000057  625.141907 ^ fanout15/A (sky130_fd_sc_hd__buf_2)
     9    0.037556    0.185416    0.239652  625.381531 ^ fanout15/X (sky130_fd_sc_hd__buf_2)
                                                         net15 (net)
                      0.185416    0.000227  625.381775 ^ fanout14/A (sky130_fd_sc_hd__clkbuf_4)
    10    0.040492    0.130233    0.248122  625.629883 ^ fanout14/X (sky130_fd_sc_hd__clkbuf_4)
                                                         net14 (net)
                      0.130233    0.000227  625.630127 ^ _168_/RESET_B (sky130_fd_sc_hd__dfrtp_1)
                                            625.630127   data arrival time

                               3125.000000 3125.000000   clock clk_i (rise edge)
                                  0.000000 3125.000000   clock source latency
     1    0.012202    0.061155    0.041155 3125.041260 ^ clk_i (in)
                                                         clk_i (net)
                      0.061156    0.000000 3125.041260 ^ clkbuf_0_clk_i/A (sky130_fd_sc_hd__clkbuf_16)
     4    0.035589    0.055923    0.144610 3125.185791 ^ clkbuf_0_clk_i/X (sky130_fd_sc_hd__clkbuf_16)
                                                         clknet_0_clk_i (net)
                      0.055924    0.000227 3125.186035 ^ clkbuf_2_0__f_clk_i/A (sky130_fd_sc_hd__clkbuf_16)
    10    0.023985    0.045340    0.133241 3125.319336 ^ clkbuf_2_0__f_clk_i/X (sky130_fd_sc_hd__clkbuf_16)
                                                         clknet_2_0__leaf_clk_i (net)
                      0.045340    0.000227 3125.319580 ^ _168_/CLK (sky130_fd_sc_hd__dfrtp_1)
                                 -0.250000 3125.069336   clock uncertainty
                                  0.000000 3125.069336   clock reconvergence pessimism
                                  0.208371 3125.277588   library recovery time
                                           3125.277588   data required time
---------------------------------------------------------------------------------------------
                                           3125.277588   data required time
                                           -625.630127   data arrival time
---------------------------------------------------------------------------------------------
                                           2499.647461   slack (MET)


Startpoint: rst_i (input port clocked by clk_i)
Endpoint: _178_ (recovery check against rising-edge clock clk_i)
Path Group: asynchronous
Path Type: max

Fanout         Cap        Slew       Delay        Time   Description
---------------------------------------------------------------------------------------------
                                  0.000000    0.000000   clock clk_i (rise edge)
                                  0.000000    0.000000   clock network delay (propagated)
                                625.000000  625.000000 ^ input external delay
     1    0.002655    0.019792    0.009777  625.009766 ^ rst_i (in)
                                                         rst_i (net)
                      0.019792    0.000000  625.009766 ^ input2/A (sky130_fd_sc_hd__buf_1)
     3    0.010383    0.128969    0.132047  625.141846 ^ input2/X (sky130_fd_sc_hd__buf_1)
                                                         net2 (net)
                      0.128969    0.000057  625.141907 ^ fanout15/A (sky130_fd_sc_hd__buf_2)
     9    0.037556    0.185416    0.239652  625.381531 ^ fanout15/X (sky130_fd_sc_hd__buf_2)
                                                         net15 (net)
                      0.185416    0.000227  625.381775 ^ fanout14/A (sky130_fd_sc_hd__clkbuf_4)
    10    0.040492    0.130233    0.248122  625.629883 ^ fanout14/X (sky130_fd_sc_hd__clkbuf_4)
                                                         net14 (net)
                      0.130233    0.000171  625.630066 ^ _178_/RESET_B (sky130_fd_sc_hd__dfrtp_1)
                                            625.630066   data arrival time

                               3125.000000 3125.000000   clock clk_i (rise edge)
                                  0.000000 3125.000000   clock source latency
     1    0.012202    0.061155    0.041155 3125.041260 ^ clk_i (in)
                                                         clk_i (net)
                      0.061156    0.000000 3125.041260 ^ clkbuf_0_clk_i/A (sky130_fd_sc_hd__clkbuf_16)
     4    0.035589    0.055923    0.144610 3125.185791 ^ clkbuf_0_clk_i/X (sky130_fd_sc_hd__clkbuf_16)
                                                         clknet_0_clk_i (net)
                      0.055924    0.000227 3125.186035 ^ clkbuf_2_0__f_clk_i/A (sky130_fd_sc_hd__clkbuf_16)
    10    0.023985    0.045340    0.133241 3125.319336 ^ clkbuf_2_0__f_clk_i/X (sky130_fd_sc_hd__clkbuf_16)
                                                         clknet_2_0__leaf_clk_i (net)
                      0.045340    0.000227 3125.319580 ^ _178_/CLK (sky130_fd_sc_hd__dfrtp_1)
                                 -0.250000 3125.069336   clock uncertainty
                                  0.000000 3125.069336   clock reconvergence pessimism
                                  0.208371 3125.277588   library recovery time
                                           3125.277588   data required time
---------------------------------------------------------------------------------------------
                                           3125.277588   data required time
                                           -625.630066   data arrival time
---------------------------------------------------------------------------------------------
                                           2499.647461   slack (MET)


Startpoint: rst_i (input port clocked by clk_i)
Endpoint: _185_ (recovery check against rising-edge clock clk_i)
Path Group: asynchronous
Path Type: max

Fanout         Cap        Slew       Delay        Time   Description
---------------------------------------------------------------------------------------------
                                  0.000000    0.000000   clock clk_i (rise edge)
                                  0.000000    0.000000   clock network delay (propagated)
                                625.000000  625.000000 ^ input external delay
     1    0.002655    0.019792    0.009777  625.009766 ^ rst_i (in)
                                                         rst_i (net)
                      0.019792    0.000000  625.009766 ^ input2/A (sky130_fd_sc_hd__buf_1)
     3    0.010383    0.128969    0.132047  625.141846 ^ input2/X (sky130_fd_sc_hd__buf_1)
                                                         net2 (net)
                      0.128969    0.000057  625.141907 ^ fanout15/A (sky130_fd_sc_hd__buf_2)
     9    0.037556    0.185416    0.239652  625.381531 ^ fanout15/X (sky130_fd_sc_hd__buf_2)
                                                         net15 (net)
                      0.185416    0.000227  625.381775 ^ fanout14/A (sky130_fd_sc_hd__clkbuf_4)
    10    0.040492    0.130233    0.248122  625.629883 ^ fanout14/X (sky130_fd_sc_hd__clkbuf_4)
                                                         net14 (net)
                      0.130233    0.000171  625.630066 ^ _185_/RESET_B (sky130_fd_sc_hd__dfrtp_1)
                                            625.630066   data arrival time

                               3125.000000 3125.000000   clock clk_i (rise edge)
                                  0.000000 3125.000000   clock source latency
     1    0.012202    0.061155    0.041155 3125.041260 ^ clk_i (in)
                                                         clk_i (net)
                      0.061156    0.000000 3125.041260 ^ clkbuf_0_clk_i/A (sky130_fd_sc_hd__clkbuf_16)
     4    0.035589    0.055923    0.144610 3125.185791 ^ clkbuf_0_clk_i/X (sky130_fd_sc_hd__clkbuf_16)
                                                         clknet_0_clk_i (net)
                      0.055924    0.000227 3125.186035 ^ clkbuf_2_0__f_clk_i/A (sky130_fd_sc_hd__clkbuf_16)
    10    0.023985    0.045340    0.133241 3125.319336 ^ clkbuf_2_0__f_clk_i/X (sky130_fd_sc_hd__clkbuf_16)
                                                         clknet_2_0__leaf_clk_i (net)
                      0.045340    0.000227 3125.319580 ^ _185_/CLK (sky130_fd_sc_hd__dfrtp_1)
                                 -0.250000 3125.069336   clock uncertainty
                                  0.000000 3125.069336   clock reconvergence pessimism
                                  0.208371 3125.277588   library recovery time
                                           3125.277588   data required time
---------------------------------------------------------------------------------------------
                                           3125.277588   data required time
                                           -625.630066   data arrival time
---------------------------------------------------------------------------------------------
                                           2499.647461   slack (MET)


Startpoint: rst_i (input port clocked by clk_i)
Endpoint: _186_ (recovery check against rising-edge clock clk_i)
Path Group: asynchronous
Path Type: max

Fanout         Cap        Slew       Delay        Time   Description
---------------------------------------------------------------------------------------------
                                  0.000000    0.000000   clock clk_i (rise edge)
                                  0.000000    0.000000   clock network delay (propagated)
                                625.000000  625.000000 ^ input external delay
     1    0.002655    0.019792    0.009777  625.009766 ^ rst_i (in)
                                                         rst_i (net)
                      0.019792    0.000000  625.009766 ^ input2/A (sky130_fd_sc_hd__buf_1)
     3    0.010383    0.128969    0.132047  625.141846 ^ input2/X (sky130_fd_sc_hd__buf_1)
                                                         net2 (net)
                      0.128969    0.000057  625.141907 ^ fanout15/A (sky130_fd_sc_hd__buf_2)
     9    0.037556    0.185416    0.239652  625.381531 ^ fanout15/X (sky130_fd_sc_hd__buf_2)
                                                         net15 (net)
                      0.185416    0.000227  625.381775 ^ fanout14/A (sky130_fd_sc_hd__clkbuf_4)
    10    0.040492    0.130233    0.248122  625.629883 ^ fanout14/X (sky130_fd_sc_hd__clkbuf_4)
                                                         net14 (net)
                      0.130233    0.000284  625.630188 ^ _186_/RESET_B (sky130_fd_sc_hd__dfrtp_1)
                                            625.630188   data arrival time

                               3125.000000 3125.000000   clock clk_i (rise edge)
                                  0.000000 3125.000000   clock source latency
     1    0.012202    0.061155    0.041155 3125.041260 ^ clk_i (in)
                                                         clk_i (net)
                      0.061156    0.000000 3125.041260 ^ clkbuf_0_clk_i/A (sky130_fd_sc_hd__clkbuf_16)
     4    0.035589    0.055923    0.144610 3125.185791 ^ clkbuf_0_clk_i/X (sky130_fd_sc_hd__clkbuf_16)
                                                         clknet_0_clk_i (net)
                      0.055924    0.000227 3125.186035 ^ clkbuf_2_0__f_clk_i/A (sky130_fd_sc_hd__clkbuf_16)
    10    0.023985    0.045340    0.133241 3125.319336 ^ clkbuf_2_0__f_clk_i/X (sky130_fd_sc_hd__clkbuf_16)
                                                         clknet_2_0__leaf_clk_i (net)
                      0.045340    0.000000 3125.319336 ^ _186_/CLK (sky130_fd_sc_hd__dfrtp_1)
                                 -0.250000 3125.069092   clock uncertainty
                                  0.000000 3125.069092   clock reconvergence pessimism
                                  0.208371 3125.277344   library recovery time
                                           3125.277344   data required time
---------------------------------------------------------------------------------------------
                                           3125.277344   data required time
                                           -625.630188   data arrival time
---------------------------------------------------------------------------------------------
                                           2499.647217   slack (MET)


Startpoint: rst_i (input port clocked by clk_i)
Endpoint: _187_ (recovery check against rising-edge clock clk_i)
Path Group: asynchronous
Path Type: max

Fanout         Cap        Slew       Delay        Time   Description
---------------------------------------------------------------------------------------------
                                  0.000000    0.000000   clock clk_i (rise edge)
                                  0.000000    0.000000   clock network delay (propagated)
                                625.000000  625.000000 ^ input external delay
     1    0.002655    0.019792    0.009777  625.009766 ^ rst_i (in)
                                                         rst_i (net)
                      0.019792    0.000000  625.009766 ^ input2/A (sky130_fd_sc_hd__buf_1)
     3    0.010383    0.128969    0.132047  625.141846 ^ input2/X (sky130_fd_sc_hd__buf_1)
                                                         net2 (net)
                      0.128969    0.000057  625.141907 ^ fanout15/A (sky130_fd_sc_hd__buf_2)
     9    0.037556    0.185416    0.239652  625.381531 ^ fanout15/X (sky130_fd_sc_hd__buf_2)
                                                         net15 (net)
                      0.185416    0.000227  625.381775 ^ fanout14/A (sky130_fd_sc_hd__clkbuf_4)
    10    0.040492    0.130233    0.248122  625.629883 ^ fanout14/X (sky130_fd_sc_hd__clkbuf_4)
                                                         net14 (net)
                      0.130233    0.000284  625.630188 ^ _187_/RESET_B (sky130_fd_sc_hd__dfrtp_1)
                                            625.630188   data arrival time

                               3125.000000 3125.000000   clock clk_i (rise edge)
                                  0.000000 3125.000000   clock source latency
     1    0.012202    0.061155    0.041155 3125.041260 ^ clk_i (in)
                                                         clk_i (net)
                      0.061156    0.000000 3125.041260 ^ clkbuf_0_clk_i/A (sky130_fd_sc_hd__clkbuf_16)
     4    0.035589    0.055923    0.144610 3125.185791 ^ clkbuf_0_clk_i/X (sky130_fd_sc_hd__clkbuf_16)
                                                         clknet_0_clk_i (net)
                      0.055924    0.000227 3125.186035 ^ clkbuf_2_0__f_clk_i/A (sky130_fd_sc_hd__clkbuf_16)
    10    0.023985    0.045340    0.133241 3125.319336 ^ clkbuf_2_0__f_clk_i/X (sky130_fd_sc_hd__clkbuf_16)
                                                         clknet_2_0__leaf_clk_i (net)
                      0.045340    0.000000 3125.319336 ^ _187_/CLK (sky130_fd_sc_hd__dfrtp_1)
                                 -0.250000 3125.069092   clock uncertainty
                                  0.000000 3125.069092   clock reconvergence pessimism
                                  0.208371 3125.277344   library recovery time
                                           3125.277344   data required time
---------------------------------------------------------------------------------------------
                                           3125.277344   data required time
                                           -625.630188   data arrival time
---------------------------------------------------------------------------------------------
                                           2499.647217   slack (MET)


Startpoint: rst_i (input port clocked by clk_i)
Endpoint: _188_ (recovery check against rising-edge clock clk_i)
Path Group: asynchronous
Path Type: max

Fanout         Cap        Slew       Delay        Time   Description
---------------------------------------------------------------------------------------------
                                  0.000000    0.000000   clock clk_i (rise edge)
                                  0.000000    0.000000   clock network delay (propagated)
                                625.000000  625.000000 ^ input external delay
     1    0.002655    0.019792    0.009777  625.009766 ^ rst_i (in)
                                                         rst_i (net)
                      0.019792    0.000000  625.009766 ^ input2/A (sky130_fd_sc_hd__buf_1)
     3    0.010383    0.128969    0.132047  625.141846 ^ input2/X (sky130_fd_sc_hd__buf_1)
                                                         net2 (net)
                      0.128969    0.000057  625.141907 ^ fanout15/A (sky130_fd_sc_hd__buf_2)
     9    0.037556    0.185416    0.239652  625.381531 ^ fanout15/X (sky130_fd_sc_hd__buf_2)
                                                         net15 (net)
                      0.185416    0.000227  625.381775 ^ fanout14/A (sky130_fd_sc_hd__clkbuf_4)
    10    0.040492    0.130233    0.248122  625.629883 ^ fanout14/X (sky130_fd_sc_hd__clkbuf_4)
                                                         net14 (net)
                      0.130233    0.000114  625.630005 ^ _188_/RESET_B (sky130_fd_sc_hd__dfrtp_1)
                                            625.630005   data arrival time

                               3125.000000 3125.000000   clock clk_i (rise edge)
                                  0.000000 3125.000000   clock source latency
     1    0.012202    0.061155    0.041155 3125.041260 ^ clk_i (in)
                                                         clk_i (net)
                      0.061156    0.000000 3125.041260 ^ clkbuf_0_clk_i/A (sky130_fd_sc_hd__clkbuf_16)
     4    0.035589    0.055923    0.144610 3125.185791 ^ clkbuf_0_clk_i/X (sky130_fd_sc_hd__clkbuf_16)
                                                         clknet_0_clk_i (net)
                      0.055924    0.000227 3125.186035 ^ clkbuf_2_0__f_clk_i/A (sky130_fd_sc_hd__clkbuf_16)
    10    0.023985    0.045340    0.133241 3125.319336 ^ clkbuf_2_0__f_clk_i/X (sky130_fd_sc_hd__clkbuf_16)
                                                         clknet_2_0__leaf_clk_i (net)
                      0.045340    0.000000 3125.319336 ^ _188_/CLK (sky130_fd_sc_hd__dfrtp_1)
                                 -0.250000 3125.069092   clock uncertainty
                                  0.000000 3125.069092   clock reconvergence pessimism
                                  0.208371 3125.277344   library recovery time
                                           3125.277344   data required time
---------------------------------------------------------------------------------------------
                                           3125.277344   data required time
                                           -625.630005   data arrival time
---------------------------------------------------------------------------------------------
                                           2499.647461   slack (MET)


Startpoint: rst_i (input port clocked by clk_i)
Endpoint: _189_ (recovery check against rising-edge clock clk_i)
Path Group: asynchronous
Path Type: max

Fanout         Cap        Slew       Delay        Time   Description
---------------------------------------------------------------------------------------------
                                  0.000000    0.000000   clock clk_i (rise edge)
                                  0.000000    0.000000   clock network delay (propagated)
                                625.000000  625.000000 ^ input external delay
     1    0.002655    0.019792    0.009777  625.009766 ^ rst_i (in)
                                                         rst_i (net)
                      0.019792    0.000000  625.009766 ^ input2/A (sky130_fd_sc_hd__buf_1)
     3    0.010383    0.128969    0.132047  625.141846 ^ input2/X (sky130_fd_sc_hd__buf_1)
                                                         net2 (net)
                      0.128969    0.000057  625.141907 ^ fanout15/A (sky130_fd_sc_hd__buf_2)
     9    0.037556    0.185416    0.239652  625.381531 ^ fanout15/X (sky130_fd_sc_hd__buf_2)
                                                         net15 (net)
                      0.185416    0.000227  625.381775 ^ fanout14/A (sky130_fd_sc_hd__clkbuf_4)
    10    0.040492    0.130233    0.248122  625.629883 ^ fanout14/X (sky130_fd_sc_hd__clkbuf_4)
                                                         net14 (net)
                      0.130233    0.000284  625.630188 ^ _189_/RESET_B (sky130_fd_sc_hd__dfrtp_1)
                                            625.630188   data arrival time

                               3125.000000 3125.000000   clock clk_i (rise edge)
                                  0.000000 3125.000000   clock source latency
     1    0.012202    0.061155    0.041155 3125.041260 ^ clk_i (in)
                                                         clk_i (net)
                      0.061156    0.000000 3125.041260 ^ clkbuf_0_clk_i/A (sky130_fd_sc_hd__clkbuf_16)
     4    0.035589    0.055923    0.144610 3125.185791 ^ clkbuf_0_clk_i/X (sky130_fd_sc_hd__clkbuf_16)
                                                         clknet_0_clk_i (net)
                      0.055924    0.000227 3125.186035 ^ clkbuf_2_0__f_clk_i/A (sky130_fd_sc_hd__clkbuf_16)
    10    0.023985    0.045340    0.133241 3125.319336 ^ clkbuf_2_0__f_clk_i/X (sky130_fd_sc_hd__clkbuf_16)
                                                         clknet_2_0__leaf_clk_i (net)
                      0.045340    0.000227 3125.319580 ^ _189_/CLK (sky130_fd_sc_hd__dfrtp_1)
                                 -0.250000 3125.069336   clock uncertainty
                                  0.000000 3125.069336   clock reconvergence pessimism
                                  0.208371 3125.277588   library recovery time
                                           3125.277588   data required time
---------------------------------------------------------------------------------------------
                                           3125.277588   data required time
                                           -625.630188   data arrival time
---------------------------------------------------------------------------------------------
                                           2499.647461   slack (MET)


Startpoint: wr_i (input port clocked by clk_i)
Endpoint: _168_ (rising edge-triggered flip-flop clocked by clk_i)
Path Group: clk_i
Path Type: max

Fanout         Cap        Slew       Delay        Time   Description
---------------------------------------------------------------------------------------------
                                  0.000000    0.000000   clock clk_i (rise edge)
                                  0.000000    0.000000   clock network delay (propagated)
                                625.000000  625.000000 ^ input external delay
     1    0.002677    0.019893    0.009891  625.009888 ^ wr_i (in)
                                                         wr_i (net)
                      0.019893    0.000000  625.009888 ^ input3/A (sky130_fd_sc_hd__buf_1)
     4    0.015011    0.181513    0.168484  625.178406 ^ input3/X (sky130_fd_sc_hd__buf_1)
                                                         net3 (net)
                      0.181513    0.000000  625.178406 ^ _168_/D (sky130_fd_sc_hd__dfrtp_1)
                                            625.178406   data arrival time

                               3125.000000 3125.000000   clock clk_i (rise edge)
                                  0.000000 3125.000000   clock source latency
     1    0.012202    0.061155    0.041155 3125.041260 ^ clk_i (in)
                                                         clk_i (net)
                      0.061156    0.000000 3125.041260 ^ clkbuf_0_clk_i/A (sky130_fd_sc_hd__clkbuf_16)
     4    0.035589    0.055923    0.144610 3125.185791 ^ clkbuf_0_clk_i/X (sky130_fd_sc_hd__clkbuf_16)
                                                         clknet_0_clk_i (net)
                      0.055924    0.000227 3125.186035 ^ clkbuf_2_0__f_clk_i/A (sky130_fd_sc_hd__clkbuf_16)
    10    0.023985    0.045340    0.133241 3125.319336 ^ clkbuf_2_0__f_clk_i/X (sky130_fd_sc_hd__clkbuf_16)
                                                         clknet_2_0__leaf_clk_i (net)
                      0.045340    0.000227 3125.319580 ^ _168_/CLK (sky130_fd_sc_hd__dfrtp_1)
                                 -0.250000 3125.069336   clock uncertainty
                                  0.000000 3125.069336   clock reconvergence pessimism
                                 -0.091302 3124.978027   library setup time
                                           3124.978027   data required time
---------------------------------------------------------------------------------------------
                                           3124.978027   data required time
                                           -625.178406   data arrival time
---------------------------------------------------------------------------------------------
                                           2499.799561   slack (MET)


Startpoint: rst_i (input port clocked by clk_i)
Endpoint: _162_ (recovery check against rising-edge clock clk_i)
Path Group: asynchronous
Path Type: max

Fanout         Cap        Slew       Delay        Time   Description
---------------------------------------------------------------------------------------------
                                  0.000000    0.000000   clock clk_i (rise edge)
                                  0.000000    0.000000   clock network delay (propagated)
                                625.000000  625.000000 ^ input external delay
     1    0.002655    0.019792    0.009777  625.009766 ^ rst_i (in)
                                                         rst_i (net)
                      0.019792    0.000000  625.009766 ^ input2/A (sky130_fd_sc_hd__buf_1)
     3    0.010383    0.128969    0.132047  625.141846 ^ input2/X (sky130_fd_sc_hd__buf_1)
                                                         net2 (net)
                      0.128969    0.000057  625.141907 ^ fanout15/A (sky130_fd_sc_hd__buf_2)
     9    0.037556    0.185416    0.239652  625.381531 ^ fanout15/X (sky130_fd_sc_hd__buf_2)
                                                         net15 (net)
                      0.185416    0.000227  625.381775 ^ _162_/RESET_B (sky130_fd_sc_hd__dfrtp_1)
                                            625.381775   data arrival time

                               3125.000000 3125.000000   clock clk_i (rise edge)
                                  0.000000 3125.000000   clock source latency
     1    0.012202    0.061155    0.041155 3125.041260 ^ clk_i (in)
                                                         clk_i (net)
                      0.061156    0.000000 3125.041260 ^ clkbuf_0_clk_i/A (sky130_fd_sc_hd__clkbuf_16)
     4    0.035589    0.055923    0.144610 3125.185791 ^ clkbuf_0_clk_i/X (sky130_fd_sc_hd__clkbuf_16)
                                                         clknet_0_clk_i (net)
                      0.055924    0.000227 3125.186035 ^ clkbuf_2_1__f_clk_i/A (sky130_fd_sc_hd__clkbuf_16)
     9    0.023799    0.045180    0.133014 3125.319092 ^ clkbuf_2_1__f_clk_i/X (sky130_fd_sc_hd__clkbuf_16)
                                                         clknet_2_1__leaf_clk_i (net)
                      0.045180    0.000000 3125.319092 ^ _162_/CLK (sky130_fd_sc_hd__dfrtp_1)
                                 -0.250000 3125.068848   clock uncertainty
                                  0.000000 3125.068848   clock reconvergence pessimism
                                  0.194036 3125.262939   library recovery time
                                           3125.262939   data required time
---------------------------------------------------------------------------------------------
                                           3125.262939   data required time
                                           -625.381775   data arrival time
---------------------------------------------------------------------------------------------
                                           2499.881104   slack (MET)


Startpoint: rst_i (input port clocked by clk_i)
Endpoint: _163_ (recovery check against rising-edge clock clk_i)
Path Group: asynchronous
Path Type: max

Fanout         Cap        Slew       Delay        Time   Description
---------------------------------------------------------------------------------------------
                                  0.000000    0.000000   clock clk_i (rise edge)
                                  0.000000    0.000000   clock network delay (propagated)
                                625.000000  625.000000 ^ input external delay
     1    0.002655    0.019792    0.009777  625.009766 ^ rst_i (in)
                                                         rst_i (net)
                      0.019792    0.000000  625.009766 ^ input2/A (sky130_fd_sc_hd__buf_1)
     3    0.010383    0.128969    0.132047  625.141846 ^ input2/X (sky130_fd_sc_hd__buf_1)
                                                         net2 (net)
                      0.128969    0.000057  625.141907 ^ fanout15/A (sky130_fd_sc_hd__buf_2)
     9    0.037556    0.185416    0.239652  625.381531 ^ fanout15/X (sky130_fd_sc_hd__buf_2)
                                                         net15 (net)
                      0.185416    0.000057  625.381592 ^ _163_/RESET_B (sky130_fd_sc_hd__dfrtp_1)
                                            625.381592   data arrival time

                               3125.000000 3125.000000   clock clk_i (rise edge)
                                  0.000000 3125.000000   clock source latency
     1    0.012202    0.061155    0.041155 3125.041260 ^ clk_i (in)
                                                         clk_i (net)
                      0.061156    0.000000 3125.041260 ^ clkbuf_0_clk_i/A (sky130_fd_sc_hd__clkbuf_16)
     4    0.035589    0.055923    0.144610 3125.185791 ^ clkbuf_0_clk_i/X (sky130_fd_sc_hd__clkbuf_16)
                                                         clknet_0_clk_i (net)
                      0.055924    0.000227 3125.186035 ^ clkbuf_2_1__f_clk_i/A (sky130_fd_sc_hd__clkbuf_16)
     9    0.023799    0.045180    0.133014 3125.319092 ^ clkbuf_2_1__f_clk_i/X (sky130_fd_sc_hd__clkbuf_16)
                                                         clknet_2_1__leaf_clk_i (net)
                      0.045180    0.000000 3125.319092 ^ _163_/CLK (sky130_fd_sc_hd__dfrtp_1)
                                 -0.250000 3125.068848   clock uncertainty
                                  0.000000 3125.068848   clock reconvergence pessimism
                                  0.194036 3125.262939   library recovery time
                                           3125.262939   data required time
---------------------------------------------------------------------------------------------
                                           3125.262939   data required time
                                           -625.381592   data arrival time
---------------------------------------------------------------------------------------------
                                           2499.881348   slack (MET)


Startpoint: rst_i (input port clocked by clk_i)
Endpoint: _164_ (recovery check against rising-edge clock clk_i)
Path Group: asynchronous
Path Type: max

Fanout         Cap        Slew       Delay        Time   Description
---------------------------------------------------------------------------------------------
                                  0.000000    0.000000   clock clk_i (rise edge)
                                  0.000000    0.000000   clock network delay (propagated)
                                625.000000  625.000000 ^ input external delay
     1    0.002655    0.019792    0.009777  625.009766 ^ rst_i (in)
                                                         rst_i (net)
                      0.019792    0.000000  625.009766 ^ input2/A (sky130_fd_sc_hd__buf_1)
     3    0.010383    0.128969    0.132047  625.141846 ^ input2/X (sky130_fd_sc_hd__buf_1)
                                                         net2 (net)
                      0.128969    0.000057  625.141907 ^ fanout15/A (sky130_fd_sc_hd__buf_2)
     9    0.037556    0.185416    0.239652  625.381531 ^ fanout15/X (sky130_fd_sc_hd__buf_2)
                                                         net15 (net)
                      0.185416    0.000057  625.381592 ^ _164_/RESET_B (sky130_fd_sc_hd__dfrtp_1)
                                            625.381592   data arrival time

                               3125.000000 3125.000000   clock clk_i (rise edge)
                                  0.000000 3125.000000   clock source latency
     1    0.012202    0.061155    0.041155 3125.041260 ^ clk_i (in)
                                                         clk_i (net)
                      0.061156    0.000000 3125.041260 ^ clkbuf_0_clk_i/A (sky130_fd_sc_hd__clkbuf_16)
     4    0.035589    0.055923    0.144610 3125.185791 ^ clkbuf_0_clk_i/X (sky130_fd_sc_hd__clkbuf_16)
                                                         clknet_0_clk_i (net)
                      0.055924    0.000227 3125.186035 ^ clkbuf_2_1__f_clk_i/A (sky130_fd_sc_hd__clkbuf_16)
     9    0.023799    0.045180    0.133014 3125.319092 ^ clkbuf_2_1__f_clk_i/X (sky130_fd_sc_hd__clkbuf_16)
                                                         clknet_2_1__leaf_clk_i (net)
                      0.045180    0.000000 3125.319092 ^ _164_/CLK (sky130_fd_sc_hd__dfrtp_1)
                                 -0.250000 3125.068848   clock uncertainty
                                  0.000000 3125.068848   clock reconvergence pessimism
                                  0.194036 3125.262939   library recovery time
                                           3125.262939   data required time
---------------------------------------------------------------------------------------------
                                           3125.262939   data required time
                                           -625.381592   data arrival time
---------------------------------------------------------------------------------------------
                                           2499.881348   slack (MET)


Startpoint: rst_i (input port clocked by clk_i)
Endpoint: _165_ (recovery check against rising-edge clock clk_i)
Path Group: asynchronous
Path Type: max

Fanout         Cap        Slew       Delay        Time   Description
---------------------------------------------------------------------------------------------
                                  0.000000    0.000000   clock clk_i (rise edge)
                                  0.000000    0.000000   clock network delay (propagated)
                                625.000000  625.000000 ^ input external delay
     1    0.002655    0.019792    0.009777  625.009766 ^ rst_i (in)
                                                         rst_i (net)
                      0.019792    0.000000  625.009766 ^ input2/A (sky130_fd_sc_hd__buf_1)
     3    0.010383    0.128969    0.132047  625.141846 ^ input2/X (sky130_fd_sc_hd__buf_1)
                                                         net2 (net)
                      0.128969    0.000057  625.141907 ^ fanout15/A (sky130_fd_sc_hd__buf_2)
     9    0.037556    0.185416    0.239652  625.381531 ^ fanout15/X (sky130_fd_sc_hd__buf_2)
                                                         net15 (net)
                      0.185416    0.000227  625.381775 ^ _165_/RESET_B (sky130_fd_sc_hd__dfrtp_1)
                                            625.381775   data arrival time

                               3125.000000 3125.000000   clock clk_i (rise edge)
                                  0.000000 3125.000000   clock source latency
     1    0.012202    0.061155    0.041155 3125.041260 ^ clk_i (in)
                                                         clk_i (net)
                      0.061156    0.000000 3125.041260 ^ clkbuf_0_clk_i/A (sky130_fd_sc_hd__clkbuf_16)
     4    0.035589    0.055923    0.144610 3125.185791 ^ clkbuf_0_clk_i/X (sky130_fd_sc_hd__clkbuf_16)
                                                         clknet_0_clk_i (net)
                      0.055924    0.000227 3125.186035 ^ clkbuf_2_1__f_clk_i/A (sky130_fd_sc_hd__clkbuf_16)
     9    0.023799    0.045180    0.133014 3125.319092 ^ clkbuf_2_1__f_clk_i/X (sky130_fd_sc_hd__clkbuf_16)
                                                         clknet_2_1__leaf_clk_i (net)
                      0.045180    0.000000 3125.319092 ^ _165_/CLK (sky130_fd_sc_hd__dfrtp_1)
                                 -0.250000 3125.068848   clock uncertainty
                                  0.000000 3125.068848   clock reconvergence pessimism
                                  0.194036 3125.262939   library recovery time
                                           3125.262939   data required time
---------------------------------------------------------------------------------------------
                                           3125.262939   data required time
                                           -625.381775   data arrival time
---------------------------------------------------------------------------------------------
                                           2499.881104   slack (MET)


Startpoint: rst_i (input port clocked by clk_i)
Endpoint: _190_ (recovery check against rising-edge clock clk_i)
Path Group: asynchronous
Path Type: max

Fanout         Cap        Slew       Delay        Time   Description
---------------------------------------------------------------------------------------------
                                  0.000000    0.000000   clock clk_i (rise edge)
                                  0.000000    0.000000   clock network delay (propagated)
                                625.000000  625.000000 ^ input external delay
     1    0.002655    0.019792    0.009777  625.009766 ^ rst_i (in)
                                                         rst_i (net)
                      0.019792    0.000000  625.009766 ^ input2/A (sky130_fd_sc_hd__buf_1)
     3    0.010383    0.128969    0.132047  625.141846 ^ input2/X (sky130_fd_sc_hd__buf_1)
                                                         net2 (net)
                      0.128969    0.000057  625.141907 ^ fanout15/A (sky130_fd_sc_hd__buf_2)
     9    0.037556    0.185416    0.239652  625.381531 ^ fanout15/X (sky130_fd_sc_hd__buf_2)
                                                         net15 (net)
                      0.185416    0.000227  625.381775 ^ _190_/RESET_B (sky130_fd_sc_hd__dfrtp_1)
                                            625.381775   data arrival time

                               3125.000000 3125.000000   clock clk_i (rise edge)
                                  0.000000 3125.000000   clock source latency
     1    0.012202    0.061155    0.041155 3125.041260 ^ clk_i (in)
                                                         clk_i (net)
                      0.061156    0.000000 3125.041260 ^ clkbuf_0_clk_i/A (sky130_fd_sc_hd__clkbuf_16)
     4    0.035589    0.055923    0.144610 3125.185791 ^ clkbuf_0_clk_i/X (sky130_fd_sc_hd__clkbuf_16)
                                                         clknet_0_clk_i (net)
                      0.055924    0.000227 3125.186035 ^ clkbuf_2_1__f_clk_i/A (sky130_fd_sc_hd__clkbuf_16)
     9    0.023799    0.045180    0.133014 3125.319092 ^ clkbuf_2_1__f_clk_i/X (sky130_fd_sc_hd__clkbuf_16)
                                                         clknet_2_1__leaf_clk_i (net)
                      0.045180    0.000000 3125.319092 ^ _190_/CLK (sky130_fd_sc_hd__dfrtp_1)
                                 -0.250000 3125.068848   clock uncertainty
                                  0.000000 3125.068848   clock reconvergence pessimism
                                  0.194036 3125.262939   library recovery time
                                           3125.262939   data required time
---------------------------------------------------------------------------------------------
                                           3125.262939   data required time
                                           -625.381775   data arrival time
---------------------------------------------------------------------------------------------
                                           2499.881104   slack (MET)


Startpoint: rst_i (input port clocked by clk_i)
Endpoint: _191_ (recovery check against rising-edge clock clk_i)
Path Group: asynchronous
Path Type: max

Fanout         Cap        Slew       Delay        Time   Description
---------------------------------------------------------------------------------------------
                                  0.000000    0.000000   clock clk_i (rise edge)
                                  0.000000    0.000000   clock network delay (propagated)
                                625.000000  625.000000 ^ input external delay
     1    0.002655    0.019792    0.009777  625.009766 ^ rst_i (in)
                                                         rst_i (net)
                      0.019792    0.000000  625.009766 ^ input2/A (sky130_fd_sc_hd__buf_1)
     3    0.010383    0.128969    0.132047  625.141846 ^ input2/X (sky130_fd_sc_hd__buf_1)
                                                         net2 (net)
                      0.128969    0.000057  625.141907 ^ fanout15/A (sky130_fd_sc_hd__buf_2)
     9    0.037556    0.185416    0.239652  625.381531 ^ fanout15/X (sky130_fd_sc_hd__buf_2)
                                                         net15 (net)
                      0.185416    0.000057  625.381592 ^ _191_/RESET_B (sky130_fd_sc_hd__dfrtp_1)
                                            625.381592   data arrival time

                               3125.000000 3125.000000   clock clk_i (rise edge)
                                  0.000000 3125.000000   clock source latency
     1    0.012202    0.061155    0.041155 3125.041260 ^ clk_i (in)
                                                         clk_i (net)
                      0.061156    0.000000 3125.041260 ^ clkbuf_0_clk_i/A (sky130_fd_sc_hd__clkbuf_16)
     4    0.035589    0.055923    0.144610 3125.185791 ^ clkbuf_0_clk_i/X (sky130_fd_sc_hd__clkbuf_16)
                                                         clknet_0_clk_i (net)
                      0.055924    0.000227 3125.186035 ^ clkbuf_2_1__f_clk_i/A (sky130_fd_sc_hd__clkbuf_16)
     9    0.023799    0.045180    0.133014 3125.319092 ^ clkbuf_2_1__f_clk_i/X (sky130_fd_sc_hd__clkbuf_16)
                                                         clknet_2_1__leaf_clk_i (net)
                      0.045180    0.000000 3125.319092 ^ _191_/CLK (sky130_fd_sc_hd__dfrtp_1)
                                 -0.250000 3125.068848   clock uncertainty
                                  0.000000 3125.068848   clock reconvergence pessimism
                                  0.194036 3125.262939   library recovery time
                                           3125.262939   data required time
---------------------------------------------------------------------------------------------
                                           3125.262939   data required time
                                           -625.381592   data arrival time
---------------------------------------------------------------------------------------------
                                           2499.881348   slack (MET)


Startpoint: rst_i (input port clocked by clk_i)
Endpoint: _192_ (recovery check against rising-edge clock clk_i)
Path Group: asynchronous
Path Type: max

Fanout         Cap        Slew       Delay        Time   Description
---------------------------------------------------------------------------------------------
                                  0.000000    0.000000   clock clk_i (rise edge)
                                  0.000000    0.000000   clock network delay (propagated)
                                625.000000  625.000000 ^ input external delay
     1    0.002655    0.019792    0.009777  625.009766 ^ rst_i (in)
                                                         rst_i (net)
                      0.019792    0.000000  625.009766 ^ input2/A (sky130_fd_sc_hd__buf_1)
     3    0.010383    0.128969    0.132047  625.141846 ^ input2/X (sky130_fd_sc_hd__buf_1)
                                                         net2 (net)
                      0.128969    0.000057  625.141907 ^ fanout15/A (sky130_fd_sc_hd__buf_2)
     9    0.037556    0.185416    0.239652  625.381531 ^ fanout15/X (sky130_fd_sc_hd__buf_2)
                                                         net15 (net)
                      0.185416    0.000057  625.381592 ^ _192_/RESET_B (sky130_fd_sc_hd__dfrtp_1)
                                            625.381592   data arrival time

                               3125.000000 3125.000000   clock clk_i (rise edge)
                                  0.000000 3125.000000   clock source latency
     1    0.012202    0.061155    0.041155 3125.041260 ^ clk_i (in)
                                                         clk_i (net)
                      0.061156    0.000000 3125.041260 ^ clkbuf_0_clk_i/A (sky130_fd_sc_hd__clkbuf_16)
     4    0.035589    0.055923    0.144610 3125.185791 ^ clkbuf_0_clk_i/X (sky130_fd_sc_hd__clkbuf_16)
                                                         clknet_0_clk_i (net)
                      0.055924    0.000227 3125.186035 ^ clkbuf_2_1__f_clk_i/A (sky130_fd_sc_hd__clkbuf_16)
     9    0.023799    0.045180    0.133014 3125.319092 ^ clkbuf_2_1__f_clk_i/X (sky130_fd_sc_hd__clkbuf_16)
                                                         clknet_2_1__leaf_clk_i (net)
                      0.045180    0.000000 3125.319092 ^ _192_/CLK (sky130_fd_sc_hd__dfrtp_1)
                                 -0.250000 3125.068848   clock uncertainty
                                  0.000000 3125.068848   clock reconvergence pessimism
                                  0.194036 3125.262939   library recovery time
                                           3125.262939   data required time
---------------------------------------------------------------------------------------------
                                           3125.262939   data required time
                                           -625.381592   data arrival time
---------------------------------------------------------------------------------------------
                                           2499.881348   slack (MET)


Startpoint: rst_i (input port clocked by clk_i)
Endpoint: _193_ (recovery check against rising-edge clock clk_i)
Path Group: asynchronous
Path Type: max

Fanout         Cap        Slew       Delay        Time   Description
---------------------------------------------------------------------------------------------
                                  0.000000    0.000000   clock clk_i (rise edge)
                                  0.000000    0.000000   clock network delay (propagated)
                                625.000000  625.000000 ^ input external delay
     1    0.002655    0.019792    0.009777  625.009766 ^ rst_i (in)
                                                         rst_i (net)
                      0.019792    0.000000  625.009766 ^ input2/A (sky130_fd_sc_hd__buf_1)
     3    0.010383    0.128969    0.132047  625.141846 ^ input2/X (sky130_fd_sc_hd__buf_1)
                                                         net2 (net)
                      0.128969    0.000057  625.141907 ^ fanout15/A (sky130_fd_sc_hd__buf_2)
     9    0.037556    0.185416    0.239652  625.381531 ^ fanout15/X (sky130_fd_sc_hd__buf_2)
                                                         net15 (net)
                      0.185416    0.000227  625.381775 ^ _193_/RESET_B (sky130_fd_sc_hd__dfrtp_1)
                                            625.381775   data arrival time

                               3125.000000 3125.000000   clock clk_i (rise edge)
                                  0.000000 3125.000000   clock source latency
     1    0.012202    0.061155    0.041155 3125.041260 ^ clk_i (in)
                                                         clk_i (net)
                      0.061156    0.000000 3125.041260 ^ clkbuf_0_clk_i/A (sky130_fd_sc_hd__clkbuf_16)
     4    0.035589    0.055923    0.144610 3125.185791 ^ clkbuf_0_clk_i/X (sky130_fd_sc_hd__clkbuf_16)
                                                         clknet_0_clk_i (net)
                      0.055924    0.000227 3125.186035 ^ clkbuf_2_0__f_clk_i/A (sky130_fd_sc_hd__clkbuf_16)
    10    0.023985    0.045340    0.133241 3125.319336 ^ clkbuf_2_0__f_clk_i/X (sky130_fd_sc_hd__clkbuf_16)
                                                         clknet_2_0__leaf_clk_i (net)
                      0.045340    0.000000 3125.319336 ^ _193_/CLK (sky130_fd_sc_hd__dfrtp_1)
                                 -0.250000 3125.069092   clock uncertainty
                                  0.000000 3125.069092   clock reconvergence pessimism
                                  0.194086 3125.263428   library recovery time
                                           3125.263428   data required time
---------------------------------------------------------------------------------------------
                                           3125.263428   data required time
                                           -625.381775   data arrival time
---------------------------------------------------------------------------------------------
                                           2499.881592   slack (MET)


Startpoint: rst_i (input port clocked by clk_i)
Endpoint: _172_ (recovery check against rising-edge clock clk_i)
Path Group: asynchronous
Path Type: max

Fanout         Cap        Slew       Delay        Time   Description
---------------------------------------------------------------------------------------------
                                  0.000000    0.000000   clock clk_i (rise edge)
                                  0.000000    0.000000   clock network delay (propagated)
                                625.000000  625.000000 ^ input external delay
     1    0.002655    0.019792    0.009777  625.009766 ^ rst_i (in)
                                                         rst_i (net)
                      0.019792    0.000000  625.009766 ^ input2/A (sky130_fd_sc_hd__buf_1)
     3    0.010383    0.128969    0.132047  625.141846 ^ input2/X (sky130_fd_sc_hd__buf_1)
                                                         net2 (net)
                      0.128969    0.000114  625.141968 ^ fanout16/A (sky130_fd_sc_hd__clkbuf_4)
    10    0.042495    0.135475    0.233229  625.375183 ^ fanout16/X (sky130_fd_sc_hd__clkbuf_4)
                                                         net16 (net)
                      0.135475    0.000171  625.375366 ^ _172_/RESET_B (sky130_fd_sc_hd__dfrtp_1)
                                            625.375366   data arrival time

                               3125.000000 3125.000000   clock clk_i (rise edge)
                                  0.000000 3125.000000   clock source latency
     1    0.012202    0.061155    0.041155 3125.041260 ^ clk_i (in)
                                                         clk_i (net)
                      0.061156    0.000000 3125.041260 ^ clkbuf_0_clk_i/A (sky130_fd_sc_hd__clkbuf_16)
     4    0.035589    0.055923    0.144610 3125.185791 ^ clkbuf_0_clk_i/X (sky130_fd_sc_hd__clkbuf_16)
                                                         clknet_0_clk_i (net)
                      0.055924    0.000227 3125.186035 ^ clkbuf_2_2__f_clk_i/A (sky130_fd_sc_hd__clkbuf_16)
    10    0.024269    0.045608    0.133468 3125.319580 ^ clkbuf_2_2__f_clk_i/X (sky130_fd_sc_hd__clkbuf_16)
                                                         clknet_2_2__leaf_clk_i (net)
                      0.045608    0.000227 3125.319580 ^ _172_/CLK (sky130_fd_sc_hd__dfrtp_1)
                                 -0.250000 3125.069580   clock uncertainty
                                  0.000000 3125.069580   clock reconvergence pessimism
                                  0.207098 3125.276611   library recovery time
                                           3125.276611   data required time
---------------------------------------------------------------------------------------------
                                           3125.276611   data required time
                                           -625.375366   data arrival time
---------------------------------------------------------------------------------------------
                                           2499.901367   slack (MET)


Startpoint: rst_i (input port clocked by clk_i)
Endpoint: _175_ (recovery check against rising-edge clock clk_i)
Path Group: asynchronous
Path Type: max

Fanout         Cap        Slew       Delay        Time   Description
---------------------------------------------------------------------------------------------
                                  0.000000    0.000000   clock clk_i (rise edge)
                                  0.000000    0.000000   clock network delay (propagated)
                                625.000000  625.000000 ^ input external delay
     1    0.002655    0.019792    0.009777  625.009766 ^ rst_i (in)
                                                         rst_i (net)
                      0.019792    0.000000  625.009766 ^ input2/A (sky130_fd_sc_hd__buf_1)
     3    0.010383    0.128969    0.132047  625.141846 ^ input2/X (sky130_fd_sc_hd__buf_1)
                                                         net2 (net)
                      0.128969    0.000114  625.141968 ^ fanout16/A (sky130_fd_sc_hd__clkbuf_4)
    10    0.042495    0.135475    0.233229  625.375183 ^ fanout16/X (sky130_fd_sc_hd__clkbuf_4)
                                                         net16 (net)
                      0.135475    0.000171  625.375366 ^ _175_/RESET_B (sky130_fd_sc_hd__dfrtp_1)
                                            625.375366   data arrival time

                               3125.000000 3125.000000   clock clk_i (rise edge)
                                  0.000000 3125.000000   clock source latency
     1    0.012202    0.061155    0.041155 3125.041260 ^ clk_i (in)
                                                         clk_i (net)
                      0.061156    0.000000 3125.041260 ^ clkbuf_0_clk_i/A (sky130_fd_sc_hd__clkbuf_16)
     4    0.035589    0.055923    0.144610 3125.185791 ^ clkbuf_0_clk_i/X (sky130_fd_sc_hd__clkbuf_16)
                                                         clknet_0_clk_i (net)
                      0.055924    0.000227 3125.186035 ^ clkbuf_2_2__f_clk_i/A (sky130_fd_sc_hd__clkbuf_16)
    10    0.024269    0.045608    0.133468 3125.319580 ^ clkbuf_2_2__f_clk_i/X (sky130_fd_sc_hd__clkbuf_16)
                                                         clknet_2_2__leaf_clk_i (net)
                      0.045608    0.000227 3125.319580 ^ _175_/CLK (sky130_fd_sc_hd__dfrtp_1)
                                 -0.250000 3125.069580   clock uncertainty
                                  0.000000 3125.069580   clock reconvergence pessimism
                                  0.207098 3125.276611   library recovery time
                                           3125.276611   data required time
---------------------------------------------------------------------------------------------
                                           3125.276611   data required time
                                           -625.375366   data arrival time
---------------------------------------------------------------------------------------------
                                           2499.901367   slack (MET)


Startpoint: rst_i (input port clocked by clk_i)
Endpoint: _176_ (recovery check against rising-edge clock clk_i)
Path Group: asynchronous
Path Type: max

Fanout         Cap        Slew       Delay        Time   Description
---------------------------------------------------------------------------------------------
                                  0.000000    0.000000   clock clk_i (rise edge)
                                  0.000000    0.000000   clock network delay (propagated)
                                625.000000  625.000000 ^ input external delay
     1    0.002655    0.019792    0.009777  625.009766 ^ rst_i (in)
                                                         rst_i (net)
                      0.019792    0.000000  625.009766 ^ input2/A (sky130_fd_sc_hd__buf_1)
     3    0.010383    0.128969    0.132047  625.141846 ^ input2/X (sky130_fd_sc_hd__buf_1)
                                                         net2 (net)
                      0.128969    0.000114  625.141968 ^ fanout16/A (sky130_fd_sc_hd__clkbuf_4)
    10    0.042495    0.135475    0.233229  625.375183 ^ fanout16/X (sky130_fd_sc_hd__clkbuf_4)
                                                         net16 (net)
                      0.135475    0.000398  625.375549 ^ _176_/RESET_B (sky130_fd_sc_hd__dfrtp_1)
                                            625.375549   data arrival time

                               3125.000000 3125.000000   clock clk_i (rise edge)
                                  0.000000 3125.000000   clock source latency
     1    0.012202    0.061155    0.041155 3125.041260 ^ clk_i (in)
                                                         clk_i (net)
                      0.061156    0.000000 3125.041260 ^ clkbuf_0_clk_i/A (sky130_fd_sc_hd__clkbuf_16)
     4    0.035589    0.055923    0.144610 3125.185791 ^ clkbuf_0_clk_i/X (sky130_fd_sc_hd__clkbuf_16)
                                                         clknet_0_clk_i (net)
                      0.055924    0.000227 3125.186035 ^ clkbuf_2_2__f_clk_i/A (sky130_fd_sc_hd__clkbuf_16)
    10    0.024269    0.045608    0.133468 3125.319580 ^ clkbuf_2_2__f_clk_i/X (sky130_fd_sc_hd__clkbuf_16)
                                                         clknet_2_2__leaf_clk_i (net)
                      0.045608    0.000227 3125.319580 ^ _176_/CLK (sky130_fd_sc_hd__dfrtp_1)
                                 -0.250000 3125.069580   clock uncertainty
                                  0.000000 3125.069580   clock reconvergence pessimism
                                  0.207098 3125.276611   library recovery time
                                           3125.276611   data required time
---------------------------------------------------------------------------------------------
                                           3125.276611   data required time
                                           -625.375549   data arrival time
---------------------------------------------------------------------------------------------
                                           2499.901123   slack (MET)


Startpoint: rst_i (input port clocked by clk_i)
Endpoint: _177_ (recovery check against rising-edge clock clk_i)
Path Group: asynchronous
Path Type: max

Fanout         Cap        Slew       Delay        Time   Description
---------------------------------------------------------------------------------------------
                                  0.000000    0.000000   clock clk_i (rise edge)
                                  0.000000    0.000000   clock network delay (propagated)
                                625.000000  625.000000 ^ input external delay
     1    0.002655    0.019792    0.009777  625.009766 ^ rst_i (in)
                                                         rst_i (net)
                      0.019792    0.000000  625.009766 ^ input2/A (sky130_fd_sc_hd__buf_1)
     3    0.010383    0.128969    0.132047  625.141846 ^ input2/X (sky130_fd_sc_hd__buf_1)
                                                         net2 (net)
                      0.128969    0.000114  625.141968 ^ fanout16/A (sky130_fd_sc_hd__clkbuf_4)
    10    0.042495    0.135475    0.233229  625.375183 ^ fanout16/X (sky130_fd_sc_hd__clkbuf_4)
                                                         net16 (net)
                      0.135475    0.000341  625.375488 ^ _177_/RESET_B (sky130_fd_sc_hd__dfrtp_1)
                                            625.375488   data arrival time

                               3125.000000 3125.000000   clock clk_i (rise edge)
                                  0.000000 3125.000000   clock source latency
     1    0.012202    0.061155    0.041155 3125.041260 ^ clk_i (in)
                                                         clk_i (net)
                      0.061156    0.000000 3125.041260 ^ clkbuf_0_clk_i/A (sky130_fd_sc_hd__clkbuf_16)
     4    0.035589    0.055923    0.144610 3125.185791 ^ clkbuf_0_clk_i/X (sky130_fd_sc_hd__clkbuf_16)
                                                         clknet_0_clk_i (net)
                      0.055924    0.000227 3125.186035 ^ clkbuf_2_2__f_clk_i/A (sky130_fd_sc_hd__clkbuf_16)
    10    0.024269    0.045608    0.133468 3125.319580 ^ clkbuf_2_2__f_clk_i/X (sky130_fd_sc_hd__clkbuf_16)
                                                         clknet_2_2__leaf_clk_i (net)
                      0.045608    0.000000 3125.319580 ^ _177_/CLK (sky130_fd_sc_hd__dfrtp_1)
                                 -0.250000 3125.069336   clock uncertainty
                                  0.000000 3125.069336   clock reconvergence pessimism
                                  0.207098 3125.276611   library recovery time
                                           3125.276611   data required time
---------------------------------------------------------------------------------------------
                                           3125.276611   data required time
                                           -625.375488   data arrival time
---------------------------------------------------------------------------------------------
                                           2499.900879   slack (MET)


Startpoint: rst_i (input port clocked by clk_i)
Endpoint: _179_ (recovery check against rising-edge clock clk_i)
Path Group: asynchronous
Path Type: max

Fanout         Cap        Slew       Delay        Time   Description
---------------------------------------------------------------------------------------------
                                  0.000000    0.000000   clock clk_i (rise edge)
                                  0.000000    0.000000   clock network delay (propagated)
                                625.000000  625.000000 ^ input external delay
     1    0.002655    0.019792    0.009777  625.009766 ^ rst_i (in)
                                                         rst_i (net)
                      0.019792    0.000000  625.009766 ^ input2/A (sky130_fd_sc_hd__buf_1)
     3    0.010383    0.128969    0.132047  625.141846 ^ input2/X (sky130_fd_sc_hd__buf_1)
                                                         net2 (net)
                      0.128969    0.000114  625.141968 ^ fanout16/A (sky130_fd_sc_hd__clkbuf_4)
    10    0.042495    0.135475    0.233229  625.375183 ^ fanout16/X (sky130_fd_sc_hd__clkbuf_4)
                                                         net16 (net)
                      0.135475    0.000227  625.375366 ^ _179_/RESET_B (sky130_fd_sc_hd__dfrtp_1)
                                            625.375366   data arrival time

                               3125.000000 3125.000000   clock clk_i (rise edge)
                                  0.000000 3125.000000   clock source latency
     1    0.012202    0.061155    0.041155 3125.041260 ^ clk_i (in)
                                                         clk_i (net)
                      0.061156    0.000000 3125.041260 ^ clkbuf_0_clk_i/A (sky130_fd_sc_hd__clkbuf_16)
     4    0.035589    0.055923    0.144610 3125.185791 ^ clkbuf_0_clk_i/X (sky130_fd_sc_hd__clkbuf_16)
                                                         clknet_0_clk_i (net)
                      0.055924    0.000227 3125.186035 ^ clkbuf_2_2__f_clk_i/A (sky130_fd_sc_hd__clkbuf_16)
    10    0.024269    0.045608    0.133468 3125.319580 ^ clkbuf_2_2__f_clk_i/X (sky130_fd_sc_hd__clkbuf_16)
                                                         clknet_2_2__leaf_clk_i (net)
                      0.045608    0.000227 3125.319580 ^ _179_/CLK (sky130_fd_sc_hd__dfrtp_1)
                                 -0.250000 3125.069580   clock uncertainty
                                  0.000000 3125.069580   clock reconvergence pessimism
                                  0.207098 3125.276611   library recovery time
                                           3125.276611   data required time
---------------------------------------------------------------------------------------------
                                           3125.276611   data required time
                                           -625.375366   data arrival time
---------------------------------------------------------------------------------------------
                                           2499.901367   slack (MET)


Startpoint: rst_i (input port clocked by clk_i)
Endpoint: _180_ (recovery check against rising-edge clock clk_i)
Path Group: asynchronous
Path Type: max

Fanout         Cap        Slew       Delay        Time   Description
---------------------------------------------------------------------------------------------
                                  0.000000    0.000000   clock clk_i (rise edge)
                                  0.000000    0.000000   clock network delay (propagated)
                                625.000000  625.000000 ^ input external delay
     1    0.002655    0.019792    0.009777  625.009766 ^ rst_i (in)
                                                         rst_i (net)
                      0.019792    0.000000  625.009766 ^ input2/A (sky130_fd_sc_hd__buf_1)
     3    0.010383    0.128969    0.132047  625.141846 ^ input2/X (sky130_fd_sc_hd__buf_1)
                                                         net2 (net)
                      0.128969    0.000114  625.141968 ^ fanout16/A (sky130_fd_sc_hd__clkbuf_4)
    10    0.042495    0.135475    0.233229  625.375183 ^ fanout16/X (sky130_fd_sc_hd__clkbuf_4)
                                                         net16 (net)
                      0.135475    0.000455  625.375610 ^ _180_/RESET_B (sky130_fd_sc_hd__dfrtp_1)
                                            625.375610   data arrival time

                               3125.000000 3125.000000   clock clk_i (rise edge)
                                  0.000000 3125.000000   clock source latency
     1    0.012202    0.061155    0.041155 3125.041260 ^ clk_i (in)
                                                         clk_i (net)
                      0.061156    0.000000 3125.041260 ^ clkbuf_0_clk_i/A (sky130_fd_sc_hd__clkbuf_16)
     4    0.035589    0.055923    0.144610 3125.185791 ^ clkbuf_0_clk_i/X (sky130_fd_sc_hd__clkbuf_16)
                                                         clknet_0_clk_i (net)
                      0.055924    0.000227 3125.186035 ^ clkbuf_2_2__f_clk_i/A (sky130_fd_sc_hd__clkbuf_16)
    10    0.024269    0.045608    0.133468 3125.319580 ^ clkbuf_2_2__f_clk_i/X (sky130_fd_sc_hd__clkbuf_16)
                                                         clknet_2_2__leaf_clk_i (net)
                      0.045608    0.000227 3125.319580 ^ _180_/CLK (sky130_fd_sc_hd__dfrtp_1)
                                 -0.250000 3125.069580   clock uncertainty
                                  0.000000 3125.069580   clock reconvergence pessimism
                                  0.207098 3125.276611   library recovery time
                                           3125.276611   data required time
---------------------------------------------------------------------------------------------
                                           3125.276611   data required time
                                           -625.375610   data arrival time
---------------------------------------------------------------------------------------------
                                           2499.901123   slack (MET)


Startpoint: rst_i (input port clocked by clk_i)
Endpoint: _181_ (recovery check against rising-edge clock clk_i)
Path Group: asynchronous
Path Type: max

Fanout         Cap        Slew       Delay        Time   Description
---------------------------------------------------------------------------------------------
                                  0.000000    0.000000   clock clk_i (rise edge)
                                  0.000000    0.000000   clock network delay (propagated)
                                625.000000  625.000000 ^ input external delay
     1    0.002655    0.019792    0.009777  625.009766 ^ rst_i (in)
                                                         rst_i (net)
                      0.019792    0.000000  625.009766 ^ input2/A (sky130_fd_sc_hd__buf_1)
     3    0.010383    0.128969    0.132047  625.141846 ^ input2/X (sky130_fd_sc_hd__buf_1)
                                                         net2 (net)
                      0.128969    0.000114  625.141968 ^ fanout16/A (sky130_fd_sc_hd__clkbuf_4)
    10    0.042495    0.135475    0.233229  625.375183 ^ fanout16/X (sky130_fd_sc_hd__clkbuf_4)
                                                         net16 (net)
                      0.135475    0.000455  625.375610 ^ _181_/RESET_B (sky130_fd_sc_hd__dfrtp_1)
                                            625.375610   data arrival time

                               3125.000000 3125.000000   clock clk_i (rise edge)
                                  0.000000 3125.000000   clock source latency
     1    0.012202    0.061155    0.041155 3125.041260 ^ clk_i (in)
                                                         clk_i (net)
                      0.061156    0.000000 3125.041260 ^ clkbuf_0_clk_i/A (sky130_fd_sc_hd__clkbuf_16)
     4    0.035589    0.055923    0.144610 3125.185791 ^ clkbuf_0_clk_i/X (sky130_fd_sc_hd__clkbuf_16)
                                                         clknet_0_clk_i (net)
                      0.055924    0.000227 3125.186035 ^ clkbuf_2_2__f_clk_i/A (sky130_fd_sc_hd__clkbuf_16)
    10    0.024269    0.045608    0.133468 3125.319580 ^ clkbuf_2_2__f_clk_i/X (sky130_fd_sc_hd__clkbuf_16)
                                                         clknet_2_2__leaf_clk_i (net)
                      0.045608    0.000227 3125.319580 ^ _181_/CLK (sky130_fd_sc_hd__dfrtp_1)
                                 -0.250000 3125.069580   clock uncertainty
                                  0.000000 3125.069580   clock reconvergence pessimism
                                  0.207098 3125.276611   library recovery time
                                           3125.276611   data required time
---------------------------------------------------------------------------------------------
                                           3125.276611   data required time
                                           -625.375610   data arrival time
---------------------------------------------------------------------------------------------
                                           2499.901123   slack (MET)


Startpoint: rst_i (input port clocked by clk_i)
Endpoint: _182_ (recovery check against rising-edge clock clk_i)
Path Group: asynchronous
Path Type: max

Fanout         Cap        Slew       Delay        Time   Description
---------------------------------------------------------------------------------------------
                                  0.000000    0.000000   clock clk_i (rise edge)
                                  0.000000    0.000000   clock network delay (propagated)
                                625.000000  625.000000 ^ input external delay
     1    0.002655    0.019792    0.009777  625.009766 ^ rst_i (in)
                                                         rst_i (net)
                      0.019792    0.000000  625.009766 ^ input2/A (sky130_fd_sc_hd__buf_1)
     3    0.010383    0.128969    0.132047  625.141846 ^ input2/X (sky130_fd_sc_hd__buf_1)
                                                         net2 (net)
                      0.128969    0.000114  625.141968 ^ fanout16/A (sky130_fd_sc_hd__clkbuf_4)
    10    0.042495    0.135475    0.233229  625.375183 ^ fanout16/X (sky130_fd_sc_hd__clkbuf_4)
                                                         net16 (net)
                      0.135475    0.000227  625.375366 ^ _182_/RESET_B (sky130_fd_sc_hd__dfrtp_1)
                                            625.375366   data arrival time

                               3125.000000 3125.000000   clock clk_i (rise edge)
                                  0.000000 3125.000000   clock source latency
     1    0.012202    0.061155    0.041155 3125.041260 ^ clk_i (in)
                                                         clk_i (net)
                      0.061156    0.000000 3125.041260 ^ clkbuf_0_clk_i/A (sky130_fd_sc_hd__clkbuf_16)
     4    0.035589    0.055923    0.144610 3125.185791 ^ clkbuf_0_clk_i/X (sky130_fd_sc_hd__clkbuf_16)
                                                         clknet_0_clk_i (net)
                      0.055924    0.000227 3125.186035 ^ clkbuf_2_2__f_clk_i/A (sky130_fd_sc_hd__clkbuf_16)
    10    0.024269    0.045608    0.133468 3125.319580 ^ clkbuf_2_2__f_clk_i/X (sky130_fd_sc_hd__clkbuf_16)
                                                         clknet_2_2__leaf_clk_i (net)
                      0.045608    0.000227 3125.319580 ^ _182_/CLK (sky130_fd_sc_hd__dfrtp_1)
                                 -0.250000 3125.069580   clock uncertainty
                                  0.000000 3125.069580   clock reconvergence pessimism
                                  0.207098 3125.276611   library recovery time
                                           3125.276611   data required time
---------------------------------------------------------------------------------------------
                                           3125.276611   data required time
                                           -625.375366   data arrival time
---------------------------------------------------------------------------------------------
                                           2499.901367   slack (MET)


Startpoint: rst_i (input port clocked by clk_i)
Endpoint: _183_ (recovery check against rising-edge clock clk_i)
Path Group: asynchronous
Path Type: max

Fanout         Cap        Slew       Delay        Time   Description
---------------------------------------------------------------------------------------------
                                  0.000000    0.000000   clock clk_i (rise edge)
                                  0.000000    0.000000   clock network delay (propagated)
                                625.000000  625.000000 ^ input external delay
     1    0.002655    0.019792    0.009777  625.009766 ^ rst_i (in)
                                                         rst_i (net)
                      0.019792    0.000000  625.009766 ^ input2/A (sky130_fd_sc_hd__buf_1)
     3    0.010383    0.128969    0.132047  625.141846 ^ input2/X (sky130_fd_sc_hd__buf_1)
                                                         net2 (net)
                      0.128969    0.000114  625.141968 ^ fanout16/A (sky130_fd_sc_hd__clkbuf_4)
    10    0.042495    0.135475    0.233229  625.375183 ^ fanout16/X (sky130_fd_sc_hd__clkbuf_4)
                                                         net16 (net)
                      0.135475    0.000455  625.375610 ^ _183_/RESET_B (sky130_fd_sc_hd__dfrtp_1)
                                            625.375610   data arrival time

                               3125.000000 3125.000000   clock clk_i (rise edge)
                                  0.000000 3125.000000   clock source latency
     1    0.012202    0.061155    0.041155 3125.041260 ^ clk_i (in)
                                                         clk_i (net)
                      0.061156    0.000000 3125.041260 ^ clkbuf_0_clk_i/A (sky130_fd_sc_hd__clkbuf_16)
     4    0.035589    0.055923    0.144610 3125.185791 ^ clkbuf_0_clk_i/X (sky130_fd_sc_hd__clkbuf_16)
                                                         clknet_0_clk_i (net)
                      0.055924    0.000227 3125.186035 ^ clkbuf_2_2__f_clk_i/A (sky130_fd_sc_hd__clkbuf_16)
    10    0.024269    0.045608    0.133468 3125.319580 ^ clkbuf_2_2__f_clk_i/X (sky130_fd_sc_hd__clkbuf_16)
                                                         clknet_2_2__leaf_clk_i (net)
                      0.045608    0.000227 3125.319580 ^ _183_/CLK (sky130_fd_sc_hd__dfrtp_1)
                                 -0.250000 3125.069580   clock uncertainty
                                  0.000000 3125.069580   clock reconvergence pessimism
                                  0.207098 3125.276611   library recovery time
                                           3125.276611   data required time
---------------------------------------------------------------------------------------------
                                           3125.276611   data required time
                                           -625.375610   data arrival time
---------------------------------------------------------------------------------------------
                                           2499.901123   slack (MET)


Startpoint: rst_i (input port clocked by clk_i)
Endpoint: _184_ (recovery check against rising-edge clock clk_i)
Path Group: asynchronous
Path Type: max

Fanout         Cap        Slew       Delay        Time   Description
---------------------------------------------------------------------------------------------
                                  0.000000    0.000000   clock clk_i (rise edge)
                                  0.000000    0.000000   clock network delay (propagated)
                                625.000000  625.000000 ^ input external delay
     1    0.002655    0.019792    0.009777  625.009766 ^ rst_i (in)
                                                         rst_i (net)
                      0.019792    0.000000  625.009766 ^ input2/A (sky130_fd_sc_hd__buf_1)
     3    0.010383    0.128969    0.132047  625.141846 ^ input2/X (sky130_fd_sc_hd__buf_1)
                                                         net2 (net)
                      0.128969    0.000114  625.141968 ^ fanout16/A (sky130_fd_sc_hd__clkbuf_4)
    10    0.042495    0.135475    0.233229  625.375183 ^ fanout16/X (sky130_fd_sc_hd__clkbuf_4)
                                                         net16 (net)
                      0.135475    0.000512  625.375671 ^ _184_/RESET_B (sky130_fd_sc_hd__dfrtp_1)
                                            625.375671   data arrival time

                               3125.000000 3125.000000   clock clk_i (rise edge)
                                  0.000000 3125.000000   clock source latency
     1    0.012202    0.061155    0.041155 3125.041260 ^ clk_i (in)
                                                         clk_i (net)
                      0.061156    0.000000 3125.041260 ^ clkbuf_0_clk_i/A (sky130_fd_sc_hd__clkbuf_16)
     4    0.035589    0.055923    0.144610 3125.185791 ^ clkbuf_0_clk_i/X (sky130_fd_sc_hd__clkbuf_16)
                                                         clknet_0_clk_i (net)
                      0.055924    0.000227 3125.186035 ^ clkbuf_2_2__f_clk_i/A (sky130_fd_sc_hd__clkbuf_16)
    10    0.024269    0.045608    0.133468 3125.319580 ^ clkbuf_2_2__f_clk_i/X (sky130_fd_sc_hd__clkbuf_16)
                                                         clknet_2_2__leaf_clk_i (net)
                      0.045608    0.000227 3125.319580 ^ _184_/CLK (sky130_fd_sc_hd__dfrtp_1)
                                 -0.250000 3125.069580   clock uncertainty
                                  0.000000 3125.069580   clock reconvergence pessimism
                                  0.207098 3125.276611   library recovery time
                                           3125.276611   data required time
---------------------------------------------------------------------------------------------
                                           3125.276611   data required time
                                           -625.375671   data arrival time
---------------------------------------------------------------------------------------------
                                           2499.901123   slack (MET)


Startpoint: rst_i (input port clocked by clk_i)
Endpoint: _166_ (recovery check against rising-edge clock clk_i)
Path Group: asynchronous
Path Type: max

Fanout         Cap        Slew       Delay        Time   Description
---------------------------------------------------------------------------------------------
                                  0.000000    0.000000   clock clk_i (rise edge)
                                  0.000000    0.000000   clock network delay (propagated)
                                625.000000  625.000000 ^ input external delay
     1    0.002655    0.019792    0.009777  625.009766 ^ rst_i (in)
                                                         rst_i (net)
                      0.019792    0.000000  625.009766 ^ input2/A (sky130_fd_sc_hd__buf_1)
     3    0.010383    0.128969    0.132047  625.141846 ^ input2/X (sky130_fd_sc_hd__buf_1)
                                                         net2 (net)
                      0.128969    0.000114  625.141968 ^ fanout17/A (sky130_fd_sc_hd__buf_2)
     7    0.030857    0.154582    0.217426  625.359375 ^ fanout17/X (sky130_fd_sc_hd__buf_2)
                                                         net17 (net)
                      0.154582    0.000000  625.359375 ^ _166_/RESET_B (sky130_fd_sc_hd__dfrtp_1)
                                            625.359375   data arrival time

                               3125.000000 3125.000000   clock clk_i (rise edge)
                                  0.000000 3125.000000   clock source latency
     1    0.012202    0.061155    0.041155 3125.041260 ^ clk_i (in)
                                                         clk_i (net)
                      0.061156    0.000000 3125.041260 ^ clkbuf_0_clk_i/A (sky130_fd_sc_hd__clkbuf_16)
     4    0.035589    0.055923    0.144610 3125.185791 ^ clkbuf_0_clk_i/X (sky130_fd_sc_hd__clkbuf_16)
                                                         clknet_0_clk_i (net)
                      0.055924    0.000227 3125.186035 ^ clkbuf_2_3__f_clk_i/A (sky130_fd_sc_hd__clkbuf_16)
     8    0.023997    0.045359    0.133241 3125.319336 ^ clkbuf_2_3__f_clk_i/X (sky130_fd_sc_hd__clkbuf_16)
                                                         clknet_2_3__leaf_clk_i (net)
                      0.045359    0.000000 3125.319336 ^ _166_/CLK (sky130_fd_sc_hd__dfrtp_1)
                                 -0.250000 3125.069092   clock uncertainty
                                  0.000000 3125.069092   clock reconvergence pessimism
                                  0.202074 3125.271240   library recovery time
                                           3125.271240   data required time
---------------------------------------------------------------------------------------------
                                           3125.271240   data required time
                                           -625.359375   data arrival time
---------------------------------------------------------------------------------------------
                                           2499.911865   slack (MET)


Startpoint: rst_i (input port clocked by clk_i)
Endpoint: _167_ (recovery check against rising-edge clock clk_i)
Path Group: asynchronous
Path Type: max

Fanout         Cap        Slew       Delay        Time   Description
---------------------------------------------------------------------------------------------
                                  0.000000    0.000000   clock clk_i (rise edge)
                                  0.000000    0.000000   clock network delay (propagated)
                                625.000000  625.000000 ^ input external delay
     1    0.002655    0.019792    0.009777  625.009766 ^ rst_i (in)
                                                         rst_i (net)
                      0.019792    0.000000  625.009766 ^ input2/A (sky130_fd_sc_hd__buf_1)
     3    0.010383    0.128969    0.132047  625.141846 ^ input2/X (sky130_fd_sc_hd__buf_1)
                                                         net2 (net)
                      0.128969    0.000114  625.141968 ^ fanout17/A (sky130_fd_sc_hd__buf_2)
     7    0.030857    0.154582    0.217426  625.359375 ^ fanout17/X (sky130_fd_sc_hd__buf_2)
                                                         net17 (net)
                      0.154582    0.000000  625.359375 ^ _167_/RESET_B (sky130_fd_sc_hd__dfrtp_1)
                                            625.359375   data arrival time

                               3125.000000 3125.000000   clock clk_i (rise edge)
                                  0.000000 3125.000000   clock source latency
     1    0.012202    0.061155    0.041155 3125.041260 ^ clk_i (in)
                                                         clk_i (net)
                      0.061156    0.000000 3125.041260 ^ clkbuf_0_clk_i/A (sky130_fd_sc_hd__clkbuf_16)
     4    0.035589    0.055923    0.144610 3125.185791 ^ clkbuf_0_clk_i/X (sky130_fd_sc_hd__clkbuf_16)
                                                         clknet_0_clk_i (net)
                      0.055924    0.000227 3125.186035 ^ clkbuf_2_3__f_clk_i/A (sky130_fd_sc_hd__clkbuf_16)
     8    0.023997    0.045359    0.133241 3125.319336 ^ clkbuf_2_3__f_clk_i/X (sky130_fd_sc_hd__clkbuf_16)
                                                         clknet_2_3__leaf_clk_i (net)
                      0.045359    0.000000 3125.319336 ^ _167_/CLK (sky130_fd_sc_hd__dfrtp_1)
                                 -0.250000 3125.069092   clock uncertainty
                                  0.000000 3125.069092   clock reconvergence pessimism
                                  0.202074 3125.271240   library recovery time
                                           3125.271240   data required time
---------------------------------------------------------------------------------------------
                                           3125.271240   data required time
                                           -625.359375   data arrival time
---------------------------------------------------------------------------------------------
                                           2499.911865   slack (MET)


Startpoint: rst_i (input port clocked by clk_i)
Endpoint: _169_ (recovery check against rising-edge clock clk_i)
Path Group: asynchronous
Path Type: max

Fanout         Cap        Slew       Delay        Time   Description
---------------------------------------------------------------------------------------------
                                  0.000000    0.000000   clock clk_i (rise edge)
                                  0.000000    0.000000   clock network delay (propagated)
                                625.000000  625.000000 ^ input external delay
     1    0.002655    0.019792    0.009777  625.009766 ^ rst_i (in)
                                                         rst_i (net)
                      0.019792    0.000000  625.009766 ^ input2/A (sky130_fd_sc_hd__buf_1)
     3    0.010383    0.128969    0.132047  625.141846 ^ input2/X (sky130_fd_sc_hd__buf_1)
                                                         net2 (net)
                      0.128969    0.000114  625.141968 ^ fanout17/A (sky130_fd_sc_hd__buf_2)
     7    0.030857    0.154582    0.217426  625.359375 ^ fanout17/X (sky130_fd_sc_hd__buf_2)
                                                         net17 (net)
                      0.154582    0.000057  625.359436 ^ _169_/RESET_B (sky130_fd_sc_hd__dfrtp_1)
                                            625.359436   data arrival time

                               3125.000000 3125.000000   clock clk_i (rise edge)
                                  0.000000 3125.000000   clock source latency
     1    0.012202    0.061155    0.041155 3125.041260 ^ clk_i (in)
                                                         clk_i (net)
                      0.061156    0.000000 3125.041260 ^ clkbuf_0_clk_i/A (sky130_fd_sc_hd__clkbuf_16)
     4    0.035589    0.055923    0.144610 3125.185791 ^ clkbuf_0_clk_i/X (sky130_fd_sc_hd__clkbuf_16)
                                                         clknet_0_clk_i (net)
                      0.055924    0.000227 3125.186035 ^ clkbuf_2_3__f_clk_i/A (sky130_fd_sc_hd__clkbuf_16)
     8    0.023997    0.045359    0.133241 3125.319336 ^ clkbuf_2_3__f_clk_i/X (sky130_fd_sc_hd__clkbuf_16)
                                                         clknet_2_3__leaf_clk_i (net)
                      0.045359    0.000000 3125.319336 ^ _169_/CLK (sky130_fd_sc_hd__dfrtp_1)
                                 -0.250000 3125.069092   clock uncertainty
                                  0.000000 3125.069092   clock reconvergence pessimism
                                  0.202074 3125.271240   library recovery time
                                           3125.271240   data required time
---------------------------------------------------------------------------------------------
                                           3125.271240   data required time
                                           -625.359436   data arrival time
---------------------------------------------------------------------------------------------
                                           2499.911865   slack (MET)


Startpoint: rst_i (input port clocked by clk_i)
Endpoint: _170_ (recovery check against rising-edge clock clk_i)
Path Group: asynchronous
Path Type: max

Fanout         Cap        Slew       Delay        Time   Description
---------------------------------------------------------------------------------------------
                                  0.000000    0.000000   clock clk_i (rise edge)
                                  0.000000    0.000000   clock network delay (propagated)
                                625.000000  625.000000 ^ input external delay
     1    0.002655    0.019792    0.009777  625.009766 ^ rst_i (in)
                                                         rst_i (net)
                      0.019792    0.000000  625.009766 ^ input2/A (sky130_fd_sc_hd__buf_1)
     3    0.010383    0.128969    0.132047  625.141846 ^ input2/X (sky130_fd_sc_hd__buf_1)
                                                         net2 (net)
                      0.128969    0.000114  625.141968 ^ fanout17/A (sky130_fd_sc_hd__buf_2)
     7    0.030857    0.154582    0.217426  625.359375 ^ fanout17/X (sky130_fd_sc_hd__buf_2)
                                                         net17 (net)
                      0.154582    0.000171  625.359558 ^ _170_/RESET_B (sky130_fd_sc_hd__dfrtp_1)
                                            625.359558   data arrival time

                               3125.000000 3125.000000   clock clk_i (rise edge)
                                  0.000000 3125.000000   clock source latency
     1    0.012202    0.061155    0.041155 3125.041260 ^ clk_i (in)
                                                         clk_i (net)
                      0.061156    0.000000 3125.041260 ^ clkbuf_0_clk_i/A (sky130_fd_sc_hd__clkbuf_16)
     4    0.035589    0.055923    0.144610 3125.185791 ^ clkbuf_0_clk_i/X (sky130_fd_sc_hd__clkbuf_16)
                                                         clknet_0_clk_i (net)
                      0.055924    0.000227 3125.186035 ^ clkbuf_2_3__f_clk_i/A (sky130_fd_sc_hd__clkbuf_16)
     8    0.023997    0.045359    0.133241 3125.319336 ^ clkbuf_2_3__f_clk_i/X (sky130_fd_sc_hd__clkbuf_16)
                                                         clknet_2_3__leaf_clk_i (net)
                      0.045359    0.000000 3125.319336 ^ _170_/CLK (sky130_fd_sc_hd__dfrtp_1)
                                 -0.250000 3125.069092   clock uncertainty
                                  0.000000 3125.069092   clock reconvergence pessimism
                                  0.202074 3125.271240   library recovery time
                                           3125.271240   data required time
---------------------------------------------------------------------------------------------
                                           3125.271240   data required time
                                           -625.359558   data arrival time
---------------------------------------------------------------------------------------------
                                           2499.911865   slack (MET)


Startpoint: rst_i (input port clocked by clk_i)
Endpoint: _171_ (recovery check against rising-edge clock clk_i)
Path Group: asynchronous
Path Type: max

Fanout         Cap        Slew       Delay        Time   Description
---------------------------------------------------------------------------------------------
                                  0.000000    0.000000   clock clk_i (rise edge)
                                  0.000000    0.000000   clock network delay (propagated)
                                625.000000  625.000000 ^ input external delay
     1    0.002655    0.019792    0.009777  625.009766 ^ rst_i (in)
                                                         rst_i (net)
                      0.019792    0.000000  625.009766 ^ input2/A (sky130_fd_sc_hd__buf_1)
     3    0.010383    0.128969    0.132047  625.141846 ^ input2/X (sky130_fd_sc_hd__buf_1)
                                                         net2 (net)
                      0.128969    0.000114  625.141968 ^ fanout17/A (sky130_fd_sc_hd__buf_2)
     7    0.030857    0.154582    0.217426  625.359375 ^ fanout17/X (sky130_fd_sc_hd__buf_2)
                                                         net17 (net)
                      0.154582    0.000171  625.359558 ^ _171_/RESET_B (sky130_fd_sc_hd__dfrtp_1)
                                            625.359558   data arrival time

                               3125.000000 3125.000000   clock clk_i (rise edge)
                                  0.000000 3125.000000   clock source latency
     1    0.012202    0.061155    0.041155 3125.041260 ^ clk_i (in)
                                                         clk_i (net)
                      0.061156    0.000000 3125.041260 ^ clkbuf_0_clk_i/A (sky130_fd_sc_hd__clkbuf_16)
     4    0.035589    0.055923    0.144610 3125.185791 ^ clkbuf_0_clk_i/X (sky130_fd_sc_hd__clkbuf_16)
                                                         clknet_0_clk_i (net)
                      0.055924    0.000227 3125.186035 ^ clkbuf_2_3__f_clk_i/A (sky130_fd_sc_hd__clkbuf_16)
     8    0.023997    0.045359    0.133241 3125.319336 ^ clkbuf_2_3__f_clk_i/X (sky130_fd_sc_hd__clkbuf_16)
                                                         clknet_2_3__leaf_clk_i (net)
                      0.045359    0.000000 3125.319336 ^ _171_/CLK (sky130_fd_sc_hd__dfrtp_1)
                                 -0.250000 3125.069092   clock uncertainty
                                  0.000000 3125.069092   clock reconvergence pessimism
                                  0.202074 3125.271240   library recovery time
                                           3125.271240   data required time
---------------------------------------------------------------------------------------------
                                           3125.271240   data required time
                                           -625.359558   data arrival time
---------------------------------------------------------------------------------------------
                                           2499.911865   slack (MET)


Startpoint: rst_i (input port clocked by clk_i)
Endpoint: _173_ (recovery check against rising-edge clock clk_i)
Path Group: asynchronous
Path Type: max

Fanout         Cap        Slew       Delay        Time   Description
---------------------------------------------------------------------------------------------
                                  0.000000    0.000000   clock clk_i (rise edge)
                                  0.000000    0.000000   clock network delay (propagated)
                                625.000000  625.000000 ^ input external delay
     1    0.002655    0.019792    0.009777  625.009766 ^ rst_i (in)
                                                         rst_i (net)
                      0.019792    0.000000  625.009766 ^ input2/A (sky130_fd_sc_hd__buf_1)
     3    0.010383    0.128969    0.132047  625.141846 ^ input2/X (sky130_fd_sc_hd__buf_1)
                                                         net2 (net)
                      0.128969    0.000114  625.141968 ^ fanout17/A (sky130_fd_sc_hd__buf_2)
     7    0.030857    0.154582    0.217426  625.359375 ^ fanout17/X (sky130_fd_sc_hd__buf_2)
                                                         net17 (net)
                      0.154582    0.000227  625.359619 ^ _173_/RESET_B (sky130_fd_sc_hd__dfrtp_1)
                                            625.359619   data arrival time

                               3125.000000 3125.000000   clock clk_i (rise edge)
                                  0.000000 3125.000000   clock source latency
     1    0.012202    0.061155    0.041155 3125.041260 ^ clk_i (in)
                                                         clk_i (net)
                      0.061156    0.000000 3125.041260 ^ clkbuf_0_clk_i/A (sky130_fd_sc_hd__clkbuf_16)
     4    0.035589    0.055923    0.144610 3125.185791 ^ clkbuf_0_clk_i/X (sky130_fd_sc_hd__clkbuf_16)
                                                         clknet_0_clk_i (net)
                      0.055924    0.000227 3125.186035 ^ clkbuf_2_3__f_clk_i/A (sky130_fd_sc_hd__clkbuf_16)
     8    0.023997    0.045359    0.133241 3125.319336 ^ clkbuf_2_3__f_clk_i/X (sky130_fd_sc_hd__clkbuf_16)
                                                         clknet_2_3__leaf_clk_i (net)
                      0.045359    0.000000 3125.319336 ^ _173_/CLK (sky130_fd_sc_hd__dfrtp_1)
                                 -0.250000 3125.069092   clock uncertainty
                                  0.000000 3125.069092   clock reconvergence pessimism
                                  0.202074 3125.271240   library recovery time
                                           3125.271240   data required time
---------------------------------------------------------------------------------------------
                                           3125.271240   data required time
                                           -625.359619   data arrival time
---------------------------------------------------------------------------------------------
                                           2499.911865   slack (MET)


Startpoint: rst_i (input port clocked by clk_i)
Endpoint: _174_ (recovery check against rising-edge clock clk_i)
Path Group: asynchronous
Path Type: max

Fanout         Cap        Slew       Delay        Time   Description
---------------------------------------------------------------------------------------------
                                  0.000000    0.000000   clock clk_i (rise edge)
                                  0.000000    0.000000   clock network delay (propagated)
                                625.000000  625.000000 ^ input external delay
     1    0.002655    0.019792    0.009777  625.009766 ^ rst_i (in)
                                                         rst_i (net)
                      0.019792    0.000000  625.009766 ^ input2/A (sky130_fd_sc_hd__buf_1)
     3    0.010383    0.128969    0.132047  625.141846 ^ input2/X (sky130_fd_sc_hd__buf_1)
                                                         net2 (net)
                      0.128969    0.000114  625.141968 ^ fanout17/A (sky130_fd_sc_hd__buf_2)
     7    0.030857    0.154582    0.217426  625.359375 ^ fanout17/X (sky130_fd_sc_hd__buf_2)
                                                         net17 (net)
                      0.154582    0.000227  625.359619 ^ _174_/RESET_B (sky130_fd_sc_hd__dfrtp_1)
                                            625.359619   data arrival time

                               3125.000000 3125.000000   clock clk_i (rise edge)
                                  0.000000 3125.000000   clock source latency
     1    0.012202    0.061155    0.041155 3125.041260 ^ clk_i (in)
                                                         clk_i (net)
                      0.061156    0.000000 3125.041260 ^ clkbuf_0_clk_i/A (sky130_fd_sc_hd__clkbuf_16)
     4    0.035589    0.055923    0.144610 3125.185791 ^ clkbuf_0_clk_i/X (sky130_fd_sc_hd__clkbuf_16)
                                                         clknet_0_clk_i (net)
                      0.055924    0.000227 3125.186035 ^ clkbuf_2_3__f_clk_i/A (sky130_fd_sc_hd__clkbuf_16)
     8    0.023997    0.045359    0.133241 3125.319336 ^ clkbuf_2_3__f_clk_i/X (sky130_fd_sc_hd__clkbuf_16)
                                                         clknet_2_3__leaf_clk_i (net)
                      0.045359    0.000000 3125.319336 ^ _174_/CLK (sky130_fd_sc_hd__dfrtp_1)
                                 -0.250000 3125.069092   clock uncertainty
                                  0.000000 3125.069092   clock reconvergence pessimism
                                  0.202074 3125.271240   library recovery time
                                           3125.271240   data required time
---------------------------------------------------------------------------------------------
                                           3125.271240   data required time
                                           -625.359619   data arrival time
---------------------------------------------------------------------------------------------
                                           2499.911865   slack (MET)


Startpoint: _161_ (rising edge-triggered flip-flop clocked by clk_i)
Endpoint: _162_ (rising edge-triggered flip-flop clocked by clk_i)
Path Group: clk_i
Path Type: max

Fanout         Cap        Slew       Delay        Time   Description
---------------------------------------------------------------------------------------------
                                  0.000000    0.000000   clock clk_i (rise edge)
                                  0.000000    0.000000   clock source latency
     1    0.012202    0.061155    0.041178    0.041178 ^ clk_i (in)
                                                         clk_i (net)
                      0.061156    0.000000    0.041178 ^ clkbuf_0_clk_i/A (sky130_fd_sc_hd__clkbuf_16)
     4    0.035589    0.055923    0.144642    0.185820 ^ clkbuf_0_clk_i/X (sky130_fd_sc_hd__clkbuf_16)
                                                         clknet_0_clk_i (net)
                      0.055924    0.000111    0.185931 ^ clkbuf_2_1__f_clk_i/A (sky130_fd_sc_hd__clkbuf_16)
     9    0.023799    0.045180    0.133110    0.319040 ^ clkbuf_2_1__f_clk_i/X (sky130_fd_sc_hd__clkbuf_16)
                                                         clknet_2_1__leaf_clk_i (net)
                      0.045180    0.000076    0.319116 ^ _161_/CLK (sky130_fd_sc_hd__dfrtp_1)
     1    0.002925    0.039823    0.353342    0.672459 v _161_/Q (sky130_fd_sc_hd__dfrtp_1)
                                                         rng_rd.cache[2] (net)
                      0.039823    0.000013    0.672471 v fanout11/A (sky130_fd_sc_hd__clkbuf_2)
     6    0.023339    0.093598    0.156325    0.828797 v fanout11/X (sky130_fd_sc_hd__clkbuf_2)
                                                         net11 (net)
                      0.093598    0.000067    0.828864 v fanout10/A (sky130_fd_sc_hd__clkbuf_2)
    10    0.025947    0.102836    0.187417    1.016280 v fanout10/X (sky130_fd_sc_hd__clkbuf_2)
                                                         net10 (net)
                      0.102836    0.000019    1.016300 v _107_/A (sky130_fd_sc_hd__or2_1)
     1    0.002535    0.047680    0.239276    1.255576 v _107_/X (sky130_fd_sc_hd__or2_1)
                                                         _078_ (net)
                      0.047680    0.000004    1.255581 v _111_/A1 (sky130_fd_sc_hd__a221o_1)
     1    0.003749    0.056969    0.314677    1.570258 v _111_/X (sky130_fd_sc_hd__a221o_1)
                                                         _035_ (net)
                      0.056969    0.000034    1.570292 v _123_/B (sky130_fd_sc_hd__and4_1)
     1    0.001963    0.035393    0.166751    1.737042 v _123_/X (sky130_fd_sc_hd__and4_1)
                                                         _047_ (net)
                      0.035393    0.000004    1.737046 v _124_/B (sky130_fd_sc_hd__and4b_1)
     1    0.002872    0.040204    0.163145    1.900191 v _124_/X (sky130_fd_sc_hd__and4b_1)
                                                         _048_ (net)
                      0.040204    0.000014    1.900205 v fanout9/A (sky130_fd_sc_hd__buf_2)
     7    0.024937    0.069419    0.161065    2.061270 v fanout9/X (sky130_fd_sc_hd__buf_2)
                                                         net9 (net)
                      0.069419    0.000007    2.061277 v fanout8/A (sky130_fd_sc_hd__clkbuf_4)
    10    0.040634    0.090708    0.203662    2.264939 v fanout8/X (sky130_fd_sc_hd__clkbuf_4)
                                                         net8 (net)
                      0.090708    0.000183    2.265122 v _130_/S (sky130_fd_sc_hd__mux2_1)
     1    0.003118    0.057052    0.323082    2.588204 v _130_/X (sky130_fd_sc_hd__mux2_1)
                                                         _005_ (net)
                      0.057052    0.000014    2.588217 v _162_/D (sky130_fd_sc_hd__dfrtp_1)
                                              2.588217   data arrival time

                               3125.000000 3125.000000   clock clk_i (rise edge)
                                  0.000000 3125.000000   clock source latency
     1    0.012202    0.061155    0.041155 3125.041260 ^ clk_i (in)
                                                         clk_i (net)
                      0.061156    0.000000 3125.041260 ^ clkbuf_0_clk_i/A (sky130_fd_sc_hd__clkbuf_16)
     4    0.035589    0.055923    0.144610 3125.185791 ^ clkbuf_0_clk_i/X (sky130_fd_sc_hd__clkbuf_16)
                                                         clknet_0_clk_i (net)
                      0.055924    0.000227 3125.186035 ^ clkbuf_2_1__f_clk_i/A (sky130_fd_sc_hd__clkbuf_16)
     9    0.023799    0.045180    0.133014 3125.319092 ^ clkbuf_2_1__f_clk_i/X (sky130_fd_sc_hd__clkbuf_16)
                                                         clknet_2_1__leaf_clk_i (net)
                      0.045180    0.000000 3125.319092 ^ _162_/CLK (sky130_fd_sc_hd__dfrtp_1)
                                 -0.250000 3125.068848   clock uncertainty
                                  0.000000 3125.068848   clock reconvergence pessimism
                                 -0.119491 3124.949219   library setup time
                                           3124.949219   data required time
---------------------------------------------------------------------------------------------
                                           3124.949219   data required time
                                             -2.588217   data arrival time
---------------------------------------------------------------------------------------------
                                           3122.361084   slack (MET)


Startpoint: _161_ (rising edge-triggered flip-flop clocked by clk_i)
Endpoint: _181_ (rising edge-triggered flip-flop clocked by clk_i)
Path Group: clk_i
Path Type: max

Fanout         Cap        Slew       Delay        Time   Description
---------------------------------------------------------------------------------------------
                                  0.000000    0.000000   clock clk_i (rise edge)
                                  0.000000    0.000000   clock source latency
     1    0.012202    0.061155    0.041178    0.041178 ^ clk_i (in)
                                                         clk_i (net)
                      0.061156    0.000000    0.041178 ^ clkbuf_0_clk_i/A (sky130_fd_sc_hd__clkbuf_16)
     4    0.035589    0.055923    0.144642    0.185820 ^ clkbuf_0_clk_i/X (sky130_fd_sc_hd__clkbuf_16)
                                                         clknet_0_clk_i (net)
                      0.055924    0.000111    0.185931 ^ clkbuf_2_1__f_clk_i/A (sky130_fd_sc_hd__clkbuf_16)
     9    0.023799    0.045180    0.133110    0.319040 ^ clkbuf_2_1__f_clk_i/X (sky130_fd_sc_hd__clkbuf_16)
                                                         clknet_2_1__leaf_clk_i (net)
                      0.045180    0.000076    0.319116 ^ _161_/CLK (sky130_fd_sc_hd__dfrtp_1)
     1    0.002925    0.039823    0.353342    0.672459 v _161_/Q (sky130_fd_sc_hd__dfrtp_1)
                                                         rng_rd.cache[2] (net)
                      0.039823    0.000013    0.672471 v fanout11/A (sky130_fd_sc_hd__clkbuf_2)
     6    0.023339    0.093598    0.156325    0.828797 v fanout11/X (sky130_fd_sc_hd__clkbuf_2)
                                                         net11 (net)
                      0.093598    0.000067    0.828864 v fanout10/A (sky130_fd_sc_hd__clkbuf_2)
    10    0.025947    0.102836    0.187417    1.016280 v fanout10/X (sky130_fd_sc_hd__clkbuf_2)
                                                         net10 (net)
                      0.102836    0.000019    1.016300 v _107_/A (sky130_fd_sc_hd__or2_1)
     1    0.002535    0.047680    0.239276    1.255576 v _107_/X (sky130_fd_sc_hd__or2_1)
                                                         _078_ (net)
                      0.047680    0.000004    1.255581 v _111_/A1 (sky130_fd_sc_hd__a221o_1)
     1    0.003749    0.056969    0.314677    1.570258 v _111_/X (sky130_fd_sc_hd__a221o_1)
                                                         _035_ (net)
                      0.056969    0.000034    1.570292 v _123_/B (sky130_fd_sc_hd__and4_1)
     1    0.001963    0.035393    0.166751    1.737042 v _123_/X (sky130_fd_sc_hd__and4_1)
                                                         _047_ (net)
                      0.035393    0.000004    1.737046 v _124_/B (sky130_fd_sc_hd__and4b_1)
     1    0.002872    0.040204    0.163145    1.900191 v _124_/X (sky130_fd_sc_hd__and4b_1)
                                                         _048_ (net)
                      0.040204    0.000014    1.900205 v fanout9/A (sky130_fd_sc_hd__buf_2)
     7    0.024937    0.069419    0.161065    2.061270 v fanout9/X (sky130_fd_sc_hd__buf_2)
                                                         net9 (net)
                      0.069419    0.000017    2.061287 v fanout7/A (sky130_fd_sc_hd__clkbuf_4)
    10    0.040906    0.091194    0.204080    2.265368 v fanout7/X (sky130_fd_sc_hd__clkbuf_4)
                                                         net7 (net)
                      0.091194    0.000163    2.265531 v _147_/S (sky130_fd_sc_hd__mux2_1)
     1    0.003062    0.058402    0.322738    2.588269 v _147_/X (sky130_fd_sc_hd__mux2_1)
                                                         _022_ (net)
                      0.058402    0.000013    2.588282 v _181_/D (sky130_fd_sc_hd__dfrtp_1)
                                              2.588282   data arrival time

                               3125.000000 3125.000000   clock clk_i (rise edge)
                                  0.000000 3125.000000   clock source latency
     1    0.012202    0.061155    0.041155 3125.041260 ^ clk_i (in)
                                                         clk_i (net)
                      0.061156    0.000000 3125.041260 ^ clkbuf_0_clk_i/A (sky130_fd_sc_hd__clkbuf_16)
     4    0.035589    0.055923    0.144610 3125.185791 ^ clkbuf_0_clk_i/X (sky130_fd_sc_hd__clkbuf_16)
                                                         clknet_0_clk_i (net)
                      0.055924    0.000227 3125.186035 ^ clkbuf_2_2__f_clk_i/A (sky130_fd_sc_hd__clkbuf_16)
    10    0.024269    0.045608    0.133468 3125.319580 ^ clkbuf_2_2__f_clk_i/X (sky130_fd_sc_hd__clkbuf_16)
                                                         clknet_2_2__leaf_clk_i (net)
                      0.045608    0.000227 3125.319580 ^ _181_/CLK (sky130_fd_sc_hd__dfrtp_1)
                                 -0.250000 3125.069580   clock uncertainty
                                  0.000000 3125.069580   clock reconvergence pessimism
                                 -0.119982 3124.949463   library setup time
                                           3124.949463   data required time
---------------------------------------------------------------------------------------------
                                           3124.949463   data required time
                                             -2.588282   data arrival time
---------------------------------------------------------------------------------------------
                                           3122.361328   slack (MET)


Startpoint: _161_ (rising edge-triggered flip-flop clocked by clk_i)
Endpoint: _163_ (rising edge-triggered flip-flop clocked by clk_i)
Path Group: clk_i
Path Type: max

Fanout         Cap        Slew       Delay        Time   Description
---------------------------------------------------------------------------------------------
                                  0.000000    0.000000   clock clk_i (rise edge)
                                  0.000000    0.000000   clock source latency
     1    0.012202    0.061155    0.041178    0.041178 ^ clk_i (in)
                                                         clk_i (net)
                      0.061156    0.000000    0.041178 ^ clkbuf_0_clk_i/A (sky130_fd_sc_hd__clkbuf_16)
     4    0.035589    0.055923    0.144642    0.185820 ^ clkbuf_0_clk_i/X (sky130_fd_sc_hd__clkbuf_16)
                                                         clknet_0_clk_i (net)
                      0.055924    0.000111    0.185931 ^ clkbuf_2_1__f_clk_i/A (sky130_fd_sc_hd__clkbuf_16)
     9    0.023799    0.045180    0.133110    0.319040 ^ clkbuf_2_1__f_clk_i/X (sky130_fd_sc_hd__clkbuf_16)
                                                         clknet_2_1__leaf_clk_i (net)
                      0.045180    0.000076    0.319116 ^ _161_/CLK (sky130_fd_sc_hd__dfrtp_1)
     1    0.002925    0.039823    0.353342    0.672459 v _161_/Q (sky130_fd_sc_hd__dfrtp_1)
                                                         rng_rd.cache[2] (net)
                      0.039823    0.000013    0.672471 v fanout11/A (sky130_fd_sc_hd__clkbuf_2)
     6    0.023339    0.093598    0.156325    0.828797 v fanout11/X (sky130_fd_sc_hd__clkbuf_2)
                                                         net11 (net)
                      0.093598    0.000067    0.828864 v fanout10/A (sky130_fd_sc_hd__clkbuf_2)
    10    0.025947    0.102836    0.187417    1.016280 v fanout10/X (sky130_fd_sc_hd__clkbuf_2)
                                                         net10 (net)
                      0.102836    0.000019    1.016300 v _107_/A (sky130_fd_sc_hd__or2_1)
     1    0.002535    0.047680    0.239276    1.255576 v _107_/X (sky130_fd_sc_hd__or2_1)
                                                         _078_ (net)
                      0.047680    0.000004    1.255581 v _111_/A1 (sky130_fd_sc_hd__a221o_1)
     1    0.003749    0.056969    0.314677    1.570258 v _111_/X (sky130_fd_sc_hd__a221o_1)
                                                         _035_ (net)
                      0.056969    0.000034    1.570292 v _123_/B (sky130_fd_sc_hd__and4_1)
     1    0.001963    0.035393    0.166751    1.737042 v _123_/X (sky130_fd_sc_hd__and4_1)
                                                         _047_ (net)
                      0.035393    0.000004    1.737046 v _124_/B (sky130_fd_sc_hd__and4b_1)
     1    0.002872    0.040204    0.163145    1.900191 v _124_/X (sky130_fd_sc_hd__and4b_1)
                                                         _048_ (net)
                      0.040204    0.000014    1.900205 v fanout9/A (sky130_fd_sc_hd__buf_2)
     7    0.024937    0.069419    0.161065    2.061270 v fanout9/X (sky130_fd_sc_hd__buf_2)
                                                         net9 (net)
                      0.069419    0.000007    2.061277 v fanout8/A (sky130_fd_sc_hd__clkbuf_4)
    10    0.040634    0.090708    0.203662    2.264939 v fanout8/X (sky130_fd_sc_hd__clkbuf_4)
                                                         net8 (net)
                      0.090708    0.000191    2.265130 v _131_/S (sky130_fd_sc_hd__mux2_1)
     1    0.002188    0.053241    0.314364    2.579493 v _131_/X (sky130_fd_sc_hd__mux2_1)
                                                         _006_ (net)
                      0.053241    0.000003    2.579496 v _163_/D (sky130_fd_sc_hd__dfrtp_1)
                                              2.579496   data arrival time

                               3125.000000 3125.000000   clock clk_i (rise edge)
                                  0.000000 3125.000000   clock source latency
     1    0.012202    0.061155    0.041155 3125.041260 ^ clk_i (in)
                                                         clk_i (net)
                      0.061156    0.000000 3125.041260 ^ clkbuf_0_clk_i/A (sky130_fd_sc_hd__clkbuf_16)
     4    0.035589    0.055923    0.144610 3125.185791 ^ clkbuf_0_clk_i/X (sky130_fd_sc_hd__clkbuf_16)
                                                         clknet_0_clk_i (net)
                      0.055924    0.000227 3125.186035 ^ clkbuf_2_1__f_clk_i/A (sky130_fd_sc_hd__clkbuf_16)
     9    0.023799    0.045180    0.133014 3125.319092 ^ clkbuf_2_1__f_clk_i/X (sky130_fd_sc_hd__clkbuf_16)
                                                         clknet_2_1__leaf_clk_i (net)
                      0.045180    0.000000 3125.319092 ^ _163_/CLK (sky130_fd_sc_hd__dfrtp_1)
                                 -0.250000 3125.068848   clock uncertainty
                                  0.000000 3125.068848   clock reconvergence pessimism
                                 -0.117828 3124.951172   library setup time
                                           3124.951172   data required time
---------------------------------------------------------------------------------------------
                                           3124.951172   data required time
                                             -2.579496   data arrival time
---------------------------------------------------------------------------------------------
                                           3122.371582   slack (MET)


Startpoint: _161_ (rising edge-triggered flip-flop clocked by clk_i)
Endpoint: _164_ (rising edge-triggered flip-flop clocked by clk_i)
Path Group: clk_i
Path Type: max

Fanout         Cap        Slew       Delay        Time   Description
---------------------------------------------------------------------------------------------
                                  0.000000    0.000000   clock clk_i (rise edge)
                                  0.000000    0.000000   clock source latency
     1    0.012202    0.061155    0.041178    0.041178 ^ clk_i (in)
                                                         clk_i (net)
                      0.061156    0.000000    0.041178 ^ clkbuf_0_clk_i/A (sky130_fd_sc_hd__clkbuf_16)
     4    0.035589    0.055923    0.144642    0.185820 ^ clkbuf_0_clk_i/X (sky130_fd_sc_hd__clkbuf_16)
                                                         clknet_0_clk_i (net)
                      0.055924    0.000111    0.185931 ^ clkbuf_2_1__f_clk_i/A (sky130_fd_sc_hd__clkbuf_16)
     9    0.023799    0.045180    0.133110    0.319040 ^ clkbuf_2_1__f_clk_i/X (sky130_fd_sc_hd__clkbuf_16)
                                                         clknet_2_1__leaf_clk_i (net)
                      0.045180    0.000076    0.319116 ^ _161_/CLK (sky130_fd_sc_hd__dfrtp_1)
     1    0.002925    0.039823    0.353342    0.672459 v _161_/Q (sky130_fd_sc_hd__dfrtp_1)
                                                         rng_rd.cache[2] (net)
                      0.039823    0.000013    0.672471 v fanout11/A (sky130_fd_sc_hd__clkbuf_2)
     6    0.023339    0.093598    0.156325    0.828797 v fanout11/X (sky130_fd_sc_hd__clkbuf_2)
                                                         net11 (net)
                      0.093598    0.000067    0.828864 v fanout10/A (sky130_fd_sc_hd__clkbuf_2)
    10    0.025947    0.102836    0.187417    1.016280 v fanout10/X (sky130_fd_sc_hd__clkbuf_2)
                                                         net10 (net)
                      0.102836    0.000019    1.016300 v _107_/A (sky130_fd_sc_hd__or2_1)
     1    0.002535    0.047680    0.239276    1.255576 v _107_/X (sky130_fd_sc_hd__or2_1)
                                                         _078_ (net)
                      0.047680    0.000004    1.255581 v _111_/A1 (sky130_fd_sc_hd__a221o_1)
     1    0.003749    0.056969    0.314677    1.570258 v _111_/X (sky130_fd_sc_hd__a221o_1)
                                                         _035_ (net)
                      0.056969    0.000034    1.570292 v _123_/B (sky130_fd_sc_hd__and4_1)
     1    0.001963    0.035393    0.166751    1.737042 v _123_/X (sky130_fd_sc_hd__and4_1)
                                                         _047_ (net)
                      0.035393    0.000004    1.737046 v _124_/B (sky130_fd_sc_hd__and4b_1)
     1    0.002872    0.040204    0.163145    1.900191 v _124_/X (sky130_fd_sc_hd__and4b_1)
                                                         _048_ (net)
                      0.040204    0.000014    1.900205 v fanout9/A (sky130_fd_sc_hd__buf_2)
     7    0.024937    0.069419    0.161065    2.061270 v fanout9/X (sky130_fd_sc_hd__buf_2)
                                                         net9 (net)
                      0.069419    0.000007    2.061277 v fanout8/A (sky130_fd_sc_hd__clkbuf_4)
    10    0.040634    0.090708    0.203662    2.264939 v fanout8/X (sky130_fd_sc_hd__clkbuf_4)
                                                         net8 (net)
                      0.090708    0.000228    2.265168 v _132_/S (sky130_fd_sc_hd__mux2_1)
     1    0.002349    0.054167    0.315874    2.581042 v _132_/X (sky130_fd_sc_hd__mux2_1)
                                                         _007_ (net)
                      0.054167    0.000005    2.581047 v _164_/D (sky130_fd_sc_hd__dfrtp_1)
                                              2.581047   data arrival time

                               3125.000000 3125.000000   clock clk_i (rise edge)
                                  0.000000 3125.000000   clock source latency
     1    0.012202    0.061155    0.041155 3125.041260 ^ clk_i (in)
                                                         clk_i (net)
                      0.061156    0.000000 3125.041260 ^ clkbuf_0_clk_i/A (sky130_fd_sc_hd__clkbuf_16)
     4    0.035589    0.055923    0.144610 3125.185791 ^ clkbuf_0_clk_i/X (sky130_fd_sc_hd__clkbuf_16)
                                                         clknet_0_clk_i (net)
                      0.055924    0.000227 3125.186035 ^ clkbuf_2_1__f_clk_i/A (sky130_fd_sc_hd__clkbuf_16)
     9    0.023799    0.045180    0.133014 3125.319092 ^ clkbuf_2_1__f_clk_i/X (sky130_fd_sc_hd__clkbuf_16)
                                                         clknet_2_1__leaf_clk_i (net)
                      0.045180    0.000000 3125.319092 ^ _164_/CLK (sky130_fd_sc_hd__dfrtp_1)
                                 -0.250000 3125.068848   clock uncertainty
                                  0.000000 3125.068848   clock reconvergence pessimism
                                 -0.118232 3124.950684   library setup time
                                           3124.950684   data required time
---------------------------------------------------------------------------------------------
                                           3124.950684   data required time
                                             -2.581047   data arrival time
---------------------------------------------------------------------------------------------
                                           3122.369629   slack (MET)


Startpoint: _161_ (rising edge-triggered flip-flop clocked by clk_i)
Endpoint: _165_ (rising edge-triggered flip-flop clocked by clk_i)
Path Group: clk_i
Path Type: max

Fanout         Cap        Slew       Delay        Time   Description
---------------------------------------------------------------------------------------------
                                  0.000000    0.000000   clock clk_i (rise edge)
                                  0.000000    0.000000   clock source latency
     1    0.012202    0.061155    0.041178    0.041178 ^ clk_i (in)
                                                         clk_i (net)
                      0.061156    0.000000    0.041178 ^ clkbuf_0_clk_i/A (sky130_fd_sc_hd__clkbuf_16)
     4    0.035589    0.055923    0.144642    0.185820 ^ clkbuf_0_clk_i/X (sky130_fd_sc_hd__clkbuf_16)
                                                         clknet_0_clk_i (net)
                      0.055924    0.000111    0.185931 ^ clkbuf_2_1__f_clk_i/A (sky130_fd_sc_hd__clkbuf_16)
     9    0.023799    0.045180    0.133110    0.319040 ^ clkbuf_2_1__f_clk_i/X (sky130_fd_sc_hd__clkbuf_16)
                                                         clknet_2_1__leaf_clk_i (net)
                      0.045180    0.000076    0.319116 ^ _161_/CLK (sky130_fd_sc_hd__dfrtp_1)
     1    0.002925    0.039823    0.353342    0.672459 v _161_/Q (sky130_fd_sc_hd__dfrtp_1)
                                                         rng_rd.cache[2] (net)
                      0.039823    0.000013    0.672471 v fanout11/A (sky130_fd_sc_hd__clkbuf_2)
     6    0.023339    0.093598    0.156325    0.828797 v fanout11/X (sky130_fd_sc_hd__clkbuf_2)
                                                         net11 (net)
                      0.093598    0.000067    0.828864 v fanout10/A (sky130_fd_sc_hd__clkbuf_2)
    10    0.025947    0.102836    0.187417    1.016280 v fanout10/X (sky130_fd_sc_hd__clkbuf_2)
                                                         net10 (net)
                      0.102836    0.000019    1.016300 v _107_/A (sky130_fd_sc_hd__or2_1)
     1    0.002535    0.047680    0.239276    1.255576 v _107_/X (sky130_fd_sc_hd__or2_1)
                                                         _078_ (net)
                      0.047680    0.000004    1.255581 v _111_/A1 (sky130_fd_sc_hd__a221o_1)
     1    0.003749    0.056969    0.314677    1.570258 v _111_/X (sky130_fd_sc_hd__a221o_1)
                                                         _035_ (net)
                      0.056969    0.000034    1.570292 v _123_/B (sky130_fd_sc_hd__and4_1)
     1    0.001963    0.035393    0.166751    1.737042 v _123_/X (sky130_fd_sc_hd__and4_1)
                                                         _047_ (net)
                      0.035393    0.000004    1.737046 v _124_/B (sky130_fd_sc_hd__and4b_1)
     1    0.002872    0.040204    0.163145    1.900191 v _124_/X (sky130_fd_sc_hd__and4b_1)
                                                         _048_ (net)
                      0.040204    0.000014    1.900205 v fanout9/A (sky130_fd_sc_hd__buf_2)
     7    0.024937    0.069419    0.161065    2.061270 v fanout9/X (sky130_fd_sc_hd__buf_2)
                                                         net9 (net)
                      0.069419    0.000007    2.061277 v fanout8/A (sky130_fd_sc_hd__clkbuf_4)
    10    0.040634    0.090708    0.203662    2.264939 v fanout8/X (sky130_fd_sc_hd__clkbuf_4)
                                                         net8 (net)
                      0.090708    0.000095    2.265034 v _133_/S (sky130_fd_sc_hd__mux2_1)
     1    0.002193    0.053269    0.314410    2.579444 v _133_/X (sky130_fd_sc_hd__mux2_1)
                                                         _008_ (net)
                      0.053269    0.000003    2.579447 v _165_/D (sky130_fd_sc_hd__dfrtp_1)
                                              2.579447   data arrival time

                               3125.000000 3125.000000   clock clk_i (rise edge)
                                  0.000000 3125.000000   clock source latency
     1    0.012202    0.061155    0.041155 3125.041260 ^ clk_i (in)
                                                         clk_i (net)
                      0.061156    0.000000 3125.041260 ^ clkbuf_0_clk_i/A (sky130_fd_sc_hd__clkbuf_16)
     4    0.035589    0.055923    0.144610 3125.185791 ^ clkbuf_0_clk_i/X (sky130_fd_sc_hd__clkbuf_16)
                                                         clknet_0_clk_i (net)
                      0.055924    0.000227 3125.186035 ^ clkbuf_2_1__f_clk_i/A (sky130_fd_sc_hd__clkbuf_16)
     9    0.023799    0.045180    0.133014 3125.319092 ^ clkbuf_2_1__f_clk_i/X (sky130_fd_sc_hd__clkbuf_16)
                                                         clknet_2_1__leaf_clk_i (net)
                      0.045180    0.000000 3125.319092 ^ _165_/CLK (sky130_fd_sc_hd__dfrtp_1)
                                 -0.250000 3125.068848   clock uncertainty
                                  0.000000 3125.068848   clock reconvergence pessimism
                                 -0.117840 3124.951172   library setup time
                                           3124.951172   data required time
---------------------------------------------------------------------------------------------
                                           3124.951172   data required time
                                             -2.579447   data arrival time
---------------------------------------------------------------------------------------------
                                           3122.371582   slack (MET)


Startpoint: _161_ (rising edge-triggered flip-flop clocked by clk_i)
Endpoint: _169_ (rising edge-triggered flip-flop clocked by clk_i)
Path Group: clk_i
Path Type: max

Fanout         Cap        Slew       Delay        Time   Description
---------------------------------------------------------------------------------------------
                                  0.000000    0.000000   clock clk_i (rise edge)
                                  0.000000    0.000000   clock source latency
     1    0.012202    0.061155    0.041178    0.041178 ^ clk_i (in)
                                                         clk_i (net)
                      0.061156    0.000000    0.041178 ^ clkbuf_0_clk_i/A (sky130_fd_sc_hd__clkbuf_16)
     4    0.035589    0.055923    0.144642    0.185820 ^ clkbuf_0_clk_i/X (sky130_fd_sc_hd__clkbuf_16)
                                                         clknet_0_clk_i (net)
                      0.055924    0.000111    0.185931 ^ clkbuf_2_1__f_clk_i/A (sky130_fd_sc_hd__clkbuf_16)
     9    0.023799    0.045180    0.133110    0.319040 ^ clkbuf_2_1__f_clk_i/X (sky130_fd_sc_hd__clkbuf_16)
                                                         clknet_2_1__leaf_clk_i (net)
                      0.045180    0.000076    0.319116 ^ _161_/CLK (sky130_fd_sc_hd__dfrtp_1)
     1    0.002925    0.039823    0.353342    0.672459 v _161_/Q (sky130_fd_sc_hd__dfrtp_1)
                                                         rng_rd.cache[2] (net)
                      0.039823    0.000013    0.672471 v fanout11/A (sky130_fd_sc_hd__clkbuf_2)
     6    0.023339    0.093598    0.156325    0.828797 v fanout11/X (sky130_fd_sc_hd__clkbuf_2)
                                                         net11 (net)
                      0.093598    0.000067    0.828864 v fanout10/A (sky130_fd_sc_hd__clkbuf_2)
    10    0.025947    0.102836    0.187417    1.016280 v fanout10/X (sky130_fd_sc_hd__clkbuf_2)
                                                         net10 (net)
                      0.102836    0.000019    1.016300 v _107_/A (sky130_fd_sc_hd__or2_1)
     1    0.002535    0.047680    0.239276    1.255576 v _107_/X (sky130_fd_sc_hd__or2_1)
                                                         _078_ (net)
                      0.047680    0.000004    1.255581 v _111_/A1 (sky130_fd_sc_hd__a221o_1)
     1    0.003749    0.056969    0.314677    1.570258 v _111_/X (sky130_fd_sc_hd__a221o_1)
                                                         _035_ (net)
                      0.056969    0.000034    1.570292 v _123_/B (sky130_fd_sc_hd__and4_1)
     1    0.001963    0.035393    0.166751    1.737042 v _123_/X (sky130_fd_sc_hd__and4_1)
                                                         _047_ (net)
                      0.035393    0.000004    1.737046 v _124_/B (sky130_fd_sc_hd__and4b_1)
     1    0.002872    0.040204    0.163145    1.900191 v _124_/X (sky130_fd_sc_hd__and4b_1)
                                                         _048_ (net)
                      0.040204    0.000014    1.900205 v fanout9/A (sky130_fd_sc_hd__buf_2)
     7    0.024937    0.069419    0.161065    2.061270 v fanout9/X (sky130_fd_sc_hd__buf_2)
                                                         net9 (net)
                      0.069419    0.000007    2.061277 v fanout8/A (sky130_fd_sc_hd__clkbuf_4)
    10    0.040634    0.090708    0.203662    2.264939 v fanout8/X (sky130_fd_sc_hd__clkbuf_4)
                                                         net8 (net)
                      0.090708    0.000025    2.264964 v _136_/S (sky130_fd_sc_hd__mux2_1)
     1    0.002270    0.053711    0.315131    2.580095 v _136_/X (sky130_fd_sc_hd__mux2_1)
                                                         _011_ (net)
                      0.053711    0.000004    2.580099 v _169_/D (sky130_fd_sc_hd__dfrtp_1)
                                              2.580099   data arrival time

                               3125.000000 3125.000000   clock clk_i (rise edge)
                                  0.000000 3125.000000   clock source latency
     1    0.012202    0.061155    0.041155 3125.041260 ^ clk_i (in)
                                                         clk_i (net)
                      0.061156    0.000000 3125.041260 ^ clkbuf_0_clk_i/A (sky130_fd_sc_hd__clkbuf_16)
     4    0.035589    0.055923    0.144610 3125.185791 ^ clkbuf_0_clk_i/X (sky130_fd_sc_hd__clkbuf_16)
                                                         clknet_0_clk_i (net)
                      0.055924    0.000227 3125.186035 ^ clkbuf_2_3__f_clk_i/A (sky130_fd_sc_hd__clkbuf_16)
     8    0.023997    0.045359    0.133241 3125.319336 ^ clkbuf_2_3__f_clk_i/X (sky130_fd_sc_hd__clkbuf_16)
                                                         clknet_2_3__leaf_clk_i (net)
                      0.045359    0.000000 3125.319336 ^ _169_/CLK (sky130_fd_sc_hd__dfrtp_1)
                                 -0.250000 3125.069092   clock uncertainty
                                  0.000000 3125.069092   clock reconvergence pessimism
                                 -0.117992 3124.951172   library setup time
                                           3124.951172   data required time
---------------------------------------------------------------------------------------------
                                           3124.951172   data required time
                                             -2.580099   data arrival time
---------------------------------------------------------------------------------------------
                                           3122.371094   slack (MET)


Startpoint: _161_ (rising edge-triggered flip-flop clocked by clk_i)
Endpoint: _170_ (rising edge-triggered flip-flop clocked by clk_i)
Path Group: clk_i
Path Type: max

Fanout         Cap        Slew       Delay        Time   Description
---------------------------------------------------------------------------------------------
                                  0.000000    0.000000   clock clk_i (rise edge)
                                  0.000000    0.000000   clock source latency
     1    0.012202    0.061155    0.041178    0.041178 ^ clk_i (in)
                                                         clk_i (net)
                      0.061156    0.000000    0.041178 ^ clkbuf_0_clk_i/A (sky130_fd_sc_hd__clkbuf_16)
     4    0.035589    0.055923    0.144642    0.185820 ^ clkbuf_0_clk_i/X (sky130_fd_sc_hd__clkbuf_16)
                                                         clknet_0_clk_i (net)
                      0.055924    0.000111    0.185931 ^ clkbuf_2_1__f_clk_i/A (sky130_fd_sc_hd__clkbuf_16)
     9    0.023799    0.045180    0.133110    0.319040 ^ clkbuf_2_1__f_clk_i/X (sky130_fd_sc_hd__clkbuf_16)
                                                         clknet_2_1__leaf_clk_i (net)
                      0.045180    0.000076    0.319116 ^ _161_/CLK (sky130_fd_sc_hd__dfrtp_1)
     1    0.002925    0.039823    0.353342    0.672459 v _161_/Q (sky130_fd_sc_hd__dfrtp_1)
                                                         rng_rd.cache[2] (net)
                      0.039823    0.000013    0.672471 v fanout11/A (sky130_fd_sc_hd__clkbuf_2)
     6    0.023339    0.093598    0.156325    0.828797 v fanout11/X (sky130_fd_sc_hd__clkbuf_2)
                                                         net11 (net)
                      0.093598    0.000067    0.828864 v fanout10/A (sky130_fd_sc_hd__clkbuf_2)
    10    0.025947    0.102836    0.187417    1.016280 v fanout10/X (sky130_fd_sc_hd__clkbuf_2)
                                                         net10 (net)
                      0.102836    0.000019    1.016300 v _107_/A (sky130_fd_sc_hd__or2_1)
     1    0.002535    0.047680    0.239276    1.255576 v _107_/X (sky130_fd_sc_hd__or2_1)
                                                         _078_ (net)
                      0.047680    0.000004    1.255581 v _111_/A1 (sky130_fd_sc_hd__a221o_1)
     1    0.003749    0.056969    0.314677    1.570258 v _111_/X (sky130_fd_sc_hd__a221o_1)
                                                         _035_ (net)
                      0.056969    0.000034    1.570292 v _123_/B (sky130_fd_sc_hd__and4_1)
     1    0.001963    0.035393    0.166751    1.737042 v _123_/X (sky130_fd_sc_hd__and4_1)
                                                         _047_ (net)
                      0.035393    0.000004    1.737046 v _124_/B (sky130_fd_sc_hd__and4b_1)
     1    0.002872    0.040204    0.163145    1.900191 v _124_/X (sky130_fd_sc_hd__and4b_1)
                                                         _048_ (net)
                      0.040204    0.000014    1.900205 v fanout9/A (sky130_fd_sc_hd__buf_2)
     7    0.024937    0.069419    0.161065    2.061270 v fanout9/X (sky130_fd_sc_hd__buf_2)
                                                         net9 (net)
                      0.069419    0.000007    2.061277 v fanout8/A (sky130_fd_sc_hd__clkbuf_4)
    10    0.040634    0.090708    0.203662    2.264939 v fanout8/X (sky130_fd_sc_hd__clkbuf_4)
                                                         net8 (net)
                      0.090708    0.000068    2.265007 v _137_/S (sky130_fd_sc_hd__mux2_1)
     1    0.002323    0.054017    0.315630    2.580637 v _137_/X (sky130_fd_sc_hd__mux2_1)
                                                         _012_ (net)
                      0.054017    0.000005    2.580642 v _170_/D (sky130_fd_sc_hd__dfrtp_1)
                                              2.580642   data arrival time

                               3125.000000 3125.000000   clock clk_i (rise edge)
                                  0.000000 3125.000000   clock source latency
     1    0.012202    0.061155    0.041155 3125.041260 ^ clk_i (in)
                                                         clk_i (net)
                      0.061156    0.000000 3125.041260 ^ clkbuf_0_clk_i/A (sky130_fd_sc_hd__clkbuf_16)
     4    0.035589    0.055923    0.144610 3125.185791 ^ clkbuf_0_clk_i/X (sky130_fd_sc_hd__clkbuf_16)
                                                         clknet_0_clk_i (net)
                      0.055924    0.000227 3125.186035 ^ clkbuf_2_3__f_clk_i/A (sky130_fd_sc_hd__clkbuf_16)
     8    0.023997    0.045359    0.133241 3125.319336 ^ clkbuf_2_3__f_clk_i/X (sky130_fd_sc_hd__clkbuf_16)
                                                         clknet_2_3__leaf_clk_i (net)
                      0.045359    0.000000 3125.319336 ^ _170_/CLK (sky130_fd_sc_hd__dfrtp_1)
                                 -0.250000 3125.069092   clock uncertainty
                                  0.000000 3125.069092   clock reconvergence pessimism
                                 -0.118126 3124.950928   library setup time
                                           3124.950928   data required time
---------------------------------------------------------------------------------------------
                                           3124.950928   data required time
                                             -2.580642   data arrival time
---------------------------------------------------------------------------------------------
                                           3122.370117   slack (MET)


Startpoint: _161_ (rising edge-triggered flip-flop clocked by clk_i)
Endpoint: _172_ (rising edge-triggered flip-flop clocked by clk_i)
Path Group: clk_i
Path Type: max

Fanout         Cap        Slew       Delay        Time   Description
---------------------------------------------------------------------------------------------
                                  0.000000    0.000000   clock clk_i (rise edge)
                                  0.000000    0.000000   clock source latency
     1    0.012202    0.061155    0.041178    0.041178 ^ clk_i (in)
                                                         clk_i (net)
                      0.061156    0.000000    0.041178 ^ clkbuf_0_clk_i/A (sky130_fd_sc_hd__clkbuf_16)
     4    0.035589    0.055923    0.144642    0.185820 ^ clkbuf_0_clk_i/X (sky130_fd_sc_hd__clkbuf_16)
                                                         clknet_0_clk_i (net)
                      0.055924    0.000111    0.185931 ^ clkbuf_2_1__f_clk_i/A (sky130_fd_sc_hd__clkbuf_16)
     9    0.023799    0.045180    0.133110    0.319040 ^ clkbuf_2_1__f_clk_i/X (sky130_fd_sc_hd__clkbuf_16)
                                                         clknet_2_1__leaf_clk_i (net)
                      0.045180    0.000076    0.319116 ^ _161_/CLK (sky130_fd_sc_hd__dfrtp_1)
     1    0.002925    0.039823    0.353342    0.672459 v _161_/Q (sky130_fd_sc_hd__dfrtp_1)
                                                         rng_rd.cache[2] (net)
                      0.039823    0.000013    0.672471 v fanout11/A (sky130_fd_sc_hd__clkbuf_2)
     6    0.023339    0.093598    0.156325    0.828797 v fanout11/X (sky130_fd_sc_hd__clkbuf_2)
                                                         net11 (net)
                      0.093598    0.000067    0.828864 v fanout10/A (sky130_fd_sc_hd__clkbuf_2)
    10    0.025947    0.102836    0.187417    1.016280 v fanout10/X (sky130_fd_sc_hd__clkbuf_2)
                                                         net10 (net)
                      0.102836    0.000019    1.016300 v _107_/A (sky130_fd_sc_hd__or2_1)
     1    0.002535    0.047680    0.239276    1.255576 v _107_/X (sky130_fd_sc_hd__or2_1)
                                                         _078_ (net)
                      0.047680    0.000004    1.255581 v _111_/A1 (sky130_fd_sc_hd__a221o_1)
     1    0.003749    0.056969    0.314677    1.570258 v _111_/X (sky130_fd_sc_hd__a221o_1)
                                                         _035_ (net)
                      0.056969    0.000034    1.570292 v _123_/B (sky130_fd_sc_hd__and4_1)
     1    0.001963    0.035393    0.166751    1.737042 v _123_/X (sky130_fd_sc_hd__and4_1)
                                                         _047_ (net)
                      0.035393    0.000004    1.737046 v _124_/B (sky130_fd_sc_hd__and4b_1)
     1    0.002872    0.040204    0.163145    1.900191 v _124_/X (sky130_fd_sc_hd__and4b_1)
                                                         _048_ (net)
                      0.040204    0.000014    1.900205 v fanout9/A (sky130_fd_sc_hd__buf_2)
     7    0.024937    0.069419    0.161065    2.061270 v fanout9/X (sky130_fd_sc_hd__buf_2)
                                                         net9 (net)
                      0.069419    0.000017    2.061287 v fanout7/A (sky130_fd_sc_hd__clkbuf_4)
    10    0.040906    0.091194    0.204080    2.265368 v fanout7/X (sky130_fd_sc_hd__clkbuf_4)
                                                         net7 (net)
                      0.091194    0.000028    2.265396 v _139_/S (sky130_fd_sc_hd__mux2_1)
     1    0.002484    0.054943    0.317316    2.582711 v _139_/X (sky130_fd_sc_hd__mux2_1)
                                                         _014_ (net)
                      0.054943    0.000006    2.582718 v _172_/D (sky130_fd_sc_hd__dfrtp_1)
                                              2.582718   data arrival time

                               3125.000000 3125.000000   clock clk_i (rise edge)
                                  0.000000 3125.000000   clock source latency
     1    0.012202    0.061155    0.041155 3125.041260 ^ clk_i (in)
                                                         clk_i (net)
                      0.061156    0.000000 3125.041260 ^ clkbuf_0_clk_i/A (sky130_fd_sc_hd__clkbuf_16)
     4    0.035589    0.055923    0.144610 3125.185791 ^ clkbuf_0_clk_i/X (sky130_fd_sc_hd__clkbuf_16)
                                                         clknet_0_clk_i (net)
                      0.055924    0.000227 3125.186035 ^ clkbuf_2_2__f_clk_i/A (sky130_fd_sc_hd__clkbuf_16)
    10    0.024269    0.045608    0.133468 3125.319580 ^ clkbuf_2_2__f_clk_i/X (sky130_fd_sc_hd__clkbuf_16)
                                                         clknet_2_2__leaf_clk_i (net)
                      0.045608    0.000227 3125.319580 ^ _172_/CLK (sky130_fd_sc_hd__dfrtp_1)
                                 -0.250000 3125.069580   clock uncertainty
                                  0.000000 3125.069580   clock reconvergence pessimism
                                 -0.118472 3124.951172   library setup time
                                           3124.951172   data required time
---------------------------------------------------------------------------------------------
                                           3124.951172   data required time
                                             -2.582718   data arrival time
---------------------------------------------------------------------------------------------
                                           3122.368408   slack (MET)


Startpoint: _161_ (rising edge-triggered flip-flop clocked by clk_i)
Endpoint: _173_ (rising edge-triggered flip-flop clocked by clk_i)
Path Group: clk_i
Path Type: max

Fanout         Cap        Slew       Delay        Time   Description
---------------------------------------------------------------------------------------------
                                  0.000000    0.000000   clock clk_i (rise edge)
                                  0.000000    0.000000   clock source latency
     1    0.012202    0.061155    0.041178    0.041178 ^ clk_i (in)
                                                         clk_i (net)
                      0.061156    0.000000    0.041178 ^ clkbuf_0_clk_i/A (sky130_fd_sc_hd__clkbuf_16)
     4    0.035589    0.055923    0.144642    0.185820 ^ clkbuf_0_clk_i/X (sky130_fd_sc_hd__clkbuf_16)
                                                         clknet_0_clk_i (net)
                      0.055924    0.000111    0.185931 ^ clkbuf_2_1__f_clk_i/A (sky130_fd_sc_hd__clkbuf_16)
     9    0.023799    0.045180    0.133110    0.319040 ^ clkbuf_2_1__f_clk_i/X (sky130_fd_sc_hd__clkbuf_16)
                                                         clknet_2_1__leaf_clk_i (net)
                      0.045180    0.000076    0.319116 ^ _161_/CLK (sky130_fd_sc_hd__dfrtp_1)
     1    0.002925    0.039823    0.353342    0.672459 v _161_/Q (sky130_fd_sc_hd__dfrtp_1)
                                                         rng_rd.cache[2] (net)
                      0.039823    0.000013    0.672471 v fanout11/A (sky130_fd_sc_hd__clkbuf_2)
     6    0.023339    0.093598    0.156325    0.828797 v fanout11/X (sky130_fd_sc_hd__clkbuf_2)
                                                         net11 (net)
                      0.093598    0.000067    0.828864 v fanout10/A (sky130_fd_sc_hd__clkbuf_2)
    10    0.025947    0.102836    0.187417    1.016280 v fanout10/X (sky130_fd_sc_hd__clkbuf_2)
                                                         net10 (net)
                      0.102836    0.000019    1.016300 v _107_/A (sky130_fd_sc_hd__or2_1)
     1    0.002535    0.047680    0.239276    1.255576 v _107_/X (sky130_fd_sc_hd__or2_1)
                                                         _078_ (net)
                      0.047680    0.000004    1.255581 v _111_/A1 (sky130_fd_sc_hd__a221o_1)
     1    0.003749    0.056969    0.314677    1.570258 v _111_/X (sky130_fd_sc_hd__a221o_1)
                                                         _035_ (net)
                      0.056969    0.000034    1.570292 v _123_/B (sky130_fd_sc_hd__and4_1)
     1    0.001963    0.035393    0.166751    1.737042 v _123_/X (sky130_fd_sc_hd__and4_1)
                                                         _047_ (net)
                      0.035393    0.000004    1.737046 v _124_/B (sky130_fd_sc_hd__and4b_1)
     1    0.002872    0.040204    0.163145    1.900191 v _124_/X (sky130_fd_sc_hd__and4b_1)
                                                         _048_ (net)
                      0.040204    0.000014    1.900205 v fanout9/A (sky130_fd_sc_hd__buf_2)
     7    0.024937    0.069419    0.161065    2.061270 v fanout9/X (sky130_fd_sc_hd__buf_2)
                                                         net9 (net)
                      0.069419    0.000007    2.061277 v fanout8/A (sky130_fd_sc_hd__clkbuf_4)
    10    0.040634    0.090708    0.203662    2.264939 v fanout8/X (sky130_fd_sc_hd__clkbuf_4)
                                                         net8 (net)
                      0.090708    0.000071    2.265010 v _140_/S (sky130_fd_sc_hd__mux2_1)
     1    0.002247    0.053576    0.314911    2.579921 v _140_/X (sky130_fd_sc_hd__mux2_1)
                                                         _015_ (net)
                      0.053576    0.000004    2.579925 v _173_/D (sky130_fd_sc_hd__dfrtp_1)
                                              2.579925   data arrival time

                               3125.000000 3125.000000   clock clk_i (rise edge)
                                  0.000000 3125.000000   clock source latency
     1    0.012202    0.061155    0.041155 3125.041260 ^ clk_i (in)
                                                         clk_i (net)
                      0.061156    0.000000 3125.041260 ^ clkbuf_0_clk_i/A (sky130_fd_sc_hd__clkbuf_16)
     4    0.035589    0.055923    0.144610 3125.185791 ^ clkbuf_0_clk_i/X (sky130_fd_sc_hd__clkbuf_16)
                                                         clknet_0_clk_i (net)
                      0.055924    0.000227 3125.186035 ^ clkbuf_2_3__f_clk_i/A (sky130_fd_sc_hd__clkbuf_16)
     8    0.023997    0.045359    0.133241 3125.319336 ^ clkbuf_2_3__f_clk_i/X (sky130_fd_sc_hd__clkbuf_16)
                                                         clknet_2_3__leaf_clk_i (net)
                      0.045359    0.000000 3125.319336 ^ _173_/CLK (sky130_fd_sc_hd__dfrtp_1)
                                 -0.250000 3125.069092   clock uncertainty
                                  0.000000 3125.069092   clock reconvergence pessimism
                                 -0.117933 3124.951172   library setup time
                                           3124.951172   data required time
---------------------------------------------------------------------------------------------
                                           3124.951172   data required time
                                             -2.579925   data arrival time
---------------------------------------------------------------------------------------------
                                           3122.371094   slack (MET)


Startpoint: _161_ (rising edge-triggered flip-flop clocked by clk_i)
Endpoint: _175_ (rising edge-triggered flip-flop clocked by clk_i)
Path Group: clk_i
Path Type: max

Fanout         Cap        Slew       Delay        Time   Description
---------------------------------------------------------------------------------------------
                                  0.000000    0.000000   clock clk_i (rise edge)
                                  0.000000    0.000000   clock source latency
     1    0.012202    0.061155    0.041178    0.041178 ^ clk_i (in)
                                                         clk_i (net)
                      0.061156    0.000000    0.041178 ^ clkbuf_0_clk_i/A (sky130_fd_sc_hd__clkbuf_16)
     4    0.035589    0.055923    0.144642    0.185820 ^ clkbuf_0_clk_i/X (sky130_fd_sc_hd__clkbuf_16)
                                                         clknet_0_clk_i (net)
                      0.055924    0.000111    0.185931 ^ clkbuf_2_1__f_clk_i/A (sky130_fd_sc_hd__clkbuf_16)
     9    0.023799    0.045180    0.133110    0.319040 ^ clkbuf_2_1__f_clk_i/X (sky130_fd_sc_hd__clkbuf_16)
                                                         clknet_2_1__leaf_clk_i (net)
                      0.045180    0.000076    0.319116 ^ _161_/CLK (sky130_fd_sc_hd__dfrtp_1)
     1    0.002925    0.039823    0.353342    0.672459 v _161_/Q (sky130_fd_sc_hd__dfrtp_1)
                                                         rng_rd.cache[2] (net)
                      0.039823    0.000013    0.672471 v fanout11/A (sky130_fd_sc_hd__clkbuf_2)
     6    0.023339    0.093598    0.156325    0.828797 v fanout11/X (sky130_fd_sc_hd__clkbuf_2)
                                                         net11 (net)
                      0.093598    0.000067    0.828864 v fanout10/A (sky130_fd_sc_hd__clkbuf_2)
    10    0.025947    0.102836    0.187417    1.016280 v fanout10/X (sky130_fd_sc_hd__clkbuf_2)
                                                         net10 (net)
                      0.102836    0.000019    1.016300 v _107_/A (sky130_fd_sc_hd__or2_1)
     1    0.002535    0.047680    0.239276    1.255576 v _107_/X (sky130_fd_sc_hd__or2_1)
                                                         _078_ (net)
                      0.047680    0.000004    1.255581 v _111_/A1 (sky130_fd_sc_hd__a221o_1)
     1    0.003749    0.056969    0.314677    1.570258 v _111_/X (sky130_fd_sc_hd__a221o_1)
                                                         _035_ (net)
                      0.056969    0.000034    1.570292 v _123_/B (sky130_fd_sc_hd__and4_1)
     1    0.001963    0.035393    0.166751    1.737042 v _123_/X (sky130_fd_sc_hd__and4_1)
                                                         _047_ (net)
                      0.035393    0.000004    1.737046 v _124_/B (sky130_fd_sc_hd__and4b_1)
     1    0.002872    0.040204    0.163145    1.900191 v _124_/X (sky130_fd_sc_hd__and4b_1)
                                                         _048_ (net)
                      0.040204    0.000014    1.900205 v fanout9/A (sky130_fd_sc_hd__buf_2)
     7    0.024937    0.069419    0.161065    2.061270 v fanout9/X (sky130_fd_sc_hd__buf_2)
                                                         net9 (net)
                      0.069419    0.000017    2.061287 v fanout7/A (sky130_fd_sc_hd__clkbuf_4)
    10    0.040906    0.091194    0.204080    2.265368 v fanout7/X (sky130_fd_sc_hd__clkbuf_4)
                                                         net7 (net)
                      0.091194    0.000078    2.265445 v _142_/S (sky130_fd_sc_hd__mux2_1)
     1    0.002516    0.055125    0.317613    2.583058 v _142_/X (sky130_fd_sc_hd__mux2_1)
                                                         _017_ (net)
                      0.055125    0.000008    2.583066 v _175_/D (sky130_fd_sc_hd__dfrtp_1)
                                              2.583066   data arrival time

                               3125.000000 3125.000000   clock clk_i (rise edge)
                                  0.000000 3125.000000   clock source latency
     1    0.012202    0.061155    0.041155 3125.041260 ^ clk_i (in)
                                                         clk_i (net)
                      0.061156    0.000000 3125.041260 ^ clkbuf_0_clk_i/A (sky130_fd_sc_hd__clkbuf_16)
     4    0.035589    0.055923    0.144610 3125.185791 ^ clkbuf_0_clk_i/X (sky130_fd_sc_hd__clkbuf_16)
                                                         clknet_0_clk_i (net)
                      0.055924    0.000227 3125.186035 ^ clkbuf_2_2__f_clk_i/A (sky130_fd_sc_hd__clkbuf_16)
    10    0.024269    0.045608    0.133468 3125.319580 ^ clkbuf_2_2__f_clk_i/X (sky130_fd_sc_hd__clkbuf_16)
                                                         clknet_2_2__leaf_clk_i (net)
                      0.045608    0.000227 3125.319580 ^ _175_/CLK (sky130_fd_sc_hd__dfrtp_1)
                                 -0.250000 3125.069580   clock uncertainty
                                  0.000000 3125.069580   clock reconvergence pessimism
                                 -0.118552 3124.951172   library setup time
                                           3124.951172   data required time
---------------------------------------------------------------------------------------------
                                           3124.951172   data required time
                                             -2.583066   data arrival time
---------------------------------------------------------------------------------------------
                                           3122.368164   slack (MET)


Startpoint: _161_ (rising edge-triggered flip-flop clocked by clk_i)
Endpoint: _177_ (rising edge-triggered flip-flop clocked by clk_i)
Path Group: clk_i
Path Type: max

Fanout         Cap        Slew       Delay        Time   Description
---------------------------------------------------------------------------------------------
                                  0.000000    0.000000   clock clk_i (rise edge)
                                  0.000000    0.000000   clock source latency
     1    0.012202    0.061155    0.041178    0.041178 ^ clk_i (in)
                                                         clk_i (net)
                      0.061156    0.000000    0.041178 ^ clkbuf_0_clk_i/A (sky130_fd_sc_hd__clkbuf_16)
     4    0.035589    0.055923    0.144642    0.185820 ^ clkbuf_0_clk_i/X (sky130_fd_sc_hd__clkbuf_16)
                                                         clknet_0_clk_i (net)
                      0.055924    0.000111    0.185931 ^ clkbuf_2_1__f_clk_i/A (sky130_fd_sc_hd__clkbuf_16)
     9    0.023799    0.045180    0.133110    0.319040 ^ clkbuf_2_1__f_clk_i/X (sky130_fd_sc_hd__clkbuf_16)
                                                         clknet_2_1__leaf_clk_i (net)
                      0.045180    0.000076    0.319116 ^ _161_/CLK (sky130_fd_sc_hd__dfrtp_1)
     1    0.002925    0.039823    0.353342    0.672459 v _161_/Q (sky130_fd_sc_hd__dfrtp_1)
                                                         rng_rd.cache[2] (net)
                      0.039823    0.000013    0.672471 v fanout11/A (sky130_fd_sc_hd__clkbuf_2)
     6    0.023339    0.093598    0.156325    0.828797 v fanout11/X (sky130_fd_sc_hd__clkbuf_2)
                                                         net11 (net)
                      0.093598    0.000067    0.828864 v fanout10/A (sky130_fd_sc_hd__clkbuf_2)
    10    0.025947    0.102836    0.187417    1.016280 v fanout10/X (sky130_fd_sc_hd__clkbuf_2)
                                                         net10 (net)
                      0.102836    0.000019    1.016300 v _107_/A (sky130_fd_sc_hd__or2_1)
     1    0.002535    0.047680    0.239276    1.255576 v _107_/X (sky130_fd_sc_hd__or2_1)
                                                         _078_ (net)
                      0.047680    0.000004    1.255581 v _111_/A1 (sky130_fd_sc_hd__a221o_1)
     1    0.003749    0.056969    0.314677    1.570258 v _111_/X (sky130_fd_sc_hd__a221o_1)
                                                         _035_ (net)
                      0.056969    0.000034    1.570292 v _123_/B (sky130_fd_sc_hd__and4_1)
     1    0.001963    0.035393    0.166751    1.737042 v _123_/X (sky130_fd_sc_hd__and4_1)
                                                         _047_ (net)
                      0.035393    0.000004    1.737046 v _124_/B (sky130_fd_sc_hd__and4b_1)
     1    0.002872    0.040204    0.163145    1.900191 v _124_/X (sky130_fd_sc_hd__and4b_1)
                                                         _048_ (net)
                      0.040204    0.000014    1.900205 v fanout9/A (sky130_fd_sc_hd__buf_2)
     7    0.024937    0.069419    0.161065    2.061270 v fanout9/X (sky130_fd_sc_hd__buf_2)
                                                         net9 (net)
                      0.069419    0.000017    2.061287 v fanout7/A (sky130_fd_sc_hd__clkbuf_4)
    10    0.040906    0.091194    0.204080    2.265368 v fanout7/X (sky130_fd_sc_hd__clkbuf_4)
                                                         net7 (net)
                      0.091194    0.000119    2.265487 v _144_/S (sky130_fd_sc_hd__mux2_1)
     1    0.002167    0.053120    0.314343    2.579830 v _144_/X (sky130_fd_sc_hd__mux2_1)
                                                         _019_ (net)
                      0.053120    0.000003    2.579833 v _177_/D (sky130_fd_sc_hd__dfrtp_1)
                                              2.579833   data arrival time

                               3125.000000 3125.000000   clock clk_i (rise edge)
                                  0.000000 3125.000000   clock source latency
     1    0.012202    0.061155    0.041155 3125.041260 ^ clk_i (in)
                                                         clk_i (net)
                      0.061156    0.000000 3125.041260 ^ clkbuf_0_clk_i/A (sky130_fd_sc_hd__clkbuf_16)
     4    0.035589    0.055923    0.144610 3125.185791 ^ clkbuf_0_clk_i/X (sky130_fd_sc_hd__clkbuf_16)
                                                         clknet_0_clk_i (net)
                      0.055924    0.000227 3125.186035 ^ clkbuf_2_2__f_clk_i/A (sky130_fd_sc_hd__clkbuf_16)
    10    0.024269    0.045608    0.133468 3125.319580 ^ clkbuf_2_2__f_clk_i/X (sky130_fd_sc_hd__clkbuf_16)
                                                         clknet_2_2__leaf_clk_i (net)
                      0.045608    0.000000 3125.319580 ^ _177_/CLK (sky130_fd_sc_hd__dfrtp_1)
                                 -0.250000 3125.069336   clock uncertainty
                                  0.000000 3125.069336   clock reconvergence pessimism
                                 -0.117677 3124.951660   library setup time
                                           3124.951660   data required time
---------------------------------------------------------------------------------------------
                                           3124.951660   data required time
                                             -2.579833   data arrival time
---------------------------------------------------------------------------------------------
                                           3122.371826   slack (MET)


Startpoint: _161_ (rising edge-triggered flip-flop clocked by clk_i)
Endpoint: _179_ (rising edge-triggered flip-flop clocked by clk_i)
Path Group: clk_i
Path Type: max

Fanout         Cap        Slew       Delay        Time   Description
---------------------------------------------------------------------------------------------
                                  0.000000    0.000000   clock clk_i (rise edge)
                                  0.000000    0.000000   clock source latency
     1    0.012202    0.061155    0.041178    0.041178 ^ clk_i (in)
                                                         clk_i (net)
                      0.061156    0.000000    0.041178 ^ clkbuf_0_clk_i/A (sky130_fd_sc_hd__clkbuf_16)
     4    0.035589    0.055923    0.144642    0.185820 ^ clkbuf_0_clk_i/X (sky130_fd_sc_hd__clkbuf_16)
                                                         clknet_0_clk_i (net)
                      0.055924    0.000111    0.185931 ^ clkbuf_2_1__f_clk_i/A (sky130_fd_sc_hd__clkbuf_16)
     9    0.023799    0.045180    0.133110    0.319040 ^ clkbuf_2_1__f_clk_i/X (sky130_fd_sc_hd__clkbuf_16)
                                                         clknet_2_1__leaf_clk_i (net)
                      0.045180    0.000076    0.319116 ^ _161_/CLK (sky130_fd_sc_hd__dfrtp_1)
     1    0.002925    0.039823    0.353342    0.672459 v _161_/Q (sky130_fd_sc_hd__dfrtp_1)
                                                         rng_rd.cache[2] (net)
                      0.039823    0.000013    0.672471 v fanout11/A (sky130_fd_sc_hd__clkbuf_2)
     6    0.023339    0.093598    0.156325    0.828797 v fanout11/X (sky130_fd_sc_hd__clkbuf_2)
                                                         net11 (net)
                      0.093598    0.000067    0.828864 v fanout10/A (sky130_fd_sc_hd__clkbuf_2)
    10    0.025947    0.102836    0.187417    1.016280 v fanout10/X (sky130_fd_sc_hd__clkbuf_2)
                                                         net10 (net)
                      0.102836    0.000019    1.016300 v _107_/A (sky130_fd_sc_hd__or2_1)
     1    0.002535    0.047680    0.239276    1.255576 v _107_/X (sky130_fd_sc_hd__or2_1)
                                                         _078_ (net)
                      0.047680    0.000004    1.255581 v _111_/A1 (sky130_fd_sc_hd__a221o_1)
     1    0.003749    0.056969    0.314677    1.570258 v _111_/X (sky130_fd_sc_hd__a221o_1)
                                                         _035_ (net)
                      0.056969    0.000034    1.570292 v _123_/B (sky130_fd_sc_hd__and4_1)
     1    0.001963    0.035393    0.166751    1.737042 v _123_/X (sky130_fd_sc_hd__and4_1)
                                                         _047_ (net)
                      0.035393    0.000004    1.737046 v _124_/B (sky130_fd_sc_hd__and4b_1)
     1    0.002872    0.040204    0.163145    1.900191 v _124_/X (sky130_fd_sc_hd__and4b_1)
                                                         _048_ (net)
                      0.040204    0.000014    1.900205 v fanout9/A (sky130_fd_sc_hd__buf_2)
     7    0.024937    0.069419    0.161065    2.061270 v fanout9/X (sky130_fd_sc_hd__buf_2)
                                                         net9 (net)
                      0.069419    0.000017    2.061287 v fanout7/A (sky130_fd_sc_hd__clkbuf_4)
    10    0.040906    0.091194    0.204080    2.265368 v fanout7/X (sky130_fd_sc_hd__clkbuf_4)
                                                         net7 (net)
                      0.091194    0.000145    2.265513 v _145_/S (sky130_fd_sc_hd__mux2_1)
     1    0.002247    0.053576    0.315086    2.580599 v _145_/X (sky130_fd_sc_hd__mux2_1)
                                                         _020_ (net)
                      0.053576    0.000004    2.580603 v _179_/D (sky130_fd_sc_hd__dfrtp_1)
                                              2.580603   data arrival time

                               3125.000000 3125.000000   clock clk_i (rise edge)
                                  0.000000 3125.000000   clock source latency
     1    0.012202    0.061155    0.041155 3125.041260 ^ clk_i (in)
                                                         clk_i (net)
                      0.061156    0.000000 3125.041260 ^ clkbuf_0_clk_i/A (sky130_fd_sc_hd__clkbuf_16)
     4    0.035589    0.055923    0.144610 3125.185791 ^ clkbuf_0_clk_i/X (sky130_fd_sc_hd__clkbuf_16)
                                                         clknet_0_clk_i (net)
                      0.055924    0.000227 3125.186035 ^ clkbuf_2_2__f_clk_i/A (sky130_fd_sc_hd__clkbuf_16)
    10    0.024269    0.045608    0.133468 3125.319580 ^ clkbuf_2_2__f_clk_i/X (sky130_fd_sc_hd__clkbuf_16)
                                                         clknet_2_2__leaf_clk_i (net)
                      0.045608    0.000227 3125.319580 ^ _179_/CLK (sky130_fd_sc_hd__dfrtp_1)
                                 -0.250000 3125.069580   clock uncertainty
                                  0.000000 3125.069580   clock reconvergence pessimism
                                 -0.117876 3124.951904   library setup time
                                           3124.951904   data required time
---------------------------------------------------------------------------------------------
                                           3124.951904   data required time
                                             -2.580603   data arrival time
---------------------------------------------------------------------------------------------
                                           3122.371094   slack (MET)


Startpoint: _161_ (rising edge-triggered flip-flop clocked by clk_i)
Endpoint: _180_ (rising edge-triggered flip-flop clocked by clk_i)
Path Group: clk_i
Path Type: max

Fanout         Cap        Slew       Delay        Time   Description
---------------------------------------------------------------------------------------------
                                  0.000000    0.000000   clock clk_i (rise edge)
                                  0.000000    0.000000   clock source latency
     1    0.012202    0.061155    0.041178    0.041178 ^ clk_i (in)
                                                         clk_i (net)
                      0.061156    0.000000    0.041178 ^ clkbuf_0_clk_i/A (sky130_fd_sc_hd__clkbuf_16)
     4    0.035589    0.055923    0.144642    0.185820 ^ clkbuf_0_clk_i/X (sky130_fd_sc_hd__clkbuf_16)
                                                         clknet_0_clk_i (net)
                      0.055924    0.000111    0.185931 ^ clkbuf_2_1__f_clk_i/A (sky130_fd_sc_hd__clkbuf_16)
     9    0.023799    0.045180    0.133110    0.319040 ^ clkbuf_2_1__f_clk_i/X (sky130_fd_sc_hd__clkbuf_16)
                                                         clknet_2_1__leaf_clk_i (net)
                      0.045180    0.000076    0.319116 ^ _161_/CLK (sky130_fd_sc_hd__dfrtp_1)
     1    0.002925    0.039823    0.353342    0.672459 v _161_/Q (sky130_fd_sc_hd__dfrtp_1)
                                                         rng_rd.cache[2] (net)
                      0.039823    0.000013    0.672471 v fanout11/A (sky130_fd_sc_hd__clkbuf_2)
     6    0.023339    0.093598    0.156325    0.828797 v fanout11/X (sky130_fd_sc_hd__clkbuf_2)
                                                         net11 (net)
                      0.093598    0.000067    0.828864 v fanout10/A (sky130_fd_sc_hd__clkbuf_2)
    10    0.025947    0.102836    0.187417    1.016280 v fanout10/X (sky130_fd_sc_hd__clkbuf_2)
                                                         net10 (net)
                      0.102836    0.000019    1.016300 v _107_/A (sky130_fd_sc_hd__or2_1)
     1    0.002535    0.047680    0.239276    1.255576 v _107_/X (sky130_fd_sc_hd__or2_1)
                                                         _078_ (net)
                      0.047680    0.000004    1.255581 v _111_/A1 (sky130_fd_sc_hd__a221o_1)
     1    0.003749    0.056969    0.314677    1.570258 v _111_/X (sky130_fd_sc_hd__a221o_1)
                                                         _035_ (net)
                      0.056969    0.000034    1.570292 v _123_/B (sky130_fd_sc_hd__and4_1)
     1    0.001963    0.035393    0.166751    1.737042 v _123_/X (sky130_fd_sc_hd__and4_1)
                                                         _047_ (net)
                      0.035393    0.000004    1.737046 v _124_/B (sky130_fd_sc_hd__and4b_1)
     1    0.002872    0.040204    0.163145    1.900191 v _124_/X (sky130_fd_sc_hd__and4b_1)
                                                         _048_ (net)
                      0.040204    0.000014    1.900205 v fanout9/A (sky130_fd_sc_hd__buf_2)
     7    0.024937    0.069419    0.161065    2.061270 v fanout9/X (sky130_fd_sc_hd__buf_2)
                                                         net9 (net)
                      0.069419    0.000017    2.061287 v fanout7/A (sky130_fd_sc_hd__clkbuf_4)
    10    0.040906    0.091194    0.204080    2.265368 v fanout7/X (sky130_fd_sc_hd__clkbuf_4)
                                                         net7 (net)
                      0.091194    0.000184    2.265551 v _146_/S (sky130_fd_sc_hd__mux2_1)
     1    0.002286    0.053804    0.315458    2.581009 v _146_/X (sky130_fd_sc_hd__mux2_1)
                                                         _021_ (net)
                      0.053804    0.000004    2.581013 v _180_/D (sky130_fd_sc_hd__dfrtp_1)
                                              2.581013   data arrival time

                               3125.000000 3125.000000   clock clk_i (rise edge)
                                  0.000000 3125.000000   clock source latency
     1    0.012202    0.061155    0.041155 3125.041260 ^ clk_i (in)
                                                         clk_i (net)
                      0.061156    0.000000 3125.041260 ^ clkbuf_0_clk_i/A (sky130_fd_sc_hd__clkbuf_16)
     4    0.035589    0.055923    0.144610 3125.185791 ^ clkbuf_0_clk_i/X (sky130_fd_sc_hd__clkbuf_16)
                                                         clknet_0_clk_i (net)
                      0.055924    0.000227 3125.186035 ^ clkbuf_2_2__f_clk_i/A (sky130_fd_sc_hd__clkbuf_16)
    10    0.024269    0.045608    0.133468 3125.319580 ^ clkbuf_2_2__f_clk_i/X (sky130_fd_sc_hd__clkbuf_16)
                                                         clknet_2_2__leaf_clk_i (net)
                      0.045608    0.000227 3125.319580 ^ _180_/CLK (sky130_fd_sc_hd__dfrtp_1)
                                 -0.250000 3125.069580   clock uncertainty
                                  0.000000 3125.069580   clock reconvergence pessimism
                                 -0.117975 3124.951660   library setup time
                                           3124.951660   data required time
---------------------------------------------------------------------------------------------
                                           3124.951660   data required time
                                             -2.581013   data arrival time
---------------------------------------------------------------------------------------------
                                           3122.370605   slack (MET)


Startpoint: _161_ (rising edge-triggered flip-flop clocked by clk_i)
Endpoint: _182_ (rising edge-triggered flip-flop clocked by clk_i)
Path Group: clk_i
Path Type: max

Fanout         Cap        Slew       Delay        Time   Description
---------------------------------------------------------------------------------------------
                                  0.000000    0.000000   clock clk_i (rise edge)
                                  0.000000    0.000000   clock source latency
     1    0.012202    0.061155    0.041178    0.041178 ^ clk_i (in)
                                                         clk_i (net)
                      0.061156    0.000000    0.041178 ^ clkbuf_0_clk_i/A (sky130_fd_sc_hd__clkbuf_16)
     4    0.035589    0.055923    0.144642    0.185820 ^ clkbuf_0_clk_i/X (sky130_fd_sc_hd__clkbuf_16)
                                                         clknet_0_clk_i (net)
                      0.055924    0.000111    0.185931 ^ clkbuf_2_1__f_clk_i/A (sky130_fd_sc_hd__clkbuf_16)
     9    0.023799    0.045180    0.133110    0.319040 ^ clkbuf_2_1__f_clk_i/X (sky130_fd_sc_hd__clkbuf_16)
                                                         clknet_2_1__leaf_clk_i (net)
                      0.045180    0.000076    0.319116 ^ _161_/CLK (sky130_fd_sc_hd__dfrtp_1)
     1    0.002925    0.039823    0.353342    0.672459 v _161_/Q (sky130_fd_sc_hd__dfrtp_1)
                                                         rng_rd.cache[2] (net)
                      0.039823    0.000013    0.672471 v fanout11/A (sky130_fd_sc_hd__clkbuf_2)
     6    0.023339    0.093598    0.156325    0.828797 v fanout11/X (sky130_fd_sc_hd__clkbuf_2)
                                                         net11 (net)
                      0.093598    0.000067    0.828864 v fanout10/A (sky130_fd_sc_hd__clkbuf_2)
    10    0.025947    0.102836    0.187417    1.016280 v fanout10/X (sky130_fd_sc_hd__clkbuf_2)
                                                         net10 (net)
                      0.102836    0.000019    1.016300 v _107_/A (sky130_fd_sc_hd__or2_1)
     1    0.002535    0.047680    0.239276    1.255576 v _107_/X (sky130_fd_sc_hd__or2_1)
                                                         _078_ (net)
                      0.047680    0.000004    1.255581 v _111_/A1 (sky130_fd_sc_hd__a221o_1)
     1    0.003749    0.056969    0.314677    1.570258 v _111_/X (sky130_fd_sc_hd__a221o_1)
                                                         _035_ (net)
                      0.056969    0.000034    1.570292 v _123_/B (sky130_fd_sc_hd__and4_1)
     1    0.001963    0.035393    0.166751    1.737042 v _123_/X (sky130_fd_sc_hd__and4_1)
                                                         _047_ (net)
                      0.035393    0.000004    1.737046 v _124_/B (sky130_fd_sc_hd__and4b_1)
     1    0.002872    0.040204    0.163145    1.900191 v _124_/X (sky130_fd_sc_hd__and4b_1)
                                                         _048_ (net)
                      0.040204    0.000014    1.900205 v fanout9/A (sky130_fd_sc_hd__buf_2)
     7    0.024937    0.069419    0.161065    2.061270 v fanout9/X (sky130_fd_sc_hd__buf_2)
                                                         net9 (net)
                      0.069419    0.000017    2.061287 v fanout7/A (sky130_fd_sc_hd__clkbuf_4)
    10    0.040906    0.091194    0.204080    2.265368 v fanout7/X (sky130_fd_sc_hd__clkbuf_4)
                                                         net7 (net)
                      0.091194    0.000152    2.265520 v _148_/S (sky130_fd_sc_hd__mux2_1)
     1    0.002417    0.054553    0.316680    2.582200 v _148_/X (sky130_fd_sc_hd__mux2_1)
                                                         _023_ (net)
                      0.054553    0.000006    2.582206 v _182_/D (sky130_fd_sc_hd__dfrtp_1)
                                              2.582206   data arrival time

                               3125.000000 3125.000000   clock clk_i (rise edge)
                                  0.000000 3125.000000   clock source latency
     1    0.012202    0.061155    0.041155 3125.041260 ^ clk_i (in)
                                                         clk_i (net)
                      0.061156    0.000000 3125.041260 ^ clkbuf_0_clk_i/A (sky130_fd_sc_hd__clkbuf_16)
     4    0.035589    0.055923    0.144610 3125.185791 ^ clkbuf_0_clk_i/X (sky130_fd_sc_hd__clkbuf_16)
                                                         clknet_0_clk_i (net)
                      0.055924    0.000227 3125.186035 ^ clkbuf_2_2__f_clk_i/A (sky130_fd_sc_hd__clkbuf_16)
    10    0.024269    0.045608    0.133468 3125.319580 ^ clkbuf_2_2__f_clk_i/X (sky130_fd_sc_hd__clkbuf_16)
                                                         clknet_2_2__leaf_clk_i (net)
                      0.045608    0.000227 3125.319580 ^ _182_/CLK (sky130_fd_sc_hd__dfrtp_1)
                                 -0.250000 3125.069580   clock uncertainty
                                  0.000000 3125.069580   clock reconvergence pessimism
                                 -0.118302 3124.951416   library setup time
                                           3124.951416   data required time
---------------------------------------------------------------------------------------------
                                           3124.951416   data required time
                                             -2.582206   data arrival time
---------------------------------------------------------------------------------------------
                                           3122.369141   slack (MET)


Startpoint: _161_ (rising edge-triggered flip-flop clocked by clk_i)
Endpoint: _183_ (rising edge-triggered flip-flop clocked by clk_i)
Path Group: clk_i
Path Type: max

Fanout         Cap        Slew       Delay        Time   Description
---------------------------------------------------------------------------------------------
                                  0.000000    0.000000   clock clk_i (rise edge)
                                  0.000000    0.000000   clock source latency
     1    0.012202    0.061155    0.041178    0.041178 ^ clk_i (in)
                                                         clk_i (net)
                      0.061156    0.000000    0.041178 ^ clkbuf_0_clk_i/A (sky130_fd_sc_hd__clkbuf_16)
     4    0.035589    0.055923    0.144642    0.185820 ^ clkbuf_0_clk_i/X (sky130_fd_sc_hd__clkbuf_16)
                                                         clknet_0_clk_i (net)
                      0.055924    0.000111    0.185931 ^ clkbuf_2_1__f_clk_i/A (sky130_fd_sc_hd__clkbuf_16)
     9    0.023799    0.045180    0.133110    0.319040 ^ clkbuf_2_1__f_clk_i/X (sky130_fd_sc_hd__clkbuf_16)
                                                         clknet_2_1__leaf_clk_i (net)
                      0.045180    0.000076    0.319116 ^ _161_/CLK (sky130_fd_sc_hd__dfrtp_1)
     1    0.002925    0.039823    0.353342    0.672459 v _161_/Q (sky130_fd_sc_hd__dfrtp_1)
                                                         rng_rd.cache[2] (net)
                      0.039823    0.000013    0.672471 v fanout11/A (sky130_fd_sc_hd__clkbuf_2)
     6    0.023339    0.093598    0.156325    0.828797 v fanout11/X (sky130_fd_sc_hd__clkbuf_2)
                                                         net11 (net)
                      0.093598    0.000067    0.828864 v fanout10/A (sky130_fd_sc_hd__clkbuf_2)
    10    0.025947    0.102836    0.187417    1.016280 v fanout10/X (sky130_fd_sc_hd__clkbuf_2)
                                                         net10 (net)
                      0.102836    0.000019    1.016300 v _107_/A (sky130_fd_sc_hd__or2_1)
     1    0.002535    0.047680    0.239276    1.255576 v _107_/X (sky130_fd_sc_hd__or2_1)
                                                         _078_ (net)
                      0.047680    0.000004    1.255581 v _111_/A1 (sky130_fd_sc_hd__a221o_1)
     1    0.003749    0.056969    0.314677    1.570258 v _111_/X (sky130_fd_sc_hd__a221o_1)
                                                         _035_ (net)
                      0.056969    0.000034    1.570292 v _123_/B (sky130_fd_sc_hd__and4_1)
     1    0.001963    0.035393    0.166751    1.737042 v _123_/X (sky130_fd_sc_hd__and4_1)
                                                         _047_ (net)
                      0.035393    0.000004    1.737046 v _124_/B (sky130_fd_sc_hd__and4b_1)
     1    0.002872    0.040204    0.163145    1.900191 v _124_/X (sky130_fd_sc_hd__and4b_1)
                                                         _048_ (net)
                      0.040204    0.000014    1.900205 v fanout9/A (sky130_fd_sc_hd__buf_2)
     7    0.024937    0.069419    0.161065    2.061270 v fanout9/X (sky130_fd_sc_hd__buf_2)
                                                         net9 (net)
                      0.069419    0.000017    2.061287 v fanout7/A (sky130_fd_sc_hd__clkbuf_4)
    10    0.040906    0.091194    0.204080    2.265368 v fanout7/X (sky130_fd_sc_hd__clkbuf_4)
                                                         net7 (net)
                      0.091194    0.000191    2.265558 v _149_/S (sky130_fd_sc_hd__mux2_1)
     1    0.002627    0.055799    0.318651    2.584209 v _149_/X (sky130_fd_sc_hd__mux2_1)
                                                         _024_ (net)
                      0.055799    0.000008    2.584216 v _183_/D (sky130_fd_sc_hd__dfrtp_1)
                                              2.584216   data arrival time

                               3125.000000 3125.000000   clock clk_i (rise edge)
                                  0.000000 3125.000000   clock source latency
     1    0.012202    0.061155    0.041155 3125.041260 ^ clk_i (in)
                                                         clk_i (net)
                      0.061156    0.000000 3125.041260 ^ clkbuf_0_clk_i/A (sky130_fd_sc_hd__clkbuf_16)
     4    0.035589    0.055923    0.144610 3125.185791 ^ clkbuf_0_clk_i/X (sky130_fd_sc_hd__clkbuf_16)
                                                         clknet_0_clk_i (net)
                      0.055924    0.000227 3125.186035 ^ clkbuf_2_2__f_clk_i/A (sky130_fd_sc_hd__clkbuf_16)
    10    0.024269    0.045608    0.133468 3125.319580 ^ clkbuf_2_2__f_clk_i/X (sky130_fd_sc_hd__clkbuf_16)
                                                         clknet_2_2__leaf_clk_i (net)
                      0.045608    0.000227 3125.319580 ^ _183_/CLK (sky130_fd_sc_hd__dfrtp_1)
                                 -0.250000 3125.069580   clock uncertainty
                                  0.000000 3125.069580   clock reconvergence pessimism
                                 -0.118846 3124.950684   library setup time
                                           3124.950684   data required time
---------------------------------------------------------------------------------------------
                                           3124.950684   data required time
                                             -2.584216   data arrival time
---------------------------------------------------------------------------------------------
                                           3122.366455   slack (MET)


Startpoint: _161_ (rising edge-triggered flip-flop clocked by clk_i)
Endpoint: _184_ (rising edge-triggered flip-flop clocked by clk_i)
Path Group: clk_i
Path Type: max

Fanout         Cap        Slew       Delay        Time   Description
---------------------------------------------------------------------------------------------
                                  0.000000    0.000000   clock clk_i (rise edge)
                                  0.000000    0.000000   clock source latency
     1    0.012202    0.061155    0.041178    0.041178 ^ clk_i (in)
                                                         clk_i (net)
                      0.061156    0.000000    0.041178 ^ clkbuf_0_clk_i/A (sky130_fd_sc_hd__clkbuf_16)
     4    0.035589    0.055923    0.144642    0.185820 ^ clkbuf_0_clk_i/X (sky130_fd_sc_hd__clkbuf_16)
                                                         clknet_0_clk_i (net)
                      0.055924    0.000111    0.185931 ^ clkbuf_2_1__f_clk_i/A (sky130_fd_sc_hd__clkbuf_16)
     9    0.023799    0.045180    0.133110    0.319040 ^ clkbuf_2_1__f_clk_i/X (sky130_fd_sc_hd__clkbuf_16)
                                                         clknet_2_1__leaf_clk_i (net)
                      0.045180    0.000076    0.319116 ^ _161_/CLK (sky130_fd_sc_hd__dfrtp_1)
     1    0.002925    0.039823    0.353342    0.672459 v _161_/Q (sky130_fd_sc_hd__dfrtp_1)
                                                         rng_rd.cache[2] (net)
                      0.039823    0.000013    0.672471 v fanout11/A (sky130_fd_sc_hd__clkbuf_2)
     6    0.023339    0.093598    0.156325    0.828797 v fanout11/X (sky130_fd_sc_hd__clkbuf_2)
                                                         net11 (net)
                      0.093598    0.000067    0.828864 v fanout10/A (sky130_fd_sc_hd__clkbuf_2)
    10    0.025947    0.102836    0.187417    1.016280 v fanout10/X (sky130_fd_sc_hd__clkbuf_2)
                                                         net10 (net)
                      0.102836    0.000019    1.016300 v _107_/A (sky130_fd_sc_hd__or2_1)
     1    0.002535    0.047680    0.239276    1.255576 v _107_/X (sky130_fd_sc_hd__or2_1)
                                                         _078_ (net)
                      0.047680    0.000004    1.255581 v _111_/A1 (sky130_fd_sc_hd__a221o_1)
     1    0.003749    0.056969    0.314677    1.570258 v _111_/X (sky130_fd_sc_hd__a221o_1)
                                                         _035_ (net)
                      0.056969    0.000034    1.570292 v _123_/B (sky130_fd_sc_hd__and4_1)
     1    0.001963    0.035393    0.166751    1.737042 v _123_/X (sky130_fd_sc_hd__and4_1)
                                                         _047_ (net)
                      0.035393    0.000004    1.737046 v _124_/B (sky130_fd_sc_hd__and4b_1)
     1    0.002872    0.040204    0.163145    1.900191 v _124_/X (sky130_fd_sc_hd__and4b_1)
                                                         _048_ (net)
                      0.040204    0.000014    1.900205 v fanout9/A (sky130_fd_sc_hd__buf_2)
     7    0.024937    0.069419    0.161065    2.061270 v fanout9/X (sky130_fd_sc_hd__buf_2)
                                                         net9 (net)
                      0.069419    0.000017    2.061287 v fanout7/A (sky130_fd_sc_hd__clkbuf_4)
    10    0.040906    0.091194    0.204080    2.265368 v fanout7/X (sky130_fd_sc_hd__clkbuf_4)
                                                         net7 (net)
                      0.091194    0.000163    2.265530 v _150_/S (sky130_fd_sc_hd__mux2_1)
     1    0.002326    0.054031    0.315829    2.581360 v _150_/X (sky130_fd_sc_hd__mux2_1)
                                                         _025_ (net)
                      0.054031    0.000005    2.581364 v _184_/D (sky130_fd_sc_hd__dfrtp_1)
                                              2.581364   data arrival time

                               3125.000000 3125.000000   clock clk_i (rise edge)
                                  0.000000 3125.000000   clock source latency
     1    0.012202    0.061155    0.041155 3125.041260 ^ clk_i (in)
                                                         clk_i (net)
                      0.061156    0.000000 3125.041260 ^ clkbuf_0_clk_i/A (sky130_fd_sc_hd__clkbuf_16)
     4    0.035589    0.055923    0.144610 3125.185791 ^ clkbuf_0_clk_i/X (sky130_fd_sc_hd__clkbuf_16)
                                                         clknet_0_clk_i (net)
                      0.055924    0.000227 3125.186035 ^ clkbuf_2_2__f_clk_i/A (sky130_fd_sc_hd__clkbuf_16)
    10    0.024269    0.045608    0.133468 3125.319580 ^ clkbuf_2_2__f_clk_i/X (sky130_fd_sc_hd__clkbuf_16)
                                                         clknet_2_2__leaf_clk_i (net)
                      0.045608    0.000227 3125.319580 ^ _184_/CLK (sky130_fd_sc_hd__dfrtp_1)
                                 -0.250000 3125.069580   clock uncertainty
                                  0.000000 3125.069580   clock reconvergence pessimism
                                 -0.118075 3124.951660   library setup time
                                           3124.951660   data required time
---------------------------------------------------------------------------------------------
                                           3124.951660   data required time
                                             -2.581364   data arrival time
---------------------------------------------------------------------------------------------
                                           3122.370117   slack (MET)


Startpoint: _161_ (rising edge-triggered flip-flop clocked by clk_i)
Endpoint: _190_ (rising edge-triggered flip-flop clocked by clk_i)
Path Group: clk_i
Path Type: max

Fanout         Cap        Slew       Delay        Time   Description
---------------------------------------------------------------------------------------------
                                  0.000000    0.000000   clock clk_i (rise edge)
                                  0.000000    0.000000   clock source latency
     1    0.012202    0.061155    0.041178    0.041178 ^ clk_i (in)
                                                         clk_i (net)
                      0.061156    0.000000    0.041178 ^ clkbuf_0_clk_i/A (sky130_fd_sc_hd__clkbuf_16)
     4    0.035589    0.055923    0.144642    0.185820 ^ clkbuf_0_clk_i/X (sky130_fd_sc_hd__clkbuf_16)
                                                         clknet_0_clk_i (net)
                      0.055924    0.000111    0.185931 ^ clkbuf_2_1__f_clk_i/A (sky130_fd_sc_hd__clkbuf_16)
     9    0.023799    0.045180    0.133110    0.319040 ^ clkbuf_2_1__f_clk_i/X (sky130_fd_sc_hd__clkbuf_16)
                                                         clknet_2_1__leaf_clk_i (net)
                      0.045180    0.000076    0.319116 ^ _161_/CLK (sky130_fd_sc_hd__dfrtp_1)
     1    0.002925    0.039823    0.353342    0.672459 v _161_/Q (sky130_fd_sc_hd__dfrtp_1)
                                                         rng_rd.cache[2] (net)
                      0.039823    0.000013    0.672471 v fanout11/A (sky130_fd_sc_hd__clkbuf_2)
     6    0.023339    0.093598    0.156325    0.828797 v fanout11/X (sky130_fd_sc_hd__clkbuf_2)
                                                         net11 (net)
                      0.093598    0.000067    0.828864 v fanout10/A (sky130_fd_sc_hd__clkbuf_2)
    10    0.025947    0.102836    0.187417    1.016280 v fanout10/X (sky130_fd_sc_hd__clkbuf_2)
                                                         net10 (net)
                      0.102836    0.000019    1.016300 v _107_/A (sky130_fd_sc_hd__or2_1)
     1    0.002535    0.047680    0.239276    1.255576 v _107_/X (sky130_fd_sc_hd__or2_1)
                                                         _078_ (net)
                      0.047680    0.000004    1.255581 v _111_/A1 (sky130_fd_sc_hd__a221o_1)
     1    0.003749    0.056969    0.314677    1.570258 v _111_/X (sky130_fd_sc_hd__a221o_1)
                                                         _035_ (net)
                      0.056969    0.000034    1.570292 v _123_/B (sky130_fd_sc_hd__and4_1)
     1    0.001963    0.035393    0.166751    1.737042 v _123_/X (sky130_fd_sc_hd__and4_1)
                                                         _047_ (net)
                      0.035393    0.000004    1.737046 v _124_/B (sky130_fd_sc_hd__and4b_1)
     1    0.002872    0.040204    0.163145    1.900191 v _124_/X (sky130_fd_sc_hd__and4b_1)
                                                         _048_ (net)
                      0.040204    0.000014    1.900205 v fanout9/A (sky130_fd_sc_hd__buf_2)
     7    0.024937    0.069419    0.161065    2.061270 v fanout9/X (sky130_fd_sc_hd__buf_2)
                                                         net9 (net)
                      0.069419    0.000007    2.061277 v fanout8/A (sky130_fd_sc_hd__clkbuf_4)
    10    0.040634    0.090708    0.203662    2.264939 v fanout8/X (sky130_fd_sc_hd__clkbuf_4)
                                                         net8 (net)
                      0.090708    0.000161    2.265101 v _156_/S (sky130_fd_sc_hd__mux2_1)
     1    0.002380    0.054341    0.316158    2.581258 v _156_/X (sky130_fd_sc_hd__mux2_1)
                                                         _029_ (net)
                      0.054341    0.000006    2.581264 v _190_/D (sky130_fd_sc_hd__dfrtp_1)
                                              2.581264   data arrival time

                               3125.000000 3125.000000   clock clk_i (rise edge)
                                  0.000000 3125.000000   clock source latency
     1    0.012202    0.061155    0.041155 3125.041260 ^ clk_i (in)
                                                         clk_i (net)
                      0.061156    0.000000 3125.041260 ^ clkbuf_0_clk_i/A (sky130_fd_sc_hd__clkbuf_16)
     4    0.035589    0.055923    0.144610 3125.185791 ^ clkbuf_0_clk_i/X (sky130_fd_sc_hd__clkbuf_16)
                                                         clknet_0_clk_i (net)
                      0.055924    0.000227 3125.186035 ^ clkbuf_2_1__f_clk_i/A (sky130_fd_sc_hd__clkbuf_16)
     9    0.023799    0.045180    0.133014 3125.319092 ^ clkbuf_2_1__f_clk_i/X (sky130_fd_sc_hd__clkbuf_16)
                                                         clknet_2_1__leaf_clk_i (net)
                      0.045180    0.000000 3125.319092 ^ _190_/CLK (sky130_fd_sc_hd__dfrtp_1)
                                 -0.250000 3125.068848   clock uncertainty
                                  0.000000 3125.068848   clock reconvergence pessimism
                                 -0.118308 3124.950684   library setup time
                                           3124.950684   data required time
---------------------------------------------------------------------------------------------
                                           3124.950684   data required time
                                             -2.581264   data arrival time
---------------------------------------------------------------------------------------------
                                           3122.369385   slack (MET)


Startpoint: _161_ (rising edge-triggered flip-flop clocked by clk_i)
Endpoint: _191_ (rising edge-triggered flip-flop clocked by clk_i)
Path Group: clk_i
Path Type: max

Fanout         Cap        Slew       Delay        Time   Description
---------------------------------------------------------------------------------------------
                                  0.000000    0.000000   clock clk_i (rise edge)
                                  0.000000    0.000000   clock source latency
     1    0.012202    0.061155    0.041178    0.041178 ^ clk_i (in)
                                                         clk_i (net)
                      0.061156    0.000000    0.041178 ^ clkbuf_0_clk_i/A (sky130_fd_sc_hd__clkbuf_16)
     4    0.035589    0.055923    0.144642    0.185820 ^ clkbuf_0_clk_i/X (sky130_fd_sc_hd__clkbuf_16)
                                                         clknet_0_clk_i (net)
                      0.055924    0.000111    0.185931 ^ clkbuf_2_1__f_clk_i/A (sky130_fd_sc_hd__clkbuf_16)
     9    0.023799    0.045180    0.133110    0.319040 ^ clkbuf_2_1__f_clk_i/X (sky130_fd_sc_hd__clkbuf_16)
                                                         clknet_2_1__leaf_clk_i (net)
                      0.045180    0.000076    0.319116 ^ _161_/CLK (sky130_fd_sc_hd__dfrtp_1)
     1    0.002925    0.039823    0.353342    0.672459 v _161_/Q (sky130_fd_sc_hd__dfrtp_1)
                                                         rng_rd.cache[2] (net)
                      0.039823    0.000013    0.672471 v fanout11/A (sky130_fd_sc_hd__clkbuf_2)
     6    0.023339    0.093598    0.156325    0.828797 v fanout11/X (sky130_fd_sc_hd__clkbuf_2)
                                                         net11 (net)
                      0.093598    0.000067    0.828864 v fanout10/A (sky130_fd_sc_hd__clkbuf_2)
    10    0.025947    0.102836    0.187417    1.016280 v fanout10/X (sky130_fd_sc_hd__clkbuf_2)
                                                         net10 (net)
                      0.102836    0.000019    1.016300 v _107_/A (sky130_fd_sc_hd__or2_1)
     1    0.002535    0.047680    0.239276    1.255576 v _107_/X (sky130_fd_sc_hd__or2_1)
                                                         _078_ (net)
                      0.047680    0.000004    1.255581 v _111_/A1 (sky130_fd_sc_hd__a221o_1)
     1    0.003749    0.056969    0.314677    1.570258 v _111_/X (sky130_fd_sc_hd__a221o_1)
                                                         _035_ (net)
                      0.056969    0.000034    1.570292 v _123_/B (sky130_fd_sc_hd__and4_1)
     1    0.001963    0.035393    0.166751    1.737042 v _123_/X (sky130_fd_sc_hd__and4_1)
                                                         _047_ (net)
                      0.035393    0.000004    1.737046 v _124_/B (sky130_fd_sc_hd__and4b_1)
     1    0.002872    0.040204    0.163145    1.900191 v _124_/X (sky130_fd_sc_hd__and4b_1)
                                                         _048_ (net)
                      0.040204    0.000014    1.900205 v fanout9/A (sky130_fd_sc_hd__buf_2)
     7    0.024937    0.069419    0.161065    2.061270 v fanout9/X (sky130_fd_sc_hd__buf_2)
                                                         net9 (net)
                      0.069419    0.000007    2.061277 v fanout8/A (sky130_fd_sc_hd__clkbuf_4)
    10    0.040634    0.090708    0.203662    2.264939 v fanout8/X (sky130_fd_sc_hd__clkbuf_4)
                                                         net8 (net)
                      0.090708    0.000218    2.265158 v _157_/S (sky130_fd_sc_hd__mux2_1)
     1    0.002508    0.055078    0.317361    2.582519 v _157_/X (sky130_fd_sc_hd__mux2_1)
                                                         _030_ (net)
                      0.055078    0.000006    2.582525 v _191_/D (sky130_fd_sc_hd__dfrtp_1)
                                              2.582525   data arrival time

                               3125.000000 3125.000000   clock clk_i (rise edge)
                                  0.000000 3125.000000   clock source latency
     1    0.012202    0.061155    0.041155 3125.041260 ^ clk_i (in)
                                                         clk_i (net)
                      0.061156    0.000000 3125.041260 ^ clkbuf_0_clk_i/A (sky130_fd_sc_hd__clkbuf_16)
     4    0.035589    0.055923    0.144610 3125.185791 ^ clkbuf_0_clk_i/X (sky130_fd_sc_hd__clkbuf_16)
                                                         clknet_0_clk_i (net)
                      0.055924    0.000227 3125.186035 ^ clkbuf_2_1__f_clk_i/A (sky130_fd_sc_hd__clkbuf_16)
     9    0.023799    0.045180    0.133014 3125.319092 ^ clkbuf_2_1__f_clk_i/X (sky130_fd_sc_hd__clkbuf_16)
                                                         clknet_2_1__leaf_clk_i (net)
                      0.045180    0.000000 3125.319092 ^ _191_/CLK (sky130_fd_sc_hd__dfrtp_1)
                                 -0.250000 3125.068848   clock uncertainty
                                  0.000000 3125.068848   clock reconvergence pessimism
                                 -0.118630 3124.950195   library setup time
                                           3124.950195   data required time
---------------------------------------------------------------------------------------------
                                           3124.950195   data required time
                                             -2.582525   data arrival time
---------------------------------------------------------------------------------------------
                                           3122.367676   slack (MET)


Startpoint: _161_ (rising edge-triggered flip-flop clocked by clk_i)
Endpoint: _192_ (rising edge-triggered flip-flop clocked by clk_i)
Path Group: clk_i
Path Type: max

Fanout         Cap        Slew       Delay        Time   Description
---------------------------------------------------------------------------------------------
                                  0.000000    0.000000   clock clk_i (rise edge)
                                  0.000000    0.000000   clock source latency
     1    0.012202    0.061155    0.041178    0.041178 ^ clk_i (in)
                                                         clk_i (net)
                      0.061156    0.000000    0.041178 ^ clkbuf_0_clk_i/A (sky130_fd_sc_hd__clkbuf_16)
     4    0.035589    0.055923    0.144642    0.185820 ^ clkbuf_0_clk_i/X (sky130_fd_sc_hd__clkbuf_16)
                                                         clknet_0_clk_i (net)
                      0.055924    0.000111    0.185931 ^ clkbuf_2_1__f_clk_i/A (sky130_fd_sc_hd__clkbuf_16)
     9    0.023799    0.045180    0.133110    0.319040 ^ clkbuf_2_1__f_clk_i/X (sky130_fd_sc_hd__clkbuf_16)
                                                         clknet_2_1__leaf_clk_i (net)
                      0.045180    0.000076    0.319116 ^ _161_/CLK (sky130_fd_sc_hd__dfrtp_1)
     1    0.002925    0.039823    0.353342    0.672459 v _161_/Q (sky130_fd_sc_hd__dfrtp_1)
                                                         rng_rd.cache[2] (net)
                      0.039823    0.000013    0.672471 v fanout11/A (sky130_fd_sc_hd__clkbuf_2)
     6    0.023339    0.093598    0.156325    0.828797 v fanout11/X (sky130_fd_sc_hd__clkbuf_2)
                                                         net11 (net)
                      0.093598    0.000067    0.828864 v fanout10/A (sky130_fd_sc_hd__clkbuf_2)
    10    0.025947    0.102836    0.187417    1.016280 v fanout10/X (sky130_fd_sc_hd__clkbuf_2)
                                                         net10 (net)
                      0.102836    0.000019    1.016300 v _107_/A (sky130_fd_sc_hd__or2_1)
     1    0.002535    0.047680    0.239276    1.255576 v _107_/X (sky130_fd_sc_hd__or2_1)
                                                         _078_ (net)
                      0.047680    0.000004    1.255581 v _111_/A1 (sky130_fd_sc_hd__a221o_1)
     1    0.003749    0.056969    0.314677    1.570258 v _111_/X (sky130_fd_sc_hd__a221o_1)
                                                         _035_ (net)
                      0.056969    0.000034    1.570292 v _123_/B (sky130_fd_sc_hd__and4_1)
     1    0.001963    0.035393    0.166751    1.737042 v _123_/X (sky130_fd_sc_hd__and4_1)
                                                         _047_ (net)
                      0.035393    0.000004    1.737046 v _124_/B (sky130_fd_sc_hd__and4b_1)
     1    0.002872    0.040204    0.163145    1.900191 v _124_/X (sky130_fd_sc_hd__and4b_1)
                                                         _048_ (net)
                      0.040204    0.000014    1.900205 v fanout9/A (sky130_fd_sc_hd__buf_2)
     7    0.024937    0.069419    0.161065    2.061270 v fanout9/X (sky130_fd_sc_hd__buf_2)
                                                         net9 (net)
                      0.069419    0.000007    2.061277 v fanout8/A (sky130_fd_sc_hd__clkbuf_4)
    10    0.040634    0.090708    0.203662    2.264939 v fanout8/X (sky130_fd_sc_hd__clkbuf_4)
                                                         net8 (net)
                      0.090708    0.000173    2.265113 v _158_/S (sky130_fd_sc_hd__mux2_1)
     1    0.002340    0.054113    0.315786    2.580899 v _158_/X (sky130_fd_sc_hd__mux2_1)
                                                         _031_ (net)
                      0.054113    0.000006    2.580904 v _192_/D (sky130_fd_sc_hd__dfrtp_1)
                                              2.580904   data arrival time

                               3125.000000 3125.000000   clock clk_i (rise edge)
                                  0.000000 3125.000000   clock source latency
     1    0.012202    0.061155    0.041155 3125.041260 ^ clk_i (in)
                                                         clk_i (net)
                      0.061156    0.000000 3125.041260 ^ clkbuf_0_clk_i/A (sky130_fd_sc_hd__clkbuf_16)
     4    0.035589    0.055923    0.144610 3125.185791 ^ clkbuf_0_clk_i/X (sky130_fd_sc_hd__clkbuf_16)
                                                         clknet_0_clk_i (net)
                      0.055924    0.000227 3125.186035 ^ clkbuf_2_1__f_clk_i/A (sky130_fd_sc_hd__clkbuf_16)
     9    0.023799    0.045180    0.133014 3125.319092 ^ clkbuf_2_1__f_clk_i/X (sky130_fd_sc_hd__clkbuf_16)
                                                         clknet_2_1__leaf_clk_i (net)
                      0.045180    0.000000 3125.319092 ^ _192_/CLK (sky130_fd_sc_hd__dfrtp_1)
                                 -0.250000 3125.068848   clock uncertainty
                                  0.000000 3125.068848   clock reconvergence pessimism
                                 -0.118208 3124.950684   library setup time
                                           3124.950684   data required time
---------------------------------------------------------------------------------------------
                                           3124.950684   data required time
                                             -2.580904   data arrival time
---------------------------------------------------------------------------------------------
                                           3122.369629   slack (MET)


Startpoint: _161_ (rising edge-triggered flip-flop clocked by clk_i)
Endpoint: _176_ (rising edge-triggered flip-flop clocked by clk_i)
Path Group: clk_i
Path Type: max

Fanout         Cap        Slew       Delay        Time   Description
---------------------------------------------------------------------------------------------
                                  0.000000    0.000000   clock clk_i (rise edge)
                                  0.000000    0.000000   clock source latency
     1    0.012202    0.061155    0.041178    0.041178 ^ clk_i (in)
                                                         clk_i (net)
                      0.061156    0.000000    0.041178 ^ clkbuf_0_clk_i/A (sky130_fd_sc_hd__clkbuf_16)
     4    0.035589    0.055923    0.144642    0.185820 ^ clkbuf_0_clk_i/X (sky130_fd_sc_hd__clkbuf_16)
                                                         clknet_0_clk_i (net)
                      0.055924    0.000111    0.185931 ^ clkbuf_2_1__f_clk_i/A (sky130_fd_sc_hd__clkbuf_16)
     9    0.023799    0.045180    0.133110    0.319040 ^ clkbuf_2_1__f_clk_i/X (sky130_fd_sc_hd__clkbuf_16)
                                                         clknet_2_1__leaf_clk_i (net)
                      0.045180    0.000076    0.319116 ^ _161_/CLK (sky130_fd_sc_hd__dfrtp_1)
     1    0.002925    0.039823    0.353342    0.672459 v _161_/Q (sky130_fd_sc_hd__dfrtp_1)
                                                         rng_rd.cache[2] (net)
                      0.039823    0.000013    0.672471 v fanout11/A (sky130_fd_sc_hd__clkbuf_2)
     6    0.023339    0.093598    0.156325    0.828797 v fanout11/X (sky130_fd_sc_hd__clkbuf_2)
                                                         net11 (net)
                      0.093598    0.000067    0.828864 v fanout10/A (sky130_fd_sc_hd__clkbuf_2)
    10    0.025947    0.102836    0.187417    1.016280 v fanout10/X (sky130_fd_sc_hd__clkbuf_2)
                                                         net10 (net)
                      0.102836    0.000019    1.016300 v _107_/A (sky130_fd_sc_hd__or2_1)
     1    0.002535    0.047680    0.239276    1.255576 v _107_/X (sky130_fd_sc_hd__or2_1)
                                                         _078_ (net)
                      0.047680    0.000004    1.255581 v _111_/A1 (sky130_fd_sc_hd__a221o_1)
     1    0.003749    0.056969    0.314677    1.570258 v _111_/X (sky130_fd_sc_hd__a221o_1)
                                                         _035_ (net)
                      0.056969    0.000034    1.570292 v _123_/B (sky130_fd_sc_hd__and4_1)
     1    0.001963    0.035393    0.166751    1.737042 v _123_/X (sky130_fd_sc_hd__and4_1)
                                                         _047_ (net)
                      0.035393    0.000004    1.737046 v _124_/B (sky130_fd_sc_hd__and4b_1)
     1    0.002872    0.040204    0.163145    1.900191 v _124_/X (sky130_fd_sc_hd__and4b_1)
                                                         _048_ (net)
                      0.040204    0.000014    1.900205 v fanout9/A (sky130_fd_sc_hd__buf_2)
     7    0.024937    0.069419    0.161065    2.061270 v fanout9/X (sky130_fd_sc_hd__buf_2)
                                                         net9 (net)
                      0.069419    0.000115    2.061385 v _143_/S (sky130_fd_sc_hd__mux2_1)
     1    0.002563    0.055400    0.310203    2.371588 v _143_/X (sky130_fd_sc_hd__mux2_1)
                                                         _018_ (net)
                      0.055400    0.000007    2.371595 v _176_/D (sky130_fd_sc_hd__dfrtp_1)
                                              2.371595   data arrival time

                               3125.000000 3125.000000   clock clk_i (rise edge)
                                  0.000000 3125.000000   clock source latency
     1    0.012202    0.061155    0.041155 3125.041260 ^ clk_i (in)
                                                         clk_i (net)
                      0.061156    0.000000 3125.041260 ^ clkbuf_0_clk_i/A (sky130_fd_sc_hd__clkbuf_16)
     4    0.035589    0.055923    0.144610 3125.185791 ^ clkbuf_0_clk_i/X (sky130_fd_sc_hd__clkbuf_16)
                                                         clknet_0_clk_i (net)
                      0.055924    0.000227 3125.186035 ^ clkbuf_2_2__f_clk_i/A (sky130_fd_sc_hd__clkbuf_16)
    10    0.024269    0.045608    0.133468 3125.319580 ^ clkbuf_2_2__f_clk_i/X (sky130_fd_sc_hd__clkbuf_16)
                                                         clknet_2_2__leaf_clk_i (net)
                      0.045608    0.000227 3125.319580 ^ _176_/CLK (sky130_fd_sc_hd__dfrtp_1)
                                 -0.250000 3125.069580   clock uncertainty
                                  0.000000 3125.069580   clock reconvergence pessimism
                                 -0.118672 3124.950928   library setup time
                                           3124.950928   data required time
---------------------------------------------------------------------------------------------
                                           3124.950928   data required time
                                             -2.371595   data arrival time
---------------------------------------------------------------------------------------------
                                           3122.579346   slack (MET)


Startpoint: _161_ (rising edge-triggered flip-flop clocked by clk_i)
Endpoint: _166_ (rising edge-triggered flip-flop clocked by clk_i)
Path Group: clk_i
Path Type: max

Fanout         Cap        Slew       Delay        Time   Description
---------------------------------------------------------------------------------------------
                                  0.000000    0.000000   clock clk_i (rise edge)
                                  0.000000    0.000000   clock source latency
     1    0.012202    0.061155    0.041178    0.041178 ^ clk_i (in)
                                                         clk_i (net)
                      0.061156    0.000000    0.041178 ^ clkbuf_0_clk_i/A (sky130_fd_sc_hd__clkbuf_16)
     4    0.035589    0.055923    0.144642    0.185820 ^ clkbuf_0_clk_i/X (sky130_fd_sc_hd__clkbuf_16)
                                                         clknet_0_clk_i (net)
                      0.055924    0.000111    0.185931 ^ clkbuf_2_1__f_clk_i/A (sky130_fd_sc_hd__clkbuf_16)
     9    0.023799    0.045180    0.133110    0.319040 ^ clkbuf_2_1__f_clk_i/X (sky130_fd_sc_hd__clkbuf_16)
                                                         clknet_2_1__leaf_clk_i (net)
                      0.045180    0.000076    0.319116 ^ _161_/CLK (sky130_fd_sc_hd__dfrtp_1)
     1    0.002925    0.039823    0.353342    0.672459 v _161_/Q (sky130_fd_sc_hd__dfrtp_1)
                                                         rng_rd.cache[2] (net)
                      0.039823    0.000013    0.672471 v fanout11/A (sky130_fd_sc_hd__clkbuf_2)
     6    0.023339    0.093598    0.156325    0.828797 v fanout11/X (sky130_fd_sc_hd__clkbuf_2)
                                                         net11 (net)
                      0.093598    0.000067    0.828864 v fanout10/A (sky130_fd_sc_hd__clkbuf_2)
    10    0.025947    0.102836    0.187417    1.016280 v fanout10/X (sky130_fd_sc_hd__clkbuf_2)
                                                         net10 (net)
                      0.102836    0.000019    1.016300 v _107_/A (sky130_fd_sc_hd__or2_1)
     1    0.002535    0.047680    0.239276    1.255576 v _107_/X (sky130_fd_sc_hd__or2_1)
                                                         _078_ (net)
                      0.047680    0.000004    1.255581 v _111_/A1 (sky130_fd_sc_hd__a221o_1)
     1    0.003749    0.056969    0.314677    1.570258 v _111_/X (sky130_fd_sc_hd__a221o_1)
                                                         _035_ (net)
                      0.056969    0.000034    1.570292 v _123_/B (sky130_fd_sc_hd__and4_1)
     1    0.001963    0.035393    0.166751    1.737042 v _123_/X (sky130_fd_sc_hd__and4_1)
                                                         _047_ (net)
                      0.035393    0.000004    1.737046 v _124_/B (sky130_fd_sc_hd__and4b_1)
     1    0.002872    0.040204    0.163145    1.900191 v _124_/X (sky130_fd_sc_hd__and4b_1)
                                                         _048_ (net)
                      0.040204    0.000014    1.900205 v fanout9/A (sky130_fd_sc_hd__buf_2)
     7    0.024937    0.069419    0.161065    2.061270 v fanout9/X (sky130_fd_sc_hd__buf_2)
                                                         net9 (net)
                      0.069419    0.000022    2.061293 v _134_/S (sky130_fd_sc_hd__mux2_1)
     1    0.002154    0.053042    0.306352    2.367645 v _134_/X (sky130_fd_sc_hd__mux2_1)
                                                         _009_ (net)
                      0.053042    0.000003    2.367648 v _166_/D (sky130_fd_sc_hd__dfrtp_1)
                                              2.367648   data arrival time

                               3125.000000 3125.000000   clock clk_i (rise edge)
                                  0.000000 3125.000000   clock source latency
     1    0.012202    0.061155    0.041155 3125.041260 ^ clk_i (in)
                                                         clk_i (net)
                      0.061156    0.000000 3125.041260 ^ clkbuf_0_clk_i/A (sky130_fd_sc_hd__clkbuf_16)
     4    0.035589    0.055923    0.144610 3125.185791 ^ clkbuf_0_clk_i/X (sky130_fd_sc_hd__clkbuf_16)
                                                         clknet_0_clk_i (net)
                      0.055924    0.000227 3125.186035 ^ clkbuf_2_3__f_clk_i/A (sky130_fd_sc_hd__clkbuf_16)
     8    0.023997    0.045359    0.133241 3125.319336 ^ clkbuf_2_3__f_clk_i/X (sky130_fd_sc_hd__clkbuf_16)
                                                         clknet_2_3__leaf_clk_i (net)
                      0.045359    0.000000 3125.319336 ^ _166_/CLK (sky130_fd_sc_hd__dfrtp_1)
                                 -0.250000 3125.069092   clock uncertainty
                                  0.000000 3125.069092   clock reconvergence pessimism
                                 -0.117700 3124.951416   library setup time
                                           3124.951416   data required time
---------------------------------------------------------------------------------------------
                                           3124.951416   data required time
                                             -2.367648   data arrival time
---------------------------------------------------------------------------------------------
                                           3122.583740   slack (MET)


Startpoint: _161_ (rising edge-triggered flip-flop clocked by clk_i)
Endpoint: _167_ (rising edge-triggered flip-flop clocked by clk_i)
Path Group: clk_i
Path Type: max

Fanout         Cap        Slew       Delay        Time   Description
---------------------------------------------------------------------------------------------
                                  0.000000    0.000000   clock clk_i (rise edge)
                                  0.000000    0.000000   clock source latency
     1    0.012202    0.061155    0.041178    0.041178 ^ clk_i (in)
                                                         clk_i (net)
                      0.061156    0.000000    0.041178 ^ clkbuf_0_clk_i/A (sky130_fd_sc_hd__clkbuf_16)
     4    0.035589    0.055923    0.144642    0.185820 ^ clkbuf_0_clk_i/X (sky130_fd_sc_hd__clkbuf_16)
                                                         clknet_0_clk_i (net)
                      0.055924    0.000111    0.185931 ^ clkbuf_2_1__f_clk_i/A (sky130_fd_sc_hd__clkbuf_16)
     9    0.023799    0.045180    0.133110    0.319040 ^ clkbuf_2_1__f_clk_i/X (sky130_fd_sc_hd__clkbuf_16)
                                                         clknet_2_1__leaf_clk_i (net)
                      0.045180    0.000076    0.319116 ^ _161_/CLK (sky130_fd_sc_hd__dfrtp_1)
     1    0.002925    0.039823    0.353342    0.672459 v _161_/Q (sky130_fd_sc_hd__dfrtp_1)
                                                         rng_rd.cache[2] (net)
                      0.039823    0.000013    0.672471 v fanout11/A (sky130_fd_sc_hd__clkbuf_2)
     6    0.023339    0.093598    0.156325    0.828797 v fanout11/X (sky130_fd_sc_hd__clkbuf_2)
                                                         net11 (net)
                      0.093598    0.000067    0.828864 v fanout10/A (sky130_fd_sc_hd__clkbuf_2)
    10    0.025947    0.102836    0.187417    1.016280 v fanout10/X (sky130_fd_sc_hd__clkbuf_2)
                                                         net10 (net)
                      0.102836    0.000019    1.016300 v _107_/A (sky130_fd_sc_hd__or2_1)
     1    0.002535    0.047680    0.239276    1.255576 v _107_/X (sky130_fd_sc_hd__or2_1)
                                                         _078_ (net)
                      0.047680    0.000004    1.255581 v _111_/A1 (sky130_fd_sc_hd__a221o_1)
     1    0.003749    0.056969    0.314677    1.570258 v _111_/X (sky130_fd_sc_hd__a221o_1)
                                                         _035_ (net)
                      0.056969    0.000034    1.570292 v _123_/B (sky130_fd_sc_hd__and4_1)
     1    0.001963    0.035393    0.166751    1.737042 v _123_/X (sky130_fd_sc_hd__and4_1)
                                                         _047_ (net)
                      0.035393    0.000004    1.737046 v _124_/B (sky130_fd_sc_hd__and4b_1)
     1    0.002872    0.040204    0.163145    1.900191 v _124_/X (sky130_fd_sc_hd__and4b_1)
                                                         _048_ (net)
                      0.040204    0.000014    1.900205 v fanout9/A (sky130_fd_sc_hd__buf_2)
     7    0.024937    0.069419    0.161065    2.061270 v fanout9/X (sky130_fd_sc_hd__buf_2)
                                                         net9 (net)
                      0.069419    0.000027    2.061298 v _135_/S (sky130_fd_sc_hd__mux2_1)
     1    0.002205    0.053335    0.306830    2.368127 v _135_/X (sky130_fd_sc_hd__mux2_1)
                                                         _010_ (net)
                      0.053335    0.000003    2.368131 v _167_/D (sky130_fd_sc_hd__dfrtp_1)
                                              2.368131   data arrival time

                               3125.000000 3125.000000   clock clk_i (rise edge)
                                  0.000000 3125.000000   clock source latency
     1    0.012202    0.061155    0.041155 3125.041260 ^ clk_i (in)
                                                         clk_i (net)
                      0.061156    0.000000 3125.041260 ^ clkbuf_0_clk_i/A (sky130_fd_sc_hd__clkbuf_16)
     4    0.035589    0.055923    0.144610 3125.185791 ^ clkbuf_0_clk_i/X (sky130_fd_sc_hd__clkbuf_16)
                                                         clknet_0_clk_i (net)
                      0.055924    0.000227 3125.186035 ^ clkbuf_2_3__f_clk_i/A (sky130_fd_sc_hd__clkbuf_16)
     8    0.023997    0.045359    0.133241 3125.319336 ^ clkbuf_2_3__f_clk_i/X (sky130_fd_sc_hd__clkbuf_16)
                                                         clknet_2_3__leaf_clk_i (net)
                      0.045359    0.000000 3125.319336 ^ _167_/CLK (sky130_fd_sc_hd__dfrtp_1)
                                 -0.250000 3125.069092   clock uncertainty
                                  0.000000 3125.069092   clock reconvergence pessimism
                                 -0.117828 3124.951416   library setup time
                                           3124.951416   data required time
---------------------------------------------------------------------------------------------
                                           3124.951416   data required time
                                             -2.368131   data arrival time
---------------------------------------------------------------------------------------------
                                           3122.583252   slack (MET)


Startpoint: _161_ (rising edge-triggered flip-flop clocked by clk_i)
Endpoint: _171_ (rising edge-triggered flip-flop clocked by clk_i)
Path Group: clk_i
Path Type: max

Fanout         Cap        Slew       Delay        Time   Description
---------------------------------------------------------------------------------------------
                                  0.000000    0.000000   clock clk_i (rise edge)
                                  0.000000    0.000000   clock source latency
     1    0.012202    0.061155    0.041178    0.041178 ^ clk_i (in)
                                                         clk_i (net)
                      0.061156    0.000000    0.041178 ^ clkbuf_0_clk_i/A (sky130_fd_sc_hd__clkbuf_16)
     4    0.035589    0.055923    0.144642    0.185820 ^ clkbuf_0_clk_i/X (sky130_fd_sc_hd__clkbuf_16)
                                                         clknet_0_clk_i (net)
                      0.055924    0.000111    0.185931 ^ clkbuf_2_1__f_clk_i/A (sky130_fd_sc_hd__clkbuf_16)
     9    0.023799    0.045180    0.133110    0.319040 ^ clkbuf_2_1__f_clk_i/X (sky130_fd_sc_hd__clkbuf_16)
                                                         clknet_2_1__leaf_clk_i (net)
                      0.045180    0.000076    0.319116 ^ _161_/CLK (sky130_fd_sc_hd__dfrtp_1)
     1    0.002925    0.039823    0.353342    0.672459 v _161_/Q (sky130_fd_sc_hd__dfrtp_1)
                                                         rng_rd.cache[2] (net)
                      0.039823    0.000013    0.672471 v fanout11/A (sky130_fd_sc_hd__clkbuf_2)
     6    0.023339    0.093598    0.156325    0.828797 v fanout11/X (sky130_fd_sc_hd__clkbuf_2)
                                                         net11 (net)
                      0.093598    0.000067    0.828864 v fanout10/A (sky130_fd_sc_hd__clkbuf_2)
    10    0.025947    0.102836    0.187417    1.016280 v fanout10/X (sky130_fd_sc_hd__clkbuf_2)
                                                         net10 (net)
                      0.102836    0.000019    1.016300 v _107_/A (sky130_fd_sc_hd__or2_1)
     1    0.002535    0.047680    0.239276    1.255576 v _107_/X (sky130_fd_sc_hd__or2_1)
                                                         _078_ (net)
                      0.047680    0.000004    1.255581 v _111_/A1 (sky130_fd_sc_hd__a221o_1)
     1    0.003749    0.056969    0.314677    1.570258 v _111_/X (sky130_fd_sc_hd__a221o_1)
                                                         _035_ (net)
                      0.056969    0.000034    1.570292 v _123_/B (sky130_fd_sc_hd__and4_1)
     1    0.001963    0.035393    0.166751    1.737042 v _123_/X (sky130_fd_sc_hd__and4_1)
                                                         _047_ (net)
                      0.035393    0.000004    1.737046 v _124_/B (sky130_fd_sc_hd__and4b_1)
     1    0.002872    0.040204    0.163145    1.900191 v _124_/X (sky130_fd_sc_hd__and4b_1)
                                                         _048_ (net)
                      0.040204    0.000014    1.900205 v fanout9/A (sky130_fd_sc_hd__buf_2)
     7    0.024937    0.069419    0.161065    2.061270 v fanout9/X (sky130_fd_sc_hd__buf_2)
                                                         net9 (net)
                      0.069419    0.000065    2.061335 v _138_/S (sky130_fd_sc_hd__mux2_1)
     1    0.002268    0.053697    0.307422    2.368757 v _138_/X (sky130_fd_sc_hd__mux2_1)
                                                         _013_ (net)
                      0.053697    0.000004    2.368762 v _171_/D (sky130_fd_sc_hd__dfrtp_1)
                                              2.368762   data arrival time

                               3125.000000 3125.000000   clock clk_i (rise edge)
                                  0.000000 3125.000000   clock source latency
     1    0.012202    0.061155    0.041155 3125.041260 ^ clk_i (in)
                                                         clk_i (net)
                      0.061156    0.000000 3125.041260 ^ clkbuf_0_clk_i/A (sky130_fd_sc_hd__clkbuf_16)
     4    0.035589    0.055923    0.144610 3125.185791 ^ clkbuf_0_clk_i/X (sky130_fd_sc_hd__clkbuf_16)
                                                         clknet_0_clk_i (net)
                      0.055924    0.000227 3125.186035 ^ clkbuf_2_3__f_clk_i/A (sky130_fd_sc_hd__clkbuf_16)
     8    0.023997    0.045359    0.133241 3125.319336 ^ clkbuf_2_3__f_clk_i/X (sky130_fd_sc_hd__clkbuf_16)
                                                         clknet_2_3__leaf_clk_i (net)
                      0.045359    0.000000 3125.319336 ^ _171_/CLK (sky130_fd_sc_hd__dfrtp_1)
                                 -0.250000 3125.069092   clock uncertainty
                                  0.000000 3125.069092   clock reconvergence pessimism
                                 -0.117986 3124.951172   library setup time
                                           3124.951172   data required time
---------------------------------------------------------------------------------------------
                                           3124.951172   data required time
                                             -2.368762   data arrival time
---------------------------------------------------------------------------------------------
                                           3122.582275   slack (MET)


Startpoint: _161_ (rising edge-triggered flip-flop clocked by clk_i)
Endpoint: _174_ (rising edge-triggered flip-flop clocked by clk_i)
Path Group: clk_i
Path Type: max

Fanout         Cap        Slew       Delay        Time   Description
---------------------------------------------------------------------------------------------
                                  0.000000    0.000000   clock clk_i (rise edge)
                                  0.000000    0.000000   clock source latency
     1    0.012202    0.061155    0.041178    0.041178 ^ clk_i (in)
                                                         clk_i (net)
                      0.061156    0.000000    0.041178 ^ clkbuf_0_clk_i/A (sky130_fd_sc_hd__clkbuf_16)
     4    0.035589    0.055923    0.144642    0.185820 ^ clkbuf_0_clk_i/X (sky130_fd_sc_hd__clkbuf_16)
                                                         clknet_0_clk_i (net)
                      0.055924    0.000111    0.185931 ^ clkbuf_2_1__f_clk_i/A (sky130_fd_sc_hd__clkbuf_16)
     9    0.023799    0.045180    0.133110    0.319040 ^ clkbuf_2_1__f_clk_i/X (sky130_fd_sc_hd__clkbuf_16)
                                                         clknet_2_1__leaf_clk_i (net)
                      0.045180    0.000076    0.319116 ^ _161_/CLK (sky130_fd_sc_hd__dfrtp_1)
     1    0.002925    0.039823    0.353342    0.672459 v _161_/Q (sky130_fd_sc_hd__dfrtp_1)
                                                         rng_rd.cache[2] (net)
                      0.039823    0.000013    0.672471 v fanout11/A (sky130_fd_sc_hd__clkbuf_2)
     6    0.023339    0.093598    0.156325    0.828797 v fanout11/X (sky130_fd_sc_hd__clkbuf_2)
                                                         net11 (net)
                      0.093598    0.000067    0.828864 v fanout10/A (sky130_fd_sc_hd__clkbuf_2)
    10    0.025947    0.102836    0.187417    1.016280 v fanout10/X (sky130_fd_sc_hd__clkbuf_2)
                                                         net10 (net)
                      0.102836    0.000019    1.016300 v _107_/A (sky130_fd_sc_hd__or2_1)
     1    0.002535    0.047680    0.239276    1.255576 v _107_/X (sky130_fd_sc_hd__or2_1)
                                                         _078_ (net)
                      0.047680    0.000004    1.255581 v _111_/A1 (sky130_fd_sc_hd__a221o_1)
     1    0.003749    0.056969    0.314677    1.570258 v _111_/X (sky130_fd_sc_hd__a221o_1)
                                                         _035_ (net)
                      0.056969    0.000034    1.570292 v _123_/B (sky130_fd_sc_hd__and4_1)
     1    0.001963    0.035393    0.166751    1.737042 v _123_/X (sky130_fd_sc_hd__and4_1)
                                                         _047_ (net)
                      0.035393    0.000004    1.737046 v _124_/B (sky130_fd_sc_hd__and4b_1)
     1    0.002872    0.040204    0.163145    1.900191 v _124_/X (sky130_fd_sc_hd__and4b_1)
                                                         _048_ (net)
                      0.040204    0.000014    1.900205 v fanout9/A (sky130_fd_sc_hd__buf_2)
     7    0.024937    0.069419    0.161065    2.061270 v fanout9/X (sky130_fd_sc_hd__buf_2)
                                                         net9 (net)
                      0.069419    0.000099    2.061369 v _141_/S (sky130_fd_sc_hd__mux2_1)
     1    0.002167    0.053122    0.306482    2.367851 v _141_/X (sky130_fd_sc_hd__mux2_1)
                                                         _016_ (net)
                      0.053122    0.000003    2.367854 v _174_/D (sky130_fd_sc_hd__dfrtp_1)
                                              2.367854   data arrival time

                               3125.000000 3125.000000   clock clk_i (rise edge)
                                  0.000000 3125.000000   clock source latency
     1    0.012202    0.061155    0.041155 3125.041260 ^ clk_i (in)
                                                         clk_i (net)
                      0.061156    0.000000 3125.041260 ^ clkbuf_0_clk_i/A (sky130_fd_sc_hd__clkbuf_16)
     4    0.035589    0.055923    0.144610 3125.185791 ^ clkbuf_0_clk_i/X (sky130_fd_sc_hd__clkbuf_16)
                                                         clknet_0_clk_i (net)
                      0.055924    0.000227 3125.186035 ^ clkbuf_2_3__f_clk_i/A (sky130_fd_sc_hd__clkbuf_16)
     8    0.023997    0.045359    0.133241 3125.319336 ^ clkbuf_2_3__f_clk_i/X (sky130_fd_sc_hd__clkbuf_16)
                                                         clknet_2_3__leaf_clk_i (net)
                      0.045359    0.000000 3125.319336 ^ _174_/CLK (sky130_fd_sc_hd__dfrtp_1)
                                 -0.250000 3125.069092   clock uncertainty
                                  0.000000 3125.069092   clock reconvergence pessimism
                                 -0.117735 3124.951416   library setup time
                                           3124.951416   data required time
---------------------------------------------------------------------------------------------
                                           3124.951416   data required time
                                             -2.367854   data arrival time
---------------------------------------------------------------------------------------------
                                           3122.583496   slack (MET)


Startpoint: _161_ (rising edge-triggered flip-flop clocked by clk_i)
Endpoint: _189_ (rising edge-triggered flip-flop clocked by clk_i)
Path Group: clk_i
Path Type: max

Fanout         Cap        Slew       Delay        Time   Description
---------------------------------------------------------------------------------------------
                                  0.000000    0.000000   clock clk_i (rise edge)
                                  0.000000    0.000000   clock source latency
     1    0.012202    0.061155    0.041178    0.041178 ^ clk_i (in)
                                                         clk_i (net)
                      0.061156    0.000000    0.041178 ^ clkbuf_0_clk_i/A (sky130_fd_sc_hd__clkbuf_16)
     4    0.035589    0.055923    0.144642    0.185820 ^ clkbuf_0_clk_i/X (sky130_fd_sc_hd__clkbuf_16)
                                                         clknet_0_clk_i (net)
                      0.055924    0.000111    0.185931 ^ clkbuf_2_1__f_clk_i/A (sky130_fd_sc_hd__clkbuf_16)
     9    0.023799    0.045180    0.133110    0.319040 ^ clkbuf_2_1__f_clk_i/X (sky130_fd_sc_hd__clkbuf_16)
                                                         clknet_2_1__leaf_clk_i (net)
                      0.045180    0.000076    0.319116 ^ _161_/CLK (sky130_fd_sc_hd__dfrtp_1)
     1    0.002925    0.039823    0.353342    0.672459 v _161_/Q (sky130_fd_sc_hd__dfrtp_1)
                                                         rng_rd.cache[2] (net)
                      0.039823    0.000013    0.672471 v fanout11/A (sky130_fd_sc_hd__clkbuf_2)
     6    0.023339    0.093598    0.156325    0.828797 v fanout11/X (sky130_fd_sc_hd__clkbuf_2)
                                                         net11 (net)
                      0.093598    0.000067    0.828864 v fanout10/A (sky130_fd_sc_hd__clkbuf_2)
    10    0.025947    0.102836    0.187417    1.016280 v fanout10/X (sky130_fd_sc_hd__clkbuf_2)
                                                         net10 (net)
                      0.102836    0.000019    1.016300 v _107_/A (sky130_fd_sc_hd__or2_1)
     1    0.002535    0.047680    0.239276    1.255576 v _107_/X (sky130_fd_sc_hd__or2_1)
                                                         _078_ (net)
                      0.047680    0.000004    1.255581 v _111_/A1 (sky130_fd_sc_hd__a221o_1)
     1    0.003749    0.056969    0.314677    1.570258 v _111_/X (sky130_fd_sc_hd__a221o_1)
                                                         _035_ (net)
                      0.056969    0.000034    1.570292 v _123_/B (sky130_fd_sc_hd__and4_1)
     1    0.001963    0.035393    0.166751    1.737042 v _123_/X (sky130_fd_sc_hd__and4_1)
                                                         _047_ (net)
                      0.035393    0.000004    1.737046 v _124_/B (sky130_fd_sc_hd__and4b_1)
     1    0.002872    0.040204    0.163145    1.900191 v _124_/X (sky130_fd_sc_hd__and4b_1)
                                                         _048_ (net)
                      0.040204    0.000014    1.900205 v fanout9/A (sky130_fd_sc_hd__buf_2)
     7    0.024937    0.069419    0.161065    2.061270 v fanout9/X (sky130_fd_sc_hd__buf_2)
                                                         net9 (net)
                      0.069419    0.000017    2.061287 v fanout7/A (sky130_fd_sc_hd__clkbuf_4)
    10    0.040906    0.091194    0.204080    2.265368 v fanout7/X (sky130_fd_sc_hd__clkbuf_4)
                                                         net7 (net)
                      0.091194    0.000174    2.265542 v _125_/A (sky130_fd_sc_hd__inv_2)
     1    0.002761    0.031579    0.055557    2.321099 ^ _125_/Y (sky130_fd_sc_hd__inv_2)
                                                         _000_ (net)
                      0.031579    0.000009    2.321108 ^ _189_/D (sky130_fd_sc_hd__dfrtp_1)
                                              2.321108   data arrival time

                               3125.000000 3125.000000   clock clk_i (rise edge)
                                  0.000000 3125.000000   clock source latency
     1    0.012202    0.061155    0.041155 3125.041260 ^ clk_i (in)
                                                         clk_i (net)
                      0.061156    0.000000 3125.041260 ^ clkbuf_0_clk_i/A (sky130_fd_sc_hd__clkbuf_16)
     4    0.035589    0.055923    0.144610 3125.185791 ^ clkbuf_0_clk_i/X (sky130_fd_sc_hd__clkbuf_16)
                                                         clknet_0_clk_i (net)
                      0.055924    0.000227 3125.186035 ^ clkbuf_2_0__f_clk_i/A (sky130_fd_sc_hd__clkbuf_16)
    10    0.023985    0.045340    0.133241 3125.319336 ^ clkbuf_2_0__f_clk_i/X (sky130_fd_sc_hd__clkbuf_16)
                                                         clknet_2_0__leaf_clk_i (net)
                      0.045340    0.000227 3125.319580 ^ _189_/CLK (sky130_fd_sc_hd__dfrtp_1)
                                 -0.250000 3125.069336   clock uncertainty
                                  0.000000 3125.069336   clock reconvergence pessimism
                                 -0.056677 3125.012695   library setup time
                                           3125.012695   data required time
---------------------------------------------------------------------------------------------
                                           3125.012695   data required time
                                             -2.321108   data arrival time
---------------------------------------------------------------------------------------------
                                           3122.691650   slack (MET)


Startpoint: _178_ (rising edge-triggered flip-flop clocked by clk_i)
Endpoint: _193_ (rising edge-triggered flip-flop clocked by clk_i)
Path Group: clk_i
Path Type: max

Fanout         Cap        Slew       Delay        Time   Description
---------------------------------------------------------------------------------------------
                                  0.000000    0.000000   clock clk_i (rise edge)
                                  0.000000    0.000000   clock source latency
     1    0.012202    0.061155    0.041178    0.041178 ^ clk_i (in)
                                                         clk_i (net)
                      0.061156    0.000000    0.041178 ^ clkbuf_0_clk_i/A (sky130_fd_sc_hd__clkbuf_16)
     4    0.035589    0.055923    0.144642    0.185820 ^ clkbuf_0_clk_i/X (sky130_fd_sc_hd__clkbuf_16)
                                                         clknet_0_clk_i (net)
                      0.055924    0.000158    0.185977 ^ clkbuf_2_0__f_clk_i/A (sky130_fd_sc_hd__clkbuf_16)
    10    0.023985    0.045340    0.133271    0.319248 ^ clkbuf_2_0__f_clk_i/X (sky130_fd_sc_hd__clkbuf_16)
                                                         clknet_2_0__leaf_clk_i (net)
                      0.045340    0.000120    0.319368 ^ _178_/CLK (sky130_fd_sc_hd__dfrtp_1)
     2    0.004720    0.049715    0.364336    0.683704 v _178_/Q (sky130_fd_sc_hd__dfrtp_1)
                                                         rng_rd.wr_ff2 (net)
                      0.049715    0.000009    0.683713 v _126_/B (sky130_fd_sc_hd__and2b_1)
     1    0.002233    0.032080    0.148722    0.832435 v _126_/X (sky130_fd_sc_hd__and2b_1)
                                                         _001_ (net)
                      0.032080    0.000004    0.832438 v _193_/D (sky130_fd_sc_hd__dfrtp_1)
                                              0.832438   data arrival time

                               3125.000000 3125.000000   clock clk_i (rise edge)
                                  0.000000 3125.000000   clock source latency
     1    0.012202    0.061155    0.041155 3125.041260 ^ clk_i (in)
                                                         clk_i (net)
                      0.061156    0.000000 3125.041260 ^ clkbuf_0_clk_i/A (sky130_fd_sc_hd__clkbuf_16)
     4    0.035589    0.055923    0.144610 3125.185791 ^ clkbuf_0_clk_i/X (sky130_fd_sc_hd__clkbuf_16)
                                                         clknet_0_clk_i (net)
                      0.055924    0.000227 3125.186035 ^ clkbuf_2_0__f_clk_i/A (sky130_fd_sc_hd__clkbuf_16)
    10    0.023985    0.045340    0.133241 3125.319336 ^ clkbuf_2_0__f_clk_i/X (sky130_fd_sc_hd__clkbuf_16)
                                                         clknet_2_0__leaf_clk_i (net)
                      0.045340    0.000000 3125.319336 ^ _193_/CLK (sky130_fd_sc_hd__dfrtp_1)
                                 -0.250000 3125.069092   clock uncertainty
                                  0.000000 3125.069092   clock reconvergence pessimism
                                 -0.108559 3124.960693   library setup time
                                           3124.960693   data required time
---------------------------------------------------------------------------------------------
                                           3124.960693   data required time
                                             -0.832438   data arrival time
---------------------------------------------------------------------------------------------
                                           3124.128174   slack (MET)


Startpoint: _178_ (rising edge-triggered flip-flop clocked by clk_i)
Endpoint: _185_ (rising edge-triggered flip-flop clocked by clk_i)
Path Group: clk_i
Path Type: max

Fanout         Cap        Slew       Delay        Time   Description
---------------------------------------------------------------------------------------------
                                  0.000000    0.000000   clock clk_i (rise edge)
                                  0.000000    0.000000   clock source latency
     1    0.012202    0.061155    0.041178    0.041178 ^ clk_i (in)
                                                         clk_i (net)
                      0.061156    0.000000    0.041178 ^ clkbuf_0_clk_i/A (sky130_fd_sc_hd__clkbuf_16)
     4    0.035589    0.055923    0.144642    0.185820 ^ clkbuf_0_clk_i/X (sky130_fd_sc_hd__clkbuf_16)
                                                         clknet_0_clk_i (net)
                      0.055924    0.000158    0.185977 ^ clkbuf_2_0__f_clk_i/A (sky130_fd_sc_hd__clkbuf_16)
    10    0.023985    0.045340    0.133271    0.319248 ^ clkbuf_2_0__f_clk_i/X (sky130_fd_sc_hd__clkbuf_16)
                                                         clknet_2_0__leaf_clk_i (net)
                      0.045340    0.000120    0.319368 ^ _178_/CLK (sky130_fd_sc_hd__dfrtp_1)
     2    0.004720    0.049715    0.364336    0.683704 v _178_/Q (sky130_fd_sc_hd__dfrtp_1)
                                                         rng_rd.wr_ff2 (net)
                      0.049715    0.000015    0.683719 v _185_/D (sky130_fd_sc_hd__dfrtp_1)
                                              0.683719   data arrival time

                               3125.000000 3125.000000   clock clk_i (rise edge)
                                  0.000000 3125.000000   clock source latency
     1    0.012202    0.061155    0.041155 3125.041260 ^ clk_i (in)
                                                         clk_i (net)
                      0.061156    0.000000 3125.041260 ^ clkbuf_0_clk_i/A (sky130_fd_sc_hd__clkbuf_16)
     4    0.035589    0.055923    0.144610 3125.185791 ^ clkbuf_0_clk_i/X (sky130_fd_sc_hd__clkbuf_16)
                                                         clknet_0_clk_i (net)
                      0.055924    0.000227 3125.186035 ^ clkbuf_2_0__f_clk_i/A (sky130_fd_sc_hd__clkbuf_16)
    10    0.023985    0.045340    0.133241 3125.319336 ^ clkbuf_2_0__f_clk_i/X (sky130_fd_sc_hd__clkbuf_16)
                                                         clknet_2_0__leaf_clk_i (net)
                      0.045340    0.000227 3125.319580 ^ _185_/CLK (sky130_fd_sc_hd__dfrtp_1)
                                 -0.250000 3125.069336   clock uncertainty
                                  0.000000 3125.069336   clock reconvergence pessimism
                                 -0.116253 3124.953125   library setup time
                                           3124.953125   data required time
---------------------------------------------------------------------------------------------
                                           3124.953125   data required time
                                             -0.683719   data arrival time
---------------------------------------------------------------------------------------------
                                           3124.269531   slack (MET)


Startpoint: _168_ (rising edge-triggered flip-flop clocked by clk_i)
Endpoint: _178_ (rising edge-triggered flip-flop clocked by clk_i)
Path Group: clk_i
Path Type: max

Fanout         Cap        Slew       Delay        Time   Description
---------------------------------------------------------------------------------------------
                                  0.000000    0.000000   clock clk_i (rise edge)
                                  0.000000    0.000000   clock source latency
     1    0.012202    0.061155    0.041178    0.041178 ^ clk_i (in)
                                                         clk_i (net)
                      0.061156    0.000000    0.041178 ^ clkbuf_0_clk_i/A (sky130_fd_sc_hd__clkbuf_16)
     4    0.035589    0.055923    0.144642    0.185820 ^ clkbuf_0_clk_i/X (sky130_fd_sc_hd__clkbuf_16)
                                                         clknet_0_clk_i (net)
                      0.055924    0.000158    0.185977 ^ clkbuf_2_0__f_clk_i/A (sky130_fd_sc_hd__clkbuf_16)
    10    0.023985    0.045340    0.133271    0.319248 ^ clkbuf_2_0__f_clk_i/X (sky130_fd_sc_hd__clkbuf_16)
                                                         clknet_2_0__leaf_clk_i (net)
                      0.045340    0.000128    0.319377 ^ _168_/CLK (sky130_fd_sc_hd__dfrtp_1)
     1    0.002365    0.038302    0.349218    0.668595 v _168_/Q (sky130_fd_sc_hd__dfrtp_1)
                                                         rng_rd.wr_ff1 (net)
                      0.038302    0.000005    0.668600 v _178_/D (sky130_fd_sc_hd__dfrtp_1)
                                              0.668600   data arrival time

                               3125.000000 3125.000000   clock clk_i (rise edge)
                                  0.000000 3125.000000   clock source latency
     1    0.012202    0.061155    0.041155 3125.041260 ^ clk_i (in)
                                                         clk_i (net)
                      0.061156    0.000000 3125.041260 ^ clkbuf_0_clk_i/A (sky130_fd_sc_hd__clkbuf_16)
     4    0.035589    0.055923    0.144610 3125.185791 ^ clkbuf_0_clk_i/X (sky130_fd_sc_hd__clkbuf_16)
                                                         clknet_0_clk_i (net)
                      0.055924    0.000227 3125.186035 ^ clkbuf_2_0__f_clk_i/A (sky130_fd_sc_hd__clkbuf_16)
    10    0.023985    0.045340    0.133241 3125.319336 ^ clkbuf_2_0__f_clk_i/X (sky130_fd_sc_hd__clkbuf_16)
                                                         clknet_2_0__leaf_clk_i (net)
                      0.045340    0.000227 3125.319580 ^ _178_/CLK (sky130_fd_sc_hd__dfrtp_1)
                                 -0.250000 3125.069336   clock uncertainty
                                  0.000000 3125.069336   clock reconvergence pessimism
                                 -0.111273 3124.958252   library setup time
                                           3124.958252   data required time
---------------------------------------------------------------------------------------------
                                           3124.958252   data required time
                                             -0.668600   data arrival time
---------------------------------------------------------------------------------------------
                                           3124.289551   slack (MET)



