
===========================================================================
report_checks -path_delay max (Setup)
============================================================================
======================= nom_tt_025C_1v80 Corner ===================================

Startpoint: _369_ (rising edge-triggered flip-flop clocked by clk_i)
Endpoint: num_to_send_o[2] (output port clocked by clk_i)
Path Group: clk_i
Path Type: max

Fanout         Cap        Slew       Delay        Time   Description
---------------------------------------------------------------------------------------------
                                  0.000000    0.000000   clock clk_i (rise edge)
                                  0.000000    0.000000   clock source latency
    60    0.155899    0.699731    0.482675    0.482675 ^ clk_i (in)
                                                         clk_i (net)
                      0.699747    0.000000    0.482675 ^ _369_/CLK (sky130_fd_sc_hd__dfrtp_2)
     4    0.047965    0.233223    0.648677    1.131352 ^ _369_/Q (sky130_fd_sc_hd__dfrtp_2)
                                                         num_to_send_o[2] (net)
                      0.233223    0.000296    1.131648 ^ num_to_send_o[2] (out)
                                              1.131648   data arrival time

                               3125.000000 3125.000000   clock clk_i (rise edge)
                                  0.000000 3125.000000   clock network delay (propagated)
                                 -0.250000 3124.750000   clock uncertainty
                                  0.000000 3124.750000   clock reconvergence pessimism
                               -625.000000 2499.750000   output external delay
                                           2499.750000   data required time
---------------------------------------------------------------------------------------------
                                           2499.750000   data required time
                                             -1.131648   data arrival time
---------------------------------------------------------------------------------------------
                                           2498.618164   slack (MET)


Startpoint: _367_ (rising edge-triggered flip-flop clocked by clk_i)
Endpoint: num_to_send_o[0] (output port clocked by clk_i)
Path Group: clk_i
Path Type: max

Fanout         Cap        Slew       Delay        Time   Description
---------------------------------------------------------------------------------------------
                                  0.000000    0.000000   clock clk_i (rise edge)
                                  0.000000    0.000000   clock source latency
    60    0.155899    0.699731    0.482475    0.482475 ^ clk_i (in)
                                                         clk_i (net)
                      0.699745    0.000000    0.482475 ^ _367_/CLK (sky130_fd_sc_hd__dfrtp_2)
     4    0.042486    0.125559    0.635553    1.118028 v _367_/Q (sky130_fd_sc_hd__dfrtp_2)
                                                         num_to_send_o[0] (net)
                      0.125559    0.000162    1.118190 v num_to_send_o[0] (out)
                                              1.118190   data arrival time

                               3125.000000 3125.000000   clock clk_i (rise edge)
                                  0.000000 3125.000000   clock network delay (propagated)
                                 -0.250000 3124.750000   clock uncertainty
                                  0.000000 3124.750000   clock reconvergence pessimism
                               -625.000000 2499.750000   output external delay
                                           2499.750000   data required time
---------------------------------------------------------------------------------------------
                                           2499.750000   data required time
                                             -1.118190   data arrival time
---------------------------------------------------------------------------------------------
                                           2498.631592   slack (MET)


Startpoint: _368_ (rising edge-triggered flip-flop clocked by clk_i)
Endpoint: num_to_send_o[1] (output port clocked by clk_i)
Path Group: clk_i
Path Type: max

Fanout         Cap        Slew       Delay        Time   Description
---------------------------------------------------------------------------------------------
                                  0.000000    0.000000   clock clk_i (rise edge)
                                  0.000000    0.000000   clock source latency
    60    0.155899    0.699731    0.482567    0.482567 ^ clk_i (in)
                                                         clk_i (net)
                      0.699746    0.000000    0.482567 ^ _368_/CLK (sky130_fd_sc_hd__dfrtp_2)
     5    0.044217    0.216213    0.636665    1.119231 ^ _368_/Q (sky130_fd_sc_hd__dfrtp_2)
                                                         num_to_send_o[1] (net)
                      0.216213    0.000264    1.119495 ^ num_to_send_o[1] (out)
                                              1.119495   data arrival time

                               3125.000000 3125.000000   clock clk_i (rise edge)
                                  0.000000 3125.000000   clock network delay (propagated)
                                 -0.250000 3124.750000   clock uncertainty
                                  0.000000 3124.750000   clock reconvergence pessimism
                               -625.000000 2499.750000   output external delay
                                           2499.750000   data required time
---------------------------------------------------------------------------------------------
                                           2499.750000   data required time
                                             -1.119495   data arrival time
---------------------------------------------------------------------------------------------
                                           2498.630371   slack (MET)


Startpoint: req_num_i (input port clocked by clk_i)
Endpoint: _388_ (rising edge-triggered flip-flop clocked by clk_i)
Path Group: clk_i
Path Type: max

Fanout         Cap        Slew       Delay        Time   Description
---------------------------------------------------------------------------------------------
                                  0.000000    0.000000   clock clk_i (rise edge)
                                  0.000000    0.000000   clock network delay (propagated)
                                625.000000  625.000000 v input external delay
     1    0.002433    0.007786    0.003809  625.003784 v req_num_i (in)
                                                         req_num_i (net)
                      0.007786    0.000000  625.003784 v _246_/A (sky130_fd_sc_hd__or2_2)
    10    0.035737    0.131514    0.383864  625.387695 v _246_/X (sky130_fd_sc_hd__or2_2)
                                                         _136_ (net)
                      0.131514    0.000171  625.387817 v _326_/C (sky130_fd_sc_hd__and3_2)
     2    0.012704    0.063242    0.275804  625.663635 v _326_/X (sky130_fd_sc_hd__and3_2)
                                                         _164_ (net)
                      0.063242    0.000000  625.663635 v _329_/B (sky130_fd_sc_hd__xnor2_2)
     1    0.002014    0.039912    0.124373  625.788025 v _329_/Y (sky130_fd_sc_hd__xnor2_2)
                                                         _053_ (net)
                      0.039912    0.000000  625.788025 v _388_/D (sky130_fd_sc_hd__dfrtp_2)
                                            625.788025   data arrival time

                               3125.000000 3125.000000   clock clk_i (rise edge)
                                  0.000000 3125.000000   clock source latency
    60    0.155899    0.699731    0.484079 3125.484131 ^ clk_i (in)
                                                         clk_i (net)
                      0.699770    0.000000 3125.484131 ^ _388_/CLK (sky130_fd_sc_hd__dfrtp_2)
                                 -0.250000 3125.233887   clock uncertainty
                                  0.000000 3125.233887   clock reconvergence pessimism
                                  0.008909 3125.242920   library setup time
                                           3125.242920   data required time
---------------------------------------------------------------------------------------------
                                           3125.242920   data required time
                                           -625.788025   data arrival time
---------------------------------------------------------------------------------------------
                                           2499.454834   slack (MET)


Startpoint: req_num_i (input port clocked by clk_i)
Endpoint: _337_ (rising edge-triggered flip-flop clocked by clk_i)
Path Group: clk_i
Path Type: max

Fanout         Cap        Slew       Delay        Time   Description
---------------------------------------------------------------------------------------------
                                  0.000000    0.000000   clock clk_i (rise edge)
                                  0.000000    0.000000   clock network delay (propagated)
                                625.000000  625.000000 v input external delay
     1    0.002433    0.007786    0.003809  625.003784 v req_num_i (in)
                                                         req_num_i (net)
                      0.007786    0.000000  625.003784 v _246_/A (sky130_fd_sc_hd__or2_2)
    10    0.035737    0.131514    0.383864  625.387695 v _246_/X (sky130_fd_sc_hd__or2_2)
                                                         _136_ (net)
                      0.131514    0.000341  625.388000 v _274_/C1 (sky130_fd_sc_hd__o311a_2)
     1    0.001867    0.051709    0.144553  625.532593 v _274_/X (sky130_fd_sc_hd__o311a_2)
                                                         _157_ (net)
                      0.051709    0.000000  625.532593 v _275_/A1_N (sky130_fd_sc_hd__o2bb2a_2)
     1    0.002310    0.038194    0.235843  625.768433 ^ _275_/X (sky130_fd_sc_hd__o2bb2a_2)
                                                         _007_ (net)
                      0.038194    0.000000  625.768433 ^ _337_/D (sky130_fd_sc_hd__dfrtp_2)
                                            625.768433   data arrival time

                               3125.000000 3125.000000   clock clk_i (rise edge)
                                  0.000000 3125.000000   clock source latency
    60    0.155899    0.699731    0.482714 3125.482666 ^ clk_i (in)
                                                         clk_i (net)
                      0.699749    0.000000 3125.482666 ^ _337_/CLK (sky130_fd_sc_hd__dfrtp_2)
                                 -0.250000 3125.232666   clock uncertainty
                                  0.000000 3125.232666   clock reconvergence pessimism
                                  0.014051 3125.246826   library setup time
                                           3125.246826   data required time
---------------------------------------------------------------------------------------------
                                           3125.246826   data required time
                                           -625.768433   data arrival time
---------------------------------------------------------------------------------------------
                                           2499.478516   slack (MET)


Startpoint: req_num_i (input port clocked by clk_i)
Endpoint: _338_ (rising edge-triggered flip-flop clocked by clk_i)
Path Group: clk_i
Path Type: max

Fanout         Cap        Slew       Delay        Time   Description
---------------------------------------------------------------------------------------------
                                  0.000000    0.000000   clock clk_i (rise edge)
                                  0.000000    0.000000   clock network delay (propagated)
                                625.000000  625.000000 v input external delay
     1    0.002433    0.007786    0.003809  625.003784 v req_num_i (in)
                                                         req_num_i (net)
                      0.007786    0.000000  625.003784 v _246_/A (sky130_fd_sc_hd__or2_2)
    10    0.035737    0.131514    0.383864  625.387695 v _246_/X (sky130_fd_sc_hd__or2_2)
                                                         _136_ (net)
                      0.131514    0.000341  625.388000 v _281_/B1 (sky130_fd_sc_hd__o31a_2)
     1    0.001885    0.047773    0.142677  625.530701 v _281_/X (sky130_fd_sc_hd__o31a_2)
                                                         _163_ (net)
                      0.047773    0.000000  625.530701 v _282_/A1_N (sky130_fd_sc_hd__o2bb2a_2)
     1    0.002446    0.041569    0.234877  625.765564 ^ _282_/X (sky130_fd_sc_hd__o2bb2a_2)
                                                         _008_ (net)
                      0.041569    0.000000  625.765564 ^ _338_/D (sky130_fd_sc_hd__dfrtp_2)
                                            625.765564   data arrival time

                               3125.000000 3125.000000   clock clk_i (rise edge)
                                  0.000000 3125.000000   clock source latency
    60    0.155899    0.699731    0.482714 3125.482666 ^ clk_i (in)
                                                         clk_i (net)
                      0.699748    0.000000 3125.482666 ^ _338_/CLK (sky130_fd_sc_hd__dfrtp_2)
                                 -0.250000 3125.232666   clock uncertainty
                                  0.000000 3125.232666   clock reconvergence pessimism
                                  0.013349 3125.246094   library setup time
                                           3125.246094   data required time
---------------------------------------------------------------------------------------------
                                           3125.246094   data required time
                                           -625.765564   data arrival time
---------------------------------------------------------------------------------------------
                                           2499.480469   slack (MET)


Startpoint: req_num_i (input port clocked by clk_i)
Endpoint: _387_ (rising edge-triggered flip-flop clocked by clk_i)
Path Group: clk_i
Path Type: max

Fanout         Cap        Slew       Delay        Time   Description
---------------------------------------------------------------------------------------------
                                  0.000000    0.000000   clock clk_i (rise edge)
                                  0.000000    0.000000   clock network delay (propagated)
                                625.000000  625.000000 v input external delay
     1    0.002433    0.007786    0.003809  625.003784 v req_num_i (in)
                                                         req_num_i (net)
                      0.007786    0.000000  625.003784 v _246_/A (sky130_fd_sc_hd__or2_2)
    10    0.035737    0.131514    0.383864  625.387695 v _246_/X (sky130_fd_sc_hd__or2_2)
                                                         _136_ (net)
                      0.131514    0.000171  625.387817 v _326_/C (sky130_fd_sc_hd__and3_2)
     2    0.012704    0.063242    0.275804  625.663635 v _326_/X (sky130_fd_sc_hd__and3_2)
                                                         _164_ (net)
                      0.063242    0.000000  625.663635 v _328_/A (sky130_fd_sc_hd__nor2_2)
     1    0.002499    0.059495    0.096918  625.760559 ^ _328_/Y (sky130_fd_sc_hd__nor2_2)
                                                         _052_ (net)
                      0.059495    0.000000  625.760559 ^ _387_/D (sky130_fd_sc_hd__dfrtp_2)
                                            625.760559   data arrival time

                               3125.000000 3125.000000   clock clk_i (rise edge)
                                  0.000000 3125.000000   clock source latency
    60    0.155899    0.699731    0.484079 3125.484131 ^ clk_i (in)
                                                         clk_i (net)
                      0.699770    0.000000 3125.484131 ^ _387_/CLK (sky130_fd_sc_hd__dfrtp_2)
                                 -0.250000 3125.233887   clock uncertainty
                                  0.000000 3125.233887   clock reconvergence pessimism
                                  0.009621 3125.243408   library setup time
                                           3125.243408   data required time
---------------------------------------------------------------------------------------------
                                           3125.243408   data required time
                                           -625.760559   data arrival time
---------------------------------------------------------------------------------------------
                                           2499.482910   slack (MET)


Startpoint: rst_i (input port clocked by clk_i)
Endpoint: _367_ (recovery check against rising-edge clock clk_i)
Path Group: asynchronous
Path Type: max

Fanout         Cap        Slew       Delay        Time   Description
---------------------------------------------------------------------------------------------
                                  0.000000    0.000000   clock clk_i (rise edge)
                                  0.000000    0.000000   clock network delay (propagated)
                                625.000000  625.000000 ^ input external delay
    60    0.259588    1.158879    0.800640  625.800659 ^ rst_i (in)
                                                         rst_i (net)
                      1.158911    0.000000  625.800659 ^ _367_/RESET_B (sky130_fd_sc_hd__dfrtp_2)
                                            625.800659   data arrival time

                               3125.000000 3125.000000   clock clk_i (rise edge)
                                  0.000000 3125.000000   clock source latency
    60    0.155899    0.699731    0.482487 3125.482422 ^ clk_i (in)
                                                         clk_i (net)
                      0.699745    0.000000 3125.482422 ^ _367_/CLK (sky130_fd_sc_hd__dfrtp_2)
                                 -0.250000 3125.232422   clock uncertainty
                                  0.000000 3125.232422   clock reconvergence pessimism
                                  0.057611 3125.289795   library recovery time
                                           3125.289795   data required time
---------------------------------------------------------------------------------------------
                                           3125.289795   data required time
                                           -625.800659   data arrival time
---------------------------------------------------------------------------------------------
                                           2499.489258   slack (MET)


Startpoint: rst_i (input port clocked by clk_i)
Endpoint: _334_ (recovery check against rising-edge clock clk_i)
Path Group: asynchronous
Path Type: max

Fanout         Cap        Slew       Delay        Time   Description
---------------------------------------------------------------------------------------------
                                  0.000000    0.000000   clock clk_i (rise edge)
                                  0.000000    0.000000   clock network delay (propagated)
                                625.000000  625.000000 ^ input external delay
    60    0.259588    1.158879    0.799730  625.799744 ^ rst_i (in)
                                                         rst_i (net)
                      1.158901    0.000000  625.799744 ^ _334_/RESET_B (sky130_fd_sc_hd__dfrtp_2)
                                            625.799744   data arrival time

                               3125.000000 3125.000000   clock clk_i (rise edge)
                                  0.000000 3125.000000   clock source latency
    60    0.155899    0.699731    0.484079 3125.484131 ^ clk_i (in)
                                                         clk_i (net)
                      0.699767    0.000000 3125.484131 ^ _334_/CLK (sky130_fd_sc_hd__dfrtp_2)
                                 -0.250000 3125.233887   clock uncertainty
                                  0.000000 3125.233887   clock reconvergence pessimism
                                  0.057618 3125.291504   library recovery time
                                           3125.291504   data required time
---------------------------------------------------------------------------------------------
                                           3125.291504   data required time
                                           -625.799744   data arrival time
---------------------------------------------------------------------------------------------
                                           2499.491943   slack (MET)


Startpoint: rst_i (input port clocked by clk_i)
Endpoint: _335_ (recovery check against rising-edge clock clk_i)
Path Group: asynchronous
Path Type: max

Fanout         Cap        Slew       Delay        Time   Description
---------------------------------------------------------------------------------------------
                                  0.000000    0.000000   clock clk_i (rise edge)
                                  0.000000    0.000000   clock network delay (propagated)
                                625.000000  625.000000 ^ input external delay
    60    0.259588    1.158879    0.799616  625.799622 ^ rst_i (in)
                                                         rst_i (net)
                      1.158899    0.000000  625.799622 ^ _335_/RESET_B (sky130_fd_sc_hd__dfrtp_2)
                                            625.799622   data arrival time

                               3125.000000 3125.000000   clock clk_i (rise edge)
                                  0.000000 3125.000000   clock source latency
    60    0.155899    0.699731    0.484079 3125.484131 ^ clk_i (in)
                                                         clk_i (net)
                      0.699769    0.000000 3125.484131 ^ _335_/CLK (sky130_fd_sc_hd__dfrtp_2)
                                 -0.250000 3125.233887   clock uncertainty
                                  0.000000 3125.233887   clock reconvergence pessimism
                                  0.057618 3125.291504   library recovery time
                                           3125.291504   data required time
---------------------------------------------------------------------------------------------
                                           3125.291504   data required time
                                           -625.799622   data arrival time
---------------------------------------------------------------------------------------------
                                           2499.491943   slack (MET)


Startpoint: rst_i (input port clocked by clk_i)
Endpoint: _336_ (recovery check against rising-edge clock clk_i)
Path Group: asynchronous
Path Type: max

Fanout         Cap        Slew       Delay        Time   Description
---------------------------------------------------------------------------------------------
                                  0.000000    0.000000   clock clk_i (rise edge)
                                  0.000000    0.000000   clock network delay (propagated)
                                625.000000  625.000000 ^ input external delay
    60    0.259588    1.158879    0.799787  625.799805 ^ rst_i (in)
                                                         rst_i (net)
                      1.158901    0.000000  625.799805 ^ _336_/RESET_B (sky130_fd_sc_hd__dfrtp_2)
                                            625.799805   data arrival time

                               3125.000000 3125.000000   clock clk_i (rise edge)
                                  0.000000 3125.000000   clock source latency
    60    0.155899    0.699731    0.484079 3125.484131 ^ clk_i (in)
                                                         clk_i (net)
                      0.699769    0.000000 3125.484131 ^ _336_/CLK (sky130_fd_sc_hd__dfrtp_2)
                                 -0.250000 3125.233887   clock uncertainty
                                  0.000000 3125.233887   clock reconvergence pessimism
                                  0.057618 3125.291504   library recovery time
                                           3125.291504   data required time
---------------------------------------------------------------------------------------------
                                           3125.291504   data required time
                                           -625.799805   data arrival time
---------------------------------------------------------------------------------------------
                                           2499.491699   slack (MET)


Startpoint: rst_i (input port clocked by clk_i)
Endpoint: _337_ (recovery check against rising-edge clock clk_i)
Path Group: asynchronous
Path Type: max

Fanout         Cap        Slew       Delay        Time   Description
---------------------------------------------------------------------------------------------
                                  0.000000    0.000000   clock clk_i (rise edge)
                                  0.000000    0.000000   clock network delay (propagated)
                                625.000000  625.000000 ^ input external delay
    60    0.259588    1.158879    0.799957  625.799988 ^ rst_i (in)
                                                         rst_i (net)
                      1.158903    0.000000  625.799988 ^ _337_/RESET_B (sky130_fd_sc_hd__dfrtp_2)
                                            625.799988   data arrival time

                               3125.000000 3125.000000   clock clk_i (rise edge)
                                  0.000000 3125.000000   clock source latency
    60    0.155899    0.699731    0.482714 3125.482666 ^ clk_i (in)
                                                         clk_i (net)
                      0.699749    0.000000 3125.482666 ^ _337_/CLK (sky130_fd_sc_hd__dfrtp_2)
                                 -0.250000 3125.232666   clock uncertainty
                                  0.000000 3125.232666   clock reconvergence pessimism
                                  0.057614 3125.290039   library recovery time
                                           3125.290039   data required time
---------------------------------------------------------------------------------------------
                                           3125.290039   data required time
                                           -625.799988   data arrival time
---------------------------------------------------------------------------------------------
                                           2499.490234   slack (MET)


Startpoint: rst_i (input port clocked by clk_i)
Endpoint: _338_ (recovery check against rising-edge clock clk_i)
Path Group: asynchronous
Path Type: max

Fanout         Cap        Slew       Delay        Time   Description
---------------------------------------------------------------------------------------------
                                  0.000000    0.000000   clock clk_i (rise edge)
                                  0.000000    0.000000   clock network delay (propagated)
                                625.000000  625.000000 ^ input external delay
    60    0.259588    1.158879    0.800242  625.800232 ^ rst_i (in)
                                                         rst_i (net)
                      1.158906    0.000000  625.800232 ^ _338_/RESET_B (sky130_fd_sc_hd__dfrtp_2)
                                            625.800232   data arrival time

                               3125.000000 3125.000000   clock clk_i (rise edge)
                                  0.000000 3125.000000   clock source latency
    60    0.155899    0.699731    0.482714 3125.482666 ^ clk_i (in)
                                                         clk_i (net)
                      0.699748    0.000000 3125.482666 ^ _338_/CLK (sky130_fd_sc_hd__dfrtp_2)
                                 -0.250000 3125.232666   clock uncertainty
                                  0.000000 3125.232666   clock reconvergence pessimism
                                  0.057613 3125.290039   library recovery time
                                           3125.290039   data required time
---------------------------------------------------------------------------------------------
                                           3125.290039   data required time
                                           -625.800232   data arrival time
---------------------------------------------------------------------------------------------
                                           2499.489746   slack (MET)


Startpoint: rst_i (input port clocked by clk_i)
Endpoint: _339_ (recovery check against rising-edge clock clk_i)
Path Group: asynchronous
Path Type: max

Fanout         Cap        Slew       Delay        Time   Description
---------------------------------------------------------------------------------------------
                                  0.000000    0.000000   clock clk_i (rise edge)
                                  0.000000    0.000000   clock network delay (propagated)
                                625.000000  625.000000 ^ input external delay
    60    0.259588    1.158879    0.800299  625.800293 ^ rst_i (in)
                                                         rst_i (net)
                      1.158907    0.000000  625.800293 ^ _339_/RESET_B (sky130_fd_sc_hd__dfrtp_2)
                                            625.800293   data arrival time

                               3125.000000 3125.000000   clock clk_i (rise edge)
                                  0.000000 3125.000000   clock source latency
    60    0.155899    0.699731    0.482714 3125.482666 ^ clk_i (in)
                                                         clk_i (net)
                      0.699748    0.000000 3125.482666 ^ _339_/CLK (sky130_fd_sc_hd__dfrtp_2)
                                 -0.250000 3125.232666   clock uncertainty
                                  0.000000 3125.232666   clock reconvergence pessimism
                                  0.057613 3125.290039   library recovery time
                                           3125.290039   data required time
---------------------------------------------------------------------------------------------
                                           3125.290039   data required time
                                           -625.800293   data arrival time
---------------------------------------------------------------------------------------------
                                           2499.489746   slack (MET)


Startpoint: rst_i (input port clocked by clk_i)
Endpoint: _340_ (recovery check against rising-edge clock clk_i)
Path Group: asynchronous
Path Type: max

Fanout         Cap        Slew       Delay        Time   Description
---------------------------------------------------------------------------------------------
                                  0.000000    0.000000   clock clk_i (rise edge)
                                  0.000000    0.000000   clock network delay (propagated)
                                625.000000  625.000000 ^ input external delay
    60    0.259588    1.158879    0.800299  625.800293 ^ rst_i (in)
                                                         rst_i (net)
                      1.158907    0.000000  625.800293 ^ _340_/RESET_B (sky130_fd_sc_hd__dfrtp_2)
                                            625.800293   data arrival time

                               3125.000000 3125.000000   clock clk_i (rise edge)
                                  0.000000 3125.000000   clock source latency
    60    0.155899    0.699731    0.482714 3125.482666 ^ clk_i (in)
                                                         clk_i (net)
                      0.699748    0.000000 3125.482666 ^ _340_/CLK (sky130_fd_sc_hd__dfrtp_2)
                                 -0.250000 3125.232666   clock uncertainty
                                  0.000000 3125.232666   clock reconvergence pessimism
                                  0.057613 3125.290039   library recovery time
                                           3125.290039   data required time
---------------------------------------------------------------------------------------------
                                           3125.290039   data required time
                                           -625.800293   data arrival time
---------------------------------------------------------------------------------------------
                                           2499.489746   slack (MET)


Startpoint: rst_i (input port clocked by clk_i)
Endpoint: _361_ (recovery check against rising-edge clock clk_i)
Path Group: asynchronous
Path Type: max

Fanout         Cap        Slew       Delay        Time   Description
---------------------------------------------------------------------------------------------
                                  0.000000    0.000000   clock clk_i (rise edge)
                                  0.000000    0.000000   clock network delay (propagated)
                                625.000000  625.000000 ^ input external delay
    60    0.259588    1.158879    0.800640  625.800659 ^ rst_i (in)
                                                         rst_i (net)
                      1.158911    0.000000  625.800659 ^ _361_/RESET_B (sky130_fd_sc_hd__dfrtp_2)
                                            625.800659   data arrival time

                               3125.000000 3125.000000   clock clk_i (rise edge)
                                  0.000000 3125.000000   clock source latency
    60    0.155899    0.699731    0.482714 3125.482666 ^ clk_i (in)
                                                         clk_i (net)
                      0.699749    0.000000 3125.482666 ^ _361_/CLK (sky130_fd_sc_hd__dfrtp_2)
                                 -0.250000 3125.232666   clock uncertainty
                                  0.000000 3125.232666   clock reconvergence pessimism
                                  0.057612 3125.290039   library recovery time
                                           3125.290039   data required time
---------------------------------------------------------------------------------------------
                                           3125.290039   data required time
                                           -625.800659   data arrival time
---------------------------------------------------------------------------------------------
                                           2499.489502   slack (MET)


Startpoint: rst_i (input port clocked by clk_i)
Endpoint: _343_ (recovery check against rising-edge clock clk_i)
Path Group: asynchronous
Path Type: max

Fanout         Cap        Slew       Delay        Time   Description
---------------------------------------------------------------------------------------------
                                  0.000000    0.000000   clock clk_i (rise edge)
                                  0.000000    0.000000   clock network delay (propagated)
                                625.000000  625.000000 ^ input external delay
    60    0.259588    1.158879    0.799105  625.799133 ^ rst_i (in)
                                                         rst_i (net)
                      1.158894    0.000000  625.799133 ^ _343_/RESET_B (sky130_fd_sc_hd__dfrtp_2)
                                            625.799133   data arrival time

                               3125.000000 3125.000000   clock clk_i (rise edge)
                                  0.000000 3125.000000   clock source latency
    60    0.155899    0.699731    0.484079 3125.484131 ^ clk_i (in)
                                                         clk_i (net)
                      0.699766    0.000000 3125.484131 ^ _343_/CLK (sky130_fd_sc_hd__dfrtp_2)
                                 -0.250000 3125.233887   clock uncertainty
                                  0.000000 3125.233887   clock reconvergence pessimism
                                  0.057619 3125.291504   library recovery time
                                           3125.291504   data required time
---------------------------------------------------------------------------------------------
                                           3125.291504   data required time
                                           -625.799133   data arrival time
---------------------------------------------------------------------------------------------
                                           2499.492432   slack (MET)


Startpoint: rst_i (input port clocked by clk_i)
Endpoint: _357_ (recovery check against rising-edge clock clk_i)
Path Group: asynchronous
Path Type: max

Fanout         Cap        Slew       Delay        Time   Description
---------------------------------------------------------------------------------------------
                                  0.000000    0.000000   clock clk_i (rise edge)
                                  0.000000    0.000000   clock network delay (propagated)
                                625.000000  625.000000 ^ input external delay
    60    0.259588    1.158879    0.800355  625.800354 ^ rst_i (in)
                                                         rst_i (net)
                      1.158908    0.000000  625.800354 ^ _357_/RESET_B (sky130_fd_sc_hd__dfrtp_2)
                                            625.800354   data arrival time

                               3125.000000 3125.000000   clock clk_i (rise edge)
                                  0.000000 3125.000000   clock source latency
    60    0.155899    0.699731    0.483396 3125.483398 ^ clk_i (in)
                                                         clk_i (net)
                      0.699758    0.000000 3125.483398 ^ _357_/CLK (sky130_fd_sc_hd__dfrtp_2)
                                 -0.250000 3125.233398   clock uncertainty
                                  0.000000 3125.233398   clock reconvergence pessimism
                                  0.057614 3125.290771   library recovery time
                                           3125.290771   data required time
---------------------------------------------------------------------------------------------
                                           3125.290771   data required time
                                           -625.800354   data arrival time
---------------------------------------------------------------------------------------------
                                           2499.490479   slack (MET)


Startpoint: rst_i (input port clocked by clk_i)
Endpoint: _358_ (recovery check against rising-edge clock clk_i)
Path Group: asynchronous
Path Type: max

Fanout         Cap        Slew       Delay        Time   Description
---------------------------------------------------------------------------------------------
                                  0.000000    0.000000   clock clk_i (rise edge)
                                  0.000000    0.000000   clock network delay (propagated)
                                625.000000  625.000000 ^ input external delay
    60    0.259588    1.158879    0.800185  625.800171 ^ rst_i (in)
                                                         rst_i (net)
                      1.158906    0.000000  625.800171 ^ _358_/RESET_B (sky130_fd_sc_hd__dfrtp_2)
                                            625.800171   data arrival time

                               3125.000000 3125.000000   clock clk_i (rise edge)
                                  0.000000 3125.000000   clock source latency
    60    0.155899    0.699731    0.482942 3125.482910 ^ clk_i (in)
                                                         clk_i (net)
                      0.699749    0.000000 3125.482910 ^ _358_/CLK (sky130_fd_sc_hd__dfrtp_2)
                                 -0.250000 3125.232910   clock uncertainty
                                  0.000000 3125.232910   clock reconvergence pessimism
                                  0.057613 3125.290283   library recovery time
                                           3125.290283   data required time
---------------------------------------------------------------------------------------------
                                           3125.290283   data required time
                                           -625.800171   data arrival time
---------------------------------------------------------------------------------------------
                                           2499.490234   slack (MET)


Startpoint: rst_i (input port clocked by clk_i)
Endpoint: _362_ (recovery check against rising-edge clock clk_i)
Path Group: asynchronous
Path Type: max

Fanout         Cap        Slew       Delay        Time   Description
---------------------------------------------------------------------------------------------
                                  0.000000    0.000000   clock clk_i (rise edge)
                                  0.000000    0.000000   clock network delay (propagated)
                                625.000000  625.000000 ^ input external delay
    60    0.259588    1.158879    0.799844  625.799866 ^ rst_i (in)
                                                         rst_i (net)
                      1.158901    0.000000  625.799866 ^ _362_/RESET_B (sky130_fd_sc_hd__dfrtp_2)
                                            625.799866   data arrival time

                               3125.000000 3125.000000   clock clk_i (rise edge)
                                  0.000000 3125.000000   clock source latency
    60    0.155899    0.699731    0.482714 3125.482666 ^ clk_i (in)
                                                         clk_i (net)
                      0.699748    0.000000 3125.482666 ^ _362_/CLK (sky130_fd_sc_hd__dfrtp_2)
                                 -0.250000 3125.232666   clock uncertainty
                                  0.000000 3125.232666   clock reconvergence pessimism
                                  0.057615 3125.290039   library recovery time
                                           3125.290039   data required time
---------------------------------------------------------------------------------------------
                                           3125.290039   data required time
                                           -625.799866   data arrival time
---------------------------------------------------------------------------------------------
                                           2499.490234   slack (MET)


Startpoint: rst_i (input port clocked by clk_i)
Endpoint: _363_ (recovery check against rising-edge clock clk_i)
Path Group: asynchronous
Path Type: max

Fanout         Cap        Slew       Delay        Time   Description
---------------------------------------------------------------------------------------------
                                  0.000000    0.000000   clock clk_i (rise edge)
                                  0.000000    0.000000   clock network delay (propagated)
                                625.000000  625.000000 ^ input external delay
    60    0.259588    1.158879    0.800640  625.800659 ^ rst_i (in)
                                                         rst_i (net)
                      1.158911    0.000000  625.800659 ^ _363_/RESET_B (sky130_fd_sc_hd__dfrtp_2)
                                            625.800659   data arrival time

                               3125.000000 3125.000000   clock clk_i (rise edge)
                                  0.000000 3125.000000   clock source latency
    60    0.155899    0.699731    0.482487 3125.482422 ^ clk_i (in)
                                                         clk_i (net)
                      0.699744    0.000000 3125.482422 ^ _363_/CLK (sky130_fd_sc_hd__dfrtp_2)
                                 -0.250000 3125.232422   clock uncertainty
                                  0.000000 3125.232422   clock reconvergence pessimism
                                  0.057611 3125.289795   library recovery time
                                           3125.289795   data required time
---------------------------------------------------------------------------------------------
                                           3125.289795   data required time
                                           -625.800659   data arrival time
---------------------------------------------------------------------------------------------
                                           2499.489258   slack (MET)


Startpoint: rst_i (input port clocked by clk_i)
Endpoint: _364_ (recovery check against rising-edge clock clk_i)
Path Group: asynchronous
Path Type: max

Fanout         Cap        Slew       Delay        Time   Description
---------------------------------------------------------------------------------------------
                                  0.000000    0.000000   clock clk_i (rise edge)
                                  0.000000    0.000000   clock network delay (propagated)
                                625.000000  625.000000 ^ input external delay
    60    0.259588    1.158879    0.800640  625.800659 ^ rst_i (in)
                                                         rst_i (net)
                      1.158911    0.000000  625.800659 ^ _364_/RESET_B (sky130_fd_sc_hd__dfrtp_2)
                                            625.800659   data arrival time

                               3125.000000 3125.000000   clock clk_i (rise edge)
                                  0.000000 3125.000000   clock source latency
    60    0.155899    0.699731    0.482487 3125.482422 ^ clk_i (in)
                                                         clk_i (net)
                      0.699745    0.000000 3125.482422 ^ _364_/CLK (sky130_fd_sc_hd__dfrtp_2)
                                 -0.250000 3125.232422   clock uncertainty
                                  0.000000 3125.232422   clock reconvergence pessimism
                                  0.057611 3125.289795   library recovery time
                                           3125.289795   data required time
---------------------------------------------------------------------------------------------
                                           3125.289795   data required time
                                           -625.800659   data arrival time
---------------------------------------------------------------------------------------------
                                           2499.489258   slack (MET)


Startpoint: rst_i (input port clocked by clk_i)
Endpoint: _368_ (recovery check against rising-edge clock clk_i)
Path Group: asynchronous
Path Type: max

Fanout         Cap        Slew       Delay        Time   Description
---------------------------------------------------------------------------------------------
                                  0.000000    0.000000   clock clk_i (rise edge)
                                  0.000000    0.000000   clock network delay (propagated)
                                625.000000  625.000000 ^ input external delay
    60    0.259588    1.158879    0.800299  625.800293 ^ rst_i (in)
                                                         rst_i (net)
                      1.158906    0.000000  625.800293 ^ _368_/RESET_B (sky130_fd_sc_hd__dfrtp_2)
                                            625.800293   data arrival time

                               3125.000000 3125.000000   clock clk_i (rise edge)
                                  0.000000 3125.000000   clock source latency
    60    0.155899    0.699731    0.482487 3125.482422 ^ clk_i (in)
                                                         clk_i (net)
                      0.699746    0.000000 3125.482422 ^ _368_/CLK (sky130_fd_sc_hd__dfrtp_2)
                                 -0.250000 3125.232422   clock uncertainty
                                  0.000000 3125.232422   clock reconvergence pessimism
                                  0.057613 3125.289795   library recovery time
                                           3125.289795   data required time
---------------------------------------------------------------------------------------------
                                           3125.289795   data required time
                                           -625.800293   data arrival time
---------------------------------------------------------------------------------------------
                                           2499.489502   slack (MET)


Startpoint: rst_i (input port clocked by clk_i)
Endpoint: _369_ (recovery check against rising-edge clock clk_i)
Path Group: asynchronous
Path Type: max

Fanout         Cap        Slew       Delay        Time   Description
---------------------------------------------------------------------------------------------
                                  0.000000    0.000000   clock clk_i (rise edge)
                                  0.000000    0.000000   clock network delay (propagated)
                                625.000000  625.000000 ^ input external delay
    60    0.259588    1.158879    0.800242  625.800232 ^ rst_i (in)
                                                         rst_i (net)
                      1.158906    0.000000  625.800232 ^ _369_/RESET_B (sky130_fd_sc_hd__dfrtp_2)
                                            625.800232   data arrival time

                               3125.000000 3125.000000   clock clk_i (rise edge)
                                  0.000000 3125.000000   clock source latency
    60    0.155899    0.699731    0.482714 3125.482666 ^ clk_i (in)
                                                         clk_i (net)
                      0.699747    0.000000 3125.482666 ^ _369_/CLK (sky130_fd_sc_hd__dfrtp_2)
                                 -0.250000 3125.232666   clock uncertainty
                                  0.000000 3125.232666   clock reconvergence pessimism
                                  0.057613 3125.290039   library recovery time
                                           3125.290039   data required time
---------------------------------------------------------------------------------------------
                                           3125.290039   data required time
                                           -625.800232   data arrival time
---------------------------------------------------------------------------------------------
                                           2499.489746   slack (MET)


Startpoint: rst_i (input port clocked by clk_i)
Endpoint: _370_ (recovery check against rising-edge clock clk_i)
Path Group: asynchronous
Path Type: max

Fanout         Cap        Slew       Delay        Time   Description
---------------------------------------------------------------------------------------------
                                  0.000000    0.000000   clock clk_i (rise edge)
                                  0.000000    0.000000   clock network delay (propagated)
                                625.000000  625.000000 ^ input external delay
    60    0.259588    1.158879    0.800696  625.800720 ^ rst_i (in)
                                                         rst_i (net)
                      1.158911    0.000000  625.800720 ^ _370_/RESET_B (sky130_fd_sc_hd__dfrtp_2)
                                            625.800720   data arrival time

                               3125.000000 3125.000000   clock clk_i (rise edge)
                                  0.000000 3125.000000   clock source latency
    60    0.155899    0.699731    0.482260 3125.482178 ^ clk_i (in)
                                                         clk_i (net)
                      0.699742    0.000000 3125.482178 ^ _370_/CLK (sky130_fd_sc_hd__dfrtp_2)
                                 -0.250000 3125.232178   clock uncertainty
                                  0.000000 3125.232178   clock reconvergence pessimism
                                  0.057611 3125.289795   library recovery time
                                           3125.289795   data required time
---------------------------------------------------------------------------------------------
                                           3125.289795   data required time
                                           -625.800720   data arrival time
---------------------------------------------------------------------------------------------
                                           2499.488770   slack (MET)


Startpoint: rst_i (input port clocked by clk_i)
Endpoint: _371_ (recovery check against rising-edge clock clk_i)
Path Group: asynchronous
Path Type: max

Fanout         Cap        Slew       Delay        Time   Description
---------------------------------------------------------------------------------------------
                                  0.000000    0.000000   clock clk_i (rise edge)
                                  0.000000    0.000000   clock network delay (propagated)
                                625.000000  625.000000 ^ input external delay
    60    0.259588    1.158879    0.800696  625.800720 ^ rst_i (in)
                                                         rst_i (net)
                      1.158911    0.000000  625.800720 ^ _371_/RESET_B (sky130_fd_sc_hd__dfrtp_2)
                                            625.800720   data arrival time

                               3125.000000 3125.000000   clock clk_i (rise edge)
                                  0.000000 3125.000000   clock source latency
    60    0.155899    0.699731    0.482260 3125.482178 ^ clk_i (in)
                                                         clk_i (net)
                      0.699743    0.000000 3125.482178 ^ _371_/CLK (sky130_fd_sc_hd__dfrtp_2)
                                 -0.250000 3125.232178   clock uncertainty
                                  0.000000 3125.232178   clock reconvergence pessimism
                                  0.057611 3125.289795   library recovery time
                                           3125.289795   data required time
---------------------------------------------------------------------------------------------
                                           3125.289795   data required time
                                           -625.800720   data arrival time
---------------------------------------------------------------------------------------------
                                           2499.488770   slack (MET)


Startpoint: rst_i (input port clocked by clk_i)
Endpoint: _372_ (recovery check against rising-edge clock clk_i)
Path Group: asynchronous
Path Type: max

Fanout         Cap        Slew       Delay        Time   Description
---------------------------------------------------------------------------------------------
                                  0.000000    0.000000   clock clk_i (rise edge)
                                  0.000000    0.000000   clock network delay (propagated)
                                625.000000  625.000000 ^ input external delay
    60    0.259588    1.158879    0.800640  625.800659 ^ rst_i (in)
                                                         rst_i (net)
                      1.158911    0.000000  625.800659 ^ _372_/RESET_B (sky130_fd_sc_hd__dfrtp_2)
                                            625.800659   data arrival time

                               3125.000000 3125.000000   clock clk_i (rise edge)
                                  0.000000 3125.000000   clock source latency
    60    0.155899    0.699731    0.482714 3125.482666 ^ clk_i (in)
                                                         clk_i (net)
                      0.699748    0.000000 3125.482666 ^ _372_/CLK (sky130_fd_sc_hd__dfrtp_2)
                                 -0.250000 3125.232666   clock uncertainty
                                  0.000000 3125.232666   clock reconvergence pessimism
                                  0.057612 3125.290039   library recovery time
                                           3125.290039   data required time
---------------------------------------------------------------------------------------------
                                           3125.290039   data required time
                                           -625.800659   data arrival time
---------------------------------------------------------------------------------------------
                                           2499.489502   slack (MET)


Startpoint: rst_i (input port clocked by clk_i)
Endpoint: _333_ (recovery check against rising-edge clock clk_i)
Path Group: asynchronous
Path Type: max

Fanout         Cap        Slew       Delay        Time   Description
---------------------------------------------------------------------------------------------
                                  0.000000    0.000000   clock clk_i (rise edge)
                                  0.000000    0.000000   clock network delay (propagated)
                                625.000000  625.000000 ^ input external delay
    60    0.259588    1.158879    0.799389  625.799377 ^ rst_i (in)
                                                         rst_i (net)
                      1.158897    0.000000  625.799377 ^ _333_/RESET_B (sky130_fd_sc_hd__dfrtp_2)
                                            625.799377   data arrival time

                               3125.000000 3125.000000   clock clk_i (rise edge)
                                  0.000000 3125.000000   clock source latency
    60    0.155899    0.699731    0.484306 3125.484375 ^ clk_i (in)
                                                         clk_i (net)
                      0.699770    0.000000 3125.484375 ^ _333_/CLK (sky130_fd_sc_hd__dfrtp_2)
                                 -0.250000 3125.234131   clock uncertainty
                                  0.000000 3125.234131   clock reconvergence pessimism
                                  0.057619 3125.291748   library recovery time
                                           3125.291748   data required time
---------------------------------------------------------------------------------------------
                                           3125.291748   data required time
                                           -625.799377   data arrival time
---------------------------------------------------------------------------------------------
                                           2499.492188   slack (MET)


Startpoint: rst_i (input port clocked by clk_i)
Endpoint: _365_ (recovery check against rising-edge clock clk_i)
Path Group: asynchronous
Path Type: max

Fanout         Cap        Slew       Delay        Time   Description
---------------------------------------------------------------------------------------------
                                  0.000000    0.000000   clock clk_i (rise edge)
                                  0.000000    0.000000   clock network delay (propagated)
                                625.000000  625.000000 ^ input external delay
    60    0.259588    1.158879    0.800128  625.800110 ^ rst_i (in)
                                                         rst_i (net)
                      1.158905    0.000000  625.800110 ^ _365_/RESET_B (sky130_fd_sc_hd__dfrtp_2)
                                            625.800110   data arrival time

                               3125.000000 3125.000000   clock clk_i (rise edge)
                                  0.000000 3125.000000   clock source latency
    60    0.155899    0.699731    0.482714 3125.482666 ^ clk_i (in)
                                                         clk_i (net)
                      0.699748    0.000000 3125.482666 ^ _365_/CLK (sky130_fd_sc_hd__dfrtp_2)
                                 -0.250000 3125.232666   clock uncertainty
                                  0.000000 3125.232666   clock reconvergence pessimism
                                  0.057614 3125.290039   library recovery time
                                           3125.290039   data required time
---------------------------------------------------------------------------------------------
                                           3125.290039   data required time
                                           -625.800110   data arrival time
---------------------------------------------------------------------------------------------
                                           2499.489990   slack (MET)


Startpoint: rst_i (input port clocked by clk_i)
Endpoint: _366_ (recovery check against rising-edge clock clk_i)
Path Group: asynchronous
Path Type: max

Fanout         Cap        Slew       Delay        Time   Description
---------------------------------------------------------------------------------------------
                                  0.000000    0.000000   clock clk_i (rise edge)
                                  0.000000    0.000000   clock network delay (propagated)
                                625.000000  625.000000 ^ input external delay
    60    0.259588    1.158879    0.800128  625.800110 ^ rst_i (in)
                                                         rst_i (net)
                      1.158905    0.000000  625.800110 ^ _366_/RESET_B (sky130_fd_sc_hd__dfrtp_2)
                                            625.800110   data arrival time

                               3125.000000 3125.000000   clock clk_i (rise edge)
                                  0.000000 3125.000000   clock source latency
    60    0.155899    0.699731    0.482714 3125.482666 ^ clk_i (in)
                                                         clk_i (net)
                      0.699748    0.000000 3125.482666 ^ _366_/CLK (sky130_fd_sc_hd__dfrtp_2)
                                 -0.250000 3125.232666   clock uncertainty
                                  0.000000 3125.232666   clock reconvergence pessimism
                                  0.057613 3125.290039   library recovery time
                                           3125.290039   data required time
---------------------------------------------------------------------------------------------
                                           3125.290039   data required time
                                           -625.800110   data arrival time
---------------------------------------------------------------------------------------------
                                           2499.489990   slack (MET)


Startpoint: rst_i (input port clocked by clk_i)
Endpoint: _373_ (recovery check against rising-edge clock clk_i)
Path Group: asynchronous
Path Type: max

Fanout         Cap        Slew       Delay        Time   Description
---------------------------------------------------------------------------------------------
                                  0.000000    0.000000   clock clk_i (rise edge)
                                  0.000000    0.000000   clock network delay (propagated)
                                625.000000  625.000000 ^ input external delay
    60    0.259588    1.158879    0.800185  625.800171 ^ rst_i (in)
                                                         rst_i (net)
                      1.158906    0.000000  625.800171 ^ _373_/RESET_B (sky130_fd_sc_hd__dfrtp_2)
                                            625.800171   data arrival time

                               3125.000000 3125.000000   clock clk_i (rise edge)
                                  0.000000 3125.000000   clock source latency
    60    0.155899    0.699731    0.482714 3125.482666 ^ clk_i (in)
                                                         clk_i (net)
                      0.699749    0.000000 3125.482666 ^ _373_/CLK (sky130_fd_sc_hd__dfrtp_2)
                                 -0.250000 3125.232666   clock uncertainty
                                  0.000000 3125.232666   clock reconvergence pessimism
                                  0.057613 3125.290039   library recovery time
                                           3125.290039   data required time
---------------------------------------------------------------------------------------------
                                           3125.290039   data required time
                                           -625.800171   data arrival time
---------------------------------------------------------------------------------------------
                                           2499.489990   slack (MET)


Startpoint: rst_i (input port clocked by clk_i)
Endpoint: _342_ (recovery check against rising-edge clock clk_i)
Path Group: asynchronous
Path Type: max

Fanout         Cap        Slew       Delay        Time   Description
---------------------------------------------------------------------------------------------
                                  0.000000    0.000000   clock clk_i (rise edge)
                                  0.000000    0.000000   clock network delay (propagated)
                                625.000000  625.000000 ^ input external delay
    60    0.259588    1.158879    0.797854  625.797852 ^ rst_i (in)
                                                         rst_i (net)
                      1.158885    0.000000  625.797852 ^ _342_/RESET_B (sky130_fd_sc_hd__dfrtp_2)
                                            625.797852   data arrival time

                               3125.000000 3125.000000   clock clk_i (rise edge)
                                  0.000000 3125.000000   clock source latency
    60    0.155899    0.699731    0.482942 3125.482910 ^ clk_i (in)
                                                         clk_i (net)
                      0.699752    0.000000 3125.482910 ^ _342_/CLK (sky130_fd_sc_hd__dfrtp_2)
                                 -0.250000 3125.232910   clock uncertainty
                                  0.000000 3125.232910   clock reconvergence pessimism
                                  0.057620 3125.290283   library recovery time
                                           3125.290283   data required time
---------------------------------------------------------------------------------------------
                                           3125.290283   data required time
                                           -625.797852   data arrival time
---------------------------------------------------------------------------------------------
                                           2499.492432   slack (MET)


Startpoint: rst_i (input port clocked by clk_i)
Endpoint: _374_ (recovery check against rising-edge clock clk_i)
Path Group: asynchronous
Path Type: max

Fanout         Cap        Slew       Delay        Time   Description
---------------------------------------------------------------------------------------------
                                  0.000000    0.000000   clock clk_i (rise edge)
                                  0.000000    0.000000   clock network delay (propagated)
                                625.000000  625.000000 ^ input external delay
    60    0.259588    1.158879    0.800185  625.800171 ^ rst_i (in)
                                                         rst_i (net)
                      1.158905    0.000000  625.800171 ^ _374_/RESET_B (sky130_fd_sc_hd__dfrtp_2)
                                            625.800171   data arrival time

                               3125.000000 3125.000000   clock clk_i (rise edge)
                                  0.000000 3125.000000   clock source latency
    60    0.155899    0.699731    0.482942 3125.482910 ^ clk_i (in)
                                                         clk_i (net)
                      0.699750    0.000000 3125.482910 ^ _374_/CLK (sky130_fd_sc_hd__dfrtp_2)
                                 -0.250000 3125.232910   clock uncertainty
                                  0.000000 3125.232910   clock reconvergence pessimism
                                  0.057614 3125.290283   library recovery time
                                           3125.290283   data required time
---------------------------------------------------------------------------------------------
                                           3125.290283   data required time
                                           -625.800171   data arrival time
---------------------------------------------------------------------------------------------
                                           2499.490234   slack (MET)


Startpoint: rst_i (input port clocked by clk_i)
Endpoint: _375_ (recovery check against rising-edge clock clk_i)
Path Group: asynchronous
Path Type: max

Fanout         Cap        Slew       Delay        Time   Description
---------------------------------------------------------------------------------------------
                                  0.000000    0.000000   clock clk_i (rise edge)
                                  0.000000    0.000000   clock network delay (propagated)
                                625.000000  625.000000 ^ input external delay
    60    0.259588    1.158879    0.800128  625.800110 ^ rst_i (in)
                                                         rst_i (net)
                      1.158904    0.000000  625.800110 ^ _375_/RESET_B (sky130_fd_sc_hd__dfrtp_2)
                                            625.800110   data arrival time

                               3125.000000 3125.000000   clock clk_i (rise edge)
                                  0.000000 3125.000000   clock source latency
    60    0.155899    0.699731    0.482942 3125.482910 ^ clk_i (in)
                                                         clk_i (net)
                      0.699751    0.000000 3125.482910 ^ _375_/CLK (sky130_fd_sc_hd__dfrtp_2)
                                 -0.250000 3125.232910   clock uncertainty
                                  0.000000 3125.232910   clock reconvergence pessimism
                                  0.057614 3125.290283   library recovery time
                                           3125.290283   data required time
---------------------------------------------------------------------------------------------
                                           3125.290283   data required time
                                           -625.800110   data arrival time
---------------------------------------------------------------------------------------------
                                           2499.490234   slack (MET)


Startpoint: rst_i (input port clocked by clk_i)
Endpoint: _376_ (recovery check against rising-edge clock clk_i)
Path Group: asynchronous
Path Type: max

Fanout         Cap        Slew       Delay        Time   Description
---------------------------------------------------------------------------------------------
                                  0.000000    0.000000   clock clk_i (rise edge)
                                  0.000000    0.000000   clock network delay (propagated)
                                625.000000  625.000000 ^ input external delay
    60    0.259588    1.158879    0.799957  625.799988 ^ rst_i (in)
                                                         rst_i (net)
                      1.158903    0.000000  625.799988 ^ _376_/RESET_B (sky130_fd_sc_hd__dfrtp_2)
                                            625.799988   data arrival time

                               3125.000000 3125.000000   clock clk_i (rise edge)
                                  0.000000 3125.000000   clock source latency
    60    0.155899    0.699731    0.482942 3125.482910 ^ clk_i (in)
                                                         clk_i (net)
                      0.699752    0.000000 3125.482910 ^ _376_/CLK (sky130_fd_sc_hd__dfrtp_2)
                                 -0.250000 3125.232910   clock uncertainty
                                  0.000000 3125.232910   clock reconvergence pessimism
                                  0.057615 3125.290283   library recovery time
                                           3125.290283   data required time
---------------------------------------------------------------------------------------------
                                           3125.290283   data required time
                                           -625.799988   data arrival time
---------------------------------------------------------------------------------------------
                                           2499.490479   slack (MET)


Startpoint: rst_i (input port clocked by clk_i)
Endpoint: _385_ (recovery check against rising-edge clock clk_i)
Path Group: asynchronous
Path Type: max

Fanout         Cap        Slew       Delay        Time   Description
---------------------------------------------------------------------------------------------
                                  0.000000    0.000000   clock clk_i (rise edge)
                                  0.000000    0.000000   clock network delay (propagated)
                                625.000000  625.000000 ^ input external delay
    60    0.259588    1.158879    0.800014  625.799988 ^ rst_i (in)
                                                         rst_i (net)
                      1.158904    0.000000  625.799988 ^ _385_/RESET_B (sky130_fd_sc_hd__dfrtp_2)
                                            625.799988   data arrival time

                               3125.000000 3125.000000   clock clk_i (rise edge)
                                  0.000000 3125.000000   clock source latency
    60    0.155899    0.699731    0.482714 3125.482666 ^ clk_i (in)
                                                         clk_i (net)
                      0.699748    0.000000 3125.482666 ^ _385_/CLK (sky130_fd_sc_hd__dfrtp_2)
                                 -0.250000 3125.232666   clock uncertainty
                                  0.000000 3125.232666   clock reconvergence pessimism
                                  0.057614 3125.290039   library recovery time
                                           3125.290039   data required time
---------------------------------------------------------------------------------------------
                                           3125.290039   data required time
                                           -625.799988   data arrival time
---------------------------------------------------------------------------------------------
                                           2499.490234   slack (MET)


Startpoint: rst_i (input port clocked by clk_i)
Endpoint: _386_ (recovery check against rising-edge clock clk_i)
Path Group: asynchronous
Path Type: max

Fanout         Cap        Slew       Delay        Time   Description
---------------------------------------------------------------------------------------------
                                  0.000000    0.000000   clock clk_i (rise edge)
                                  0.000000    0.000000   clock network delay (propagated)
                                625.000000  625.000000 ^ input external delay
    60    0.259588    1.158879    0.799673  625.799683 ^ rst_i (in)
                                                         rst_i (net)
                      1.158900    0.000000  625.799683 ^ _386_/RESET_B (sky130_fd_sc_hd__dfrtp_2)
                                            625.799683   data arrival time

                               3125.000000 3125.000000   clock clk_i (rise edge)
                                  0.000000 3125.000000   clock source latency
    60    0.155899    0.699731    0.482714 3125.482666 ^ clk_i (in)
                                                         clk_i (net)
                      0.699749    0.000000 3125.482666 ^ _386_/CLK (sky130_fd_sc_hd__dfrtp_2)
                                 -0.250000 3125.232666   clock uncertainty
                                  0.000000 3125.232666   clock reconvergence pessimism
                                  0.057615 3125.290039   library recovery time
                                           3125.290039   data required time
---------------------------------------------------------------------------------------------
                                           3125.290039   data required time
                                           -625.799683   data arrival time
---------------------------------------------------------------------------------------------
                                           2499.490479   slack (MET)


Startpoint: rst_i (input port clocked by clk_i)
Endpoint: _341_ (recovery check against rising-edge clock clk_i)
Path Group: asynchronous
Path Type: max

Fanout         Cap        Slew       Delay        Time   Description
---------------------------------------------------------------------------------------------
                                  0.000000    0.000000   clock clk_i (rise edge)
                                  0.000000    0.000000   clock network delay (propagated)
                                625.000000  625.000000 ^ input external delay
    60    0.259588    1.158879    0.797741  625.797729 ^ rst_i (in)
                                                         rst_i (net)
                      1.158885    0.000000  625.797729 ^ _341_/RESET_B (sky130_fd_sc_hd__dfrtp_2)
                                            625.797729   data arrival time

                               3125.000000 3125.000000   clock clk_i (rise edge)
                                  0.000000 3125.000000   clock source latency
    60    0.155899    0.699731    0.483851 3125.483887 ^ clk_i (in)
                                                         clk_i (net)
                      0.699764    0.000000 3125.483887 ^ _341_/CLK (sky130_fd_sc_hd__dfrtp_2)
                                 -0.250000 3125.233643   clock uncertainty
                                  0.000000 3125.233643   clock reconvergence pessimism
                                  0.057622 3125.291260   library recovery time
                                           3125.291260   data required time
---------------------------------------------------------------------------------------------
                                           3125.291260   data required time
                                           -625.797729   data arrival time
---------------------------------------------------------------------------------------------
                                           2499.493408   slack (MET)


Startpoint: rst_i (input port clocked by clk_i)
Endpoint: _344_ (recovery check against rising-edge clock clk_i)
Path Group: asynchronous
Path Type: max

Fanout         Cap        Slew       Delay        Time   Description
---------------------------------------------------------------------------------------------
                                  0.000000    0.000000   clock clk_i (rise edge)
                                  0.000000    0.000000   clock network delay (propagated)
                                625.000000  625.000000 ^ input external delay
    60    0.259588    1.158879    0.798366  625.798340 ^ rst_i (in)
                                                         rst_i (net)
                      1.158889    0.000000  625.798340 ^ _344_/RESET_B (sky130_fd_sc_hd__dfrtp_2)
                                            625.798340   data arrival time

                               3125.000000 3125.000000   clock clk_i (rise edge)
                                  0.000000 3125.000000   clock source latency
    60    0.155899    0.699731    0.484306 3125.484375 ^ clk_i (in)
                                                         clk_i (net)
                      0.699772    0.000000 3125.484375 ^ _344_/CLK (sky130_fd_sc_hd__dfrtp_2)
                                 -0.250000 3125.234131   clock uncertainty
                                  0.000000 3125.234131   clock reconvergence pessimism
                                  0.057622 3125.291748   library recovery time
                                           3125.291748   data required time
---------------------------------------------------------------------------------------------
                                           3125.291748   data required time
                                           -625.798340   data arrival time
---------------------------------------------------------------------------------------------
                                           2499.493408   slack (MET)


Startpoint: rst_i (input port clocked by clk_i)
Endpoint: _345_ (recovery check against rising-edge clock clk_i)
Path Group: asynchronous
Path Type: max

Fanout         Cap        Slew       Delay        Time   Description
---------------------------------------------------------------------------------------------
                                  0.000000    0.000000   clock clk_i (rise edge)
                                  0.000000    0.000000   clock network delay (propagated)
                                625.000000  625.000000 ^ input external delay
    60    0.259588    1.158879    0.798536  625.798523 ^ rst_i (in)
                                                         rst_i (net)
                      1.158890    0.000000  625.798523 ^ _345_/RESET_B (sky130_fd_sc_hd__dfrtp_2)
                                            625.798523   data arrival time

                               3125.000000 3125.000000   clock clk_i (rise edge)
                                  0.000000 3125.000000   clock source latency
    60    0.155899    0.699731    0.483851 3125.483887 ^ clk_i (in)
                                                         clk_i (net)
                      0.699766    0.000000 3125.483887 ^ _345_/CLK (sky130_fd_sc_hd__dfrtp_2)
                                 -0.250000 3125.233643   clock uncertainty
                                  0.000000 3125.233643   clock reconvergence pessimism
                                  0.057621 3125.291260   library recovery time
                                           3125.291260   data required time
---------------------------------------------------------------------------------------------
                                           3125.291260   data required time
                                           -625.798523   data arrival time
---------------------------------------------------------------------------------------------
                                           2499.492676   slack (MET)


Startpoint: rst_i (input port clocked by clk_i)
Endpoint: _346_ (recovery check against rising-edge clock clk_i)
Path Group: asynchronous
Path Type: max

Fanout         Cap        Slew       Delay        Time   Description
---------------------------------------------------------------------------------------------
                                  0.000000    0.000000   clock clk_i (rise edge)
                                  0.000000    0.000000   clock network delay (propagated)
                                625.000000  625.000000 ^ input external delay
    60    0.259588    1.158879    0.798877  625.798889 ^ rst_i (in)
                                                         rst_i (net)
                      1.158892    0.000000  625.798889 ^ _346_/RESET_B (sky130_fd_sc_hd__dfrtp_2)
                                            625.798889   data arrival time

                               3125.000000 3125.000000   clock clk_i (rise edge)
                                  0.000000 3125.000000   clock source latency
    60    0.155899    0.699731    0.484306 3125.484375 ^ clk_i (in)
                                                         clk_i (net)
                      0.699771    0.000000 3125.484375 ^ _346_/CLK (sky130_fd_sc_hd__dfrtp_2)
                                 -0.250000 3125.234131   clock uncertainty
                                  0.000000 3125.234131   clock reconvergence pessimism
                                  0.057621 3125.291748   library recovery time
                                           3125.291748   data required time
---------------------------------------------------------------------------------------------
                                           3125.291748   data required time
                                           -625.798889   data arrival time
---------------------------------------------------------------------------------------------
                                           2499.492920   slack (MET)


Startpoint: rst_i (input port clocked by clk_i)
Endpoint: _347_ (recovery check against rising-edge clock clk_i)
Path Group: asynchronous
Path Type: max

Fanout         Cap        Slew       Delay        Time   Description
---------------------------------------------------------------------------------------------
                                  0.000000    0.000000   clock clk_i (rise edge)
                                  0.000000    0.000000   clock network delay (propagated)
                                625.000000  625.000000 ^ input external delay
    60    0.259588    1.158879    0.799787  625.799805 ^ rst_i (in)
                                                         rst_i (net)
                      1.158901    0.000000  625.799805 ^ _347_/RESET_B (sky130_fd_sc_hd__dfrtp_2)
                                            625.799805   data arrival time

                               3125.000000 3125.000000   clock clk_i (rise edge)
                                  0.000000 3125.000000   clock source latency
    60    0.155899    0.699731    0.483624 3125.483643 ^ clk_i (in)
                                                         clk_i (net)
                      0.699762    0.000000 3125.483643 ^ _347_/CLK (sky130_fd_sc_hd__dfrtp_2)
                                 -0.250000 3125.233643   clock uncertainty
                                  0.000000 3125.233643   clock reconvergence pessimism
                                  0.057617 3125.291016   library recovery time
                                           3125.291016   data required time
---------------------------------------------------------------------------------------------
                                           3125.291016   data required time
                                           -625.799805   data arrival time
---------------------------------------------------------------------------------------------
                                           2499.491211   slack (MET)


Startpoint: rst_i (input port clocked by clk_i)
Endpoint: _348_ (recovery check against rising-edge clock clk_i)
Path Group: asynchronous
Path Type: max

Fanout         Cap        Slew       Delay        Time   Description
---------------------------------------------------------------------------------------------
                                  0.000000    0.000000   clock clk_i (rise edge)
                                  0.000000    0.000000   clock network delay (propagated)
                                625.000000  625.000000 ^ input external delay
    60    0.259588    1.158879    0.797854  625.797852 ^ rst_i (in)
                                                         rst_i (net)
                      1.158885    0.000000  625.797852 ^ _348_/RESET_B (sky130_fd_sc_hd__dfrtp_2)
                                            625.797852   data arrival time

                               3125.000000 3125.000000   clock clk_i (rise edge)
                                  0.000000 3125.000000   clock source latency
    60    0.155899    0.699731    0.482942 3125.482910 ^ clk_i (in)
                                                         clk_i (net)
                      0.699752    0.000000 3125.482910 ^ _348_/CLK (sky130_fd_sc_hd__dfrtp_2)
                                 -0.250000 3125.232910   clock uncertainty
                                  0.000000 3125.232910   clock reconvergence pessimism
                                  0.057620 3125.290283   library recovery time
                                           3125.290283   data required time
---------------------------------------------------------------------------------------------
                                           3125.290283   data required time
                                           -625.797852   data arrival time
---------------------------------------------------------------------------------------------
                                           2499.492432   slack (MET)


Startpoint: rst_i (input port clocked by clk_i)
Endpoint: _349_ (recovery check against rising-edge clock clk_i)
Path Group: asynchronous
Path Type: max

Fanout         Cap        Slew       Delay        Time   Description
---------------------------------------------------------------------------------------------
                                  0.000000    0.000000   clock clk_i (rise edge)
                                  0.000000    0.000000   clock network delay (propagated)
                                625.000000  625.000000 ^ input external delay
    60    0.259588    1.158879    0.799332  625.799316 ^ rst_i (in)
                                                         rst_i (net)
                      1.158896    0.000000  625.799316 ^ _349_/RESET_B (sky130_fd_sc_hd__dfrtp_2)
                                            625.799316   data arrival time

                               3125.000000 3125.000000   clock clk_i (rise edge)
                                  0.000000 3125.000000   clock source latency
    60    0.155899    0.699731    0.483851 3125.483887 ^ clk_i (in)
                                                         clk_i (net)
                      0.699766    0.000000 3125.483887 ^ _349_/CLK (sky130_fd_sc_hd__dfrtp_2)
                                 -0.250000 3125.233643   clock uncertainty
                                  0.000000 3125.233643   clock reconvergence pessimism
                                  0.057619 3125.291260   library recovery time
                                           3125.291260   data required time
---------------------------------------------------------------------------------------------
                                           3125.291260   data required time
                                           -625.799316   data arrival time
---------------------------------------------------------------------------------------------
                                           2499.491943   slack (MET)


Startpoint: rst_i (input port clocked by clk_i)
Endpoint: _350_ (recovery check against rising-edge clock clk_i)
Path Group: asynchronous
Path Type: max

Fanout         Cap        Slew       Delay        Time   Description
---------------------------------------------------------------------------------------------
                                  0.000000    0.000000   clock clk_i (rise edge)
                                  0.000000    0.000000   clock network delay (propagated)
                                625.000000  625.000000 ^ input external delay
    60    0.259588    1.158879    0.799957  625.799988 ^ rst_i (in)
                                                         rst_i (net)
                      1.158903    0.000000  625.799988 ^ _350_/RESET_B (sky130_fd_sc_hd__dfrtp_2)
                                            625.799988   data arrival time

                               3125.000000 3125.000000   clock clk_i (rise edge)
                                  0.000000 3125.000000   clock source latency
    60    0.155899    0.699731    0.483624 3125.483643 ^ clk_i (in)
                                                         clk_i (net)
                      0.699761    0.000000 3125.483643 ^ _350_/CLK (sky130_fd_sc_hd__dfrtp_2)
                                 -0.250000 3125.233643   clock uncertainty
                                  0.000000 3125.233643   clock reconvergence pessimism
                                  0.057616 3125.291016   library recovery time
                                           3125.291016   data required time
---------------------------------------------------------------------------------------------
                                           3125.291016   data required time
                                           -625.799988   data arrival time
---------------------------------------------------------------------------------------------
                                           2499.491211   slack (MET)


Startpoint: rst_i (input port clocked by clk_i)
Endpoint: _351_ (recovery check against rising-edge clock clk_i)
Path Group: asynchronous
Path Type: max

Fanout         Cap        Slew       Delay        Time   Description
---------------------------------------------------------------------------------------------
                                  0.000000    0.000000   clock clk_i (rise edge)
                                  0.000000    0.000000   clock network delay (propagated)
                                625.000000  625.000000 ^ input external delay
    60    0.259588    1.158879    0.800071  625.800049 ^ rst_i (in)
                                                         rst_i (net)
                      1.158904    0.000000  625.800049 ^ _351_/RESET_B (sky130_fd_sc_hd__dfrtp_2)
                                            625.800049   data arrival time

                               3125.000000 3125.000000   clock clk_i (rise edge)
                                  0.000000 3125.000000   clock source latency
    60    0.155899    0.699731    0.482942 3125.482910 ^ clk_i (in)
                                                         clk_i (net)
                      0.699751    0.000000 3125.482910 ^ _351_/CLK (sky130_fd_sc_hd__dfrtp_2)
                                 -0.250000 3125.232910   clock uncertainty
                                  0.000000 3125.232910   clock reconvergence pessimism
                                  0.057614 3125.290283   library recovery time
                                           3125.290283   data required time
---------------------------------------------------------------------------------------------
                                           3125.290283   data required time
                                           -625.800049   data arrival time
---------------------------------------------------------------------------------------------
                                           2499.490234   slack (MET)


Startpoint: rst_i (input port clocked by clk_i)
Endpoint: _352_ (recovery check against rising-edge clock clk_i)
Path Group: asynchronous
Path Type: max

Fanout         Cap        Slew       Delay        Time   Description
---------------------------------------------------------------------------------------------
                                  0.000000    0.000000   clock clk_i (rise edge)
                                  0.000000    0.000000   clock network delay (propagated)
                                625.000000  625.000000 ^ input external delay
    60    0.259588    1.158879    0.799389  625.799377 ^ rst_i (in)
                                                         rst_i (net)
                      1.158897    0.000000  625.799377 ^ _352_/RESET_B (sky130_fd_sc_hd__dfrtp_2)
                                            625.799377   data arrival time

                               3125.000000 3125.000000   clock clk_i (rise edge)
                                  0.000000 3125.000000   clock source latency
    60    0.155899    0.699731    0.483851 3125.483887 ^ clk_i (in)
                                                         clk_i (net)
                      0.699765    0.000000 3125.483887 ^ _352_/CLK (sky130_fd_sc_hd__dfrtp_2)
                                 -0.250000 3125.233643   clock uncertainty
                                  0.000000 3125.233643   clock reconvergence pessimism
                                  0.057619 3125.291260   library recovery time
                                           3125.291260   data required time
---------------------------------------------------------------------------------------------
                                           3125.291260   data required time
                                           -625.799377   data arrival time
---------------------------------------------------------------------------------------------
                                           2499.491943   slack (MET)


Startpoint: rst_i (input port clocked by clk_i)
Endpoint: _353_ (recovery check against rising-edge clock clk_i)
Path Group: asynchronous
Path Type: max

Fanout         Cap        Slew       Delay        Time   Description
---------------------------------------------------------------------------------------------
                                  0.000000    0.000000   clock clk_i (rise edge)
                                  0.000000    0.000000   clock network delay (propagated)
                                625.000000  625.000000 ^ input external delay
    60    0.259588    1.158879    0.800185  625.800171 ^ rst_i (in)
                                                         rst_i (net)
                      1.158905    0.000000  625.800171 ^ _353_/RESET_B (sky130_fd_sc_hd__dfrtp_2)
                                            625.800171   data arrival time

                               3125.000000 3125.000000   clock clk_i (rise edge)
                                  0.000000 3125.000000   clock source latency
    60    0.155899    0.699731    0.483624 3125.483643 ^ clk_i (in)
                                                         clk_i (net)
                      0.699760    0.000000 3125.483643 ^ _353_/CLK (sky130_fd_sc_hd__dfrtp_2)
                                 -0.250000 3125.233643   clock uncertainty
                                  0.000000 3125.233643   clock reconvergence pessimism
                                  0.057615 3125.291016   library recovery time
                                           3125.291016   data required time
---------------------------------------------------------------------------------------------
                                           3125.291016   data required time
                                           -625.800171   data arrival time
---------------------------------------------------------------------------------------------
                                           2499.490967   slack (MET)


Startpoint: rst_i (input port clocked by clk_i)
Endpoint: _354_ (recovery check against rising-edge clock clk_i)
Path Group: asynchronous
Path Type: max

Fanout         Cap        Slew       Delay        Time   Description
---------------------------------------------------------------------------------------------
                                  0.000000    0.000000   clock clk_i (rise edge)
                                  0.000000    0.000000   clock network delay (propagated)
                                625.000000  625.000000 ^ input external delay
    60    0.259588    1.158879    0.800128  625.800110 ^ rst_i (in)
                                                         rst_i (net)
                      1.158905    0.000000  625.800110 ^ _354_/RESET_B (sky130_fd_sc_hd__dfrtp_2)
                                            625.800110   data arrival time

                               3125.000000 3125.000000   clock clk_i (rise edge)
                                  0.000000 3125.000000   clock source latency
    60    0.155899    0.699731    0.482942 3125.482910 ^ clk_i (in)
                                                         clk_i (net)
                      0.699751    0.000000 3125.482910 ^ _354_/CLK (sky130_fd_sc_hd__dfrtp_2)
                                 -0.250000 3125.232910   clock uncertainty
                                  0.000000 3125.232910   clock reconvergence pessimism
                                  0.057614 3125.290283   library recovery time
                                           3125.290283   data required time
---------------------------------------------------------------------------------------------
                                           3125.290283   data required time
                                           -625.800110   data arrival time
---------------------------------------------------------------------------------------------
                                           2499.490234   slack (MET)


Startpoint: rst_i (input port clocked by clk_i)
Endpoint: _355_ (recovery check against rising-edge clock clk_i)
Path Group: asynchronous
Path Type: max

Fanout         Cap        Slew       Delay        Time   Description
---------------------------------------------------------------------------------------------
                                  0.000000    0.000000   clock clk_i (rise edge)
                                  0.000000    0.000000   clock network delay (propagated)
                                625.000000  625.000000 ^ input external delay
    60    0.259588    1.158879    0.799389  625.799377 ^ rst_i (in)
                                                         rst_i (net)
                      1.158897    0.000000  625.799377 ^ _355_/RESET_B (sky130_fd_sc_hd__dfrtp_2)
                                            625.799377   data arrival time

                               3125.000000 3125.000000   clock clk_i (rise edge)
                                  0.000000 3125.000000   clock source latency
    60    0.155899    0.699731    0.483851 3125.483887 ^ clk_i (in)
                                                         clk_i (net)
                      0.699763    0.000000 3125.483887 ^ _355_/CLK (sky130_fd_sc_hd__dfrtp_2)
                                 -0.250000 3125.233643   clock uncertainty
                                  0.000000 3125.233643   clock reconvergence pessimism
                                  0.057618 3125.291260   library recovery time
                                           3125.291260   data required time
---------------------------------------------------------------------------------------------
                                           3125.291260   data required time
                                           -625.799377   data arrival time
---------------------------------------------------------------------------------------------
                                           2499.491943   slack (MET)


Startpoint: rst_i (input port clocked by clk_i)
Endpoint: _356_ (recovery check against rising-edge clock clk_i)
Path Group: asynchronous
Path Type: max

Fanout         Cap        Slew       Delay        Time   Description
---------------------------------------------------------------------------------------------
                                  0.000000    0.000000   clock clk_i (rise edge)
                                  0.000000    0.000000   clock network delay (propagated)
                                625.000000  625.000000 ^ input external delay
    60    0.259588    1.158879    0.800242  625.800232 ^ rst_i (in)
                                                         rst_i (net)
                      1.158906    0.000000  625.800232 ^ _356_/RESET_B (sky130_fd_sc_hd__dfrtp_2)
                                            625.800232   data arrival time

                               3125.000000 3125.000000   clock clk_i (rise edge)
                                  0.000000 3125.000000   clock source latency
    60    0.155899    0.699731    0.482714 3125.482666 ^ clk_i (in)
                                                         clk_i (net)
                      0.699748    0.000000 3125.482666 ^ _356_/CLK (sky130_fd_sc_hd__dfrtp_2)
                                 -0.250000 3125.232666   clock uncertainty
                                  0.000000 3125.232666   clock reconvergence pessimism
                                  0.057613 3125.290039   library recovery time
                                           3125.290039   data required time
---------------------------------------------------------------------------------------------
                                           3125.290039   data required time
                                           -625.800232   data arrival time
---------------------------------------------------------------------------------------------
                                           2499.489746   slack (MET)


Startpoint: rst_i (input port clocked by clk_i)
Endpoint: _359_ (recovery check against rising-edge clock clk_i)
Path Group: asynchronous
Path Type: max

Fanout         Cap        Slew       Delay        Time   Description
---------------------------------------------------------------------------------------------
                                  0.000000    0.000000   clock clk_i (rise edge)
                                  0.000000    0.000000   clock network delay (propagated)
                                625.000000  625.000000 ^ input external delay
    60    0.259588    1.158879    0.799787  625.799805 ^ rst_i (in)
                                                         rst_i (net)
                      1.158901    0.000000  625.799805 ^ _359_/RESET_B (sky130_fd_sc_hd__dfrtp_2)
                                            625.799805   data arrival time

                               3125.000000 3125.000000   clock clk_i (rise edge)
                                  0.000000 3125.000000   clock source latency
    60    0.155899    0.699731    0.483851 3125.483887 ^ clk_i (in)
                                                         clk_i (net)
                      0.699763    0.000000 3125.483887 ^ _359_/CLK (sky130_fd_sc_hd__dfrtp_2)
                                 -0.250000 3125.233643   clock uncertainty
                                  0.000000 3125.233643   clock reconvergence pessimism
                                  0.057617 3125.291260   library recovery time
                                           3125.291260   data required time
---------------------------------------------------------------------------------------------
                                           3125.291260   data required time
                                           -625.799805   data arrival time
---------------------------------------------------------------------------------------------
                                           2499.491699   slack (MET)


Startpoint: rst_i (input port clocked by clk_i)
Endpoint: _360_ (recovery check against rising-edge clock clk_i)
Path Group: asynchronous
Path Type: max

Fanout         Cap        Slew       Delay        Time   Description
---------------------------------------------------------------------------------------------
                                  0.000000    0.000000   clock clk_i (rise edge)
                                  0.000000    0.000000   clock network delay (propagated)
                                625.000000  625.000000 ^ input external delay
    60    0.259588    1.158879    0.800526  625.800537 ^ rst_i (in)
                                                         rst_i (net)
                      1.158909    0.000000  625.800537 ^ _360_/RESET_B (sky130_fd_sc_hd__dfrtp_2)
                                            625.800537   data arrival time

                               3125.000000 3125.000000   clock clk_i (rise edge)
                                  0.000000 3125.000000   clock source latency
    60    0.155899    0.699731    0.483169 3125.483154 ^ clk_i (in)
                                                         clk_i (net)
                      0.699753    0.000000 3125.483154 ^ _360_/CLK (sky130_fd_sc_hd__dfrtp_2)
                                 -0.250000 3125.233154   clock uncertainty
                                  0.000000 3125.233154   clock reconvergence pessimism
                                  0.057613 3125.290527   library recovery time
                                           3125.290527   data required time
---------------------------------------------------------------------------------------------
                                           3125.290527   data required time
                                           -625.800537   data arrival time
---------------------------------------------------------------------------------------------
                                           2499.489990   slack (MET)


Startpoint: rst_i (input port clocked by clk_i)
Endpoint: _377_ (recovery check against rising-edge clock clk_i)
Path Group: asynchronous
Path Type: max

Fanout         Cap        Slew       Delay        Time   Description
---------------------------------------------------------------------------------------------
                                  0.000000    0.000000   clock clk_i (rise edge)
                                  0.000000    0.000000   clock network delay (propagated)
                                625.000000  625.000000 ^ input external delay
    60    0.259588    1.158879    0.797854  625.797852 ^ rst_i (in)
                                                         rst_i (net)
                      1.158885    0.000000  625.797852 ^ _377_/RESET_B (sky130_fd_sc_hd__dfrtp_2)
                                            625.797852   data arrival time

                               3125.000000 3125.000000   clock clk_i (rise edge)
                                  0.000000 3125.000000   clock source latency
    60    0.155899    0.699731    0.483851 3125.483887 ^ clk_i (in)
                                                         clk_i (net)
                      0.699763    0.000000 3125.483887 ^ _377_/CLK (sky130_fd_sc_hd__dfrtp_2)
                                 -0.250000 3125.233643   clock uncertainty
                                  0.000000 3125.233643   clock reconvergence pessimism
                                  0.057622 3125.291260   library recovery time
                                           3125.291260   data required time
---------------------------------------------------------------------------------------------
                                           3125.291260   data required time
                                           -625.797852   data arrival time
---------------------------------------------------------------------------------------------
                                           2499.493408   slack (MET)


Startpoint: rst_i (input port clocked by clk_i)
Endpoint: _378_ (recovery check against rising-edge clock clk_i)
Path Group: asynchronous
Path Type: max

Fanout         Cap        Slew       Delay        Time   Description
---------------------------------------------------------------------------------------------
                                  0.000000    0.000000   clock clk_i (rise edge)
                                  0.000000    0.000000   clock network delay (propagated)
                                625.000000  625.000000 ^ input external delay
    60    0.259588    1.158879    0.797570  625.797546 ^ rst_i (in)
                                                         rst_i (net)
                      1.158884    0.000000  625.797546 ^ _378_/RESET_B (sky130_fd_sc_hd__dfrtp_2)
                                            625.797546   data arrival time

                               3125.000000 3125.000000   clock clk_i (rise edge)
                                  0.000000 3125.000000   clock source latency
    60    0.155899    0.699731    0.483851 3125.483887 ^ clk_i (in)
                                                         clk_i (net)
                      0.699764    0.000000 3125.483887 ^ _378_/CLK (sky130_fd_sc_hd__dfrtp_2)
                                 -0.250000 3125.233643   clock uncertainty
                                  0.000000 3125.233643   clock reconvergence pessimism
                                  0.057622 3125.291260   library recovery time
                                           3125.291260   data required time
---------------------------------------------------------------------------------------------
                                           3125.291260   data required time
                                           -625.797546   data arrival time
---------------------------------------------------------------------------------------------
                                           2499.493652   slack (MET)


Startpoint: rst_i (input port clocked by clk_i)
Endpoint: _379_ (recovery check against rising-edge clock clk_i)
Path Group: asynchronous
Path Type: max

Fanout         Cap        Slew       Delay        Time   Description
---------------------------------------------------------------------------------------------
                                  0.000000    0.000000   clock clk_i (rise edge)
                                  0.000000    0.000000   clock network delay (propagated)
                                625.000000  625.000000 ^ input external delay
    60    0.259588    1.158879    0.797456  625.797485 ^ rst_i (in)
                                                         rst_i (net)
                      1.158883    0.000000  625.797485 ^ _379_/RESET_B (sky130_fd_sc_hd__dfrtp_2)
                                            625.797485   data arrival time

                               3125.000000 3125.000000   clock clk_i (rise edge)
                                  0.000000 3125.000000   clock source latency
    60    0.155899    0.699731    0.484079 3125.484131 ^ clk_i (in)
                                                         clk_i (net)
                      0.699768    0.000000 3125.484131 ^ _379_/CLK (sky130_fd_sc_hd__dfrtp_2)
                                 -0.250000 3125.233887   clock uncertainty
                                  0.000000 3125.233887   clock reconvergence pessimism
                                  0.057623 3125.291504   library recovery time
                                           3125.291504   data required time
---------------------------------------------------------------------------------------------
                                           3125.291504   data required time
                                           -625.797485   data arrival time
---------------------------------------------------------------------------------------------
                                           2499.494141   slack (MET)


Startpoint: rst_i (input port clocked by clk_i)
Endpoint: _380_ (recovery check against rising-edge clock clk_i)
Path Group: asynchronous
Path Type: max

Fanout         Cap        Slew       Delay        Time   Description
---------------------------------------------------------------------------------------------
                                  0.000000    0.000000   clock clk_i (rise edge)
                                  0.000000    0.000000   clock network delay (propagated)
                                625.000000  625.000000 ^ input external delay
    60    0.259588    1.158879    0.798991  625.799011 ^ rst_i (in)
                                                         rst_i (net)
                      1.158893    0.000000  625.799011 ^ _380_/RESET_B (sky130_fd_sc_hd__dfrtp_2)
                                            625.799011   data arrival time

                               3125.000000 3125.000000   clock clk_i (rise edge)
                                  0.000000 3125.000000   clock source latency
    60    0.155899    0.699731    0.484306 3125.484375 ^ clk_i (in)
                                                         clk_i (net)
                      0.699771    0.000000 3125.484375 ^ _380_/CLK (sky130_fd_sc_hd__dfrtp_2)
                                 -0.250000 3125.234131   clock uncertainty
                                  0.000000 3125.234131   clock reconvergence pessimism
                                  0.057621 3125.291748   library recovery time
                                           3125.291748   data required time
---------------------------------------------------------------------------------------------
                                           3125.291748   data required time
                                           -625.799011   data arrival time
---------------------------------------------------------------------------------------------
                                           2499.492676   slack (MET)


Startpoint: rst_i (input port clocked by clk_i)
Endpoint: _381_ (recovery check against rising-edge clock clk_i)
Path Group: asynchronous
Path Type: max

Fanout         Cap        Slew       Delay        Time   Description
---------------------------------------------------------------------------------------------
                                  0.000000    0.000000   clock clk_i (rise edge)
                                  0.000000    0.000000   clock network delay (propagated)
                                625.000000  625.000000 ^ input external delay
    60    0.259588    1.158879    0.799332  625.799316 ^ rst_i (in)
                                                         rst_i (net)
                      1.158896    0.000000  625.799316 ^ _381_/RESET_B (sky130_fd_sc_hd__dfrtp_2)
                                            625.799316   data arrival time

                               3125.000000 3125.000000   clock clk_i (rise edge)
                                  0.000000 3125.000000   clock source latency
    60    0.155899    0.699731    0.484306 3125.484375 ^ clk_i (in)
                                                         clk_i (net)
                      0.699770    0.000000 3125.484375 ^ _381_/CLK (sky130_fd_sc_hd__dfrtp_2)
                                 -0.250000 3125.234131   clock uncertainty
                                  0.000000 3125.234131   clock reconvergence pessimism
                                  0.057619 3125.291748   library recovery time
                                           3125.291748   data required time
---------------------------------------------------------------------------------------------
                                           3125.291748   data required time
                                           -625.799316   data arrival time
---------------------------------------------------------------------------------------------
                                           2499.492432   slack (MET)


Startpoint: rst_i (input port clocked by clk_i)
Endpoint: _382_ (recovery check against rising-edge clock clk_i)
Path Group: asynchronous
Path Type: max

Fanout         Cap        Slew       Delay        Time   Description
---------------------------------------------------------------------------------------------
                                  0.000000    0.000000   clock clk_i (rise edge)
                                  0.000000    0.000000   clock network delay (propagated)
                                625.000000  625.000000 ^ input external delay
    60    0.259588    1.158879    0.797684  625.797668 ^ rst_i (in)
                                                         rst_i (net)
                      1.158884    0.000000  625.797668 ^ _382_/RESET_B (sky130_fd_sc_hd__dfrtp_2)
                                            625.797668   data arrival time

                               3125.000000 3125.000000   clock clk_i (rise edge)
                                  0.000000 3125.000000   clock source latency
    60    0.155899    0.699731    0.483851 3125.483887 ^ clk_i (in)
                                                         clk_i (net)
                      0.699764    0.000000 3125.483887 ^ _382_/CLK (sky130_fd_sc_hd__dfrtp_2)
                                 -0.250000 3125.233643   clock uncertainty
                                  0.000000 3125.233643   clock reconvergence pessimism
                                  0.057622 3125.291260   library recovery time
                                           3125.291260   data required time
---------------------------------------------------------------------------------------------
                                           3125.291260   data required time
                                           -625.797668   data arrival time
---------------------------------------------------------------------------------------------
                                           2499.493652   slack (MET)


Startpoint: rst_i (input port clocked by clk_i)
Endpoint: _383_ (recovery check against rising-edge clock clk_i)
Path Group: asynchronous
Path Type: max

Fanout         Cap        Slew       Delay        Time   Description
---------------------------------------------------------------------------------------------
                                  0.000000    0.000000   clock clk_i (rise edge)
                                  0.000000    0.000000   clock network delay (propagated)
                                625.000000  625.000000 ^ input external delay
    60    0.259588    1.158879    0.797797  625.797791 ^ rst_i (in)
                                                         rst_i (net)
                      1.158885    0.000000  625.797791 ^ _383_/RESET_B (sky130_fd_sc_hd__dfrtp_2)
                                            625.797791   data arrival time

                               3125.000000 3125.000000   clock clk_i (rise edge)
                                  0.000000 3125.000000   clock source latency
    60    0.155899    0.699731    0.483851 3125.483887 ^ clk_i (in)
                                                         clk_i (net)
                      0.699763    0.000000 3125.483887 ^ _383_/CLK (sky130_fd_sc_hd__dfrtp_2)
                                 -0.250000 3125.233643   clock uncertainty
                                  0.000000 3125.233643   clock reconvergence pessimism
                                  0.057622 3125.291260   library recovery time
                                           3125.291260   data required time
---------------------------------------------------------------------------------------------
                                           3125.291260   data required time
                                           -625.797791   data arrival time
---------------------------------------------------------------------------------------------
                                           2499.493408   slack (MET)


Startpoint: rst_i (input port clocked by clk_i)
Endpoint: _384_ (recovery check against rising-edge clock clk_i)
Path Group: asynchronous
Path Type: max

Fanout         Cap        Slew       Delay        Time   Description
---------------------------------------------------------------------------------------------
                                  0.000000    0.000000   clock clk_i (rise edge)
                                  0.000000    0.000000   clock network delay (propagated)
                                625.000000  625.000000 ^ input external delay
    60    0.259588    1.158879    0.798650  625.798645 ^ rst_i (in)
                                                         rst_i (net)
                      1.158891    0.000000  625.798645 ^ _384_/RESET_B (sky130_fd_sc_hd__dfrtp_2)
                                            625.798645   data arrival time

                               3125.000000 3125.000000   clock clk_i (rise edge)
                                  0.000000 3125.000000   clock source latency
    60    0.155899    0.699731    0.484079 3125.484131 ^ clk_i (in)
                                                         clk_i (net)
                      0.699767    0.000000 3125.484131 ^ _384_/CLK (sky130_fd_sc_hd__dfrtp_2)
                                 -0.250000 3125.233887   clock uncertainty
                                  0.000000 3125.233887   clock reconvergence pessimism
                                  0.057621 3125.291504   library recovery time
                                           3125.291504   data required time
---------------------------------------------------------------------------------------------
                                           3125.291504   data required time
                                           -625.798645   data arrival time
---------------------------------------------------------------------------------------------
                                           2499.492920   slack (MET)


Startpoint: rst_i (input port clocked by clk_i)
Endpoint: _387_ (recovery check against rising-edge clock clk_i)
Path Group: asynchronous
Path Type: max

Fanout         Cap        Slew       Delay        Time   Description
---------------------------------------------------------------------------------------------
                                  0.000000    0.000000   clock clk_i (rise edge)
                                  0.000000    0.000000   clock network delay (propagated)
                                625.000000  625.000000 ^ input external delay
    60    0.259588    1.158879    0.799673  625.799683 ^ rst_i (in)
                                                         rst_i (net)
                      1.158900    0.000000  625.799683 ^ _387_/RESET_B (sky130_fd_sc_hd__dfrtp_2)
                                            625.799683   data arrival time

                               3125.000000 3125.000000   clock clk_i (rise edge)
                                  0.000000 3125.000000   clock source latency
    60    0.155899    0.699731    0.484079 3125.484131 ^ clk_i (in)
                                                         clk_i (net)
                      0.699770    0.000000 3125.484131 ^ _387_/CLK (sky130_fd_sc_hd__dfrtp_2)
                                 -0.250000 3125.233887   clock uncertainty
                                  0.000000 3125.233887   clock reconvergence pessimism
                                  0.057618 3125.291504   library recovery time
                                           3125.291504   data required time
---------------------------------------------------------------------------------------------
                                           3125.291504   data required time
                                           -625.799683   data arrival time
---------------------------------------------------------------------------------------------
                                           2499.491943   slack (MET)


Startpoint: rst_i (input port clocked by clk_i)
Endpoint: _388_ (recovery check against rising-edge clock clk_i)
Path Group: asynchronous
Path Type: max

Fanout         Cap        Slew       Delay        Time   Description
---------------------------------------------------------------------------------------------
                                  0.000000    0.000000   clock clk_i (rise edge)
                                  0.000000    0.000000   clock network delay (propagated)
                                625.000000  625.000000 ^ input external delay
    60    0.259588    1.158879    0.799673  625.799683 ^ rst_i (in)
                                                         rst_i (net)
                      1.158900    0.000000  625.799683 ^ _388_/RESET_B (sky130_fd_sc_hd__dfrtp_2)
                                            625.799683   data arrival time

                               3125.000000 3125.000000   clock clk_i (rise edge)
                                  0.000000 3125.000000   clock source latency
    60    0.155899    0.699731    0.484079 3125.484131 ^ clk_i (in)
                                                         clk_i (net)
                      0.699770    0.000000 3125.484131 ^ _388_/CLK (sky130_fd_sc_hd__dfrtp_2)
                                 -0.250000 3125.233887   clock uncertainty
                                  0.000000 3125.233887   clock reconvergence pessimism
                                  0.057618 3125.291504   library recovery time
                                           3125.291504   data required time
---------------------------------------------------------------------------------------------
                                           3125.291504   data required time
                                           -625.799683   data arrival time
---------------------------------------------------------------------------------------------
                                           2499.491943   slack (MET)


Startpoint: rst_i (input port clocked by clk_i)
Endpoint: _389_ (recovery check against rising-edge clock clk_i)
Path Group: asynchronous
Path Type: max

Fanout         Cap        Slew       Delay        Time   Description
---------------------------------------------------------------------------------------------
                                  0.000000    0.000000   clock clk_i (rise edge)
                                  0.000000    0.000000   clock network delay (propagated)
                                625.000000  625.000000 ^ input external delay
    60    0.259588    1.158879    0.798082  625.798096 ^ rst_i (in)
                                                         rst_i (net)
                      1.158887    0.000000  625.798096 ^ _389_/RESET_B (sky130_fd_sc_hd__dfrtp_2)
                                            625.798096   data arrival time

                               3125.000000 3125.000000   clock clk_i (rise edge)
                                  0.000000 3125.000000   clock source latency
    60    0.155899    0.699731    0.484306 3125.484375 ^ clk_i (in)
                                                         clk_i (net)
                      0.699772    0.000000 3125.484375 ^ _389_/CLK (sky130_fd_sc_hd__dfrtp_2)
                                 -0.250000 3125.234131   clock uncertainty
                                  0.000000 3125.234131   clock reconvergence pessimism
                                  0.057623 3125.291748   library recovery time
                                           3125.291748   data required time
---------------------------------------------------------------------------------------------
                                           3125.291748   data required time
                                           -625.798096   data arrival time
---------------------------------------------------------------------------------------------
                                           2499.493652   slack (MET)


Startpoint: rst_i (input port clocked by clk_i)
Endpoint: _390_ (recovery check against rising-edge clock clk_i)
Path Group: asynchronous
Path Type: max

Fanout         Cap        Slew       Delay        Time   Description
---------------------------------------------------------------------------------------------
                                  0.000000    0.000000   clock clk_i (rise edge)
                                  0.000000    0.000000   clock network delay (propagated)
                                625.000000  625.000000 ^ input external delay
    60    0.259588    1.158879    0.798025  625.798035 ^ rst_i (in)
                                                         rst_i (net)
                      1.158886    0.000000  625.798035 ^ _390_/RESET_B (sky130_fd_sc_hd__dfrtp_2)
                                            625.798035   data arrival time

                               3125.000000 3125.000000   clock clk_i (rise edge)
                                  0.000000 3125.000000   clock source latency
    60    0.155899    0.699731    0.484079 3125.484131 ^ clk_i (in)
                                                         clk_i (net)
                      0.699767    0.000000 3125.484131 ^ _390_/CLK (sky130_fd_sc_hd__dfrtp_2)
                                 -0.250000 3125.233887   clock uncertainty
                                  0.000000 3125.233887   clock reconvergence pessimism
                                  0.057622 3125.291504   library recovery time
                                           3125.291504   data required time
---------------------------------------------------------------------------------------------
                                           3125.291504   data required time
                                           -625.798035   data arrival time
---------------------------------------------------------------------------------------------
                                           2499.493408   slack (MET)


Startpoint: rst_i (input port clocked by clk_i)
Endpoint: _391_ (recovery check against rising-edge clock clk_i)
Path Group: asynchronous
Path Type: max

Fanout         Cap        Slew       Delay        Time   Description
---------------------------------------------------------------------------------------------
                                  0.000000    0.000000   clock clk_i (rise edge)
                                  0.000000    0.000000   clock network delay (propagated)
                                625.000000  625.000000 ^ input external delay
    60    0.259588    1.158879    0.798480  625.798462 ^ rst_i (in)
                                                         rst_i (net)
                      1.158889    0.000000  625.798462 ^ _391_/RESET_B (sky130_fd_sc_hd__dfrtp_2)
                                            625.798462   data arrival time

                               3125.000000 3125.000000   clock clk_i (rise edge)
                                  0.000000 3125.000000   clock source latency
    60    0.155899    0.699731    0.484306 3125.484375 ^ clk_i (in)
                                                         clk_i (net)
                      0.699772    0.000000 3125.484375 ^ _391_/CLK (sky130_fd_sc_hd__dfrtp_2)
                                 -0.250000 3125.234131   clock uncertainty
                                  0.000000 3125.234131   clock reconvergence pessimism
                                  0.057622 3125.291748   library recovery time
                                           3125.291748   data required time
---------------------------------------------------------------------------------------------
                                           3125.291748   data required time
                                           -625.798462   data arrival time
---------------------------------------------------------------------------------------------
                                           2499.493164   slack (MET)


Startpoint: rst_i (input port clocked by clk_i)
Endpoint: _392_ (recovery check against rising-edge clock clk_i)
Path Group: asynchronous
Path Type: max

Fanout         Cap        Slew       Delay        Time   Description
---------------------------------------------------------------------------------------------
                                  0.000000    0.000000   clock clk_i (rise edge)
                                  0.000000    0.000000   clock network delay (propagated)
                                625.000000  625.000000 ^ input external delay
    60    0.259588    1.158879    0.799787  625.799805 ^ rst_i (in)
                                                         rst_i (net)
                      1.158901    0.000000  625.799805 ^ _392_/RESET_B (sky130_fd_sc_hd__dfrtp_2)
                                            625.799805   data arrival time

                               3125.000000 3125.000000   clock clk_i (rise edge)
                                  0.000000 3125.000000   clock source latency
    60    0.155899    0.699731    0.483851 3125.483887 ^ clk_i (in)
                                                         clk_i (net)
                      0.699765    0.000000 3125.483887 ^ _392_/CLK (sky130_fd_sc_hd__dfrtp_2)
                                 -0.250000 3125.233643   clock uncertainty
                                  0.000000 3125.233643   clock reconvergence pessimism
                                  0.057617 3125.291260   library recovery time
                                           3125.291260   data required time
---------------------------------------------------------------------------------------------
                                           3125.291260   data required time
                                           -625.799805   data arrival time
---------------------------------------------------------------------------------------------
                                           2499.491699   slack (MET)


Startpoint: req_num_i (input port clocked by clk_i)
Endpoint: _336_ (rising edge-triggered flip-flop clocked by clk_i)
Path Group: clk_i
Path Type: max

Fanout         Cap        Slew       Delay        Time   Description
---------------------------------------------------------------------------------------------
                                  0.000000    0.000000   clock clk_i (rise edge)
                                  0.000000    0.000000   clock network delay (propagated)
                                625.000000  625.000000 v input external delay
     1    0.002433    0.007786    0.003809  625.003784 v req_num_i (in)
                                                         req_num_i (net)
                      0.007786    0.000000  625.003784 v _246_/A (sky130_fd_sc_hd__or2_2)
    10    0.035737    0.131514    0.383864  625.387695 v _246_/X (sky130_fd_sc_hd__or2_2)
                                                         _136_ (net)
                      0.131514    0.000284  625.387939 v _268_/B1 (sky130_fd_sc_hd__o32a_2)
     1    0.002222    0.051694    0.212822  625.600769 v _268_/X (sky130_fd_sc_hd__o32a_2)
                                                         _006_ (net)
                      0.051694    0.000000  625.600769 v _336_/D (sky130_fd_sc_hd__dfrtp_2)
                                            625.600769   data arrival time

                               3125.000000 3125.000000   clock clk_i (rise edge)
                                  0.000000 3125.000000   clock source latency
    60    0.155899    0.699731    0.484079 3125.484131 ^ clk_i (in)
                                                         clk_i (net)
                      0.699769    0.000000 3125.484131 ^ _336_/CLK (sky130_fd_sc_hd__dfrtp_2)
                                 -0.250000 3125.233887   clock uncertainty
                                  0.000000 3125.233887   clock reconvergence pessimism
                                  0.003904 3125.237793   library setup time
                                           3125.237793   data required time
---------------------------------------------------------------------------------------------
                                           3125.237793   data required time
                                           -625.600769   data arrival time
---------------------------------------------------------------------------------------------
                                           2499.637207   slack (MET)


Startpoint: req_num_i (input port clocked by clk_i)
Endpoint: _386_ (rising edge-triggered flip-flop clocked by clk_i)
Path Group: clk_i
Path Type: max

Fanout         Cap        Slew       Delay        Time   Description
---------------------------------------------------------------------------------------------
                                  0.000000    0.000000   clock clk_i (rise edge)
                                  0.000000    0.000000   clock network delay (propagated)
                                625.000000  625.000000 v input external delay
     1    0.002433    0.007786    0.003809  625.003784 v req_num_i (in)
                                                         req_num_i (net)
                      0.007786    0.000000  625.003784 v _246_/A (sky130_fd_sc_hd__or2_2)
    10    0.035737    0.131514    0.383864  625.387695 v _246_/X (sky130_fd_sc_hd__or2_2)
                                                         _136_ (net)
                      0.131514    0.000284  625.387939 v _325_/B (sky130_fd_sc_hd__xnor2_2)
     1    0.002060    0.040586    0.152738  625.540710 v _325_/Y (sky130_fd_sc_hd__xnor2_2)
                                                         _051_ (net)
                      0.040586    0.000000  625.540710 v _386_/D (sky130_fd_sc_hd__dfrtp_2)
                                            625.540710   data arrival time

                               3125.000000 3125.000000   clock clk_i (rise edge)
                                  0.000000 3125.000000   clock source latency
    60    0.155899    0.699731    0.482714 3125.482666 ^ clk_i (in)
                                                         clk_i (net)
                      0.699749    0.000000 3125.482666 ^ _386_/CLK (sky130_fd_sc_hd__dfrtp_2)
                                 -0.250000 3125.232666   clock uncertainty
                                  0.000000 3125.232666   clock reconvergence pessimism
                                  0.008621 3125.241211   library setup time
                                           3125.241211   data required time
---------------------------------------------------------------------------------------------
                                           3125.241211   data required time
                                           -625.540710   data arrival time
---------------------------------------------------------------------------------------------
                                           2499.700439   slack (MET)


Startpoint: wr_i (input port clocked by clk_i)
Endpoint: _356_ (rising edge-triggered flip-flop clocked by clk_i)
Path Group: clk_i
Path Type: max

Fanout         Cap        Slew       Delay        Time   Description
---------------------------------------------------------------------------------------------
                                  0.000000    0.000000   clock clk_i (rise edge)
                                  0.000000    0.000000   clock network delay (propagated)
                                625.000000  625.000000 ^ input external delay
     1    0.002491    0.019054    0.009209  625.009216 ^ wr_i (in)
                                                         wr_i (net)
                      0.019054    0.000000  625.009216 ^ _356_/D (sky130_fd_sc_hd__dfrtp_2)
                                            625.009216   data arrival time

                               3125.000000 3125.000000   clock clk_i (rise edge)
                                  0.000000 3125.000000   clock source latency
    60    0.155899    0.699731    0.482714 3125.482666 ^ clk_i (in)
                                                         clk_i (net)
                      0.699748    0.000000 3125.482666 ^ _356_/CLK (sky130_fd_sc_hd__dfrtp_2)
                                 -0.250000 3125.232666   clock uncertainty
                                  0.000000 3125.232666   clock reconvergence pessimism
                                  0.018032 3125.250488   library setup time
                                           3125.250488   data required time
---------------------------------------------------------------------------------------------
                                           3125.250488   data required time
                                           -625.009216   data arrival time
---------------------------------------------------------------------------------------------
                                           2500.241455   slack (MET)


Startpoint: _338_ (rising edge-triggered flip-flop clocked by clk_i)
Endpoint: _333_ (rising edge-triggered flip-flop clocked by clk_i)
Path Group: clk_i
Path Type: max

Fanout         Cap        Slew       Delay        Time   Description
---------------------------------------------------------------------------------------------
                                  0.000000    0.000000   clock clk_i (rise edge)
                                  0.000000    0.000000   clock source latency
    60    0.155899    0.699731    0.482717    0.482717 ^ clk_i (in)
                                                         clk_i (net)
                      0.699748    0.000000    0.482717 ^ _338_/CLK (sky130_fd_sc_hd__dfrtp_2)
    17    0.083745    0.215107    0.710065    1.192782 v _338_/Q (sky130_fd_sc_hd__dfrtp_2)
                                                         num_i_bar[2] (net)
                      0.215117    0.001619    1.194401 v _190_/B (sky130_fd_sc_hd__and2_2)
     1    0.002374    0.035826    0.259906    1.454307 v _190_/X (sky130_fd_sc_hd__and2_2)
                                                         _080_ (net)
                      0.035826    0.000002    1.454309 v _193_/B1 (sky130_fd_sc_hd__o221a_2)
     1    0.001581    0.039381    0.226890    1.681198 v _193_/X (sky130_fd_sc_hd__o221a_2)
                                                         _083_ (net)
                      0.039381    0.000000    1.681199 v _194_/C (sky130_fd_sc_hd__and3_2)
     1    0.006456    0.046304    0.213357    1.894557 v _194_/X (sky130_fd_sc_hd__and3_2)
                                                         _084_ (net)
                      0.046304    0.000053    1.894610 v _205_/B (sky130_fd_sc_hd__nor4_2)
     2    0.004359    0.218547    0.256880    2.151490 ^ _205_/Y (sky130_fd_sc_hd__nor4_2)
                                                         _095_ (net)
                      0.218547    0.000029    2.151519 ^ _252_/B (sky130_fd_sc_hd__and4_2)
    48    0.200748    1.004834    0.966703    3.118222 ^ _252_/X (sky130_fd_sc_hd__and4_2)
                                                         _139_ (net)
                      1.004834    0.000347    3.118569 ^ _253_/S (sky130_fd_sc_hd__mux2_1)
     1    0.002314    0.054574    0.379878    3.498447 v _253_/X (sky130_fd_sc_hd__mux2_1)
                                                         _003_ (net)
                      0.054574    0.000004    3.498451 v _333_/D (sky130_fd_sc_hd__dfrtp_2)
                                              3.498451   data arrival time

                               3125.000000 3125.000000   clock clk_i (rise edge)
                                  0.000000 3125.000000   clock source latency
    60    0.155899    0.699731    0.484306 3125.484375 ^ clk_i (in)
                                                         clk_i (net)
                      0.699770    0.000000 3125.484375 ^ _333_/CLK (sky130_fd_sc_hd__dfrtp_2)
                                 -0.250000 3125.234131   clock uncertainty
                                  0.000000 3125.234131   clock reconvergence pessimism
                                  0.002681 3125.236816   library setup time
                                           3125.236816   data required time
---------------------------------------------------------------------------------------------
                                           3125.236816   data required time
                                             -3.498451   data arrival time
---------------------------------------------------------------------------------------------
                                           3121.738525   slack (MET)


Startpoint: _338_ (rising edge-triggered flip-flop clocked by clk_i)
Endpoint: _334_ (rising edge-triggered flip-flop clocked by clk_i)
Path Group: clk_i
Path Type: max

Fanout         Cap        Slew       Delay        Time   Description
---------------------------------------------------------------------------------------------
                                  0.000000    0.000000   clock clk_i (rise edge)
                                  0.000000    0.000000   clock source latency
    60    0.155899    0.699731    0.482717    0.482717 ^ clk_i (in)
                                                         clk_i (net)
                      0.699748    0.000000    0.482717 ^ _338_/CLK (sky130_fd_sc_hd__dfrtp_2)
    17    0.083745    0.215107    0.710065    1.192782 v _338_/Q (sky130_fd_sc_hd__dfrtp_2)
                                                         num_i_bar[2] (net)
                      0.215117    0.001619    1.194401 v _190_/B (sky130_fd_sc_hd__and2_2)
     1    0.002374    0.035826    0.259906    1.454307 v _190_/X (sky130_fd_sc_hd__and2_2)
                                                         _080_ (net)
                      0.035826    0.000002    1.454309 v _193_/B1 (sky130_fd_sc_hd__o221a_2)
     1    0.001581    0.039381    0.226890    1.681198 v _193_/X (sky130_fd_sc_hd__o221a_2)
                                                         _083_ (net)
                      0.039381    0.000000    1.681199 v _194_/C (sky130_fd_sc_hd__and3_2)
     1    0.006456    0.046304    0.213357    1.894557 v _194_/X (sky130_fd_sc_hd__and3_2)
                                                         _084_ (net)
                      0.046304    0.000053    1.894610 v _205_/B (sky130_fd_sc_hd__nor4_2)
     2    0.004359    0.218547    0.256880    2.151490 ^ _205_/Y (sky130_fd_sc_hd__nor4_2)
                                                         _095_ (net)
                      0.218547    0.000029    2.151519 ^ _252_/B (sky130_fd_sc_hd__and4_2)
    48    0.200748    1.004834    0.966703    3.118222 ^ _252_/X (sky130_fd_sc_hd__and4_2)
                                                         _139_ (net)
                      1.004834    0.000266    3.118488 ^ _254_/S (sky130_fd_sc_hd__mux2_1)
     1    0.002396    0.055056    0.380643    3.499130 v _254_/X (sky130_fd_sc_hd__mux2_1)
                                                         _004_ (net)
                      0.055056    0.000004    3.499135 v _334_/D (sky130_fd_sc_hd__dfrtp_2)
                                              3.499135   data arrival time

                               3125.000000 3125.000000   clock clk_i (rise edge)
                                  0.000000 3125.000000   clock source latency
    60    0.155899    0.699731    0.484079 3125.484131 ^ clk_i (in)
                                                         clk_i (net)
                      0.699767    0.000000 3125.484131 ^ _334_/CLK (sky130_fd_sc_hd__dfrtp_2)
                                 -0.250000 3125.233887   clock uncertainty
                                  0.000000 3125.233887   clock reconvergence pessimism
                                  0.002476 3125.236572   library setup time
                                           3125.236572   data required time
---------------------------------------------------------------------------------------------
                                           3125.236572   data required time
                                             -3.499135   data arrival time
---------------------------------------------------------------------------------------------
                                           3121.737305   slack (MET)


Startpoint: _338_ (rising edge-triggered flip-flop clocked by clk_i)
Endpoint: _335_ (rising edge-triggered flip-flop clocked by clk_i)
Path Group: clk_i
Path Type: max

Fanout         Cap        Slew       Delay        Time   Description
---------------------------------------------------------------------------------------------
                                  0.000000    0.000000   clock clk_i (rise edge)
                                  0.000000    0.000000   clock source latency
    60    0.155899    0.699731    0.482717    0.482717 ^ clk_i (in)
                                                         clk_i (net)
                      0.699748    0.000000    0.482717 ^ _338_/CLK (sky130_fd_sc_hd__dfrtp_2)
    17    0.083745    0.215107    0.710065    1.192782 v _338_/Q (sky130_fd_sc_hd__dfrtp_2)
                                                         num_i_bar[2] (net)
                      0.215117    0.001619    1.194401 v _190_/B (sky130_fd_sc_hd__and2_2)
     1    0.002374    0.035826    0.259906    1.454307 v _190_/X (sky130_fd_sc_hd__and2_2)
                                                         _080_ (net)
                      0.035826    0.000002    1.454309 v _193_/B1 (sky130_fd_sc_hd__o221a_2)
     1    0.001581    0.039381    0.226890    1.681198 v _193_/X (sky130_fd_sc_hd__o221a_2)
                                                         _083_ (net)
                      0.039381    0.000000    1.681199 v _194_/C (sky130_fd_sc_hd__and3_2)
     1    0.006456    0.046304    0.213357    1.894557 v _194_/X (sky130_fd_sc_hd__and3_2)
                                                         _084_ (net)
                      0.046304    0.000053    1.894610 v _205_/B (sky130_fd_sc_hd__nor4_2)
     2    0.004359    0.218547    0.256880    2.151490 ^ _205_/Y (sky130_fd_sc_hd__nor4_2)
                                                         _095_ (net)
                      0.218547    0.000029    2.151519 ^ _252_/B (sky130_fd_sc_hd__and4_2)
    48    0.200748    1.004834    0.966703    3.118222 ^ _252_/X (sky130_fd_sc_hd__and4_2)
                                                         _139_ (net)
                      1.004834    0.000326    3.118548 ^ _255_/S (sky130_fd_sc_hd__mux2_1)
     1    0.002324    0.054629    0.379965    3.498513 v _255_/X (sky130_fd_sc_hd__mux2_1)
                                                         _005_ (net)
                      0.054629    0.000003    3.498517 v _335_/D (sky130_fd_sc_hd__dfrtp_2)
                                              3.498517   data arrival time

                               3125.000000 3125.000000   clock clk_i (rise edge)
                                  0.000000 3125.000000   clock source latency
    60    0.155899    0.699731    0.484079 3125.484131 ^ clk_i (in)
                                                         clk_i (net)
                      0.699769    0.000000 3125.484131 ^ _335_/CLK (sky130_fd_sc_hd__dfrtp_2)
                                 -0.250000 3125.233887   clock uncertainty
                                  0.000000 3125.233887   clock reconvergence pessimism
                                  0.002657 3125.236816   library setup time
                                           3125.236816   data required time
---------------------------------------------------------------------------------------------
                                           3125.236816   data required time
                                             -3.498517   data arrival time
---------------------------------------------------------------------------------------------
                                           3121.738037   slack (MET)


Startpoint: _338_ (rising edge-triggered flip-flop clocked by clk_i)
Endpoint: _361_ (rising edge-triggered flip-flop clocked by clk_i)
Path Group: clk_i
Path Type: max

Fanout         Cap        Slew       Delay        Time   Description
---------------------------------------------------------------------------------------------
                                  0.000000    0.000000   clock clk_i (rise edge)
                                  0.000000    0.000000   clock source latency
    60    0.155899    0.699731    0.482717    0.482717 ^ clk_i (in)
                                                         clk_i (net)
                      0.699748    0.000000    0.482717 ^ _338_/CLK (sky130_fd_sc_hd__dfrtp_2)
    17    0.083745    0.215107    0.710065    1.192782 v _338_/Q (sky130_fd_sc_hd__dfrtp_2)
                                                         num_i_bar[2] (net)
                      0.215117    0.001619    1.194401 v _190_/B (sky130_fd_sc_hd__and2_2)
     1    0.002374    0.035826    0.259906    1.454307 v _190_/X (sky130_fd_sc_hd__and2_2)
                                                         _080_ (net)
                      0.035826    0.000002    1.454309 v _193_/B1 (sky130_fd_sc_hd__o221a_2)
     1    0.001581    0.039381    0.226890    1.681198 v _193_/X (sky130_fd_sc_hd__o221a_2)
                                                         _083_ (net)
                      0.039381    0.000000    1.681199 v _194_/C (sky130_fd_sc_hd__and3_2)
     1    0.006456    0.046304    0.213357    1.894557 v _194_/X (sky130_fd_sc_hd__and3_2)
                                                         _084_ (net)
                      0.046304    0.000053    1.894610 v _205_/B (sky130_fd_sc_hd__nor4_2)
     2    0.004359    0.218547    0.256880    2.151490 ^ _205_/Y (sky130_fd_sc_hd__nor4_2)
                                                         _095_ (net)
                      0.218547    0.000029    2.151519 ^ _252_/B (sky130_fd_sc_hd__and4_2)
    48    0.200748    1.004834    0.966703    3.118222 ^ _252_/X (sky130_fd_sc_hd__and4_2)
                                                         _139_ (net)
                      1.004834    0.000922    3.119144 ^ _302_/S (sky130_fd_sc_hd__mux2_1)
     1    0.002323    0.054628    0.379964    3.499108 v _302_/X (sky130_fd_sc_hd__mux2_1)
                                                         _028_ (net)
                      0.054628    0.000004    3.499112 v _361_/D (sky130_fd_sc_hd__dfrtp_2)
                                              3.499112   data arrival time

                               3125.000000 3125.000000   clock clk_i (rise edge)
                                  0.000000 3125.000000   clock source latency
    60    0.155899    0.699731    0.482714 3125.482666 ^ clk_i (in)
                                                         clk_i (net)
                      0.699749    0.000000 3125.482666 ^ _361_/CLK (sky130_fd_sc_hd__dfrtp_2)
                                 -0.250000 3125.232666   clock uncertainty
                                  0.000000 3125.232666   clock reconvergence pessimism
                                  0.002656 3125.235352   library setup time
                                           3125.235352   data required time
---------------------------------------------------------------------------------------------
                                           3125.235352   data required time
                                             -3.499112   data arrival time
---------------------------------------------------------------------------------------------
                                           3121.736328   slack (MET)


Startpoint: _338_ (rising edge-triggered flip-flop clocked by clk_i)
Endpoint: _342_ (rising edge-triggered flip-flop clocked by clk_i)
Path Group: clk_i
Path Type: max

Fanout         Cap        Slew       Delay        Time   Description
---------------------------------------------------------------------------------------------
                                  0.000000    0.000000   clock clk_i (rise edge)
                                  0.000000    0.000000   clock source latency
    60    0.155899    0.699731    0.482717    0.482717 ^ clk_i (in)
                                                         clk_i (net)
                      0.699748    0.000000    0.482717 ^ _338_/CLK (sky130_fd_sc_hd__dfrtp_2)
    17    0.083745    0.215107    0.710065    1.192782 v _338_/Q (sky130_fd_sc_hd__dfrtp_2)
                                                         num_i_bar[2] (net)
                      0.215117    0.001619    1.194401 v _190_/B (sky130_fd_sc_hd__and2_2)
     1    0.002374    0.035826    0.259906    1.454307 v _190_/X (sky130_fd_sc_hd__and2_2)
                                                         _080_ (net)
                      0.035826    0.000002    1.454309 v _193_/B1 (sky130_fd_sc_hd__o221a_2)
     1    0.001581    0.039381    0.226890    1.681198 v _193_/X (sky130_fd_sc_hd__o221a_2)
                                                         _083_ (net)
                      0.039381    0.000000    1.681199 v _194_/C (sky130_fd_sc_hd__and3_2)
     1    0.006456    0.046304    0.213357    1.894557 v _194_/X (sky130_fd_sc_hd__and3_2)
                                                         _084_ (net)
                      0.046304    0.000053    1.894610 v _205_/B (sky130_fd_sc_hd__nor4_2)
     2    0.004359    0.218547    0.256880    2.151490 ^ _205_/Y (sky130_fd_sc_hd__nor4_2)
                                                         _095_ (net)
                      0.218547    0.000029    2.151519 ^ _252_/B (sky130_fd_sc_hd__and4_2)
    48    0.200748    1.004834    0.966703    3.118222 ^ _252_/X (sky130_fd_sc_hd__and4_2)
                                                         _139_ (net)
                      1.004835    0.001055    3.119277 ^ _284_/S (sky130_fd_sc_hd__mux2_1)
     1    0.002029    0.052883    0.377193    3.496470 v _284_/X (sky130_fd_sc_hd__mux2_1)
                                                         _010_ (net)
                      0.052883    0.000000    3.496471 v _342_/D (sky130_fd_sc_hd__dfrtp_2)
                                              3.496471   data arrival time

                               3125.000000 3125.000000   clock clk_i (rise edge)
                                  0.000000 3125.000000   clock source latency
    60    0.155899    0.699731    0.482942 3125.482910 ^ clk_i (in)
                                                         clk_i (net)
                      0.699752    0.000000 3125.482910 ^ _342_/CLK (sky130_fd_sc_hd__dfrtp_2)
                                 -0.250000 3125.232910   clock uncertainty
                                  0.000000 3125.232910   clock reconvergence pessimism
                                  0.003397 3125.236328   library setup time
                                           3125.236328   data required time
---------------------------------------------------------------------------------------------
                                           3125.236328   data required time
                                             -3.496471   data arrival time
---------------------------------------------------------------------------------------------
                                           3121.739746   slack (MET)


Startpoint: _338_ (rising edge-triggered flip-flop clocked by clk_i)
Endpoint: _363_ (rising edge-triggered flip-flop clocked by clk_i)
Path Group: clk_i
Path Type: max

Fanout         Cap        Slew       Delay        Time   Description
---------------------------------------------------------------------------------------------
                                  0.000000    0.000000   clock clk_i (rise edge)
                                  0.000000    0.000000   clock source latency
    60    0.155899    0.699731    0.482717    0.482717 ^ clk_i (in)
                                                         clk_i (net)
                      0.699748    0.000000    0.482717 ^ _338_/CLK (sky130_fd_sc_hd__dfrtp_2)
    17    0.083745    0.215107    0.710065    1.192782 v _338_/Q (sky130_fd_sc_hd__dfrtp_2)
                                                         num_i_bar[2] (net)
                      0.215117    0.001619    1.194401 v _190_/B (sky130_fd_sc_hd__and2_2)
     1    0.002374    0.035826    0.259906    1.454307 v _190_/X (sky130_fd_sc_hd__and2_2)
                                                         _080_ (net)
                      0.035826    0.000002    1.454309 v _193_/B1 (sky130_fd_sc_hd__o221a_2)
     1    0.001581    0.039381    0.226890    1.681198 v _193_/X (sky130_fd_sc_hd__o221a_2)
                                                         _083_ (net)
                      0.039381    0.000000    1.681199 v _194_/C (sky130_fd_sc_hd__and3_2)
     1    0.006456    0.046304    0.213357    1.894557 v _194_/X (sky130_fd_sc_hd__and3_2)
                                                         _084_ (net)
                      0.046304    0.000053    1.894610 v _205_/B (sky130_fd_sc_hd__nor4_2)
     2    0.004359    0.218547    0.256880    2.151490 ^ _205_/Y (sky130_fd_sc_hd__nor4_2)
                                                         _095_ (net)
                      0.218547    0.000029    2.151519 ^ _252_/B (sky130_fd_sc_hd__and4_2)
    48    0.200748    1.004834    0.966703    3.118222 ^ _252_/X (sky130_fd_sc_hd__and4_2)
                                                         _139_ (net)
                      1.004835    0.001013    3.119235 ^ _304_/S (sky130_fd_sc_hd__mux2_1)
     1    0.002229    0.054069    0.379077    3.498312 v _304_/X (sky130_fd_sc_hd__mux2_1)
                                                         _030_ (net)
                      0.054069    0.000003    3.498315 v _363_/D (sky130_fd_sc_hd__dfrtp_2)
                                              3.498315   data arrival time

                               3125.000000 3125.000000   clock clk_i (rise edge)
                                  0.000000 3125.000000   clock source latency
    60    0.155899    0.699731    0.482487 3125.482422 ^ clk_i (in)
                                                         clk_i (net)
                      0.699744    0.000000 3125.482422 ^ _363_/CLK (sky130_fd_sc_hd__dfrtp_2)
                                 -0.250000 3125.232422   clock uncertainty
                                  0.000000 3125.232422   clock reconvergence pessimism
                                  0.002893 3125.235352   library setup time
                                           3125.235352   data required time
---------------------------------------------------------------------------------------------
                                           3125.235352   data required time
                                             -3.498315   data arrival time
---------------------------------------------------------------------------------------------
                                           3121.737061   slack (MET)


Startpoint: _338_ (rising edge-triggered flip-flop clocked by clk_i)
Endpoint: _341_ (rising edge-triggered flip-flop clocked by clk_i)
Path Group: clk_i
Path Type: max

Fanout         Cap        Slew       Delay        Time   Description
---------------------------------------------------------------------------------------------
                                  0.000000    0.000000   clock clk_i (rise edge)
                                  0.000000    0.000000   clock source latency
    60    0.155899    0.699731    0.482717    0.482717 ^ clk_i (in)
                                                         clk_i (net)
                      0.699748    0.000000    0.482717 ^ _338_/CLK (sky130_fd_sc_hd__dfrtp_2)
    17    0.083745    0.215107    0.710065    1.192782 v _338_/Q (sky130_fd_sc_hd__dfrtp_2)
                                                         num_i_bar[2] (net)
                      0.215117    0.001619    1.194401 v _190_/B (sky130_fd_sc_hd__and2_2)
     1    0.002374    0.035826    0.259906    1.454307 v _190_/X (sky130_fd_sc_hd__and2_2)
                                                         _080_ (net)
                      0.035826    0.000002    1.454309 v _193_/B1 (sky130_fd_sc_hd__o221a_2)
     1    0.001581    0.039381    0.226890    1.681198 v _193_/X (sky130_fd_sc_hd__o221a_2)
                                                         _083_ (net)
                      0.039381    0.000000    1.681199 v _194_/C (sky130_fd_sc_hd__and3_2)
     1    0.006456    0.046304    0.213357    1.894557 v _194_/X (sky130_fd_sc_hd__and3_2)
                                                         _084_ (net)
                      0.046304    0.000053    1.894610 v _205_/B (sky130_fd_sc_hd__nor4_2)
     2    0.004359    0.218547    0.256880    2.151490 ^ _205_/Y (sky130_fd_sc_hd__nor4_2)
                                                         _095_ (net)
                      0.218547    0.000029    2.151519 ^ _252_/B (sky130_fd_sc_hd__and4_2)
    48    0.200748    1.004834    0.966703    3.118222 ^ _252_/X (sky130_fd_sc_hd__and4_2)
                                                         _139_ (net)
                      1.004835    0.001062    3.119284 ^ _283_/S (sky130_fd_sc_hd__mux2_1)
     1    0.002056    0.053040    0.377442    3.496727 v _283_/X (sky130_fd_sc_hd__mux2_1)
                                                         _009_ (net)
                      0.053040    0.000001    3.496728 v _341_/D (sky130_fd_sc_hd__dfrtp_2)
                                              3.496728   data arrival time

                               3125.000000 3125.000000   clock clk_i (rise edge)
                                  0.000000 3125.000000   clock source latency
    60    0.155899    0.699731    0.483851 3125.483887 ^ clk_i (in)
                                                         clk_i (net)
                      0.699764    0.000000 3125.483887 ^ _341_/CLK (sky130_fd_sc_hd__dfrtp_2)
                                 -0.250000 3125.233643   clock uncertainty
                                  0.000000 3125.233643   clock reconvergence pessimism
                                  0.003332 3125.237061   library setup time
                                           3125.237061   data required time
---------------------------------------------------------------------------------------------
                                           3125.237061   data required time
                                             -3.496728   data arrival time
---------------------------------------------------------------------------------------------
                                           3121.740479   slack (MET)


Startpoint: _338_ (rising edge-triggered flip-flop clocked by clk_i)
Endpoint: _364_ (rising edge-triggered flip-flop clocked by clk_i)
Path Group: clk_i
Path Type: max

Fanout         Cap        Slew       Delay        Time   Description
---------------------------------------------------------------------------------------------
                                  0.000000    0.000000   clock clk_i (rise edge)
                                  0.000000    0.000000   clock source latency
    60    0.155899    0.699731    0.482717    0.482717 ^ clk_i (in)
                                                         clk_i (net)
                      0.699748    0.000000    0.482717 ^ _338_/CLK (sky130_fd_sc_hd__dfrtp_2)
    17    0.083745    0.215107    0.710065    1.192782 v _338_/Q (sky130_fd_sc_hd__dfrtp_2)
                                                         num_i_bar[2] (net)
                      0.215117    0.001619    1.194401 v _190_/B (sky130_fd_sc_hd__and2_2)
     1    0.002374    0.035826    0.259906    1.454307 v _190_/X (sky130_fd_sc_hd__and2_2)
                                                         _080_ (net)
                      0.035826    0.000002    1.454309 v _193_/B1 (sky130_fd_sc_hd__o221a_2)
     1    0.001581    0.039381    0.226890    1.681198 v _193_/X (sky130_fd_sc_hd__o221a_2)
                                                         _083_ (net)
                      0.039381    0.000000    1.681199 v _194_/C (sky130_fd_sc_hd__and3_2)
     1    0.006456    0.046304    0.213357    1.894557 v _194_/X (sky130_fd_sc_hd__and3_2)
                                                         _084_ (net)
                      0.046304    0.000053    1.894610 v _205_/B (sky130_fd_sc_hd__nor4_2)
     2    0.004359    0.218547    0.256880    2.151490 ^ _205_/Y (sky130_fd_sc_hd__nor4_2)
                                                         _095_ (net)
                      0.218547    0.000029    2.151519 ^ _252_/B (sky130_fd_sc_hd__and4_2)
    48    0.200748    1.004834    0.966703    3.118222 ^ _252_/X (sky130_fd_sc_hd__and4_2)
                                                         _139_ (net)
                      1.004834    0.001001    3.119224 ^ _305_/S (sky130_fd_sc_hd__mux2_1)
     1    0.002197    0.053877    0.378771    3.497994 v _305_/X (sky130_fd_sc_hd__mux2_1)
                                                         _031_ (net)
                      0.053877    0.000003    3.497998 v _364_/D (sky130_fd_sc_hd__dfrtp_2)
                                              3.497998   data arrival time

                               3125.000000 3125.000000   clock clk_i (rise edge)
                                  0.000000 3125.000000   clock source latency
    60    0.155899    0.699731    0.482487 3125.482422 ^ clk_i (in)
                                                         clk_i (net)
                      0.699745    0.000000 3125.482422 ^ _364_/CLK (sky130_fd_sc_hd__dfrtp_2)
                                 -0.250000 3125.232422   clock uncertainty
                                  0.000000 3125.232422   clock reconvergence pessimism
                                  0.002975 3125.235352   library setup time
                                           3125.235352   data required time
---------------------------------------------------------------------------------------------
                                           3125.235352   data required time
                                             -3.497998   data arrival time
---------------------------------------------------------------------------------------------
                                           3121.737305   slack (MET)


Startpoint: _338_ (rising edge-triggered flip-flop clocked by clk_i)
Endpoint: _368_ (rising edge-triggered flip-flop clocked by clk_i)
Path Group: clk_i
Path Type: max

Fanout         Cap        Slew       Delay        Time   Description
---------------------------------------------------------------------------------------------
                                  0.000000    0.000000   clock clk_i (rise edge)
                                  0.000000    0.000000   clock source latency
    60    0.155899    0.699731    0.482717    0.482717 ^ clk_i (in)
                                                         clk_i (net)
                      0.699748    0.000000    0.482717 ^ _338_/CLK (sky130_fd_sc_hd__dfrtp_2)
    17    0.083745    0.215107    0.710065    1.192782 v _338_/Q (sky130_fd_sc_hd__dfrtp_2)
                                                         num_i_bar[2] (net)
                      0.215117    0.001619    1.194401 v _190_/B (sky130_fd_sc_hd__and2_2)
     1    0.002374    0.035826    0.259906    1.454307 v _190_/X (sky130_fd_sc_hd__and2_2)
                                                         _080_ (net)
                      0.035826    0.000002    1.454309 v _193_/B1 (sky130_fd_sc_hd__o221a_2)
     1    0.001581    0.039381    0.226890    1.681198 v _193_/X (sky130_fd_sc_hd__o221a_2)
                                                         _083_ (net)
                      0.039381    0.000000    1.681199 v _194_/C (sky130_fd_sc_hd__and3_2)
     1    0.006456    0.046304    0.213357    1.894557 v _194_/X (sky130_fd_sc_hd__and3_2)
                                                         _084_ (net)
                      0.046304    0.000053    1.894610 v _205_/B (sky130_fd_sc_hd__nor4_2)
     2    0.004359    0.218547    0.256880    2.151490 ^ _205_/Y (sky130_fd_sc_hd__nor4_2)
                                                         _095_ (net)
                      0.218547    0.000029    2.151519 ^ _252_/B (sky130_fd_sc_hd__and4_2)
    48    0.200748    1.004834    0.966703    3.118222 ^ _252_/X (sky130_fd_sc_hd__and4_2)
                                                         _139_ (net)
                      1.004834    0.000966    3.119188 ^ _308_/S (sky130_fd_sc_hd__mux2_1)
     1    0.002439    0.055314    0.381053    3.500241 v _308_/X (sky130_fd_sc_hd__mux2_1)
                                                         _034_ (net)
                      0.055314    0.000005    3.500246 v _368_/D (sky130_fd_sc_hd__dfrtp_2)
                                              3.500246   data arrival time

                               3125.000000 3125.000000   clock clk_i (rise edge)
                                  0.000000 3125.000000   clock source latency
    60    0.155899    0.699731    0.482487 3125.482422 ^ clk_i (in)
                                                         clk_i (net)
                      0.699746    0.000000 3125.482422 ^ _368_/CLK (sky130_fd_sc_hd__dfrtp_2)
                                 -0.250000 3125.232422   clock uncertainty
                                  0.000000 3125.232422   clock reconvergence pessimism
                                  0.002365 3125.234619   library setup time
                                           3125.234619   data required time
---------------------------------------------------------------------------------------------
                                           3125.234619   data required time
                                             -3.500246   data arrival time
---------------------------------------------------------------------------------------------
                                           3121.734375   slack (MET)


Startpoint: _338_ (rising edge-triggered flip-flop clocked by clk_i)
Endpoint: _343_ (rising edge-triggered flip-flop clocked by clk_i)
Path Group: clk_i
Path Type: max

Fanout         Cap        Slew       Delay        Time   Description
---------------------------------------------------------------------------------------------
                                  0.000000    0.000000   clock clk_i (rise edge)
                                  0.000000    0.000000   clock source latency
    60    0.155899    0.699731    0.482717    0.482717 ^ clk_i (in)
                                                         clk_i (net)
                      0.699748    0.000000    0.482717 ^ _338_/CLK (sky130_fd_sc_hd__dfrtp_2)
    17    0.083745    0.215107    0.710065    1.192782 v _338_/Q (sky130_fd_sc_hd__dfrtp_2)
                                                         num_i_bar[2] (net)
                      0.215117    0.001619    1.194401 v _190_/B (sky130_fd_sc_hd__and2_2)
     1    0.002374    0.035826    0.259906    1.454307 v _190_/X (sky130_fd_sc_hd__and2_2)
                                                         _080_ (net)
                      0.035826    0.000002    1.454309 v _193_/B1 (sky130_fd_sc_hd__o221a_2)
     1    0.001581    0.039381    0.226890    1.681198 v _193_/X (sky130_fd_sc_hd__o221a_2)
                                                         _083_ (net)
                      0.039381    0.000000    1.681199 v _194_/C (sky130_fd_sc_hd__and3_2)
     1    0.006456    0.046304    0.213357    1.894557 v _194_/X (sky130_fd_sc_hd__and3_2)
                                                         _084_ (net)
                      0.046304    0.000053    1.894610 v _205_/B (sky130_fd_sc_hd__nor4_2)
     2    0.004359    0.218547    0.256880    2.151490 ^ _205_/Y (sky130_fd_sc_hd__nor4_2)
                                                         _095_ (net)
                      0.218547    0.000029    2.151519 ^ _252_/B (sky130_fd_sc_hd__and4_2)
    48    0.200748    1.004834    0.966703    3.118222 ^ _252_/X (sky130_fd_sc_hd__and4_2)
                                                         _139_ (net)
                      1.004834    0.000628    3.118850 ^ _285_/S (sky130_fd_sc_hd__mux2_1)
     1    0.002058    0.053051    0.377459    3.496309 v _285_/X (sky130_fd_sc_hd__mux2_1)
                                                         _011_ (net)
                      0.053051    0.000001    3.496310 v _343_/D (sky130_fd_sc_hd__dfrtp_2)
                                              3.496310   data arrival time

                               3125.000000 3125.000000   clock clk_i (rise edge)
                                  0.000000 3125.000000   clock source latency
    60    0.155899    0.699731    0.484079 3125.484131 ^ clk_i (in)
                                                         clk_i (net)
                      0.699766    0.000000 3125.484131 ^ _343_/CLK (sky130_fd_sc_hd__dfrtp_2)
                                 -0.250000 3125.233887   clock uncertainty
                                  0.000000 3125.233887   clock reconvergence pessimism
                                  0.003327 3125.237305   library setup time
                                           3125.237305   data required time
---------------------------------------------------------------------------------------------
                                           3125.237305   data required time
                                             -3.496310   data arrival time
---------------------------------------------------------------------------------------------
                                           3121.740967   slack (MET)


Startpoint: _338_ (rising edge-triggered flip-flop clocked by clk_i)
Endpoint: _344_ (rising edge-triggered flip-flop clocked by clk_i)
Path Group: clk_i
Path Type: max

Fanout         Cap        Slew       Delay        Time   Description
---------------------------------------------------------------------------------------------
                                  0.000000    0.000000   clock clk_i (rise edge)
                                  0.000000    0.000000   clock source latency
    60    0.155899    0.699731    0.482717    0.482717 ^ clk_i (in)
                                                         clk_i (net)
                      0.699748    0.000000    0.482717 ^ _338_/CLK (sky130_fd_sc_hd__dfrtp_2)
    17    0.083745    0.215107    0.710065    1.192782 v _338_/Q (sky130_fd_sc_hd__dfrtp_2)
                                                         num_i_bar[2] (net)
                      0.215117    0.001619    1.194401 v _190_/B (sky130_fd_sc_hd__and2_2)
     1    0.002374    0.035826    0.259906    1.454307 v _190_/X (sky130_fd_sc_hd__and2_2)
                                                         _080_ (net)
                      0.035826    0.000002    1.454309 v _193_/B1 (sky130_fd_sc_hd__o221a_2)
     1    0.001581    0.039381    0.226890    1.681198 v _193_/X (sky130_fd_sc_hd__o221a_2)
                                                         _083_ (net)
                      0.039381    0.000000    1.681199 v _194_/C (sky130_fd_sc_hd__and3_2)
     1    0.006456    0.046304    0.213357    1.894557 v _194_/X (sky130_fd_sc_hd__and3_2)
                                                         _084_ (net)
                      0.046304    0.000053    1.894610 v _205_/B (sky130_fd_sc_hd__nor4_2)
     2    0.004359    0.218547    0.256880    2.151490 ^ _205_/Y (sky130_fd_sc_hd__nor4_2)
                                                         _095_ (net)
                      0.218547    0.000029    2.151519 ^ _252_/B (sky130_fd_sc_hd__and4_2)
    48    0.200748    1.004834    0.966703    3.118222 ^ _252_/X (sky130_fd_sc_hd__and4_2)
                                                         _139_ (net)
                      1.004834    0.000504    3.118726 ^ _286_/S (sky130_fd_sc_hd__mux2_1)
     1    0.002078    0.053173    0.377652    3.496378 v _286_/X (sky130_fd_sc_hd__mux2_1)
                                                         _012_ (net)
                      0.053173    0.000001    3.496380 v _344_/D (sky130_fd_sc_hd__dfrtp_2)
                                              3.496380   data arrival time

                               3125.000000 3125.000000   clock clk_i (rise edge)
                                  0.000000 3125.000000   clock source latency
    60    0.155899    0.699731    0.484306 3125.484375 ^ clk_i (in)
                                                         clk_i (net)
                      0.699772    0.000000 3125.484375 ^ _344_/CLK (sky130_fd_sc_hd__dfrtp_2)
                                 -0.250000 3125.234131   clock uncertainty
                                  0.000000 3125.234131   clock reconvergence pessimism
                                  0.003276 3125.237305   library setup time
                                           3125.237305   data required time
---------------------------------------------------------------------------------------------
                                           3125.237305   data required time
                                             -3.496380   data arrival time
---------------------------------------------------------------------------------------------
                                           3121.740967   slack (MET)


Startpoint: _338_ (rising edge-triggered flip-flop clocked by clk_i)
Endpoint: _345_ (rising edge-triggered flip-flop clocked by clk_i)
Path Group: clk_i
Path Type: max

Fanout         Cap        Slew       Delay        Time   Description
---------------------------------------------------------------------------------------------
                                  0.000000    0.000000   clock clk_i (rise edge)
                                  0.000000    0.000000   clock source latency
    60    0.155899    0.699731    0.482717    0.482717 ^ clk_i (in)
                                                         clk_i (net)
                      0.699748    0.000000    0.482717 ^ _338_/CLK (sky130_fd_sc_hd__dfrtp_2)
    17    0.083745    0.215107    0.710065    1.192782 v _338_/Q (sky130_fd_sc_hd__dfrtp_2)
                                                         num_i_bar[2] (net)
                      0.215117    0.001619    1.194401 v _190_/B (sky130_fd_sc_hd__and2_2)
     1    0.002374    0.035826    0.259906    1.454307 v _190_/X (sky130_fd_sc_hd__and2_2)
                                                         _080_ (net)
                      0.035826    0.000002    1.454309 v _193_/B1 (sky130_fd_sc_hd__o221a_2)
     1    0.001581    0.039381    0.226890    1.681198 v _193_/X (sky130_fd_sc_hd__o221a_2)
                                                         _083_ (net)
                      0.039381    0.000000    1.681199 v _194_/C (sky130_fd_sc_hd__and3_2)
     1    0.006456    0.046304    0.213357    1.894557 v _194_/X (sky130_fd_sc_hd__and3_2)
                                                         _084_ (net)
                      0.046304    0.000053    1.894610 v _205_/B (sky130_fd_sc_hd__nor4_2)
     2    0.004359    0.218547    0.256880    2.151490 ^ _205_/Y (sky130_fd_sc_hd__nor4_2)
                                                         _095_ (net)
                      0.218547    0.000029    2.151519 ^ _252_/B (sky130_fd_sc_hd__and4_2)
    48    0.200748    1.004834    0.966703    3.118222 ^ _252_/X (sky130_fd_sc_hd__and4_2)
                                                         _139_ (net)
                      1.004834    0.000335    3.118557 ^ _287_/S (sky130_fd_sc_hd__mux2_1)
     1    0.002252    0.054205    0.379292    3.497849 v _287_/X (sky130_fd_sc_hd__mux2_1)
                                                         _013_ (net)
                      0.054205    0.000003    3.497852 v _345_/D (sky130_fd_sc_hd__dfrtp_2)
                                              3.497852   data arrival time

                               3125.000000 3125.000000   clock clk_i (rise edge)
                                  0.000000 3125.000000   clock source latency
    60    0.155899    0.699731    0.483851 3125.483887 ^ clk_i (in)
                                                         clk_i (net)
                      0.699766    0.000000 3125.483887 ^ _345_/CLK (sky130_fd_sc_hd__dfrtp_2)
                                 -0.250000 3125.233643   clock uncertainty
                                  0.000000 3125.233643   clock reconvergence pessimism
                                  0.002837 3125.236572   library setup time
                                           3125.236572   data required time
---------------------------------------------------------------------------------------------
                                           3125.236572   data required time
                                             -3.497852   data arrival time
---------------------------------------------------------------------------------------------
                                           3121.738525   slack (MET)


Startpoint: _338_ (rising edge-triggered flip-flop clocked by clk_i)
Endpoint: _346_ (rising edge-triggered flip-flop clocked by clk_i)
Path Group: clk_i
Path Type: max

Fanout         Cap        Slew       Delay        Time   Description
---------------------------------------------------------------------------------------------
                                  0.000000    0.000000   clock clk_i (rise edge)
                                  0.000000    0.000000   clock source latency
    60    0.155899    0.699731    0.482717    0.482717 ^ clk_i (in)
                                                         clk_i (net)
                      0.699748    0.000000    0.482717 ^ _338_/CLK (sky130_fd_sc_hd__dfrtp_2)
    17    0.083745    0.215107    0.710065    1.192782 v _338_/Q (sky130_fd_sc_hd__dfrtp_2)
                                                         num_i_bar[2] (net)
                      0.215117    0.001619    1.194401 v _190_/B (sky130_fd_sc_hd__and2_2)
     1    0.002374    0.035826    0.259906    1.454307 v _190_/X (sky130_fd_sc_hd__and2_2)
                                                         _080_ (net)
                      0.035826    0.000002    1.454309 v _193_/B1 (sky130_fd_sc_hd__o221a_2)
     1    0.001581    0.039381    0.226890    1.681198 v _193_/X (sky130_fd_sc_hd__o221a_2)
                                                         _083_ (net)
                      0.039381    0.000000    1.681199 v _194_/C (sky130_fd_sc_hd__and3_2)
     1    0.006456    0.046304    0.213357    1.894557 v _194_/X (sky130_fd_sc_hd__and3_2)
                                                         _084_ (net)
                      0.046304    0.000053    1.894610 v _205_/B (sky130_fd_sc_hd__nor4_2)
     2    0.004359    0.218547    0.256880    2.151490 ^ _205_/Y (sky130_fd_sc_hd__nor4_2)
                                                         _095_ (net)
                      0.218547    0.000029    2.151519 ^ _252_/B (sky130_fd_sc_hd__and4_2)
    48    0.200748    1.004834    0.966703    3.118222 ^ _252_/X (sky130_fd_sc_hd__and4_2)
                                                         _139_ (net)
                      1.004834    0.000468    3.118690 ^ _288_/S (sky130_fd_sc_hd__mux2_1)
     1    0.002273    0.054327    0.379486    3.498176 v _288_/X (sky130_fd_sc_hd__mux2_1)
                                                         _014_ (net)
                      0.054327    0.000004    3.498180 v _346_/D (sky130_fd_sc_hd__dfrtp_2)
                                              3.498180   data arrival time

                               3125.000000 3125.000000   clock clk_i (rise edge)
                                  0.000000 3125.000000   clock source latency
    60    0.155899    0.699731    0.484306 3125.484375 ^ clk_i (in)
                                                         clk_i (net)
                      0.699771    0.000000 3125.484375 ^ _346_/CLK (sky130_fd_sc_hd__dfrtp_2)
                                 -0.250000 3125.234131   clock uncertainty
                                  0.000000 3125.234131   clock reconvergence pessimism
                                  0.002786 3125.236816   library setup time
                                           3125.236816   data required time
---------------------------------------------------------------------------------------------
                                           3125.236816   data required time
                                             -3.498180   data arrival time
---------------------------------------------------------------------------------------------
                                           3121.738770   slack (MET)


Startpoint: _338_ (rising edge-triggered flip-flop clocked by clk_i)
Endpoint: _347_ (rising edge-triggered flip-flop clocked by clk_i)
Path Group: clk_i
Path Type: max

Fanout         Cap        Slew       Delay        Time   Description
---------------------------------------------------------------------------------------------
                                  0.000000    0.000000   clock clk_i (rise edge)
                                  0.000000    0.000000   clock source latency
    60    0.155899    0.699731    0.482717    0.482717 ^ clk_i (in)
                                                         clk_i (net)
                      0.699748    0.000000    0.482717 ^ _338_/CLK (sky130_fd_sc_hd__dfrtp_2)
    17    0.083745    0.215107    0.710065    1.192782 v _338_/Q (sky130_fd_sc_hd__dfrtp_2)
                                                         num_i_bar[2] (net)
                      0.215117    0.001619    1.194401 v _190_/B (sky130_fd_sc_hd__and2_2)
     1    0.002374    0.035826    0.259906    1.454307 v _190_/X (sky130_fd_sc_hd__and2_2)
                                                         _080_ (net)
                      0.035826    0.000002    1.454309 v _193_/B1 (sky130_fd_sc_hd__o221a_2)
     1    0.001581    0.039381    0.226890    1.681198 v _193_/X (sky130_fd_sc_hd__o221a_2)
                                                         _083_ (net)
                      0.039381    0.000000    1.681199 v _194_/C (sky130_fd_sc_hd__and3_2)
     1    0.006456    0.046304    0.213357    1.894557 v _194_/X (sky130_fd_sc_hd__and3_2)
                                                         _084_ (net)
                      0.046304    0.000053    1.894610 v _205_/B (sky130_fd_sc_hd__nor4_2)
     2    0.004359    0.218547    0.256880    2.151490 ^ _205_/Y (sky130_fd_sc_hd__nor4_2)
                                                         _095_ (net)
                      0.218547    0.000029    2.151519 ^ _252_/B (sky130_fd_sc_hd__and4_2)
    48    0.200748    1.004834    0.966703    3.118222 ^ _252_/X (sky130_fd_sc_hd__and4_2)
                                                         _139_ (net)
                      1.004834    0.000958    3.119180 ^ _289_/S (sky130_fd_sc_hd__mux2_1)
     1    0.002011    0.052777    0.377023    3.496203 v _289_/X (sky130_fd_sc_hd__mux2_1)
                                                         _015_ (net)
                      0.052777    0.000000    3.496204 v _347_/D (sky130_fd_sc_hd__dfrtp_2)
                                              3.496204   data arrival time

                               3125.000000 3125.000000   clock clk_i (rise edge)
                                  0.000000 3125.000000   clock source latency
    60    0.155899    0.699731    0.483624 3125.483643 ^ clk_i (in)
                                                         clk_i (net)
                      0.699762    0.000000 3125.483643 ^ _347_/CLK (sky130_fd_sc_hd__dfrtp_2)
                                 -0.250000 3125.233643   clock uncertainty
                                  0.000000 3125.233643   clock reconvergence pessimism
                                  0.003444 3125.236816   library setup time
                                           3125.236816   data required time
---------------------------------------------------------------------------------------------
                                           3125.236816   data required time
                                             -3.496204   data arrival time
---------------------------------------------------------------------------------------------
                                           3121.740723   slack (MET)


Startpoint: _338_ (rising edge-triggered flip-flop clocked by clk_i)
Endpoint: _348_ (rising edge-triggered flip-flop clocked by clk_i)
Path Group: clk_i
Path Type: max

Fanout         Cap        Slew       Delay        Time   Description
---------------------------------------------------------------------------------------------
                                  0.000000    0.000000   clock clk_i (rise edge)
                                  0.000000    0.000000   clock source latency
    60    0.155899    0.699731    0.482717    0.482717 ^ clk_i (in)
                                                         clk_i (net)
                      0.699748    0.000000    0.482717 ^ _338_/CLK (sky130_fd_sc_hd__dfrtp_2)
    17    0.083745    0.215107    0.710065    1.192782 v _338_/Q (sky130_fd_sc_hd__dfrtp_2)
                                                         num_i_bar[2] (net)
                      0.215117    0.001619    1.194401 v _190_/B (sky130_fd_sc_hd__and2_2)
     1    0.002374    0.035826    0.259906    1.454307 v _190_/X (sky130_fd_sc_hd__and2_2)
                                                         _080_ (net)
                      0.035826    0.000002    1.454309 v _193_/B1 (sky130_fd_sc_hd__o221a_2)
     1    0.001581    0.039381    0.226890    1.681198 v _193_/X (sky130_fd_sc_hd__o221a_2)
                                                         _083_ (net)
                      0.039381    0.000000    1.681199 v _194_/C (sky130_fd_sc_hd__and3_2)
     1    0.006456    0.046304    0.213357    1.894557 v _194_/X (sky130_fd_sc_hd__and3_2)
                                                         _084_ (net)
                      0.046304    0.000053    1.894610 v _205_/B (sky130_fd_sc_hd__nor4_2)
     2    0.004359    0.218547    0.256880    2.151490 ^ _205_/Y (sky130_fd_sc_hd__nor4_2)
                                                         _095_ (net)
                      0.218547    0.000029    2.151519 ^ _252_/B (sky130_fd_sc_hd__and4_2)
    48    0.200748    1.004834    0.966703    3.118222 ^ _252_/X (sky130_fd_sc_hd__and4_2)
                                                         _139_ (net)
                      1.004835    0.001017    3.119239 ^ _290_/S (sky130_fd_sc_hd__mux2_1)
     1    0.002062    0.053079    0.377503    3.496742 v _290_/X (sky130_fd_sc_hd__mux2_1)
                                                         _016_ (net)
                      0.053079    0.000001    3.496743 v _348_/D (sky130_fd_sc_hd__dfrtp_2)
                                              3.496743   data arrival time

                               3125.000000 3125.000000   clock clk_i (rise edge)
                                  0.000000 3125.000000   clock source latency
    60    0.155899    0.699731    0.482942 3125.482910 ^ clk_i (in)
                                                         clk_i (net)
                      0.699752    0.000000 3125.482910 ^ _348_/CLK (sky130_fd_sc_hd__dfrtp_2)
                                 -0.250000 3125.232910   clock uncertainty
                                  0.000000 3125.232910   clock reconvergence pessimism
                                  0.003315 3125.236328   library setup time
                                           3125.236328   data required time
---------------------------------------------------------------------------------------------
                                           3125.236328   data required time
                                             -3.496743   data arrival time
---------------------------------------------------------------------------------------------
                                           3121.739502   slack (MET)


Startpoint: _338_ (rising edge-triggered flip-flop clocked by clk_i)
Endpoint: _349_ (rising edge-triggered flip-flop clocked by clk_i)
Path Group: clk_i
Path Type: max

Fanout         Cap        Slew       Delay        Time   Description
---------------------------------------------------------------------------------------------
                                  0.000000    0.000000   clock clk_i (rise edge)
                                  0.000000    0.000000   clock source latency
    60    0.155899    0.699731    0.482717    0.482717 ^ clk_i (in)
                                                         clk_i (net)
                      0.699748    0.000000    0.482717 ^ _338_/CLK (sky130_fd_sc_hd__dfrtp_2)
    17    0.083745    0.215107    0.710065    1.192782 v _338_/Q (sky130_fd_sc_hd__dfrtp_2)
                                                         num_i_bar[2] (net)
                      0.215117    0.001619    1.194401 v _190_/B (sky130_fd_sc_hd__and2_2)
     1    0.002374    0.035826    0.259906    1.454307 v _190_/X (sky130_fd_sc_hd__and2_2)
                                                         _080_ (net)
                      0.035826    0.000002    1.454309 v _193_/B1 (sky130_fd_sc_hd__o221a_2)
     1    0.001581    0.039381    0.226890    1.681198 v _193_/X (sky130_fd_sc_hd__o221a_2)
                                                         _083_ (net)
                      0.039381    0.000000    1.681199 v _194_/C (sky130_fd_sc_hd__and3_2)
     1    0.006456    0.046304    0.213357    1.894557 v _194_/X (sky130_fd_sc_hd__and3_2)
                                                         _084_ (net)
                      0.046304    0.000053    1.894610 v _205_/B (sky130_fd_sc_hd__nor4_2)
     2    0.004359    0.218547    0.256880    2.151490 ^ _205_/Y (sky130_fd_sc_hd__nor4_2)
                                                         _095_ (net)
                      0.218547    0.000029    2.151519 ^ _252_/B (sky130_fd_sc_hd__and4_2)
    48    0.200748    1.004834    0.966703    3.118222 ^ _252_/X (sky130_fd_sc_hd__and4_2)
                                                         _139_ (net)
                      1.004834    0.000616    3.118838 ^ _291_/S (sky130_fd_sc_hd__mux2_1)
     1    0.002028    0.052876    0.377182    3.496020 v _291_/X (sky130_fd_sc_hd__mux2_1)
                                                         _017_ (net)
                      0.052876    0.000000    3.496021 v _349_/D (sky130_fd_sc_hd__dfrtp_2)
                                              3.496021   data arrival time

                               3125.000000 3125.000000   clock clk_i (rise edge)
                                  0.000000 3125.000000   clock source latency
    60    0.155899    0.699731    0.483851 3125.483887 ^ clk_i (in)
                                                         clk_i (net)
                      0.699766    0.000000 3125.483887 ^ _349_/CLK (sky130_fd_sc_hd__dfrtp_2)
                                 -0.250000 3125.233643   clock uncertainty
                                  0.000000 3125.233643   clock reconvergence pessimism
                                  0.003402 3125.237061   library setup time
                                           3125.237061   data required time
---------------------------------------------------------------------------------------------
                                           3125.237061   data required time
                                             -3.496021   data arrival time
---------------------------------------------------------------------------------------------
                                           3121.740967   slack (MET)


Startpoint: _338_ (rising edge-triggered flip-flop clocked by clk_i)
Endpoint: _350_ (rising edge-triggered flip-flop clocked by clk_i)
Path Group: clk_i
Path Type: max

Fanout         Cap        Slew       Delay        Time   Description
---------------------------------------------------------------------------------------------
                                  0.000000    0.000000   clock clk_i (rise edge)
                                  0.000000    0.000000   clock source latency
    60    0.155899    0.699731    0.482717    0.482717 ^ clk_i (in)
                                                         clk_i (net)
                      0.699748    0.000000    0.482717 ^ _338_/CLK (sky130_fd_sc_hd__dfrtp_2)
    17    0.083745    0.215107    0.710065    1.192782 v _338_/Q (sky130_fd_sc_hd__dfrtp_2)
                                                         num_i_bar[2] (net)
                      0.215117    0.001619    1.194401 v _190_/B (sky130_fd_sc_hd__and2_2)
     1    0.002374    0.035826    0.259906    1.454307 v _190_/X (sky130_fd_sc_hd__and2_2)
                                                         _080_ (net)
                      0.035826    0.000002    1.454309 v _193_/B1 (sky130_fd_sc_hd__o221a_2)
     1    0.001581    0.039381    0.226890    1.681198 v _193_/X (sky130_fd_sc_hd__o221a_2)
                                                         _083_ (net)
                      0.039381    0.000000    1.681199 v _194_/C (sky130_fd_sc_hd__and3_2)
     1    0.006456    0.046304    0.213357    1.894557 v _194_/X (sky130_fd_sc_hd__and3_2)
                                                         _084_ (net)
                      0.046304    0.000053    1.894610 v _205_/B (sky130_fd_sc_hd__nor4_2)
     2    0.004359    0.218547    0.256880    2.151490 ^ _205_/Y (sky130_fd_sc_hd__nor4_2)
                                                         _095_ (net)
                      0.218547    0.000029    2.151519 ^ _252_/B (sky130_fd_sc_hd__and4_2)
    48    0.200748    1.004834    0.966703    3.118222 ^ _252_/X (sky130_fd_sc_hd__and4_2)
                                                         _139_ (net)
                      1.004834    0.000868    3.119091 ^ _292_/S (sky130_fd_sc_hd__mux2_1)
     1    0.002071    0.053132    0.377588    3.496678 v _292_/X (sky130_fd_sc_hd__mux2_1)
                                                         _018_ (net)
                      0.053132    0.000001    3.496680 v _350_/D (sky130_fd_sc_hd__dfrtp_2)
                                              3.496680   data arrival time

                               3125.000000 3125.000000   clock clk_i (rise edge)
                                  0.000000 3125.000000   clock source latency
    60    0.155899    0.699731    0.483624 3125.483643 ^ clk_i (in)
                                                         clk_i (net)
                      0.699761    0.000000 3125.483643 ^ _350_/CLK (sky130_fd_sc_hd__dfrtp_2)
                                 -0.250000 3125.233643   clock uncertainty
                                  0.000000 3125.233643   clock reconvergence pessimism
                                  0.003293 3125.236816   library setup time
                                           3125.236816   data required time
---------------------------------------------------------------------------------------------
                                           3125.236816   data required time
                                             -3.496680   data arrival time
---------------------------------------------------------------------------------------------
                                           3121.739990   slack (MET)


Startpoint: _338_ (rising edge-triggered flip-flop clocked by clk_i)
Endpoint: _351_ (rising edge-triggered flip-flop clocked by clk_i)
Path Group: clk_i
Path Type: max

Fanout         Cap        Slew       Delay        Time   Description
---------------------------------------------------------------------------------------------
                                  0.000000    0.000000   clock clk_i (rise edge)
                                  0.000000    0.000000   clock source latency
    60    0.155899    0.699731    0.482717    0.482717 ^ clk_i (in)
                                                         clk_i (net)
                      0.699748    0.000000    0.482717 ^ _338_/CLK (sky130_fd_sc_hd__dfrtp_2)
    17    0.083745    0.215107    0.710065    1.192782 v _338_/Q (sky130_fd_sc_hd__dfrtp_2)
                                                         num_i_bar[2] (net)
                      0.215117    0.001619    1.194401 v _190_/B (sky130_fd_sc_hd__and2_2)
     1    0.002374    0.035826    0.259906    1.454307 v _190_/X (sky130_fd_sc_hd__and2_2)
                                                         _080_ (net)
                      0.035826    0.000002    1.454309 v _193_/B1 (sky130_fd_sc_hd__o221a_2)
     1    0.001581    0.039381    0.226890    1.681198 v _193_/X (sky130_fd_sc_hd__o221a_2)
                                                         _083_ (net)
                      0.039381    0.000000    1.681199 v _194_/C (sky130_fd_sc_hd__and3_2)
     1    0.006456    0.046304    0.213357    1.894557 v _194_/X (sky130_fd_sc_hd__and3_2)
                                                         _084_ (net)
                      0.046304    0.000053    1.894610 v _205_/B (sky130_fd_sc_hd__nor4_2)
     2    0.004359    0.218547    0.256880    2.151490 ^ _205_/Y (sky130_fd_sc_hd__nor4_2)
                                                         _095_ (net)
                      0.218547    0.000029    2.151519 ^ _252_/B (sky130_fd_sc_hd__and4_2)
    48    0.200748    1.004834    0.966703    3.118222 ^ _252_/X (sky130_fd_sc_hd__and4_2)
                                                         _139_ (net)
                      1.004834    0.000978    3.119200 ^ _293_/S (sky130_fd_sc_hd__mux2_1)
     1    0.002126    0.053457    0.378105    3.497305 v _293_/X (sky130_fd_sc_hd__mux2_1)
                                                         _019_ (net)
                      0.053457    0.000002    3.497307 v _351_/D (sky130_fd_sc_hd__dfrtp_2)
                                              3.497307   data arrival time

                               3125.000000 3125.000000   clock clk_i (rise edge)
                                  0.000000 3125.000000   clock source latency
    60    0.155899    0.699731    0.482942 3125.482910 ^ clk_i (in)
                                                         clk_i (net)
                      0.699751    0.000000 3125.482910 ^ _351_/CLK (sky130_fd_sc_hd__dfrtp_2)
                                 -0.250000 3125.232910   clock uncertainty
                                  0.000000 3125.232910   clock reconvergence pessimism
                                  0.003154 3125.236084   library setup time
                                           3125.236084   data required time
---------------------------------------------------------------------------------------------
                                           3125.236084   data required time
                                             -3.497307   data arrival time
---------------------------------------------------------------------------------------------
                                           3121.738770   slack (MET)


Startpoint: _338_ (rising edge-triggered flip-flop clocked by clk_i)
Endpoint: _352_ (rising edge-triggered flip-flop clocked by clk_i)
Path Group: clk_i
Path Type: max

Fanout         Cap        Slew       Delay        Time   Description
---------------------------------------------------------------------------------------------
                                  0.000000    0.000000   clock clk_i (rise edge)
                                  0.000000    0.000000   clock source latency
    60    0.155899    0.699731    0.482717    0.482717 ^ clk_i (in)
                                                         clk_i (net)
                      0.699748    0.000000    0.482717 ^ _338_/CLK (sky130_fd_sc_hd__dfrtp_2)
    17    0.083745    0.215107    0.710065    1.192782 v _338_/Q (sky130_fd_sc_hd__dfrtp_2)
                                                         num_i_bar[2] (net)
                      0.215117    0.001619    1.194401 v _190_/B (sky130_fd_sc_hd__and2_2)
     1    0.002374    0.035826    0.259906    1.454307 v _190_/X (sky130_fd_sc_hd__and2_2)
                                                         _080_ (net)
                      0.035826    0.000002    1.454309 v _193_/B1 (sky130_fd_sc_hd__o221a_2)
     1    0.001581    0.039381    0.226890    1.681198 v _193_/X (sky130_fd_sc_hd__o221a_2)
                                                         _083_ (net)
                      0.039381    0.000000    1.681199 v _194_/C (sky130_fd_sc_hd__and3_2)
     1    0.006456    0.046304    0.213357    1.894557 v _194_/X (sky130_fd_sc_hd__and3_2)
                                                         _084_ (net)
                      0.046304    0.000053    1.894610 v _205_/B (sky130_fd_sc_hd__nor4_2)
     2    0.004359    0.218547    0.256880    2.151490 ^ _205_/Y (sky130_fd_sc_hd__nor4_2)
                                                         _095_ (net)
                      0.218547    0.000029    2.151519 ^ _252_/B (sky130_fd_sc_hd__and4_2)
    48    0.200748    1.004834    0.966703    3.118222 ^ _252_/X (sky130_fd_sc_hd__and4_2)
                                                         _139_ (net)
                      1.004834    0.000462    3.118684 ^ _294_/S (sky130_fd_sc_hd__mux2_1)
     1    0.002071    0.053129    0.377584    3.496268 v _294_/X (sky130_fd_sc_hd__mux2_1)
                                                         _020_ (net)
                      0.053129    0.000001    3.496269 v _352_/D (sky130_fd_sc_hd__dfrtp_2)
                                              3.496269   data arrival time

                               3125.000000 3125.000000   clock clk_i (rise edge)
                                  0.000000 3125.000000   clock source latency
    60    0.155899    0.699731    0.483851 3125.483887 ^ clk_i (in)
                                                         clk_i (net)
                      0.699765    0.000000 3125.483887 ^ _352_/CLK (sky130_fd_sc_hd__dfrtp_2)
                                 -0.250000 3125.233643   clock uncertainty
                                  0.000000 3125.233643   clock reconvergence pessimism
                                  0.003294 3125.236816   library setup time
                                           3125.236816   data required time
---------------------------------------------------------------------------------------------
                                           3125.236816   data required time
                                             -3.496269   data arrival time
---------------------------------------------------------------------------------------------
                                           3121.740723   slack (MET)


Startpoint: _338_ (rising edge-triggered flip-flop clocked by clk_i)
Endpoint: _353_ (rising edge-triggered flip-flop clocked by clk_i)
Path Group: clk_i
Path Type: max

Fanout         Cap        Slew       Delay        Time   Description
---------------------------------------------------------------------------------------------
                                  0.000000    0.000000   clock clk_i (rise edge)
                                  0.000000    0.000000   clock source latency
    60    0.155899    0.699731    0.482717    0.482717 ^ clk_i (in)
                                                         clk_i (net)
                      0.699748    0.000000    0.482717 ^ _338_/CLK (sky130_fd_sc_hd__dfrtp_2)
    17    0.083745    0.215107    0.710065    1.192782 v _338_/Q (sky130_fd_sc_hd__dfrtp_2)
                                                         num_i_bar[2] (net)
                      0.215117    0.001619    1.194401 v _190_/B (sky130_fd_sc_hd__and2_2)
     1    0.002374    0.035826    0.259906    1.454307 v _190_/X (sky130_fd_sc_hd__and2_2)
                                                         _080_ (net)
                      0.035826    0.000002    1.454309 v _193_/B1 (sky130_fd_sc_hd__o221a_2)
     1    0.001581    0.039381    0.226890    1.681198 v _193_/X (sky130_fd_sc_hd__o221a_2)
                                                         _083_ (net)
                      0.039381    0.000000    1.681199 v _194_/C (sky130_fd_sc_hd__and3_2)
     1    0.006456    0.046304    0.213357    1.894557 v _194_/X (sky130_fd_sc_hd__and3_2)
                                                         _084_ (net)
                      0.046304    0.000053    1.894610 v _205_/B (sky130_fd_sc_hd__nor4_2)
     2    0.004359    0.218547    0.256880    2.151490 ^ _205_/Y (sky130_fd_sc_hd__nor4_2)
                                                         _095_ (net)
                      0.218547    0.000029    2.151519 ^ _252_/B (sky130_fd_sc_hd__and4_2)
    48    0.200748    1.004834    0.966703    3.118222 ^ _252_/X (sky130_fd_sc_hd__and4_2)
                                                         _139_ (net)
                      1.004834    0.000942    3.119164 ^ _295_/S (sky130_fd_sc_hd__mux2_1)
     1    0.002070    0.053124    0.377575    3.496739 v _295_/X (sky130_fd_sc_hd__mux2_1)
                                                         _021_ (net)
                      0.053124    0.000001    3.496740 v _353_/D (sky130_fd_sc_hd__dfrtp_2)
                                              3.496740   data arrival time

                               3125.000000 3125.000000   clock clk_i (rise edge)
                                  0.000000 3125.000000   clock source latency
    60    0.155899    0.699731    0.483624 3125.483643 ^ clk_i (in)
                                                         clk_i (net)
                      0.699760    0.000000 3125.483643 ^ _353_/CLK (sky130_fd_sc_hd__dfrtp_2)
                                 -0.250000 3125.233643   clock uncertainty
                                  0.000000 3125.233643   clock reconvergence pessimism
                                  0.003296 3125.236816   library setup time
                                           3125.236816   data required time
---------------------------------------------------------------------------------------------
                                           3125.236816   data required time
                                             -3.496740   data arrival time
---------------------------------------------------------------------------------------------
                                           3121.739990   slack (MET)


Startpoint: _338_ (rising edge-triggered flip-flop clocked by clk_i)
Endpoint: _354_ (rising edge-triggered flip-flop clocked by clk_i)
Path Group: clk_i
Path Type: max

Fanout         Cap        Slew       Delay        Time   Description
---------------------------------------------------------------------------------------------
                                  0.000000    0.000000   clock clk_i (rise edge)
                                  0.000000    0.000000   clock source latency
    60    0.155899    0.699731    0.482717    0.482717 ^ clk_i (in)
                                                         clk_i (net)
                      0.699748    0.000000    0.482717 ^ _338_/CLK (sky130_fd_sc_hd__dfrtp_2)
    17    0.083745    0.215107    0.710065    1.192782 v _338_/Q (sky130_fd_sc_hd__dfrtp_2)
                                                         num_i_bar[2] (net)
                      0.215117    0.001619    1.194401 v _190_/B (sky130_fd_sc_hd__and2_2)
     1    0.002374    0.035826    0.259906    1.454307 v _190_/X (sky130_fd_sc_hd__and2_2)
                                                         _080_ (net)
                      0.035826    0.000002    1.454309 v _193_/B1 (sky130_fd_sc_hd__o221a_2)
     1    0.001581    0.039381    0.226890    1.681198 v _193_/X (sky130_fd_sc_hd__o221a_2)
                                                         _083_ (net)
                      0.039381    0.000000    1.681199 v _194_/C (sky130_fd_sc_hd__and3_2)
     1    0.006456    0.046304    0.213357    1.894557 v _194_/X (sky130_fd_sc_hd__and3_2)
                                                         _084_ (net)
                      0.046304    0.000053    1.894610 v _205_/B (sky130_fd_sc_hd__nor4_2)
     2    0.004359    0.218547    0.256880    2.151490 ^ _205_/Y (sky130_fd_sc_hd__nor4_2)
                                                         _095_ (net)
                      0.218547    0.000029    2.151519 ^ _252_/B (sky130_fd_sc_hd__and4_2)
    48    0.200748    1.004834    0.966703    3.118222 ^ _252_/X (sky130_fd_sc_hd__and4_2)
                                                         _139_ (net)
                      1.004834    0.000983    3.119205 ^ _296_/S (sky130_fd_sc_hd__mux2_1)
     1    0.002043    0.052966    0.377324    3.496529 v _296_/X (sky130_fd_sc_hd__mux2_1)
                                                         _022_ (net)
                      0.052966    0.000001    3.496531 v _354_/D (sky130_fd_sc_hd__dfrtp_2)
                                              3.496531   data arrival time

                               3125.000000 3125.000000   clock clk_i (rise edge)
                                  0.000000 3125.000000   clock source latency
    60    0.155899    0.699731    0.482942 3125.482910 ^ clk_i (in)
                                                         clk_i (net)
                      0.699751    0.000000 3125.482910 ^ _354_/CLK (sky130_fd_sc_hd__dfrtp_2)
                                 -0.250000 3125.232910   clock uncertainty
                                  0.000000 3125.232910   clock reconvergence pessimism
                                  0.003362 3125.236328   library setup time
                                           3125.236328   data required time
---------------------------------------------------------------------------------------------
                                           3125.236328   data required time
                                             -3.496531   data arrival time
---------------------------------------------------------------------------------------------
                                           3121.739746   slack (MET)


Startpoint: _338_ (rising edge-triggered flip-flop clocked by clk_i)
Endpoint: _355_ (rising edge-triggered flip-flop clocked by clk_i)
Path Group: clk_i
Path Type: max

Fanout         Cap        Slew       Delay        Time   Description
---------------------------------------------------------------------------------------------
                                  0.000000    0.000000   clock clk_i (rise edge)
                                  0.000000    0.000000   clock source latency
    60    0.155899    0.699731    0.482717    0.482717 ^ clk_i (in)
                                                         clk_i (net)
                      0.699748    0.000000    0.482717 ^ _338_/CLK (sky130_fd_sc_hd__dfrtp_2)
    17    0.083745    0.215107    0.710065    1.192782 v _338_/Q (sky130_fd_sc_hd__dfrtp_2)
                                                         num_i_bar[2] (net)
                      0.215117    0.001619    1.194401 v _190_/B (sky130_fd_sc_hd__and2_2)
     1    0.002374    0.035826    0.259906    1.454307 v _190_/X (sky130_fd_sc_hd__and2_2)
                                                         _080_ (net)
                      0.035826    0.000002    1.454309 v _193_/B1 (sky130_fd_sc_hd__o221a_2)
     1    0.001581    0.039381    0.226890    1.681198 v _193_/X (sky130_fd_sc_hd__o221a_2)
                                                         _083_ (net)
                      0.039381    0.000000    1.681199 v _194_/C (sky130_fd_sc_hd__and3_2)
     1    0.006456    0.046304    0.213357    1.894557 v _194_/X (sky130_fd_sc_hd__and3_2)
                                                         _084_ (net)
                      0.046304    0.000053    1.894610 v _205_/B (sky130_fd_sc_hd__nor4_2)
     2    0.004359    0.218547    0.256880    2.151490 ^ _205_/Y (sky130_fd_sc_hd__nor4_2)
                                                         _095_ (net)
                      0.218547    0.000029    2.151519 ^ _252_/B (sky130_fd_sc_hd__and4_2)
    48    0.200748    1.004834    0.966703    3.118222 ^ _252_/X (sky130_fd_sc_hd__and4_2)
                                                         _139_ (net)
                      1.004834    0.000493    3.118715 ^ _297_/S (sky130_fd_sc_hd__mux2_1)
     1    0.002082    0.053195    0.377688    3.496403 v _297_/X (sky130_fd_sc_hd__mux2_1)
                                                         _023_ (net)
                      0.053195    0.000001    3.496404 v _355_/D (sky130_fd_sc_hd__dfrtp_2)
                                              3.496404   data arrival time

                               3125.000000 3125.000000   clock clk_i (rise edge)
                                  0.000000 3125.000000   clock source latency
    60    0.155899    0.699731    0.483851 3125.483887 ^ clk_i (in)
                                                         clk_i (net)
                      0.699763    0.000000 3125.483887 ^ _355_/CLK (sky130_fd_sc_hd__dfrtp_2)
                                 -0.250000 3125.233643   clock uncertainty
                                  0.000000 3125.233643   clock reconvergence pessimism
                                  0.003266 3125.236816   library setup time
                                           3125.236816   data required time
---------------------------------------------------------------------------------------------
                                           3125.236816   data required time
                                             -3.496404   data arrival time
---------------------------------------------------------------------------------------------
                                           3121.740723   slack (MET)


Startpoint: _338_ (rising edge-triggered flip-flop clocked by clk_i)
Endpoint: _357_ (rising edge-triggered flip-flop clocked by clk_i)
Path Group: clk_i
Path Type: max

Fanout         Cap        Slew       Delay        Time   Description
---------------------------------------------------------------------------------------------
                                  0.000000    0.000000   clock clk_i (rise edge)
                                  0.000000    0.000000   clock source latency
    60    0.155899    0.699731    0.482717    0.482717 ^ clk_i (in)
                                                         clk_i (net)
                      0.699748    0.000000    0.482717 ^ _338_/CLK (sky130_fd_sc_hd__dfrtp_2)
    17    0.083745    0.215107    0.710065    1.192782 v _338_/Q (sky130_fd_sc_hd__dfrtp_2)
                                                         num_i_bar[2] (net)
                      0.215117    0.001619    1.194401 v _190_/B (sky130_fd_sc_hd__and2_2)
     1    0.002374    0.035826    0.259906    1.454307 v _190_/X (sky130_fd_sc_hd__and2_2)
                                                         _080_ (net)
                      0.035826    0.000002    1.454309 v _193_/B1 (sky130_fd_sc_hd__o221a_2)
     1    0.001581    0.039381    0.226890    1.681198 v _193_/X (sky130_fd_sc_hd__o221a_2)
                                                         _083_ (net)
                      0.039381    0.000000    1.681199 v _194_/C (sky130_fd_sc_hd__and3_2)
     1    0.006456    0.046304    0.213357    1.894557 v _194_/X (sky130_fd_sc_hd__and3_2)
                                                         _084_ (net)
                      0.046304    0.000053    1.894610 v _205_/B (sky130_fd_sc_hd__nor4_2)
     2    0.004359    0.218547    0.256880    2.151490 ^ _205_/Y (sky130_fd_sc_hd__nor4_2)
                                                         _095_ (net)
                      0.218547    0.000029    2.151519 ^ _252_/B (sky130_fd_sc_hd__and4_2)
    48    0.200748    1.004834    0.966703    3.118222 ^ _252_/X (sky130_fd_sc_hd__and4_2)
                                                         _139_ (net)
                      1.004834    0.000800    3.119022 ^ _298_/S (sky130_fd_sc_hd__mux2_1)
     1    0.002012    0.052782    0.377032    3.496054 v _298_/X (sky130_fd_sc_hd__mux2_1)
                                                         _024_ (net)
                      0.052782    0.000000    3.496055 v _357_/D (sky130_fd_sc_hd__dfrtp_2)
                                              3.496055   data arrival time

                               3125.000000 3125.000000   clock clk_i (rise edge)
                                  0.000000 3125.000000   clock source latency
    60    0.155899    0.699731    0.483396 3125.483398 ^ clk_i (in)
                                                         clk_i (net)
                      0.699758    0.000000 3125.483398 ^ _357_/CLK (sky130_fd_sc_hd__dfrtp_2)
                                 -0.250000 3125.233398   clock uncertainty
                                  0.000000 3125.233398   clock reconvergence pessimism
                                  0.003441 3125.236816   library setup time
                                           3125.236816   data required time
---------------------------------------------------------------------------------------------
                                           3125.236816   data required time
                                             -3.496055   data arrival time
---------------------------------------------------------------------------------------------
                                           3121.740723   slack (MET)


Startpoint: _338_ (rising edge-triggered flip-flop clocked by clk_i)
Endpoint: _358_ (rising edge-triggered flip-flop clocked by clk_i)
Path Group: clk_i
Path Type: max

Fanout         Cap        Slew       Delay        Time   Description
---------------------------------------------------------------------------------------------
                                  0.000000    0.000000   clock clk_i (rise edge)
                                  0.000000    0.000000   clock source latency
    60    0.155899    0.699731    0.482717    0.482717 ^ clk_i (in)
                                                         clk_i (net)
                      0.699748    0.000000    0.482717 ^ _338_/CLK (sky130_fd_sc_hd__dfrtp_2)
    17    0.083745    0.215107    0.710065    1.192782 v _338_/Q (sky130_fd_sc_hd__dfrtp_2)
                                                         num_i_bar[2] (net)
                      0.215117    0.001619    1.194401 v _190_/B (sky130_fd_sc_hd__and2_2)
     1    0.002374    0.035826    0.259906    1.454307 v _190_/X (sky130_fd_sc_hd__and2_2)
                                                         _080_ (net)
                      0.035826    0.000002    1.454309 v _193_/B1 (sky130_fd_sc_hd__o221a_2)
     1    0.001581    0.039381    0.226890    1.681198 v _193_/X (sky130_fd_sc_hd__o221a_2)
                                                         _083_ (net)
                      0.039381    0.000000    1.681199 v _194_/C (sky130_fd_sc_hd__and3_2)
     1    0.006456    0.046304    0.213357    1.894557 v _194_/X (sky130_fd_sc_hd__and3_2)
                                                         _084_ (net)
                      0.046304    0.000053    1.894610 v _205_/B (sky130_fd_sc_hd__nor4_2)
     2    0.004359    0.218547    0.256880    2.151490 ^ _205_/Y (sky130_fd_sc_hd__nor4_2)
                                                         _095_ (net)
                      0.218547    0.000029    2.151519 ^ _252_/B (sky130_fd_sc_hd__and4_2)
    48    0.200748    1.004834    0.966703    3.118222 ^ _252_/X (sky130_fd_sc_hd__and4_2)
                                                         _139_ (net)
                      1.004834    0.000884    3.119106 ^ _299_/S (sky130_fd_sc_hd__mux2_1)
     1    0.002203    0.053916    0.378833    3.497938 v _299_/X (sky130_fd_sc_hd__mux2_1)
                                                         _025_ (net)
                      0.053916    0.000003    3.497941 v _358_/D (sky130_fd_sc_hd__dfrtp_2)
                                              3.497941   data arrival time

                               3125.000000 3125.000000   clock clk_i (rise edge)
                                  0.000000 3125.000000   clock source latency
    60    0.155899    0.699731    0.482942 3125.482910 ^ clk_i (in)
                                                         clk_i (net)
                      0.699749    0.000000 3125.482910 ^ _358_/CLK (sky130_fd_sc_hd__dfrtp_2)
                                 -0.250000 3125.232910   clock uncertainty
                                  0.000000 3125.232910   clock reconvergence pessimism
                                  0.002959 3125.235840   library setup time
                                           3125.235840   data required time
---------------------------------------------------------------------------------------------
                                           3125.235840   data required time
                                             -3.497941   data arrival time
---------------------------------------------------------------------------------------------
                                           3121.737793   slack (MET)


Startpoint: _338_ (rising edge-triggered flip-flop clocked by clk_i)
Endpoint: _359_ (rising edge-triggered flip-flop clocked by clk_i)
Path Group: clk_i
Path Type: max

Fanout         Cap        Slew       Delay        Time   Description
---------------------------------------------------------------------------------------------
                                  0.000000    0.000000   clock clk_i (rise edge)
                                  0.000000    0.000000   clock source latency
    60    0.155899    0.699731    0.482717    0.482717 ^ clk_i (in)
                                                         clk_i (net)
                      0.699748    0.000000    0.482717 ^ _338_/CLK (sky130_fd_sc_hd__dfrtp_2)
    17    0.083745    0.215107    0.710065    1.192782 v _338_/Q (sky130_fd_sc_hd__dfrtp_2)
                                                         num_i_bar[2] (net)
                      0.215117    0.001619    1.194401 v _190_/B (sky130_fd_sc_hd__and2_2)
     1    0.002374    0.035826    0.259906    1.454307 v _190_/X (sky130_fd_sc_hd__and2_2)
                                                         _080_ (net)
                      0.035826    0.000002    1.454309 v _193_/B1 (sky130_fd_sc_hd__o221a_2)
     1    0.001581    0.039381    0.226890    1.681198 v _193_/X (sky130_fd_sc_hd__o221a_2)
                                                         _083_ (net)
                      0.039381    0.000000    1.681199 v _194_/C (sky130_fd_sc_hd__and3_2)
     1    0.006456    0.046304    0.213357    1.894557 v _194_/X (sky130_fd_sc_hd__and3_2)
                                                         _084_ (net)
                      0.046304    0.000053    1.894610 v _205_/B (sky130_fd_sc_hd__nor4_2)
     2    0.004359    0.218547    0.256880    2.151490 ^ _205_/Y (sky130_fd_sc_hd__nor4_2)
                                                         _095_ (net)
                      0.218547    0.000029    2.151519 ^ _252_/B (sky130_fd_sc_hd__and4_2)
    48    0.200748    1.004834    0.966703    3.118222 ^ _252_/X (sky130_fd_sc_hd__and4_2)
                                                         _139_ (net)
                      1.004834    0.000684    3.118906 ^ _300_/S (sky130_fd_sc_hd__mux2_1)
     1    0.002014    0.052792    0.377047    3.495953 v _300_/X (sky130_fd_sc_hd__mux2_1)
                                                         _026_ (net)
                      0.052792    0.000000    3.495954 v _359_/D (sky130_fd_sc_hd__dfrtp_2)
                                              3.495954   data arrival time

                               3125.000000 3125.000000   clock clk_i (rise edge)
                                  0.000000 3125.000000   clock source latency
    60    0.155899    0.699731    0.483851 3125.483887 ^ clk_i (in)
                                                         clk_i (net)
                      0.699763    0.000000 3125.483887 ^ _359_/CLK (sky130_fd_sc_hd__dfrtp_2)
                                 -0.250000 3125.233643   clock uncertainty
                                  0.000000 3125.233643   clock reconvergence pessimism
                                  0.003437 3125.237061   library setup time
                                           3125.237061   data required time
---------------------------------------------------------------------------------------------
                                           3125.237061   data required time
                                             -3.495954   data arrival time
---------------------------------------------------------------------------------------------
                                           3121.741211   slack (MET)


Startpoint: _338_ (rising edge-triggered flip-flop clocked by clk_i)
Endpoint: _360_ (rising edge-triggered flip-flop clocked by clk_i)
Path Group: clk_i
Path Type: max

Fanout         Cap        Slew       Delay        Time   Description
---------------------------------------------------------------------------------------------
                                  0.000000    0.000000   clock clk_i (rise edge)
                                  0.000000    0.000000   clock source latency
    60    0.155899    0.699731    0.482717    0.482717 ^ clk_i (in)
                                                         clk_i (net)
                      0.699748    0.000000    0.482717 ^ _338_/CLK (sky130_fd_sc_hd__dfrtp_2)
    17    0.083745    0.215107    0.710065    1.192782 v _338_/Q (sky130_fd_sc_hd__dfrtp_2)
                                                         num_i_bar[2] (net)
                      0.215117    0.001619    1.194401 v _190_/B (sky130_fd_sc_hd__and2_2)
     1    0.002374    0.035826    0.259906    1.454307 v _190_/X (sky130_fd_sc_hd__and2_2)
                                                         _080_ (net)
                      0.035826    0.000002    1.454309 v _193_/B1 (sky130_fd_sc_hd__o221a_2)
     1    0.001581    0.039381    0.226890    1.681198 v _193_/X (sky130_fd_sc_hd__o221a_2)
                                                         _083_ (net)
                      0.039381    0.000000    1.681199 v _194_/C (sky130_fd_sc_hd__and3_2)
     1    0.006456    0.046304    0.213357    1.894557 v _194_/X (sky130_fd_sc_hd__and3_2)
                                                         _084_ (net)
                      0.046304    0.000053    1.894610 v _205_/B (sky130_fd_sc_hd__nor4_2)
     2    0.004359    0.218547    0.256880    2.151490 ^ _205_/Y (sky130_fd_sc_hd__nor4_2)
                                                         _095_ (net)
                      0.218547    0.000029    2.151519 ^ _252_/B (sky130_fd_sc_hd__and4_2)
    48    0.200748    1.004834    0.966703    3.118222 ^ _252_/X (sky130_fd_sc_hd__and4_2)
                                                         _139_ (net)
                      1.004834    0.000884    3.119106 ^ _301_/S (sky130_fd_sc_hd__mux2_1)
     1    0.002142    0.053553    0.378257    3.497363 v _301_/X (sky130_fd_sc_hd__mux2_1)
                                                         _027_ (net)
                      0.053553    0.000002    3.497365 v _360_/D (sky130_fd_sc_hd__dfrtp_2)
                                              3.497365   data arrival time

                               3125.000000 3125.000000   clock clk_i (rise edge)
                                  0.000000 3125.000000   clock source latency
    60    0.155899    0.699731    0.483169 3125.483154 ^ clk_i (in)
                                                         clk_i (net)
                      0.699753    0.000000 3125.483154 ^ _360_/CLK (sky130_fd_sc_hd__dfrtp_2)
                                 -0.250000 3125.233154   clock uncertainty
                                  0.000000 3125.233154   clock reconvergence pessimism
                                  0.003113 3125.236328   library setup time
                                           3125.236328   data required time
---------------------------------------------------------------------------------------------
                                           3125.236328   data required time
                                             -3.497365   data arrival time
---------------------------------------------------------------------------------------------
                                           3121.738770   slack (MET)


Startpoint: _338_ (rising edge-triggered flip-flop clocked by clk_i)
Endpoint: _362_ (rising edge-triggered flip-flop clocked by clk_i)
Path Group: clk_i
Path Type: max

Fanout         Cap        Slew       Delay        Time   Description
---------------------------------------------------------------------------------------------
                                  0.000000    0.000000   clock clk_i (rise edge)
                                  0.000000    0.000000   clock source latency
    60    0.155899    0.699731    0.482717    0.482717 ^ clk_i (in)
                                                         clk_i (net)
                      0.699748    0.000000    0.482717 ^ _338_/CLK (sky130_fd_sc_hd__dfrtp_2)
    17    0.083745    0.215107    0.710065    1.192782 v _338_/Q (sky130_fd_sc_hd__dfrtp_2)
                                                         num_i_bar[2] (net)
                      0.215117    0.001619    1.194401 v _190_/B (sky130_fd_sc_hd__and2_2)
     1    0.002374    0.035826    0.259906    1.454307 v _190_/X (sky130_fd_sc_hd__and2_2)
                                                         _080_ (net)
                      0.035826    0.000002    1.454309 v _193_/B1 (sky130_fd_sc_hd__o221a_2)
     1    0.001581    0.039381    0.226890    1.681198 v _193_/X (sky130_fd_sc_hd__o221a_2)
                                                         _083_ (net)
                      0.039381    0.000000    1.681199 v _194_/C (sky130_fd_sc_hd__and3_2)
     1    0.006456    0.046304    0.213357    1.894557 v _194_/X (sky130_fd_sc_hd__and3_2)
                                                         _084_ (net)
                      0.046304    0.000053    1.894610 v _205_/B (sky130_fd_sc_hd__nor4_2)
     2    0.004359    0.218547    0.256880    2.151490 ^ _205_/Y (sky130_fd_sc_hd__nor4_2)
                                                         _095_ (net)
                      0.218547    0.000029    2.151519 ^ _252_/B (sky130_fd_sc_hd__and4_2)
    48    0.200748    1.004834    0.966703    3.118222 ^ _252_/X (sky130_fd_sc_hd__and4_2)
                                                         _139_ (net)
                      1.004834    0.000822    3.119045 ^ _303_/S (sky130_fd_sc_hd__mux2_1)
     1    0.001989    0.052643    0.376812    3.495857 v _303_/X (sky130_fd_sc_hd__mux2_1)
                                                         _029_ (net)
                      0.052643    0.000000    3.495857 v _362_/D (sky130_fd_sc_hd__dfrtp_2)
                                              3.495857   data arrival time

                               3125.000000 3125.000000   clock clk_i (rise edge)
                                  0.000000 3125.000000   clock source latency
    60    0.155899    0.699731    0.482714 3125.482666 ^ clk_i (in)
                                                         clk_i (net)
                      0.699748    0.000000 3125.482666 ^ _362_/CLK (sky130_fd_sc_hd__dfrtp_2)
                                 -0.250000 3125.232666   clock uncertainty
                                  0.000000 3125.232666   clock reconvergence pessimism
                                  0.003499 3125.236084   library setup time
                                           3125.236084   data required time
---------------------------------------------------------------------------------------------
                                           3125.236084   data required time
                                             -3.495857   data arrival time
---------------------------------------------------------------------------------------------
                                           3121.740234   slack (MET)


Startpoint: _338_ (rising edge-triggered flip-flop clocked by clk_i)
Endpoint: _365_ (rising edge-triggered flip-flop clocked by clk_i)
Path Group: clk_i
Path Type: max

Fanout         Cap        Slew       Delay        Time   Description
---------------------------------------------------------------------------------------------
                                  0.000000    0.000000   clock clk_i (rise edge)
                                  0.000000    0.000000   clock source latency
    60    0.155899    0.699731    0.482717    0.482717 ^ clk_i (in)
                                                         clk_i (net)
                      0.699748    0.000000    0.482717 ^ _338_/CLK (sky130_fd_sc_hd__dfrtp_2)
    17    0.083745    0.215107    0.710065    1.192782 v _338_/Q (sky130_fd_sc_hd__dfrtp_2)
                                                         num_i_bar[2] (net)
                      0.215117    0.001619    1.194401 v _190_/B (sky130_fd_sc_hd__and2_2)
     1    0.002374    0.035826    0.259906    1.454307 v _190_/X (sky130_fd_sc_hd__and2_2)
                                                         _080_ (net)
                      0.035826    0.000002    1.454309 v _193_/B1 (sky130_fd_sc_hd__o221a_2)
     1    0.001581    0.039381    0.226890    1.681198 v _193_/X (sky130_fd_sc_hd__o221a_2)
                                                         _083_ (net)
                      0.039381    0.000000    1.681199 v _194_/C (sky130_fd_sc_hd__and3_2)
     1    0.006456    0.046304    0.213357    1.894557 v _194_/X (sky130_fd_sc_hd__and3_2)
                                                         _084_ (net)
                      0.046304    0.000053    1.894610 v _205_/B (sky130_fd_sc_hd__nor4_2)
     2    0.004359    0.218547    0.256880    2.151490 ^ _205_/Y (sky130_fd_sc_hd__nor4_2)
                                                         _095_ (net)
                      0.218547    0.000029    2.151519 ^ _252_/B (sky130_fd_sc_hd__and4_2)
    48    0.200748    1.004834    0.966703    3.118222 ^ _252_/X (sky130_fd_sc_hd__and4_2)
                                                         _139_ (net)
                      1.004834    0.000941    3.119163 ^ _306_/S (sky130_fd_sc_hd__mux2_1)
     1    0.002128    0.053470    0.378124    3.497288 v _306_/X (sky130_fd_sc_hd__mux2_1)
                                                         _032_ (net)
                      0.053470    0.000002    3.497289 v _365_/D (sky130_fd_sc_hd__dfrtp_2)
                                              3.497289   data arrival time

                               3125.000000 3125.000000   clock clk_i (rise edge)
                                  0.000000 3125.000000   clock source latency
    60    0.155899    0.699731    0.482714 3125.482666 ^ clk_i (in)
                                                         clk_i (net)
                      0.699748    0.000000 3125.482666 ^ _365_/CLK (sky130_fd_sc_hd__dfrtp_2)
                                 -0.250000 3125.232666   clock uncertainty
                                  0.000000 3125.232666   clock reconvergence pessimism
                                  0.003148 3125.235840   library setup time
                                           3125.235840   data required time
---------------------------------------------------------------------------------------------
                                           3125.235840   data required time
                                             -3.497289   data arrival time
---------------------------------------------------------------------------------------------
                                           3121.738525   slack (MET)


Startpoint: _338_ (rising edge-triggered flip-flop clocked by clk_i)
Endpoint: _367_ (rising edge-triggered flip-flop clocked by clk_i)
Path Group: clk_i
Path Type: max

Fanout         Cap        Slew       Delay        Time   Description
---------------------------------------------------------------------------------------------
                                  0.000000    0.000000   clock clk_i (rise edge)
                                  0.000000    0.000000   clock source latency
    60    0.155899    0.699731    0.482717    0.482717 ^ clk_i (in)
                                                         clk_i (net)
                      0.699748    0.000000    0.482717 ^ _338_/CLK (sky130_fd_sc_hd__dfrtp_2)
    17    0.083745    0.215107    0.710065    1.192782 v _338_/Q (sky130_fd_sc_hd__dfrtp_2)
                                                         num_i_bar[2] (net)
                      0.215117    0.001619    1.194401 v _190_/B (sky130_fd_sc_hd__and2_2)
     1    0.002374    0.035826    0.259906    1.454307 v _190_/X (sky130_fd_sc_hd__and2_2)
                                                         _080_ (net)
                      0.035826    0.000002    1.454309 v _193_/B1 (sky130_fd_sc_hd__o221a_2)
     1    0.001581    0.039381    0.226890    1.681198 v _193_/X (sky130_fd_sc_hd__o221a_2)
                                                         _083_ (net)
                      0.039381    0.000000    1.681199 v _194_/C (sky130_fd_sc_hd__and3_2)
     1    0.006456    0.046304    0.213357    1.894557 v _194_/X (sky130_fd_sc_hd__and3_2)
                                                         _084_ (net)
                      0.046304    0.000053    1.894610 v _205_/B (sky130_fd_sc_hd__nor4_2)
     2    0.004359    0.218547    0.256880    2.151490 ^ _205_/Y (sky130_fd_sc_hd__nor4_2)
                                                         _095_ (net)
                      0.218547    0.000029    2.151519 ^ _252_/B (sky130_fd_sc_hd__and4_2)
    48    0.200748    1.004834    0.966703    3.118222 ^ _252_/X (sky130_fd_sc_hd__and4_2)
                                                         _139_ (net)
                      1.004835    0.001012    3.119234 ^ _307_/S (sky130_fd_sc_hd__mux2_1)
     1    0.002222    0.054024    0.379005    3.498239 v _307_/X (sky130_fd_sc_hd__mux2_1)
                                                         _033_ (net)
                      0.054024    0.000002    3.498241 v _367_/D (sky130_fd_sc_hd__dfrtp_2)
                                              3.498241   data arrival time

                               3125.000000 3125.000000   clock clk_i (rise edge)
                                  0.000000 3125.000000   clock source latency
    60    0.155899    0.699731    0.482487 3125.482422 ^ clk_i (in)
                                                         clk_i (net)
                      0.699745    0.000000 3125.482422 ^ _367_/CLK (sky130_fd_sc_hd__dfrtp_2)
                                 -0.250000 3125.232422   clock uncertainty
                                  0.000000 3125.232422   clock reconvergence pessimism
                                  0.002912 3125.235352   library setup time
                                           3125.235352   data required time
---------------------------------------------------------------------------------------------
                                           3125.235352   data required time
                                             -3.498241   data arrival time
---------------------------------------------------------------------------------------------
                                           3121.737305   slack (MET)


Startpoint: _338_ (rising edge-triggered flip-flop clocked by clk_i)
Endpoint: _369_ (rising edge-triggered flip-flop clocked by clk_i)
Path Group: clk_i
Path Type: max

Fanout         Cap        Slew       Delay        Time   Description
---------------------------------------------------------------------------------------------
                                  0.000000    0.000000   clock clk_i (rise edge)
                                  0.000000    0.000000   clock source latency
    60    0.155899    0.699731    0.482717    0.482717 ^ clk_i (in)
                                                         clk_i (net)
                      0.699748    0.000000    0.482717 ^ _338_/CLK (sky130_fd_sc_hd__dfrtp_2)
    17    0.083745    0.215107    0.710065    1.192782 v _338_/Q (sky130_fd_sc_hd__dfrtp_2)
                                                         num_i_bar[2] (net)
                      0.215117    0.001619    1.194401 v _190_/B (sky130_fd_sc_hd__and2_2)
     1    0.002374    0.035826    0.259906    1.454307 v _190_/X (sky130_fd_sc_hd__and2_2)
                                                         _080_ (net)
                      0.035826    0.000002    1.454309 v _193_/B1 (sky130_fd_sc_hd__o221a_2)
     1    0.001581    0.039381    0.226890    1.681198 v _193_/X (sky130_fd_sc_hd__o221a_2)
                                                         _083_ (net)
                      0.039381    0.000000    1.681199 v _194_/C (sky130_fd_sc_hd__and3_2)
     1    0.006456    0.046304    0.213357    1.894557 v _194_/X (sky130_fd_sc_hd__and3_2)
                                                         _084_ (net)
                      0.046304    0.000053    1.894610 v _205_/B (sky130_fd_sc_hd__nor4_2)
     2    0.004359    0.218547    0.256880    2.151490 ^ _205_/Y (sky130_fd_sc_hd__nor4_2)
                                                         _095_ (net)
                      0.218547    0.000029    2.151519 ^ _252_/B (sky130_fd_sc_hd__and4_2)
    48    0.200748    1.004834    0.966703    3.118222 ^ _252_/X (sky130_fd_sc_hd__and4_2)
                                                         _139_ (net)
                      1.004834    0.000954    3.119176 ^ _309_/S (sky130_fd_sc_hd__mux2_1)
     1    0.002175    0.053748    0.378566    3.497742 v _309_/X (sky130_fd_sc_hd__mux2_1)
                                                         _035_ (net)
                      0.053748    0.000002    3.497744 v _369_/D (sky130_fd_sc_hd__dfrtp_2)
                                              3.497744   data arrival time

                               3125.000000 3125.000000   clock clk_i (rise edge)
                                  0.000000 3125.000000   clock source latency
    60    0.155899    0.699731    0.482714 3125.482666 ^ clk_i (in)
                                                         clk_i (net)
                      0.699747    0.000000 3125.482666 ^ _369_/CLK (sky130_fd_sc_hd__dfrtp_2)
                                 -0.250000 3125.232666   clock uncertainty
                                  0.000000 3125.232666   clock reconvergence pessimism
                                  0.003030 3125.235596   library setup time
                                           3125.235596   data required time
---------------------------------------------------------------------------------------------
                                           3125.235596   data required time
                                             -3.497744   data arrival time
---------------------------------------------------------------------------------------------
                                           3121.737793   slack (MET)


Startpoint: _338_ (rising edge-triggered flip-flop clocked by clk_i)
Endpoint: _371_ (rising edge-triggered flip-flop clocked by clk_i)
Path Group: clk_i
Path Type: max

Fanout         Cap        Slew       Delay        Time   Description
---------------------------------------------------------------------------------------------
                                  0.000000    0.000000   clock clk_i (rise edge)
                                  0.000000    0.000000   clock source latency
    60    0.155899    0.699731    0.482717    0.482717 ^ clk_i (in)
                                                         clk_i (net)
                      0.699748    0.000000    0.482717 ^ _338_/CLK (sky130_fd_sc_hd__dfrtp_2)
    17    0.083745    0.215107    0.710065    1.192782 v _338_/Q (sky130_fd_sc_hd__dfrtp_2)
                                                         num_i_bar[2] (net)
                      0.215117    0.001619    1.194401 v _190_/B (sky130_fd_sc_hd__and2_2)
     1    0.002374    0.035826    0.259906    1.454307 v _190_/X (sky130_fd_sc_hd__and2_2)
                                                         _080_ (net)
                      0.035826    0.000002    1.454309 v _193_/B1 (sky130_fd_sc_hd__o221a_2)
     1    0.001581    0.039381    0.226890    1.681198 v _193_/X (sky130_fd_sc_hd__o221a_2)
                                                         _083_ (net)
                      0.039381    0.000000    1.681199 v _194_/C (sky130_fd_sc_hd__and3_2)
     1    0.006456    0.046304    0.213357    1.894557 v _194_/X (sky130_fd_sc_hd__and3_2)
                                                         _084_ (net)
                      0.046304    0.000053    1.894610 v _205_/B (sky130_fd_sc_hd__nor4_2)
     2    0.004359    0.218547    0.256880    2.151490 ^ _205_/Y (sky130_fd_sc_hd__nor4_2)
                                                         _095_ (net)
                      0.218547    0.000029    2.151519 ^ _252_/B (sky130_fd_sc_hd__and4_2)
    48    0.200748    1.004834    0.966703    3.118222 ^ _252_/X (sky130_fd_sc_hd__and4_2)
                                                         _139_ (net)
                      1.004834    0.000967    3.119190 ^ _311_/S (sky130_fd_sc_hd__mux2_1)
     1    0.002191    0.053844    0.378718    3.497907 v _311_/X (sky130_fd_sc_hd__mux2_1)
                                                         _037_ (net)
                      0.053844    0.000002    3.497910 v _371_/D (sky130_fd_sc_hd__dfrtp_2)
                                              3.497910   data arrival time

                               3125.000000 3125.000000   clock clk_i (rise edge)
                                  0.000000 3125.000000   clock source latency
    60    0.155899    0.699731    0.482260 3125.482178 ^ clk_i (in)
                                                         clk_i (net)
                      0.699743    0.000000 3125.482178 ^ _371_/CLK (sky130_fd_sc_hd__dfrtp_2)
                                 -0.250000 3125.232178   clock uncertainty
                                  0.000000 3125.232178   clock reconvergence pessimism
                                  0.002989 3125.235107   library setup time
                                           3125.235107   data required time
---------------------------------------------------------------------------------------------
                                           3125.235107   data required time
                                             -3.497910   data arrival time
---------------------------------------------------------------------------------------------
                                           3121.737305   slack (MET)


Startpoint: _338_ (rising edge-triggered flip-flop clocked by clk_i)
Endpoint: _372_ (rising edge-triggered flip-flop clocked by clk_i)
Path Group: clk_i
Path Type: max

Fanout         Cap        Slew       Delay        Time   Description
---------------------------------------------------------------------------------------------
                                  0.000000    0.000000   clock clk_i (rise edge)
                                  0.000000    0.000000   clock source latency
    60    0.155899    0.699731    0.482717    0.482717 ^ clk_i (in)
                                                         clk_i (net)
                      0.699748    0.000000    0.482717 ^ _338_/CLK (sky130_fd_sc_hd__dfrtp_2)
    17    0.083745    0.215107    0.710065    1.192782 v _338_/Q (sky130_fd_sc_hd__dfrtp_2)
                                                         num_i_bar[2] (net)
                      0.215117    0.001619    1.194401 v _190_/B (sky130_fd_sc_hd__and2_2)
     1    0.002374    0.035826    0.259906    1.454307 v _190_/X (sky130_fd_sc_hd__and2_2)
                                                         _080_ (net)
                      0.035826    0.000002    1.454309 v _193_/B1 (sky130_fd_sc_hd__o221a_2)
     1    0.001581    0.039381    0.226890    1.681198 v _193_/X (sky130_fd_sc_hd__o221a_2)
                                                         _083_ (net)
                      0.039381    0.000000    1.681199 v _194_/C (sky130_fd_sc_hd__and3_2)
     1    0.006456    0.046304    0.213357    1.894557 v _194_/X (sky130_fd_sc_hd__and3_2)
                                                         _084_ (net)
                      0.046304    0.000053    1.894610 v _205_/B (sky130_fd_sc_hd__nor4_2)
     2    0.004359    0.218547    0.256880    2.151490 ^ _205_/Y (sky130_fd_sc_hd__nor4_2)
                                                         _095_ (net)
                      0.218547    0.000029    2.151519 ^ _252_/B (sky130_fd_sc_hd__and4_2)
    48    0.200748    1.004834    0.966703    3.118222 ^ _252_/X (sky130_fd_sc_hd__and4_2)
                                                         _139_ (net)
                      1.004834    0.000953    3.119176 ^ _312_/S (sky130_fd_sc_hd__mux2_1)
     1    0.002185    0.053808    0.378662    3.497838 v _312_/X (sky130_fd_sc_hd__mux2_1)
                                                         _038_ (net)
                      0.053808    0.000003    3.497840 v _372_/D (sky130_fd_sc_hd__dfrtp_2)
                                              3.497840   data arrival time

                               3125.000000 3125.000000   clock clk_i (rise edge)
                                  0.000000 3125.000000   clock source latency
    60    0.155899    0.699731    0.482714 3125.482666 ^ clk_i (in)
                                                         clk_i (net)
                      0.699748    0.000000 3125.482666 ^ _372_/CLK (sky130_fd_sc_hd__dfrtp_2)
                                 -0.250000 3125.232666   clock uncertainty
                                  0.000000 3125.232666   clock reconvergence pessimism
                                  0.003004 3125.235596   library setup time
                                           3125.235596   data required time
---------------------------------------------------------------------------------------------
                                           3125.235596   data required time
                                             -3.497840   data arrival time
---------------------------------------------------------------------------------------------
                                           3121.737549   slack (MET)


Startpoint: _338_ (rising edge-triggered flip-flop clocked by clk_i)
Endpoint: _373_ (rising edge-triggered flip-flop clocked by clk_i)
Path Group: clk_i
Path Type: max

Fanout         Cap        Slew       Delay        Time   Description
---------------------------------------------------------------------------------------------
                                  0.000000    0.000000   clock clk_i (rise edge)
                                  0.000000    0.000000   clock source latency
    60    0.155899    0.699731    0.482717    0.482717 ^ clk_i (in)
                                                         clk_i (net)
                      0.699748    0.000000    0.482717 ^ _338_/CLK (sky130_fd_sc_hd__dfrtp_2)
    17    0.083745    0.215107    0.710065    1.192782 v _338_/Q (sky130_fd_sc_hd__dfrtp_2)
                                                         num_i_bar[2] (net)
                      0.215117    0.001619    1.194401 v _190_/B (sky130_fd_sc_hd__and2_2)
     1    0.002374    0.035826    0.259906    1.454307 v _190_/X (sky130_fd_sc_hd__and2_2)
                                                         _080_ (net)
                      0.035826    0.000002    1.454309 v _193_/B1 (sky130_fd_sc_hd__o221a_2)
     1    0.001581    0.039381    0.226890    1.681198 v _193_/X (sky130_fd_sc_hd__o221a_2)
                                                         _083_ (net)
                      0.039381    0.000000    1.681199 v _194_/C (sky130_fd_sc_hd__and3_2)
     1    0.006456    0.046304    0.213357    1.894557 v _194_/X (sky130_fd_sc_hd__and3_2)
                                                         _084_ (net)
                      0.046304    0.000053    1.894610 v _205_/B (sky130_fd_sc_hd__nor4_2)
     2    0.004359    0.218547    0.256880    2.151490 ^ _205_/Y (sky130_fd_sc_hd__nor4_2)
                                                         _095_ (net)
                      0.218547    0.000029    2.151519 ^ _252_/B (sky130_fd_sc_hd__and4_2)
    48    0.200748    1.004834    0.966703    3.118222 ^ _252_/X (sky130_fd_sc_hd__and4_2)
                                                         _139_ (net)
                      1.004834    0.000890    3.119112 ^ _313_/S (sky130_fd_sc_hd__mux2_1)
     1    0.002153    0.053615    0.378355    3.497467 v _313_/X (sky130_fd_sc_hd__mux2_1)
                                                         _039_ (net)
                      0.053615    0.000002    3.497470 v _373_/D (sky130_fd_sc_hd__dfrtp_2)
                                              3.497470   data arrival time

                               3125.000000 3125.000000   clock clk_i (rise edge)
                                  0.000000 3125.000000   clock source latency
    60    0.155899    0.699731    0.482714 3125.482666 ^ clk_i (in)
                                                         clk_i (net)
                      0.699749    0.000000 3125.482666 ^ _373_/CLK (sky130_fd_sc_hd__dfrtp_2)
                                 -0.250000 3125.232666   clock uncertainty
                                  0.000000 3125.232666   clock reconvergence pessimism
                                  0.003086 3125.235840   library setup time
                                           3125.235840   data required time
---------------------------------------------------------------------------------------------
                                           3125.235840   data required time
                                             -3.497470   data arrival time
---------------------------------------------------------------------------------------------
                                           3121.738281   slack (MET)


Startpoint: _338_ (rising edge-triggered flip-flop clocked by clk_i)
Endpoint: _374_ (rising edge-triggered flip-flop clocked by clk_i)
Path Group: clk_i
Path Type: max

Fanout         Cap        Slew       Delay        Time   Description
---------------------------------------------------------------------------------------------
                                  0.000000    0.000000   clock clk_i (rise edge)
                                  0.000000    0.000000   clock source latency
    60    0.155899    0.699731    0.482717    0.482717 ^ clk_i (in)
                                                         clk_i (net)
                      0.699748    0.000000    0.482717 ^ _338_/CLK (sky130_fd_sc_hd__dfrtp_2)
    17    0.083745    0.215107    0.710065    1.192782 v _338_/Q (sky130_fd_sc_hd__dfrtp_2)
                                                         num_i_bar[2] (net)
                      0.215117    0.001619    1.194401 v _190_/B (sky130_fd_sc_hd__and2_2)
     1    0.002374    0.035826    0.259906    1.454307 v _190_/X (sky130_fd_sc_hd__and2_2)
                                                         _080_ (net)
                      0.035826    0.000002    1.454309 v _193_/B1 (sky130_fd_sc_hd__o221a_2)
     1    0.001581    0.039381    0.226890    1.681198 v _193_/X (sky130_fd_sc_hd__o221a_2)
                                                         _083_ (net)
                      0.039381    0.000000    1.681199 v _194_/C (sky130_fd_sc_hd__and3_2)
     1    0.006456    0.046304    0.213357    1.894557 v _194_/X (sky130_fd_sc_hd__and3_2)
                                                         _084_ (net)
                      0.046304    0.000053    1.894610 v _205_/B (sky130_fd_sc_hd__nor4_2)
     2    0.004359    0.218547    0.256880    2.151490 ^ _205_/Y (sky130_fd_sc_hd__nor4_2)
                                                         _095_ (net)
                      0.218547    0.000029    2.151519 ^ _252_/B (sky130_fd_sc_hd__and4_2)
    48    0.200748    1.004834    0.966703    3.118222 ^ _252_/X (sky130_fd_sc_hd__and4_2)
                                                         _139_ (net)
                      1.004834    0.000991    3.119213 ^ _314_/S (sky130_fd_sc_hd__mux2_1)
     1    0.002093    0.053264    0.377797    3.497010 v _314_/X (sky130_fd_sc_hd__mux2_1)
                                                         _040_ (net)
                      0.053264    0.000002    3.497012 v _374_/D (sky130_fd_sc_hd__dfrtp_2)
                                              3.497012   data arrival time

                               3125.000000 3125.000000   clock clk_i (rise edge)
                                  0.000000 3125.000000   clock source latency
    60    0.155899    0.699731    0.482942 3125.482910 ^ clk_i (in)
                                                         clk_i (net)
                      0.699750    0.000000 3125.482910 ^ _374_/CLK (sky130_fd_sc_hd__dfrtp_2)
                                 -0.250000 3125.232910   clock uncertainty
                                  0.000000 3125.232910   clock reconvergence pessimism
                                  0.003236 3125.236084   library setup time
                                           3125.236084   data required time
---------------------------------------------------------------------------------------------
                                           3125.236084   data required time
                                             -3.497012   data arrival time
---------------------------------------------------------------------------------------------
                                           3121.739014   slack (MET)


Startpoint: _338_ (rising edge-triggered flip-flop clocked by clk_i)
Endpoint: _375_ (rising edge-triggered flip-flop clocked by clk_i)
Path Group: clk_i
Path Type: max

Fanout         Cap        Slew       Delay        Time   Description
---------------------------------------------------------------------------------------------
                                  0.000000    0.000000   clock clk_i (rise edge)
                                  0.000000    0.000000   clock source latency
    60    0.155899    0.699731    0.482717    0.482717 ^ clk_i (in)
                                                         clk_i (net)
                      0.699748    0.000000    0.482717 ^ _338_/CLK (sky130_fd_sc_hd__dfrtp_2)
    17    0.083745    0.215107    0.710065    1.192782 v _338_/Q (sky130_fd_sc_hd__dfrtp_2)
                                                         num_i_bar[2] (net)
                      0.215117    0.001619    1.194401 v _190_/B (sky130_fd_sc_hd__and2_2)
     1    0.002374    0.035826    0.259906    1.454307 v _190_/X (sky130_fd_sc_hd__and2_2)
                                                         _080_ (net)
                      0.035826    0.000002    1.454309 v _193_/B1 (sky130_fd_sc_hd__o221a_2)
     1    0.001581    0.039381    0.226890    1.681198 v _193_/X (sky130_fd_sc_hd__o221a_2)
                                                         _083_ (net)
                      0.039381    0.000000    1.681199 v _194_/C (sky130_fd_sc_hd__and3_2)
     1    0.006456    0.046304    0.213357    1.894557 v _194_/X (sky130_fd_sc_hd__and3_2)
                                                         _084_ (net)
                      0.046304    0.000053    1.894610 v _205_/B (sky130_fd_sc_hd__nor4_2)
     2    0.004359    0.218547    0.256880    2.151490 ^ _205_/Y (sky130_fd_sc_hd__nor4_2)
                                                         _095_ (net)
                      0.218547    0.000029    2.151519 ^ _252_/B (sky130_fd_sc_hd__and4_2)
    48    0.200748    1.004834    0.966703    3.118222 ^ _252_/X (sky130_fd_sc_hd__and4_2)
                                                         _139_ (net)
                      1.004834    0.000985    3.119207 ^ _315_/S (sky130_fd_sc_hd__mux2_1)
     1    0.002039    0.052944    0.377289    3.496496 v _315_/X (sky130_fd_sc_hd__mux2_1)
                                                         _041_ (net)
                      0.052944    0.000001    3.496497 v _375_/D (sky130_fd_sc_hd__dfrtp_2)
                                              3.496497   data arrival time

                               3125.000000 3125.000000   clock clk_i (rise edge)
                                  0.000000 3125.000000   clock source latency
    60    0.155899    0.699731    0.482942 3125.482910 ^ clk_i (in)
                                                         clk_i (net)
                      0.699751    0.000000 3125.482910 ^ _375_/CLK (sky130_fd_sc_hd__dfrtp_2)
                                 -0.250000 3125.232910   clock uncertainty
                                  0.000000 3125.232910   clock reconvergence pessimism
                                  0.003372 3125.236328   library setup time
                                           3125.236328   data required time
---------------------------------------------------------------------------------------------
                                           3125.236328   data required time
                                             -3.496497   data arrival time
---------------------------------------------------------------------------------------------
                                           3121.739746   slack (MET)


Startpoint: _338_ (rising edge-triggered flip-flop clocked by clk_i)
Endpoint: _376_ (rising edge-triggered flip-flop clocked by clk_i)
Path Group: clk_i
Path Type: max

Fanout         Cap        Slew       Delay        Time   Description
---------------------------------------------------------------------------------------------
                                  0.000000    0.000000   clock clk_i (rise edge)
                                  0.000000    0.000000   clock source latency
    60    0.155899    0.699731    0.482717    0.482717 ^ clk_i (in)
                                                         clk_i (net)
                      0.699748    0.000000    0.482717 ^ _338_/CLK (sky130_fd_sc_hd__dfrtp_2)
    17    0.083745    0.215107    0.710065    1.192782 v _338_/Q (sky130_fd_sc_hd__dfrtp_2)
                                                         num_i_bar[2] (net)
                      0.215117    0.001619    1.194401 v _190_/B (sky130_fd_sc_hd__and2_2)
     1    0.002374    0.035826    0.259906    1.454307 v _190_/X (sky130_fd_sc_hd__and2_2)
                                                         _080_ (net)
                      0.035826    0.000002    1.454309 v _193_/B1 (sky130_fd_sc_hd__o221a_2)
     1    0.001581    0.039381    0.226890    1.681198 v _193_/X (sky130_fd_sc_hd__o221a_2)
                                                         _083_ (net)
                      0.039381    0.000000    1.681199 v _194_/C (sky130_fd_sc_hd__and3_2)
     1    0.006456    0.046304    0.213357    1.894557 v _194_/X (sky130_fd_sc_hd__and3_2)
                                                         _084_ (net)
                      0.046304    0.000053    1.894610 v _205_/B (sky130_fd_sc_hd__nor4_2)
     2    0.004359    0.218547    0.256880    2.151490 ^ _205_/Y (sky130_fd_sc_hd__nor4_2)
                                                         _095_ (net)
                      0.218547    0.000029    2.151519 ^ _252_/B (sky130_fd_sc_hd__and4_2)
    48    0.200748    1.004834    0.966703    3.118222 ^ _252_/X (sky130_fd_sc_hd__and4_2)
                                                         _139_ (net)
                      1.004835    0.001007    3.119230 ^ _316_/S (sky130_fd_sc_hd__mux2_1)
     1    0.002024    0.052855    0.377147    3.496377 v _316_/X (sky130_fd_sc_hd__mux2_1)
                                                         _042_ (net)
                      0.052855    0.000000    3.496378 v _376_/D (sky130_fd_sc_hd__dfrtp_2)
                                              3.496378   data arrival time

                               3125.000000 3125.000000   clock clk_i (rise edge)
                                  0.000000 3125.000000   clock source latency
    60    0.155899    0.699731    0.482942 3125.482910 ^ clk_i (in)
                                                         clk_i (net)
                      0.699752    0.000000 3125.482910 ^ _376_/CLK (sky130_fd_sc_hd__dfrtp_2)
                                 -0.250000 3125.232910   clock uncertainty
                                  0.000000 3125.232910   clock reconvergence pessimism
                                  0.003410 3125.236328   library setup time
                                           3125.236328   data required time
---------------------------------------------------------------------------------------------
                                           3125.236328   data required time
                                             -3.496378   data arrival time
---------------------------------------------------------------------------------------------
                                           3121.739990   slack (MET)


Startpoint: _338_ (rising edge-triggered flip-flop clocked by clk_i)
Endpoint: _377_ (rising edge-triggered flip-flop clocked by clk_i)
Path Group: clk_i
Path Type: max

Fanout         Cap        Slew       Delay        Time   Description
---------------------------------------------------------------------------------------------
                                  0.000000    0.000000   clock clk_i (rise edge)
                                  0.000000    0.000000   clock source latency
    60    0.155899    0.699731    0.482717    0.482717 ^ clk_i (in)
                                                         clk_i (net)
                      0.699748    0.000000    0.482717 ^ _338_/CLK (sky130_fd_sc_hd__dfrtp_2)
    17    0.083745    0.215107    0.710065    1.192782 v _338_/Q (sky130_fd_sc_hd__dfrtp_2)
                                                         num_i_bar[2] (net)
                      0.215117    0.001619    1.194401 v _190_/B (sky130_fd_sc_hd__and2_2)
     1    0.002374    0.035826    0.259906    1.454307 v _190_/X (sky130_fd_sc_hd__and2_2)
                                                         _080_ (net)
                      0.035826    0.000002    1.454309 v _193_/B1 (sky130_fd_sc_hd__o221a_2)
     1    0.001581    0.039381    0.226890    1.681198 v _193_/X (sky130_fd_sc_hd__o221a_2)
                                                         _083_ (net)
                      0.039381    0.000000    1.681199 v _194_/C (sky130_fd_sc_hd__and3_2)
     1    0.006456    0.046304    0.213357    1.894557 v _194_/X (sky130_fd_sc_hd__and3_2)
                                                         _084_ (net)
                      0.046304    0.000053    1.894610 v _205_/B (sky130_fd_sc_hd__nor4_2)
     2    0.004359    0.218547    0.256880    2.151490 ^ _205_/Y (sky130_fd_sc_hd__nor4_2)
                                                         _095_ (net)
                      0.218547    0.000029    2.151519 ^ _252_/B (sky130_fd_sc_hd__and4_2)
    48    0.200748    1.004834    0.966703    3.118222 ^ _252_/X (sky130_fd_sc_hd__and4_2)
                                                         _139_ (net)
                      1.004835    0.001029    3.119251 ^ _317_/S (sky130_fd_sc_hd__mux2_1)
     1    0.002119    0.053413    0.378034    3.497285 v _317_/X (sky130_fd_sc_hd__mux2_1)
                                                         _043_ (net)
                      0.053413    0.000002    3.497287 v _377_/D (sky130_fd_sc_hd__dfrtp_2)
                                              3.497287   data arrival time

                               3125.000000 3125.000000   clock clk_i (rise edge)
                                  0.000000 3125.000000   clock source latency
    60    0.155899    0.699731    0.483851 3125.483887 ^ clk_i (in)
                                                         clk_i (net)
                      0.699763    0.000000 3125.483887 ^ _377_/CLK (sky130_fd_sc_hd__dfrtp_2)
                                 -0.250000 3125.233643   clock uncertainty
                                  0.000000 3125.233643   clock reconvergence pessimism
                                  0.003173 3125.236816   library setup time
                                           3125.236816   data required time
---------------------------------------------------------------------------------------------
                                           3125.236816   data required time
                                             -3.497287   data arrival time
---------------------------------------------------------------------------------------------
                                           3121.739746   slack (MET)


Startpoint: _338_ (rising edge-triggered flip-flop clocked by clk_i)
Endpoint: _378_ (rising edge-triggered flip-flop clocked by clk_i)
Path Group: clk_i
Path Type: max

Fanout         Cap        Slew       Delay        Time   Description
---------------------------------------------------------------------------------------------
                                  0.000000    0.000000   clock clk_i (rise edge)
                                  0.000000    0.000000   clock source latency
    60    0.155899    0.699731    0.482717    0.482717 ^ clk_i (in)
                                                         clk_i (net)
                      0.699748    0.000000    0.482717 ^ _338_/CLK (sky130_fd_sc_hd__dfrtp_2)
    17    0.083745    0.215107    0.710065    1.192782 v _338_/Q (sky130_fd_sc_hd__dfrtp_2)
                                                         num_i_bar[2] (net)
                      0.215117    0.001619    1.194401 v _190_/B (sky130_fd_sc_hd__and2_2)
     1    0.002374    0.035826    0.259906    1.454307 v _190_/X (sky130_fd_sc_hd__and2_2)
                                                         _080_ (net)
                      0.035826    0.000002    1.454309 v _193_/B1 (sky130_fd_sc_hd__o221a_2)
     1    0.001581    0.039381    0.226890    1.681198 v _193_/X (sky130_fd_sc_hd__o221a_2)
                                                         _083_ (net)
                      0.039381    0.000000    1.681199 v _194_/C (sky130_fd_sc_hd__and3_2)
     1    0.006456    0.046304    0.213357    1.894557 v _194_/X (sky130_fd_sc_hd__and3_2)
                                                         _084_ (net)
                      0.046304    0.000053    1.894610 v _205_/B (sky130_fd_sc_hd__nor4_2)
     2    0.004359    0.218547    0.256880    2.151490 ^ _205_/Y (sky130_fd_sc_hd__nor4_2)
                                                         _095_ (net)
                      0.218547    0.000029    2.151519 ^ _252_/B (sky130_fd_sc_hd__and4_2)
    48    0.200748    1.004834    0.966703    3.118222 ^ _252_/X (sky130_fd_sc_hd__and4_2)
                                                         _139_ (net)
                      1.004834    0.000478    3.118700 ^ _318_/S (sky130_fd_sc_hd__mux2_1)
     1    0.002147    0.053580    0.378300    3.497000 v _318_/X (sky130_fd_sc_hd__mux2_1)
                                                         _044_ (net)
                      0.053580    0.000002    3.497002 v _378_/D (sky130_fd_sc_hd__dfrtp_2)
                                              3.497002   data arrival time

                               3125.000000 3125.000000   clock clk_i (rise edge)
                                  0.000000 3125.000000   clock source latency
    60    0.155899    0.699731    0.483851 3125.483887 ^ clk_i (in)
                                                         clk_i (net)
                      0.699764    0.000000 3125.483887 ^ _378_/CLK (sky130_fd_sc_hd__dfrtp_2)
                                 -0.250000 3125.233643   clock uncertainty
                                  0.000000 3125.233643   clock reconvergence pessimism
                                  0.003102 3125.236816   library setup time
                                           3125.236816   data required time
---------------------------------------------------------------------------------------------
                                           3125.236816   data required time
                                             -3.497002   data arrival time
---------------------------------------------------------------------------------------------
                                           3121.739990   slack (MET)


Startpoint: _338_ (rising edge-triggered flip-flop clocked by clk_i)
Endpoint: _379_ (rising edge-triggered flip-flop clocked by clk_i)
Path Group: clk_i
Path Type: max

Fanout         Cap        Slew       Delay        Time   Description
---------------------------------------------------------------------------------------------
                                  0.000000    0.000000   clock clk_i (rise edge)
                                  0.000000    0.000000   clock source latency
    60    0.155899    0.699731    0.482717    0.482717 ^ clk_i (in)
                                                         clk_i (net)
                      0.699748    0.000000    0.482717 ^ _338_/CLK (sky130_fd_sc_hd__dfrtp_2)
    17    0.083745    0.215107    0.710065    1.192782 v _338_/Q (sky130_fd_sc_hd__dfrtp_2)
                                                         num_i_bar[2] (net)
                      0.215117    0.001619    1.194401 v _190_/B (sky130_fd_sc_hd__and2_2)
     1    0.002374    0.035826    0.259906    1.454307 v _190_/X (sky130_fd_sc_hd__and2_2)
                                                         _080_ (net)
                      0.035826    0.000002    1.454309 v _193_/B1 (sky130_fd_sc_hd__o221a_2)
     1    0.001581    0.039381    0.226890    1.681198 v _193_/X (sky130_fd_sc_hd__o221a_2)
                                                         _083_ (net)
                      0.039381    0.000000    1.681199 v _194_/C (sky130_fd_sc_hd__and3_2)
     1    0.006456    0.046304    0.213357    1.894557 v _194_/X (sky130_fd_sc_hd__and3_2)
                                                         _084_ (net)
                      0.046304    0.000053    1.894610 v _205_/B (sky130_fd_sc_hd__nor4_2)
     2    0.004359    0.218547    0.256880    2.151490 ^ _205_/Y (sky130_fd_sc_hd__nor4_2)
                                                         _095_ (net)
                      0.218547    0.000029    2.151519 ^ _252_/B (sky130_fd_sc_hd__and4_2)
    48    0.200748    1.004834    0.966703    3.118222 ^ _252_/X (sky130_fd_sc_hd__and4_2)
                                                         _139_ (net)
                      1.004834    0.000493    3.118715 ^ _319_/S (sky130_fd_sc_hd__mux2_1)
     1    0.002104    0.053326    0.377896    3.496611 v _319_/X (sky130_fd_sc_hd__mux2_1)
                                                         _045_ (net)
                      0.053326    0.000002    3.496613 v _379_/D (sky130_fd_sc_hd__dfrtp_2)
                                              3.496613   data arrival time

                               3125.000000 3125.000000   clock clk_i (rise edge)
                                  0.000000 3125.000000   clock source latency
    60    0.155899    0.699731    0.484079 3125.484131 ^ clk_i (in)
                                                         clk_i (net)
                      0.699768    0.000000 3125.484131 ^ _379_/CLK (sky130_fd_sc_hd__dfrtp_2)
                                 -0.250000 3125.233887   clock uncertainty
                                  0.000000 3125.233887   clock reconvergence pessimism
                                  0.003211 3125.237061   library setup time
                                           3125.237061   data required time
---------------------------------------------------------------------------------------------
                                           3125.237061   data required time
                                             -3.496613   data arrival time
---------------------------------------------------------------------------------------------
                                           3121.740723   slack (MET)


Startpoint: _338_ (rising edge-triggered flip-flop clocked by clk_i)
Endpoint: _380_ (rising edge-triggered flip-flop clocked by clk_i)
Path Group: clk_i
Path Type: max

Fanout         Cap        Slew       Delay        Time   Description
---------------------------------------------------------------------------------------------
                                  0.000000    0.000000   clock clk_i (rise edge)
                                  0.000000    0.000000   clock source latency
    60    0.155899    0.699731    0.482717    0.482717 ^ clk_i (in)
                                                         clk_i (net)
                      0.699748    0.000000    0.482717 ^ _338_/CLK (sky130_fd_sc_hd__dfrtp_2)
    17    0.083745    0.215107    0.710065    1.192782 v _338_/Q (sky130_fd_sc_hd__dfrtp_2)
                                                         num_i_bar[2] (net)
                      0.215117    0.001619    1.194401 v _190_/B (sky130_fd_sc_hd__and2_2)
     1    0.002374    0.035826    0.259906    1.454307 v _190_/X (sky130_fd_sc_hd__and2_2)
                                                         _080_ (net)
                      0.035826    0.000002    1.454309 v _193_/B1 (sky130_fd_sc_hd__o221a_2)
     1    0.001581    0.039381    0.226890    1.681198 v _193_/X (sky130_fd_sc_hd__o221a_2)
                                                         _083_ (net)
                      0.039381    0.000000    1.681199 v _194_/C (sky130_fd_sc_hd__and3_2)
     1    0.006456    0.046304    0.213357    1.894557 v _194_/X (sky130_fd_sc_hd__and3_2)
                                                         _084_ (net)
                      0.046304    0.000053    1.894610 v _205_/B (sky130_fd_sc_hd__nor4_2)
     2    0.004359    0.218547    0.256880    2.151490 ^ _205_/Y (sky130_fd_sc_hd__nor4_2)
                                                         _095_ (net)
                      0.218547    0.000029    2.151519 ^ _252_/B (sky130_fd_sc_hd__and4_2)
    48    0.200748    1.004834    0.966703    3.118222 ^ _252_/X (sky130_fd_sc_hd__and4_2)
                                                         _139_ (net)
                      1.004834    0.000444    3.118666 ^ _320_/S (sky130_fd_sc_hd__mux2_1)
     1    0.002316    0.054584    0.379894    3.498560 v _320_/X (sky130_fd_sc_hd__mux2_1)
                                                         _046_ (net)
                      0.054584    0.000004    3.498564 v _380_/D (sky130_fd_sc_hd__dfrtp_2)
                                              3.498564   data arrival time

                               3125.000000 3125.000000   clock clk_i (rise edge)
                                  0.000000 3125.000000   clock source latency
    60    0.155899    0.699731    0.484306 3125.484375 ^ clk_i (in)
                                                         clk_i (net)
                      0.699771    0.000000 3125.484375 ^ _380_/CLK (sky130_fd_sc_hd__dfrtp_2)
                                 -0.250000 3125.234131   clock uncertainty
                                  0.000000 3125.234131   clock reconvergence pessimism
                                  0.002677 3125.236816   library setup time
                                           3125.236816   data required time
---------------------------------------------------------------------------------------------
                                           3125.236816   data required time
                                             -3.498564   data arrival time
---------------------------------------------------------------------------------------------
                                           3121.738281   slack (MET)


Startpoint: _338_ (rising edge-triggered flip-flop clocked by clk_i)
Endpoint: _381_ (rising edge-triggered flip-flop clocked by clk_i)
Path Group: clk_i
Path Type: max

Fanout         Cap        Slew       Delay        Time   Description
---------------------------------------------------------------------------------------------
                                  0.000000    0.000000   clock clk_i (rise edge)
                                  0.000000    0.000000   clock source latency
    60    0.155899    0.699731    0.482717    0.482717 ^ clk_i (in)
                                                         clk_i (net)
                      0.699748    0.000000    0.482717 ^ _338_/CLK (sky130_fd_sc_hd__dfrtp_2)
    17    0.083745    0.215107    0.710065    1.192782 v _338_/Q (sky130_fd_sc_hd__dfrtp_2)
                                                         num_i_bar[2] (net)
                      0.215117    0.001619    1.194401 v _190_/B (sky130_fd_sc_hd__and2_2)
     1    0.002374    0.035826    0.259906    1.454307 v _190_/X (sky130_fd_sc_hd__and2_2)
                                                         _080_ (net)
                      0.035826    0.000002    1.454309 v _193_/B1 (sky130_fd_sc_hd__o221a_2)
     1    0.001581    0.039381    0.226890    1.681198 v _193_/X (sky130_fd_sc_hd__o221a_2)
                                                         _083_ (net)
                      0.039381    0.000000    1.681199 v _194_/C (sky130_fd_sc_hd__and3_2)
     1    0.006456    0.046304    0.213357    1.894557 v _194_/X (sky130_fd_sc_hd__and3_2)
                                                         _084_ (net)
                      0.046304    0.000053    1.894610 v _205_/B (sky130_fd_sc_hd__nor4_2)
     2    0.004359    0.218547    0.256880    2.151490 ^ _205_/Y (sky130_fd_sc_hd__nor4_2)
                                                         _095_ (net)
                      0.218547    0.000029    2.151519 ^ _252_/B (sky130_fd_sc_hd__and4_2)
    48    0.200748    1.004834    0.966703    3.118222 ^ _252_/X (sky130_fd_sc_hd__and4_2)
                                                         _139_ (net)
                      1.004834    0.000351    3.118573 ^ _321_/S (sky130_fd_sc_hd__mux2_1)
     1    0.002370    0.054904    0.380401    3.498974 v _321_/X (sky130_fd_sc_hd__mux2_1)
                                                         _047_ (net)
                      0.054904    0.000005    3.498979 v _381_/D (sky130_fd_sc_hd__dfrtp_2)
                                              3.498979   data arrival time

                               3125.000000 3125.000000   clock clk_i (rise edge)
                                  0.000000 3125.000000   clock source latency
    60    0.155899    0.699731    0.484306 3125.484375 ^ clk_i (in)
                                                         clk_i (net)
                      0.699770    0.000000 3125.484375 ^ _381_/CLK (sky130_fd_sc_hd__dfrtp_2)
                                 -0.250000 3125.234131   clock uncertainty
                                  0.000000 3125.234131   clock reconvergence pessimism
                                  0.002541 3125.236816   library setup time
                                           3125.236816   data required time
---------------------------------------------------------------------------------------------
                                           3125.236816   data required time
                                             -3.498979   data arrival time
---------------------------------------------------------------------------------------------
                                           3121.737549   slack (MET)


Startpoint: _338_ (rising edge-triggered flip-flop clocked by clk_i)
Endpoint: _382_ (rising edge-triggered flip-flop clocked by clk_i)
Path Group: clk_i
Path Type: max

Fanout         Cap        Slew       Delay        Time   Description
---------------------------------------------------------------------------------------------
                                  0.000000    0.000000   clock clk_i (rise edge)
                                  0.000000    0.000000   clock source latency
    60    0.155899    0.699731    0.482717    0.482717 ^ clk_i (in)
                                                         clk_i (net)
                      0.699748    0.000000    0.482717 ^ _338_/CLK (sky130_fd_sc_hd__dfrtp_2)
    17    0.083745    0.215107    0.710065    1.192782 v _338_/Q (sky130_fd_sc_hd__dfrtp_2)
                                                         num_i_bar[2] (net)
                      0.215117    0.001619    1.194401 v _190_/B (sky130_fd_sc_hd__and2_2)
     1    0.002374    0.035826    0.259906    1.454307 v _190_/X (sky130_fd_sc_hd__and2_2)
                                                         _080_ (net)
                      0.035826    0.000002    1.454309 v _193_/B1 (sky130_fd_sc_hd__o221a_2)
     1    0.001581    0.039381    0.226890    1.681198 v _193_/X (sky130_fd_sc_hd__o221a_2)
                                                         _083_ (net)
                      0.039381    0.000000    1.681199 v _194_/C (sky130_fd_sc_hd__and3_2)
     1    0.006456    0.046304    0.213357    1.894557 v _194_/X (sky130_fd_sc_hd__and3_2)
                                                         _084_ (net)
                      0.046304    0.000053    1.894610 v _205_/B (sky130_fd_sc_hd__nor4_2)
     2    0.004359    0.218547    0.256880    2.151490 ^ _205_/Y (sky130_fd_sc_hd__nor4_2)
                                                         _095_ (net)
                      0.218547    0.000029    2.151519 ^ _252_/B (sky130_fd_sc_hd__and4_2)
    48    0.200748    1.004834    0.966703    3.118222 ^ _252_/X (sky130_fd_sc_hd__and4_2)
                                                         _139_ (net)
                      1.004834    0.000495    3.118717 ^ _322_/S (sky130_fd_sc_hd__mux2_1)
     1    0.002000    0.052707    0.376913    3.495630 v _322_/X (sky130_fd_sc_hd__mux2_1)
                                                         _048_ (net)
                      0.052707    0.000000    3.495631 v _382_/D (sky130_fd_sc_hd__dfrtp_2)
                                              3.495631   data arrival time

                               3125.000000 3125.000000   clock clk_i (rise edge)
                                  0.000000 3125.000000   clock source latency
    60    0.155899    0.699731    0.483851 3125.483887 ^ clk_i (in)
                                                         clk_i (net)
                      0.699764    0.000000 3125.483887 ^ _382_/CLK (sky130_fd_sc_hd__dfrtp_2)
                                 -0.250000 3125.233643   clock uncertainty
                                  0.000000 3125.233643   clock reconvergence pessimism
                                  0.003473 3125.237061   library setup time
                                           3125.237061   data required time
---------------------------------------------------------------------------------------------
                                           3125.237061   data required time
                                             -3.495631   data arrival time
---------------------------------------------------------------------------------------------
                                           3121.741455   slack (MET)


Startpoint: _338_ (rising edge-triggered flip-flop clocked by clk_i)
Endpoint: _383_ (rising edge-triggered flip-flop clocked by clk_i)
Path Group: clk_i
Path Type: max

Fanout         Cap        Slew       Delay        Time   Description
---------------------------------------------------------------------------------------------
                                  0.000000    0.000000   clock clk_i (rise edge)
                                  0.000000    0.000000   clock source latency
    60    0.155899    0.699731    0.482717    0.482717 ^ clk_i (in)
                                                         clk_i (net)
                      0.699748    0.000000    0.482717 ^ _338_/CLK (sky130_fd_sc_hd__dfrtp_2)
    17    0.083745    0.215107    0.710065    1.192782 v _338_/Q (sky130_fd_sc_hd__dfrtp_2)
                                                         num_i_bar[2] (net)
                      0.215117    0.001619    1.194401 v _190_/B (sky130_fd_sc_hd__and2_2)
     1    0.002374    0.035826    0.259906    1.454307 v _190_/X (sky130_fd_sc_hd__and2_2)
                                                         _080_ (net)
                      0.035826    0.000002    1.454309 v _193_/B1 (sky130_fd_sc_hd__o221a_2)
     1    0.001581    0.039381    0.226890    1.681198 v _193_/X (sky130_fd_sc_hd__o221a_2)
                                                         _083_ (net)
                      0.039381    0.000000    1.681199 v _194_/C (sky130_fd_sc_hd__and3_2)
     1    0.006456    0.046304    0.213357    1.894557 v _194_/X (sky130_fd_sc_hd__and3_2)
                                                         _084_ (net)
                      0.046304    0.000053    1.894610 v _205_/B (sky130_fd_sc_hd__nor4_2)
     2    0.004359    0.218547    0.256880    2.151490 ^ _205_/Y (sky130_fd_sc_hd__nor4_2)
                                                         _095_ (net)
                      0.218547    0.000029    2.151519 ^ _252_/B (sky130_fd_sc_hd__and4_2)
    48    0.200748    1.004834    0.966703    3.118222 ^ _252_/X (sky130_fd_sc_hd__and4_2)
                                                         _139_ (net)
                      1.004835    0.001057    3.119279 ^ _323_/S (sky130_fd_sc_hd__mux2_1)
     1    0.001979    0.052586    0.376722    3.496001 v _323_/X (sky130_fd_sc_hd__mux2_1)
                                                         _049_ (net)
                      0.052586    0.000000    3.496001 v _383_/D (sky130_fd_sc_hd__dfrtp_2)
                                              3.496001   data arrival time

                               3125.000000 3125.000000   clock clk_i (rise edge)
                                  0.000000 3125.000000   clock source latency
    60    0.155899    0.699731    0.483851 3125.483887 ^ clk_i (in)
                                                         clk_i (net)
                      0.699763    0.000000 3125.483887 ^ _383_/CLK (sky130_fd_sc_hd__dfrtp_2)
                                 -0.250000 3125.233643   clock uncertainty
                                  0.000000 3125.233643   clock reconvergence pessimism
                                  0.003525 3125.237305   library setup time
                                           3125.237305   data required time
---------------------------------------------------------------------------------------------
                                           3125.237305   data required time
                                             -3.496001   data arrival time
---------------------------------------------------------------------------------------------
                                           3121.741211   slack (MET)


Startpoint: _338_ (rising edge-triggered flip-flop clocked by clk_i)
Endpoint: _384_ (rising edge-triggered flip-flop clocked by clk_i)
Path Group: clk_i
Path Type: max

Fanout         Cap        Slew       Delay        Time   Description
---------------------------------------------------------------------------------------------
                                  0.000000    0.000000   clock clk_i (rise edge)
                                  0.000000    0.000000   clock source latency
    60    0.155899    0.699731    0.482717    0.482717 ^ clk_i (in)
                                                         clk_i (net)
                      0.699748    0.000000    0.482717 ^ _338_/CLK (sky130_fd_sc_hd__dfrtp_2)
    17    0.083745    0.215107    0.710065    1.192782 v _338_/Q (sky130_fd_sc_hd__dfrtp_2)
                                                         num_i_bar[2] (net)
                      0.215117    0.001619    1.194401 v _190_/B (sky130_fd_sc_hd__and2_2)
     1    0.002374    0.035826    0.259906    1.454307 v _190_/X (sky130_fd_sc_hd__and2_2)
                                                         _080_ (net)
                      0.035826    0.000002    1.454309 v _193_/B1 (sky130_fd_sc_hd__o221a_2)
     1    0.001581    0.039381    0.226890    1.681198 v _193_/X (sky130_fd_sc_hd__o221a_2)
                                                         _083_ (net)
                      0.039381    0.000000    1.681199 v _194_/C (sky130_fd_sc_hd__and3_2)
     1    0.006456    0.046304    0.213357    1.894557 v _194_/X (sky130_fd_sc_hd__and3_2)
                                                         _084_ (net)
                      0.046304    0.000053    1.894610 v _205_/B (sky130_fd_sc_hd__nor4_2)
     2    0.004359    0.218547    0.256880    2.151490 ^ _205_/Y (sky130_fd_sc_hd__nor4_2)
                                                         _095_ (net)
                      0.218547    0.000029    2.151519 ^ _252_/B (sky130_fd_sc_hd__and4_2)
    48    0.200748    1.004834    0.966703    3.118222 ^ _252_/X (sky130_fd_sc_hd__and4_2)
                                                         _139_ (net)
                      1.004834    0.000406    3.118628 ^ _324_/S (sky130_fd_sc_hd__mux2_1)
     1    0.002192    0.053851    0.378729    3.497358 v _324_/X (sky130_fd_sc_hd__mux2_1)
                                                         _050_ (net)
                      0.053851    0.000003    3.497360 v _384_/D (sky130_fd_sc_hd__dfrtp_2)
                                              3.497360   data arrival time

                               3125.000000 3125.000000   clock clk_i (rise edge)
                                  0.000000 3125.000000   clock source latency
    60    0.155899    0.699731    0.484079 3125.484131 ^ clk_i (in)
                                                         clk_i (net)
                      0.699767    0.000000 3125.484131 ^ _384_/CLK (sky130_fd_sc_hd__dfrtp_2)
                                 -0.250000 3125.233887   clock uncertainty
                                  0.000000 3125.233887   clock reconvergence pessimism
                                  0.002988 3125.236816   library setup time
                                           3125.236816   data required time
---------------------------------------------------------------------------------------------
                                           3125.236816   data required time
                                             -3.497360   data arrival time
---------------------------------------------------------------------------------------------
                                           3121.739502   slack (MET)


Startpoint: _338_ (rising edge-triggered flip-flop clocked by clk_i)
Endpoint: _389_ (rising edge-triggered flip-flop clocked by clk_i)
Path Group: clk_i
Path Type: max

Fanout         Cap        Slew       Delay        Time   Description
---------------------------------------------------------------------------------------------
                                  0.000000    0.000000   clock clk_i (rise edge)
                                  0.000000    0.000000   clock source latency
    60    0.155899    0.699731    0.482717    0.482717 ^ clk_i (in)
                                                         clk_i (net)
                      0.699748    0.000000    0.482717 ^ _338_/CLK (sky130_fd_sc_hd__dfrtp_2)
    17    0.083745    0.215107    0.710065    1.192782 v _338_/Q (sky130_fd_sc_hd__dfrtp_2)
                                                         num_i_bar[2] (net)
                      0.215117    0.001619    1.194401 v _190_/B (sky130_fd_sc_hd__and2_2)
     1    0.002374    0.035826    0.259906    1.454307 v _190_/X (sky130_fd_sc_hd__and2_2)
                                                         _080_ (net)
                      0.035826    0.000002    1.454309 v _193_/B1 (sky130_fd_sc_hd__o221a_2)
     1    0.001581    0.039381    0.226890    1.681198 v _193_/X (sky130_fd_sc_hd__o221a_2)
                                                         _083_ (net)
                      0.039381    0.000000    1.681199 v _194_/C (sky130_fd_sc_hd__and3_2)
     1    0.006456    0.046304    0.213357    1.894557 v _194_/X (sky130_fd_sc_hd__and3_2)
                                                         _084_ (net)
                      0.046304    0.000053    1.894610 v _205_/B (sky130_fd_sc_hd__nor4_2)
     2    0.004359    0.218547    0.256880    2.151490 ^ _205_/Y (sky130_fd_sc_hd__nor4_2)
                                                         _095_ (net)
                      0.218547    0.000029    2.151519 ^ _252_/B (sky130_fd_sc_hd__and4_2)
    48    0.200748    1.004834    0.966703    3.118222 ^ _252_/X (sky130_fd_sc_hd__and4_2)
                                                         _139_ (net)
                      1.004834    0.000516    3.118739 ^ _330_/S (sky130_fd_sc_hd__mux2_1)
     1    0.002175    0.053747    0.378564    3.497303 v _330_/X (sky130_fd_sc_hd__mux2_1)
                                                         _054_ (net)
                      0.053747    0.000003    3.497305 v _389_/D (sky130_fd_sc_hd__dfrtp_2)
                                              3.497305   data arrival time

                               3125.000000 3125.000000   clock clk_i (rise edge)
                                  0.000000 3125.000000   clock source latency
    60    0.155899    0.699731    0.484306 3125.484375 ^ clk_i (in)
                                                         clk_i (net)
                      0.699772    0.000000 3125.484375 ^ _389_/CLK (sky130_fd_sc_hd__dfrtp_2)
                                 -0.250000 3125.234131   clock uncertainty
                                  0.000000 3125.234131   clock reconvergence pessimism
                                  0.003033 3125.237061   library setup time
                                           3125.237061   data required time
---------------------------------------------------------------------------------------------
                                           3125.237061   data required time
                                             -3.497305   data arrival time
---------------------------------------------------------------------------------------------
                                           3121.739990   slack (MET)


Startpoint: _338_ (rising edge-triggered flip-flop clocked by clk_i)
Endpoint: _390_ (rising edge-triggered flip-flop clocked by clk_i)
Path Group: clk_i
Path Type: max

Fanout         Cap        Slew       Delay        Time   Description
---------------------------------------------------------------------------------------------
                                  0.000000    0.000000   clock clk_i (rise edge)
                                  0.000000    0.000000   clock source latency
    60    0.155899    0.699731    0.482717    0.482717 ^ clk_i (in)
                                                         clk_i (net)
                      0.699748    0.000000    0.482717 ^ _338_/CLK (sky130_fd_sc_hd__dfrtp_2)
    17    0.083745    0.215107    0.710065    1.192782 v _338_/Q (sky130_fd_sc_hd__dfrtp_2)
                                                         num_i_bar[2] (net)
                      0.215117    0.001619    1.194401 v _190_/B (sky130_fd_sc_hd__and2_2)
     1    0.002374    0.035826    0.259906    1.454307 v _190_/X (sky130_fd_sc_hd__and2_2)
                                                         _080_ (net)
                      0.035826    0.000002    1.454309 v _193_/B1 (sky130_fd_sc_hd__o221a_2)
     1    0.001581    0.039381    0.226890    1.681198 v _193_/X (sky130_fd_sc_hd__o221a_2)
                                                         _083_ (net)
                      0.039381    0.000000    1.681199 v _194_/C (sky130_fd_sc_hd__and3_2)
     1    0.006456    0.046304    0.213357    1.894557 v _194_/X (sky130_fd_sc_hd__and3_2)
                                                         _084_ (net)
                      0.046304    0.000053    1.894610 v _205_/B (sky130_fd_sc_hd__nor4_2)
     2    0.004359    0.218547    0.256880    2.151490 ^ _205_/Y (sky130_fd_sc_hd__nor4_2)
                                                         _095_ (net)
                      0.218547    0.000029    2.151519 ^ _252_/B (sky130_fd_sc_hd__and4_2)
    48    0.200748    1.004834    0.966703    3.118222 ^ _252_/X (sky130_fd_sc_hd__and4_2)
                                                         _139_ (net)
                      1.004834    0.000480    3.118702 ^ _331_/S (sky130_fd_sc_hd__mux2_1)
     1    0.002195    0.053866    0.378753    3.497455 v _331_/X (sky130_fd_sc_hd__mux2_1)
                                                         _055_ (net)
                      0.053866    0.000003    3.497458 v _390_/D (sky130_fd_sc_hd__dfrtp_2)
                                              3.497458   data arrival time

                               3125.000000 3125.000000   clock clk_i (rise edge)
                                  0.000000 3125.000000   clock source latency
    60    0.155899    0.699731    0.484079 3125.484131 ^ clk_i (in)
                                                         clk_i (net)
                      0.699767    0.000000 3125.484131 ^ _390_/CLK (sky130_fd_sc_hd__dfrtp_2)
                                 -0.250000 3125.233887   clock uncertainty
                                  0.000000 3125.233887   clock reconvergence pessimism
                                  0.002981 3125.236816   library setup time
                                           3125.236816   data required time
---------------------------------------------------------------------------------------------
                                           3125.236816   data required time
                                             -3.497458   data arrival time
---------------------------------------------------------------------------------------------
                                           3121.739502   slack (MET)


Startpoint: _338_ (rising edge-triggered flip-flop clocked by clk_i)
Endpoint: _391_ (rising edge-triggered flip-flop clocked by clk_i)
Path Group: clk_i
Path Type: max

Fanout         Cap        Slew       Delay        Time   Description
---------------------------------------------------------------------------------------------
                                  0.000000    0.000000   clock clk_i (rise edge)
                                  0.000000    0.000000   clock source latency
    60    0.155899    0.699731    0.482717    0.482717 ^ clk_i (in)
                                                         clk_i (net)
                      0.699748    0.000000    0.482717 ^ _338_/CLK (sky130_fd_sc_hd__dfrtp_2)
    17    0.083745    0.215107    0.710065    1.192782 v _338_/Q (sky130_fd_sc_hd__dfrtp_2)
                                                         num_i_bar[2] (net)
                      0.215117    0.001619    1.194401 v _190_/B (sky130_fd_sc_hd__and2_2)
     1    0.002374    0.035826    0.259906    1.454307 v _190_/X (sky130_fd_sc_hd__and2_2)
                                                         _080_ (net)
                      0.035826    0.000002    1.454309 v _193_/B1 (sky130_fd_sc_hd__o221a_2)
     1    0.001581    0.039381    0.226890    1.681198 v _193_/X (sky130_fd_sc_hd__o221a_2)
                                                         _083_ (net)
                      0.039381    0.000000    1.681199 v _194_/C (sky130_fd_sc_hd__and3_2)
     1    0.006456    0.046304    0.213357    1.894557 v _194_/X (sky130_fd_sc_hd__and3_2)
                                                         _084_ (net)
                      0.046304    0.000053    1.894610 v _205_/B (sky130_fd_sc_hd__nor4_2)
     2    0.004359    0.218547    0.256880    2.151490 ^ _205_/Y (sky130_fd_sc_hd__nor4_2)
                                                         _095_ (net)
                      0.218547    0.000029    2.151519 ^ _252_/B (sky130_fd_sc_hd__and4_2)
    48    0.200748    1.004834    0.966703    3.118222 ^ _252_/X (sky130_fd_sc_hd__and4_2)
                                                         _139_ (net)
                      1.004834    0.000499    3.118721 ^ _332_/S (sky130_fd_sc_hd__mux2_1)
     1    0.002215    0.053983    0.378939    3.497661 v _332_/X (sky130_fd_sc_hd__mux2_1)
                                                         _056_ (net)
                      0.053983    0.000003    3.497664 v _391_/D (sky130_fd_sc_hd__dfrtp_2)
                                              3.497664   data arrival time

                               3125.000000 3125.000000   clock clk_i (rise edge)
                                  0.000000 3125.000000   clock source latency
    60    0.155899    0.699731    0.484306 3125.484375 ^ clk_i (in)
                                                         clk_i (net)
                      0.699772    0.000000 3125.484375 ^ _391_/CLK (sky130_fd_sc_hd__dfrtp_2)
                                 -0.250000 3125.234131   clock uncertainty
                                  0.000000 3125.234131   clock reconvergence pessimism
                                  0.002932 3125.237061   library setup time
                                           3125.237061   data required time
---------------------------------------------------------------------------------------------
                                           3125.237061   data required time
                                             -3.497664   data arrival time
---------------------------------------------------------------------------------------------
                                           3121.739502   slack (MET)


Startpoint: _338_ (rising edge-triggered flip-flop clocked by clk_i)
Endpoint: _370_ (rising edge-triggered flip-flop clocked by clk_i)
Path Group: clk_i
Path Type: max

Fanout         Cap        Slew       Delay        Time   Description
---------------------------------------------------------------------------------------------
                                  0.000000    0.000000   clock clk_i (rise edge)
                                  0.000000    0.000000   clock source latency
    60    0.155899    0.699731    0.482717    0.482717 ^ clk_i (in)
                                                         clk_i (net)
                      0.699748    0.000000    0.482717 ^ _338_/CLK (sky130_fd_sc_hd__dfrtp_2)
    17    0.083745    0.215107    0.710065    1.192782 v _338_/Q (sky130_fd_sc_hd__dfrtp_2)
                                                         num_i_bar[2] (net)
                      0.215117    0.001619    1.194401 v _190_/B (sky130_fd_sc_hd__and2_2)
     1    0.002374    0.035826    0.259906    1.454307 v _190_/X (sky130_fd_sc_hd__and2_2)
                                                         _080_ (net)
                      0.035826    0.000002    1.454309 v _193_/B1 (sky130_fd_sc_hd__o221a_2)
     1    0.001581    0.039381    0.226890    1.681198 v _193_/X (sky130_fd_sc_hd__o221a_2)
                                                         _083_ (net)
                      0.039381    0.000000    1.681199 v _194_/C (sky130_fd_sc_hd__and3_2)
     1    0.006456    0.046304    0.213357    1.894557 v _194_/X (sky130_fd_sc_hd__and3_2)
                                                         _084_ (net)
                      0.046304    0.000053    1.894610 v _205_/B (sky130_fd_sc_hd__nor4_2)
     2    0.004359    0.218547    0.256880    2.151490 ^ _205_/Y (sky130_fd_sc_hd__nor4_2)
                                                         _095_ (net)
                      0.218547    0.000029    2.151519 ^ _252_/B (sky130_fd_sc_hd__and4_2)
    48    0.200748    1.004834    0.966703    3.118222 ^ _252_/X (sky130_fd_sc_hd__and4_2)
                                                         _139_ (net)
                      1.004834    0.000970    3.119192 ^ _310_/B (sky130_fd_sc_hd__or2_2)
     1    0.002403    0.051867    0.233840    3.353032 ^ _310_/X (sky130_fd_sc_hd__or2_2)
                                                         _036_ (net)
                      0.051867    0.000004    3.353036 ^ _370_/D (sky130_fd_sc_hd__dfrtp_2)
                                              3.353036   data arrival time

                               3125.000000 3125.000000   clock clk_i (rise edge)
                                  0.000000 3125.000000   clock source latency
    60    0.155899    0.699731    0.482260 3125.482178 ^ clk_i (in)
                                                         clk_i (net)
                      0.699742    0.000000 3125.482178 ^ _370_/CLK (sky130_fd_sc_hd__dfrtp_2)
                                 -0.250000 3125.232178   clock uncertainty
                                  0.000000 3125.232178   clock reconvergence pessimism
                                  0.011207 3125.243408   library setup time
                                           3125.243408   data required time
---------------------------------------------------------------------------------------------
                                           3125.243408   data required time
                                             -3.353036   data arrival time
---------------------------------------------------------------------------------------------
                                           3121.890137   slack (MET)


Startpoint: _340_ (rising edge-triggered flip-flop clocked by clk_i)
Endpoint: _340_ (rising edge-triggered flip-flop clocked by clk_i)
Path Group: clk_i
Path Type: max

Fanout         Cap        Slew       Delay        Time   Description
---------------------------------------------------------------------------------------------
                                  0.000000    0.000000   clock clk_i (rise edge)
                                  0.000000    0.000000   clock source latency
    60    0.155899    0.699731    0.482742    0.482742 ^ clk_i (in)
                                                         clk_i (net)
                      0.699748    0.000000    0.482742 ^ _340_/CLK (sky130_fd_sc_hd__dfrtp_2)
     8    0.024315    0.089071    0.594519    1.077261 v _340_/Q (sky130_fd_sc_hd__dfrtp_2)
                                                         rng_dp.seed_sel_i[1] (net)
                      0.089071    0.000013    1.077274 v _249_/A (sky130_fd_sc_hd__or2_2)
     3    0.010735    0.077060    0.339901    1.417175 v _249_/X (sky130_fd_sc_hd__or2_2)
                                                         _137_ (net)
                      0.077060    0.000003    1.417178 v _251_/A (sky130_fd_sc_hd__nand2_2)
     1    0.002505    0.036126    0.058425    1.475603 ^ _251_/Y (sky130_fd_sc_hd__nand2_2)
                                                         _002_ (net)
                      0.036126    0.000005    1.475609 ^ _340_/D (sky130_fd_sc_hd__dfrtp_2)
                                              1.475609   data arrival time

                               3125.000000 3125.000000   clock clk_i (rise edge)
                                  0.000000 3125.000000   clock source latency
    60    0.155899    0.699731    0.482714 3125.482666 ^ clk_i (in)
                                                         clk_i (net)
                      0.699748    0.000000 3125.482666 ^ _340_/CLK (sky130_fd_sc_hd__dfrtp_2)
                                 -0.250000 3125.232666   clock uncertainty
                                  0.000000 3125.232666   clock reconvergence pessimism
                                  0.014481 3125.247070   library setup time
                                           3125.247070   data required time
---------------------------------------------------------------------------------------------
                                           3125.247070   data required time
                                             -1.475609   data arrival time
---------------------------------------------------------------------------------------------
                                           3123.771484   slack (MET)


Startpoint: _366_ (rising edge-triggered flip-flop clocked by clk_i)
Endpoint: _392_ (rising edge-triggered flip-flop clocked by clk_i)
Path Group: clk_i
Path Type: max

Fanout         Cap        Slew       Delay        Time   Description
---------------------------------------------------------------------------------------------
                                  0.000000    0.000000   clock clk_i (rise edge)
                                  0.000000    0.000000   clock source latency
    60    0.155899    0.699731    0.482715    0.482715 ^ clk_i (in)
                                                         clk_i (net)
                      0.699748    0.000000    0.482715 ^ _366_/CLK (sky130_fd_sc_hd__dfrtp_2)
     2    0.004551    0.043993    0.536204    1.018919 v _366_/Q (sky130_fd_sc_hd__dfrtp_2)
                                                         rng_rd.wr_ff2 (net)
                      0.043993    0.000014    1.018933 v _248_/B (sky130_fd_sc_hd__and2b_2)
     1    0.002294    0.034714    0.181220    1.200153 v _248_/X (sky130_fd_sc_hd__and2b_2)
                                                         _000_ (net)
                      0.034714    0.000004    1.200157 v _392_/D (sky130_fd_sc_hd__dfrtp_2)
                                              1.200157   data arrival time

                               3125.000000 3125.000000   clock clk_i (rise edge)
                                  0.000000 3125.000000   clock source latency
    60    0.155899    0.699731    0.483851 3125.483887 ^ clk_i (in)
                                                         clk_i (net)
                      0.699765    0.000000 3125.483887 ^ _392_/CLK (sky130_fd_sc_hd__dfrtp_2)
                                 -0.250000 3125.233643   clock uncertainty
                                  0.000000 3125.233643   clock reconvergence pessimism
                                  0.011116 3125.244873   library setup time
                                           3125.244873   data required time
---------------------------------------------------------------------------------------------
                                           3125.244873   data required time
                                             -1.200157   data arrival time
---------------------------------------------------------------------------------------------
                                           3124.044922   slack (MET)


Startpoint: _339_ (rising edge-triggered flip-flop clocked by clk_i)
Endpoint: _339_ (rising edge-triggered flip-flop clocked by clk_i)
Path Group: clk_i
Path Type: max

Fanout         Cap        Slew       Delay        Time   Description
---------------------------------------------------------------------------------------------
                                  0.000000    0.000000   clock clk_i (rise edge)
                                  0.000000    0.000000   clock source latency
    60    0.155899    0.699731    0.482743    0.482743 ^ clk_i (in)
                                                         clk_i (net)
                      0.699748    0.000000    0.482743 ^ _339_/CLK (sky130_fd_sc_hd__dfrtp_2)
     7    0.022799    0.085388    0.590826    1.073569 v _339_/Q (sky130_fd_sc_hd__dfrtp_2)
                                                         rng_dp.seed_sel_i[0] (net)
                      0.085388    0.000018    1.073587 v _176_/A (sky130_fd_sc_hd__inv_2)
     3    0.008750    0.053287    0.076446    1.150033 ^ _176_/Y (sky130_fd_sc_hd__inv_2)
                                                         _001_ (net)
                      0.053287    0.000012    1.150045 ^ _339_/D (sky130_fd_sc_hd__dfrtp_2)
                                              1.150045   data arrival time

                               3125.000000 3125.000000   clock clk_i (rise edge)
                                  0.000000 3125.000000   clock source latency
    60    0.155899    0.699731    0.482714 3125.482666 ^ clk_i (in)
                                                         clk_i (net)
                      0.699748    0.000000 3125.482666 ^ _339_/CLK (sky130_fd_sc_hd__dfrtp_2)
                                 -0.250000 3125.232666   clock uncertainty
                                  0.000000 3125.232666   clock reconvergence pessimism
                                  0.010911 3125.243408   library setup time
                                           3125.243408   data required time
---------------------------------------------------------------------------------------------
                                           3125.243408   data required time
                                             -1.150045   data arrival time
---------------------------------------------------------------------------------------------
                                           3124.093506   slack (MET)


Startpoint: _366_ (rising edge-triggered flip-flop clocked by clk_i)
Endpoint: _385_ (rising edge-triggered flip-flop clocked by clk_i)
Path Group: clk_i
Path Type: max

Fanout         Cap        Slew       Delay        Time   Description
---------------------------------------------------------------------------------------------
                                  0.000000    0.000000   clock clk_i (rise edge)
                                  0.000000    0.000000   clock source latency
    60    0.155899    0.699731    0.482715    0.482715 ^ clk_i (in)
                                                         clk_i (net)
                      0.699748    0.000000    0.482715 ^ _366_/CLK (sky130_fd_sc_hd__dfrtp_2)
     2    0.004551    0.043993    0.536204    1.018919 v _366_/Q (sky130_fd_sc_hd__dfrtp_2)
                                                         rng_rd.wr_ff2 (net)
                      0.043993    0.000008    1.018927 v _385_/D (sky130_fd_sc_hd__dfrtp_2)
                                              1.018927   data arrival time

                               3125.000000 3125.000000   clock clk_i (rise edge)
                                  0.000000 3125.000000   clock source latency
    60    0.155899    0.699731    0.482714 3125.482666 ^ clk_i (in)
                                                         clk_i (net)
                      0.699748    0.000000 3125.482666 ^ _385_/CLK (sky130_fd_sc_hd__dfrtp_2)
                                 -0.250000 3125.232666   clock uncertainty
                                  0.000000 3125.232666   clock reconvergence pessimism
                                  0.007173 3125.239990   library setup time
                                           3125.239990   data required time
---------------------------------------------------------------------------------------------
                                           3125.239990   data required time
                                             -1.018927   data arrival time
---------------------------------------------------------------------------------------------
                                           3124.220947   slack (MET)


Startpoint: _356_ (rising edge-triggered flip-flop clocked by clk_i)
Endpoint: _366_ (rising edge-triggered flip-flop clocked by clk_i)
Path Group: clk_i
Path Type: max

Fanout         Cap        Slew       Delay        Time   Description
---------------------------------------------------------------------------------------------
                                  0.000000    0.000000   clock clk_i (rise edge)
                                  0.000000    0.000000   clock source latency
    60    0.155899    0.699731    0.482700    0.482700 ^ clk_i (in)
                                                         clk_i (net)
                      0.699748    0.000000    0.482700 ^ _356_/CLK (sky130_fd_sc_hd__dfrtp_2)
     1    0.002501    0.038286    0.525281    1.007981 v _356_/Q (sky130_fd_sc_hd__dfrtp_2)
                                                         rng_rd.wr_ff1 (net)
                      0.038286    0.000006    1.007987 v _366_/D (sky130_fd_sc_hd__dfrtp_2)
                                              1.007987   data arrival time

                               3125.000000 3125.000000   clock clk_i (rise edge)
                                  0.000000 3125.000000   clock source latency
    60    0.155899    0.699731    0.482714 3125.482666 ^ clk_i (in)
                                                         clk_i (net)
                      0.699748    0.000000 3125.482666 ^ _366_/CLK (sky130_fd_sc_hd__dfrtp_2)
                                 -0.250000 3125.232666   clock uncertainty
                                  0.000000 3125.232666   clock reconvergence pessimism
                                  0.009597 3125.242188   library setup time
                                           3125.242188   data required time
---------------------------------------------------------------------------------------------
                                           3125.242188   data required time
                                             -1.007987   data arrival time
---------------------------------------------------------------------------------------------
                                           3124.234131   slack (MET)



