
===========================================================================
report_checks -path_delay min (Hold)
============================================================================
======================= nom_tt_025C_1v80 Corner ===================================

Startpoint: _356_ (rising edge-triggered flip-flop clocked by clk_i)
Endpoint: _366_ (rising edge-triggered flip-flop clocked by clk_i)
Path Group: clk_i
Path Type: min

Fanout         Cap        Slew       Delay        Time   Description
---------------------------------------------------------------------------------------------
                                  0.000000    0.000000   clock clk_i (rise edge)
                                  0.000000    0.000000   clock source latency
    60    0.155899    0.699731    0.482700    0.482700 ^ clk_i (in)
                                                         clk_i (net)
                      0.699748    0.000000    0.482700 ^ _356_/CLK (sky130_fd_sc_hd__dfrtp_2)
     1    0.002501    0.038286    0.525281    1.007981 v _356_/Q (sky130_fd_sc_hd__dfrtp_2)
                                                         rng_rd.wr_ff1 (net)
                      0.038286    0.000006    1.007987 v _366_/D (sky130_fd_sc_hd__dfrtp_2)
                                              1.007987   data arrival time

                                  0.000000    0.000000   clock clk_i (rise edge)
                                  0.000000    0.000000   clock source latency
    60    0.155899    0.699731    0.482715    0.482715 ^ clk_i (in)
                                                         clk_i (net)
                      0.699748    0.000000    0.482715 ^ _366_/CLK (sky130_fd_sc_hd__dfrtp_2)
                                  0.250000    0.732715   clock uncertainty
                                  0.000000    0.732715   clock reconvergence pessimism
                                  0.080137    0.812852   library hold time
                                              0.812852   data required time
---------------------------------------------------------------------------------------------
                                              0.812852   data required time
                                             -1.007987   data arrival time
---------------------------------------------------------------------------------------------
                                              0.195135   slack (MET)


Startpoint: _366_ (rising edge-triggered flip-flop clocked by clk_i)
Endpoint: _385_ (rising edge-triggered flip-flop clocked by clk_i)
Path Group: clk_i
Path Type: min

Fanout         Cap        Slew       Delay        Time   Description
---------------------------------------------------------------------------------------------
                                  0.000000    0.000000   clock clk_i (rise edge)
                                  0.000000    0.000000   clock source latency
    60    0.155899    0.699731    0.482715    0.482715 ^ clk_i (in)
                                                         clk_i (net)
                      0.699748    0.000000    0.482715 ^ _366_/CLK (sky130_fd_sc_hd__dfrtp_2)
     2    0.004551    0.043993    0.536204    1.018919 v _366_/Q (sky130_fd_sc_hd__dfrtp_2)
                                                         rng_rd.wr_ff2 (net)
                      0.043993    0.000008    1.018927 v _385_/D (sky130_fd_sc_hd__dfrtp_2)
                                              1.018927   data arrival time

                                  0.000000    0.000000   clock clk_i (rise edge)
                                  0.000000    0.000000   clock source latency
    60    0.155899    0.699731    0.482760    0.482760 ^ clk_i (in)
                                                         clk_i (net)
                      0.699748    0.000000    0.482760 ^ _385_/CLK (sky130_fd_sc_hd__dfrtp_2)
                                  0.250000    0.732760   clock uncertainty
                                  0.000000    0.732760   clock reconvergence pessimism
                                  0.077838    0.810597   library hold time
                                              0.810597   data required time
---------------------------------------------------------------------------------------------
                                              0.810597   data required time
                                             -1.018927   data arrival time
---------------------------------------------------------------------------------------------
                                              0.208330   slack (MET)


Startpoint: _339_ (rising edge-triggered flip-flop clocked by clk_i)
Endpoint: _339_ (rising edge-triggered flip-flop clocked by clk_i)
Path Group: clk_i
Path Type: min

Fanout         Cap        Slew       Delay        Time   Description
---------------------------------------------------------------------------------------------
                                  0.000000    0.000000   clock clk_i (rise edge)
                                  0.000000    0.000000   clock source latency
    60    0.155899    0.699731    0.482743    0.482743 ^ clk_i (in)
                                                         clk_i (net)
                      0.699748    0.000000    0.482743 ^ _339_/CLK (sky130_fd_sc_hd__dfrtp_2)
     7    0.024819    0.131844    0.571767    1.054510 ^ _339_/Q (sky130_fd_sc_hd__dfrtp_2)
                                                         rng_dp.seed_sel_i[0] (net)
                      0.131844    0.000020    1.054530 ^ _176_/A (sky130_fd_sc_hd__inv_2)
     3    0.008113    0.041419    0.056046    1.110575 v _176_/Y (sky130_fd_sc_hd__inv_2)
                                                         _001_ (net)
                      0.041419    0.000012    1.110587 v _339_/D (sky130_fd_sc_hd__dfrtp_2)
                                              1.110587   data arrival time

                                  0.000000    0.000000   clock clk_i (rise edge)
                                  0.000000    0.000000   clock source latency
    60    0.155899    0.699731    0.482743    0.482743 ^ clk_i (in)
                                                         clk_i (net)
                      0.699748    0.000000    0.482743 ^ _339_/CLK (sky130_fd_sc_hd__dfrtp_2)
                                  0.250000    0.732743   clock uncertainty
                                  0.000000    0.732743   clock reconvergence pessimism
                                  0.078875    0.811618   library hold time
                                              0.811618   data required time
---------------------------------------------------------------------------------------------
                                              0.811618   data required time
                                             -1.110587   data arrival time
---------------------------------------------------------------------------------------------
                                              0.298969   slack (MET)


Startpoint: _370_ (rising edge-triggered flip-flop clocked by clk_i)
Endpoint: _370_ (rising edge-triggered flip-flop clocked by clk_i)
Path Group: clk_i
Path Type: min

Fanout         Cap        Slew       Delay        Time   Description
---------------------------------------------------------------------------------------------
                                  0.000000    0.000000   clock clk_i (rise edge)
                                  0.000000    0.000000   clock source latency
    60    0.155899    0.699731    0.482167    0.482167 ^ clk_i (in)
                                                         clk_i (net)
                      0.699742    0.000000    0.482167 ^ _370_/CLK (sky130_fd_sc_hd__dfrtp_2)
     3    0.007532    0.058106    0.507964    0.990131 ^ _370_/Q (sky130_fd_sc_hd__dfrtp_2)
                                                         rng_rd.vld[0] (net)
                      0.058106    0.000004    0.990135 ^ _310_/A (sky130_fd_sc_hd__or2_2)
     1    0.002403    0.027913    0.098501    1.088636 ^ _310_/X (sky130_fd_sc_hd__or2_2)
                                                         _036_ (net)
                      0.027913    0.000004    1.088640 ^ _370_/D (sky130_fd_sc_hd__dfrtp_2)
                                              1.088640   data arrival time

                                  0.000000    0.000000   clock clk_i (rise edge)
                                  0.000000    0.000000   clock source latency
    60    0.155899    0.699731    0.482167    0.482167 ^ clk_i (in)
                                                         clk_i (net)
                      0.699742    0.000000    0.482167 ^ _370_/CLK (sky130_fd_sc_hd__dfrtp_2)
                                  0.250000    0.732167   clock uncertainty
                                  0.000000    0.732167   clock reconvergence pessimism
                                  0.036057    0.768224   library hold time
                                              0.768224   data required time
---------------------------------------------------------------------------------------------
                                              0.768224   data required time
                                             -1.088640   data arrival time
---------------------------------------------------------------------------------------------
                                              0.320416   slack (MET)


Startpoint: _366_ (rising edge-triggered flip-flop clocked by clk_i)
Endpoint: _392_ (rising edge-triggered flip-flop clocked by clk_i)
Path Group: clk_i
Path Type: min

Fanout         Cap        Slew       Delay        Time   Description
---------------------------------------------------------------------------------------------
                                  0.000000    0.000000   clock clk_i (rise edge)
                                  0.000000    0.000000   clock source latency
    60    0.155899    0.699731    0.482715    0.482715 ^ clk_i (in)
                                                         clk_i (net)
                      0.699748    0.000000    0.482715 ^ _366_/CLK (sky130_fd_sc_hd__dfrtp_2)
     2    0.004755    0.048439    0.496011    0.978726 ^ _366_/Q (sky130_fd_sc_hd__dfrtp_2)
                                                         rng_rd.wr_ff2 (net)
                      0.048439    0.000015    0.978741 ^ _248_/B (sky130_fd_sc_hd__and2b_2)
     1    0.002350    0.033432    0.127020    1.105760 ^ _248_/X (sky130_fd_sc_hd__and2b_2)
                                                         _000_ (net)
                      0.033432    0.000004    1.105765 ^ _392_/D (sky130_fd_sc_hd__dfrtp_2)
                                              1.105765   data arrival time

                                  0.000000    0.000000   clock clk_i (rise edge)
                                  0.000000    0.000000   clock source latency
    60    0.155899    0.699731    0.483935    0.483935 ^ clk_i (in)
                                                         clk_i (net)
                      0.699765    0.000000    0.483935 ^ _392_/CLK (sky130_fd_sc_hd__dfrtp_2)
                                  0.250000    0.733935   clock uncertainty
                                  0.000000    0.733935   clock reconvergence pessimism
                                  0.034984    0.768920   library hold time
                                              0.768920   data required time
---------------------------------------------------------------------------------------------
                                              0.768920   data required time
                                             -1.105765   data arrival time
---------------------------------------------------------------------------------------------
                                              0.336845   slack (MET)


Startpoint: _381_ (rising edge-triggered flip-flop clocked by clk_i)
Endpoint: _381_ (rising edge-triggered flip-flop clocked by clk_i)
Path Group: clk_i
Path Type: min

Fanout         Cap        Slew       Delay        Time   Description
---------------------------------------------------------------------------------------------
                                  0.000000    0.000000   clock clk_i (rise edge)
                                  0.000000    0.000000   clock source latency
    60    0.155899    0.699731    0.484204    0.484204 ^ clk_i (in)
                                                         clk_i (net)
                      0.699770    0.000000    0.484204 ^ _381_/CLK (sky130_fd_sc_hd__dfrtp_2)
     2    0.007001    0.055888    0.505676    0.989880 ^ _381_/Q (sky130_fd_sc_hd__dfrtp_2)
                                                         rng_rd.vld[11] (net)
                      0.055888    0.000014    0.989894 ^ _321_/A0 (sky130_fd_sc_hd__mux2_1)
     1    0.002426    0.040086    0.115180    1.105074 ^ _321_/X (sky130_fd_sc_hd__mux2_1)
                                                         _047_ (net)
                      0.040086    0.000005    1.105078 ^ _381_/D (sky130_fd_sc_hd__dfrtp_2)
                                              1.105078   data arrival time

                                  0.000000    0.000000   clock clk_i (rise edge)
                                  0.000000    0.000000   clock source latency
    60    0.155899    0.699731    0.484204    0.484204 ^ clk_i (in)
                                                         clk_i (net)
                      0.699770    0.000000    0.484204 ^ _381_/CLK (sky130_fd_sc_hd__dfrtp_2)
                                  0.250000    0.734204   clock uncertainty
                                  0.000000    0.734204   clock reconvergence pessimism
                                  0.033690    0.767893   library hold time
                                              0.767893   data required time
---------------------------------------------------------------------------------------------
                                              0.767893   data required time
                                             -1.105078   data arrival time
---------------------------------------------------------------------------------------------
                                              0.337185   slack (MET)


Startpoint: _376_ (rising edge-triggered flip-flop clocked by clk_i)
Endpoint: _376_ (rising edge-triggered flip-flop clocked by clk_i)
Path Group: clk_i
Path Type: min

Fanout         Cap        Slew       Delay        Time   Description
---------------------------------------------------------------------------------------------
                                  0.000000    0.000000   clock clk_i (rise edge)
                                  0.000000    0.000000   clock source latency
    60    0.155899    0.699731    0.483020    0.483020 ^ clk_i (in)
                                                         clk_i (net)
                      0.699752    0.000000    0.483020 ^ _376_/CLK (sky130_fd_sc_hd__dfrtp_2)
     3    0.007805    0.059261    0.509136    0.992155 ^ _376_/Q (sky130_fd_sc_hd__dfrtp_2)
                                                         rng_rd.vld[6] (net)
                      0.059261    0.000007    0.992162 ^ _316_/A0 (sky130_fd_sc_hd__mux2_1)
     1    0.002080    0.037372    0.113572    1.105734 ^ _316_/X (sky130_fd_sc_hd__mux2_1)
                                                         _042_ (net)
                      0.037372    0.000000    1.105735 ^ _376_/D (sky130_fd_sc_hd__dfrtp_2)
                                              1.105735   data arrival time

                                  0.000000    0.000000   clock clk_i (rise edge)
                                  0.000000    0.000000   clock source latency
    60    0.155899    0.699731    0.483020    0.483020 ^ clk_i (in)
                                                         clk_i (net)
                      0.699752    0.000000    0.483020 ^ _376_/CLK (sky130_fd_sc_hd__dfrtp_2)
                                  0.250000    0.733020   clock uncertainty
                                  0.000000    0.733020   clock reconvergence pessimism
                                  0.034217    0.767237   library hold time
                                              0.767237   data required time
---------------------------------------------------------------------------------------------
                                              0.767237   data required time
                                             -1.105735   data arrival time
---------------------------------------------------------------------------------------------
                                              0.338498   slack (MET)


Startpoint: _373_ (rising edge-triggered flip-flop clocked by clk_i)
Endpoint: _373_ (rising edge-triggered flip-flop clocked by clk_i)
Path Group: clk_i
Path Type: min

Fanout         Cap        Slew       Delay        Time   Description
---------------------------------------------------------------------------------------------
                                  0.000000    0.000000   clock clk_i (rise edge)
                                  0.000000    0.000000   clock source latency
    60    0.155899    0.699731    0.482812    0.482812 ^ clk_i (in)
                                                         clk_i (net)
                      0.699749    0.000000    0.482812 ^ _373_/CLK (sky130_fd_sc_hd__dfrtp_2)
     3    0.007564    0.060360    0.508109    0.990921 ^ _373_/Q (sky130_fd_sc_hd__dfrtp_2)
                                                         rng_rd.vld[3] (net)
                      0.060360    0.000004    0.990925 ^ _313_/A0 (sky130_fd_sc_hd__mux2_1)
     1    0.002209    0.038379    0.114978    1.105903 ^ _313_/X (sky130_fd_sc_hd__mux2_1)
                                                         _039_ (net)
                      0.038379    0.000002    1.105905 ^ _373_/D (sky130_fd_sc_hd__dfrtp_2)
                                              1.105905   data arrival time

                                  0.000000    0.000000   clock clk_i (rise edge)
                                  0.000000    0.000000   clock source latency
    60    0.155899    0.699731    0.482812    0.482812 ^ clk_i (in)
                                                         clk_i (net)
                      0.699749    0.000000    0.482812 ^ _373_/CLK (sky130_fd_sc_hd__dfrtp_2)
                                  0.250000    0.732812   clock uncertainty
                                  0.000000    0.732812   clock reconvergence pessimism
                                  0.034021    0.766833   library hold time
                                              0.766833   data required time
---------------------------------------------------------------------------------------------
                                              0.766833   data required time
                                             -1.105905   data arrival time
---------------------------------------------------------------------------------------------
                                              0.339072   slack (MET)


Startpoint: _375_ (rising edge-triggered flip-flop clocked by clk_i)
Endpoint: _375_ (rising edge-triggered flip-flop clocked by clk_i)
Path Group: clk_i
Path Type: min

Fanout         Cap        Slew       Delay        Time   Description
---------------------------------------------------------------------------------------------
                                  0.000000    0.000000   clock clk_i (rise edge)
                                  0.000000    0.000000   clock source latency
    60    0.155899    0.699731    0.482976    0.482976 ^ clk_i (in)
                                                         clk_i (net)
                      0.699751    0.000000    0.482976 ^ _375_/CLK (sky130_fd_sc_hd__dfrtp_2)
     3    0.007756    0.061173    0.508934    0.991909 ^ _375_/Q (sky130_fd_sc_hd__dfrtp_2)
                                                         rng_rd.vld[5] (net)
                      0.061173    0.000010    0.991919 ^ _315_/A0 (sky130_fd_sc_hd__mux2_1)
     1    0.002095    0.037490    0.114350    1.106269 ^ _315_/X (sky130_fd_sc_hd__mux2_1)
                                                         _041_ (net)
                      0.037490    0.000001    1.106271 ^ _375_/D (sky130_fd_sc_hd__dfrtp_2)
                                              1.106271   data arrival time

                                  0.000000    0.000000   clock clk_i (rise edge)
                                  0.000000    0.000000   clock source latency
    60    0.155899    0.699731    0.482976    0.482976 ^ clk_i (in)
                                                         clk_i (net)
                      0.699751    0.000000    0.482976 ^ _375_/CLK (sky130_fd_sc_hd__dfrtp_2)
                                  0.250000    0.732976   clock uncertainty
                                  0.000000    0.732976   clock reconvergence pessimism
                                  0.034194    0.767170   library hold time
                                              0.767170   data required time
---------------------------------------------------------------------------------------------
                                              0.767170   data required time
                                             -1.106271   data arrival time
---------------------------------------------------------------------------------------------
                                              0.339101   slack (MET)


Startpoint: _372_ (rising edge-triggered flip-flop clocked by clk_i)
Endpoint: _372_ (rising edge-triggered flip-flop clocked by clk_i)
Path Group: clk_i
Path Type: min

Fanout         Cap        Slew       Delay        Time   Description
---------------------------------------------------------------------------------------------
                                  0.000000    0.000000   clock clk_i (rise edge)
                                  0.000000    0.000000   clock source latency
    60    0.155899    0.699731    0.482718    0.482718 ^ clk_i (in)
                                                         clk_i (net)
                      0.699748    0.000000    0.482718 ^ _372_/CLK (sky130_fd_sc_hd__dfrtp_2)
     3    0.007645    0.058581    0.508450    0.991168 ^ _372_/Q (sky130_fd_sc_hd__dfrtp_2)
                                                         rng_rd.vld[2] (net)
                      0.058581    0.000004    0.991171 ^ _312_/A0 (sky130_fd_sc_hd__mux2_1)
     1    0.002241    0.038635    0.114627    1.105798 ^ _312_/X (sky130_fd_sc_hd__mux2_1)
                                                         _038_ (net)
                      0.038635    0.000003    1.105801 ^ _372_/D (sky130_fd_sc_hd__dfrtp_2)
                                              1.105801   data arrival time

                                  0.000000    0.000000   clock clk_i (rise edge)
                                  0.000000    0.000000   clock source latency
    60    0.155899    0.699731    0.482718    0.482718 ^ clk_i (in)
                                                         clk_i (net)
                      0.699748    0.000000    0.482718 ^ _372_/CLK (sky130_fd_sc_hd__dfrtp_2)
                                  0.250000    0.732718   clock uncertainty
                                  0.000000    0.732718   clock reconvergence pessimism
                                  0.033971    0.766689   library hold time
                                              0.766689   data required time
---------------------------------------------------------------------------------------------
                                              0.766689   data required time
                                             -1.105801   data arrival time
---------------------------------------------------------------------------------------------
                                              0.339112   slack (MET)


Startpoint: _378_ (rising edge-triggered flip-flop clocked by clk_i)
Endpoint: _378_ (rising edge-triggered flip-flop clocked by clk_i)
Path Group: clk_i
Path Type: min

Fanout         Cap        Slew       Delay        Time   Description
---------------------------------------------------------------------------------------------
                                  0.000000    0.000000   clock clk_i (rise edge)
                                  0.000000    0.000000   clock source latency
    60    0.155899    0.699731    0.483853    0.483853 ^ clk_i (in)
                                                         clk_i (net)
                      0.699764    0.000000    0.483853 ^ _378_/CLK (sky130_fd_sc_hd__dfrtp_2)
     3    0.007763    0.061206    0.508969    0.992822 ^ _378_/Q (sky130_fd_sc_hd__dfrtp_2)
                                                         rng_rd.vld[8] (net)
                      0.061206    0.000018    0.992840 ^ _318_/A0 (sky130_fd_sc_hd__mux2_1)
     1    0.002203    0.038333    0.115222    1.108062 ^ _318_/X (sky130_fd_sc_hd__mux2_1)
                                                         _044_ (net)
                      0.038333    0.000002    1.108064 ^ _378_/D (sky130_fd_sc_hd__dfrtp_2)
                                              1.108064   data arrival time

                                  0.000000    0.000000   clock clk_i (rise edge)
                                  0.000000    0.000000   clock source latency
    60    0.155899    0.699731    0.483853    0.483853 ^ clk_i (in)
                                                         clk_i (net)
                      0.699764    0.000000    0.483853 ^ _378_/CLK (sky130_fd_sc_hd__dfrtp_2)
                                  0.250000    0.733853   clock uncertainty
                                  0.000000    0.733853   clock reconvergence pessimism
                                  0.034030    0.767884   library hold time
                                              0.767884   data required time
---------------------------------------------------------------------------------------------
                                              0.767884   data required time
                                             -1.108064   data arrival time
---------------------------------------------------------------------------------------------
                                              0.340180   slack (MET)


Startpoint: _380_ (rising edge-triggered flip-flop clocked by clk_i)
Endpoint: _380_ (rising edge-triggered flip-flop clocked by clk_i)
Path Group: clk_i
Path Type: min

Fanout         Cap        Slew       Delay        Time   Description
---------------------------------------------------------------------------------------------
                                  0.000000    0.000000   clock clk_i (rise edge)
                                  0.000000    0.000000   clock source latency
    60    0.155899    0.699731    0.484249    0.484249 ^ clk_i (in)
                                                         clk_i (net)
                      0.699771    0.000000    0.484249 ^ _380_/CLK (sky130_fd_sc_hd__dfrtp_2)
     3    0.007736    0.058974    0.508837    0.993086 ^ _380_/Q (sky130_fd_sc_hd__dfrtp_2)
                                                         rng_rd.vld[10] (net)
                      0.058974    0.000017    0.993103 ^ _320_/A0 (sky130_fd_sc_hd__mux2_1)
     1    0.002372    0.039663    0.115810    1.108913 ^ _320_/X (sky130_fd_sc_hd__mux2_1)
                                                         _046_ (net)
                      0.039663    0.000004    1.108917 ^ _380_/D (sky130_fd_sc_hd__dfrtp_2)
                                              1.108917   data arrival time

                                  0.000000    0.000000   clock clk_i (rise edge)
                                  0.000000    0.000000   clock source latency
    60    0.155899    0.699731    0.484249    0.484249 ^ clk_i (in)
                                                         clk_i (net)
                      0.699771    0.000000    0.484249 ^ _380_/CLK (sky130_fd_sc_hd__dfrtp_2)
                                  0.250000    0.734249   clock uncertainty
                                  0.000000    0.734249   clock reconvergence pessimism
                                  0.033772    0.768021   library hold time
                                              0.768021   data required time
---------------------------------------------------------------------------------------------
                                              0.768021   data required time
                                             -1.108917   data arrival time
---------------------------------------------------------------------------------------------
                                              0.340896   slack (MET)


Startpoint: _373_ (rising edge-triggered flip-flop clocked by clk_i)
Endpoint: _374_ (rising edge-triggered flip-flop clocked by clk_i)
Path Group: clk_i
Path Type: min

Fanout         Cap        Slew       Delay        Time   Description
---------------------------------------------------------------------------------------------
                                  0.000000    0.000000   clock clk_i (rise edge)
                                  0.000000    0.000000   clock source latency
    60    0.155899    0.699731    0.482812    0.482812 ^ clk_i (in)
                                                         clk_i (net)
                      0.699749    0.000000    0.482812 ^ _373_/CLK (sky130_fd_sc_hd__dfrtp_2)
     3    0.007564    0.060360    0.508109    0.990921 ^ _373_/Q (sky130_fd_sc_hd__dfrtp_2)
                                                         rng_rd.vld[3] (net)
                      0.060360    0.000012    0.990933 ^ _314_/A1 (sky130_fd_sc_hd__mux2_1)
     1    0.002149    0.037914    0.117268    1.108201 ^ _314_/X (sky130_fd_sc_hd__mux2_1)
                                                         _040_ (net)
                      0.037914    0.000002    1.108203 ^ _374_/D (sky130_fd_sc_hd__dfrtp_2)
                                              1.108203   data arrival time

                                  0.000000    0.000000   clock clk_i (rise edge)
                                  0.000000    0.000000   clock source latency
    60    0.155899    0.699731    0.482915    0.482915 ^ clk_i (in)
                                                         clk_i (net)
                      0.699750    0.000000    0.482915 ^ _374_/CLK (sky130_fd_sc_hd__dfrtp_2)
                                  0.250000    0.732915   clock uncertainty
                                  0.000000    0.732915   clock reconvergence pessimism
                                  0.034112    0.767026   library hold time
                                              0.767026   data required time
---------------------------------------------------------------------------------------------
                                              0.767026   data required time
                                             -1.108203   data arrival time
---------------------------------------------------------------------------------------------
                                              0.341177   slack (MET)


Startpoint: _370_ (rising edge-triggered flip-flop clocked by clk_i)
Endpoint: _371_ (rising edge-triggered flip-flop clocked by clk_i)
Path Group: clk_i
Path Type: min

Fanout         Cap        Slew       Delay        Time   Description
---------------------------------------------------------------------------------------------
                                  0.000000    0.000000   clock clk_i (rise edge)
                                  0.000000    0.000000   clock source latency
    60    0.155899    0.699731    0.482167    0.482167 ^ clk_i (in)
                                                         clk_i (net)
                      0.699742    0.000000    0.482167 ^ _370_/CLK (sky130_fd_sc_hd__dfrtp_2)
     3    0.007532    0.058106    0.507964    0.990131 ^ _370_/Q (sky130_fd_sc_hd__dfrtp_2)
                                                         rng_rd.vld[0] (net)
                      0.058106    0.000003    0.990134 ^ _311_/A1 (sky130_fd_sc_hd__mux2_1)
     1    0.002247    0.038682    0.117281    1.107414 ^ _311_/X (sky130_fd_sc_hd__mux2_1)
                                                         _037_ (net)
                      0.038682    0.000002    1.107417 ^ _371_/D (sky130_fd_sc_hd__dfrtp_2)
                                              1.107417   data arrival time

                                  0.000000    0.000000   clock clk_i (rise edge)
                                  0.000000    0.000000   clock source latency
    60    0.155899    0.699731    0.482278    0.482278 ^ clk_i (in)
                                                         clk_i (net)
                      0.699743    0.000000    0.482278 ^ _371_/CLK (sky130_fd_sc_hd__dfrtp_2)
                                  0.250000    0.732278   clock uncertainty
                                  0.000000    0.732278   clock reconvergence pessimism
                                  0.033962    0.766240   library hold time
                                              0.766240   data required time
---------------------------------------------------------------------------------------------
                                              0.766240   data required time
                                             -1.107417   data arrival time
---------------------------------------------------------------------------------------------
                                              0.341177   slack (MET)


Startpoint: _376_ (rising edge-triggered flip-flop clocked by clk_i)
Endpoint: _377_ (rising edge-triggered flip-flop clocked by clk_i)
Path Group: clk_i
Path Type: min

Fanout         Cap        Slew       Delay        Time   Description
---------------------------------------------------------------------------------------------
                                  0.000000    0.000000   clock clk_i (rise edge)
                                  0.000000    0.000000   clock source latency
    60    0.155899    0.699731    0.483020    0.483020 ^ clk_i (in)
                                                         clk_i (net)
                      0.699752    0.000000    0.483020 ^ _376_/CLK (sky130_fd_sc_hd__dfrtp_2)
     3    0.007805    0.059261    0.509136    0.992155 ^ _376_/Q (sky130_fd_sc_hd__dfrtp_2)
                                                         rng_rd.vld[6] (net)
                      0.059261    0.000025    0.992180 ^ _317_/A1 (sky130_fd_sc_hd__mux2_1)
     1    0.002175    0.038112    0.117095    1.109276 ^ _317_/X (sky130_fd_sc_hd__mux2_1)
                                                         _043_ (net)
                      0.038112    0.000002    1.109277 ^ _377_/D (sky130_fd_sc_hd__dfrtp_2)
                                              1.109277   data arrival time

                                  0.000000    0.000000   clock clk_i (rise edge)
                                  0.000000    0.000000   clock source latency
    60    0.155899    0.699731    0.483777    0.483777 ^ clk_i (in)
                                                         clk_i (net)
                      0.699763    0.000000    0.483777 ^ _377_/CLK (sky130_fd_sc_hd__dfrtp_2)
                                  0.250000    0.733777   clock uncertainty
                                  0.000000    0.733777   clock reconvergence pessimism
                                  0.034074    0.767850   library hold time
                                              0.767850   data required time
---------------------------------------------------------------------------------------------
                                              0.767850   data required time
                                             -1.109277   data arrival time
---------------------------------------------------------------------------------------------
                                              0.341427   slack (MET)


Startpoint: _378_ (rising edge-triggered flip-flop clocked by clk_i)
Endpoint: _379_ (rising edge-triggered flip-flop clocked by clk_i)
Path Group: clk_i
Path Type: min

Fanout         Cap        Slew       Delay        Time   Description
---------------------------------------------------------------------------------------------
                                  0.000000    0.000000   clock clk_i (rise edge)
                                  0.000000    0.000000   clock source latency
    60    0.155899    0.699731    0.483853    0.483853 ^ clk_i (in)
                                                         clk_i (net)
                      0.699764    0.000000    0.483853 ^ _378_/CLK (sky130_fd_sc_hd__dfrtp_2)
     3    0.007763    0.061206    0.508969    0.992822 ^ _378_/Q (sky130_fd_sc_hd__dfrtp_2)
                                                         rng_rd.vld[8] (net)
                      0.061206    0.000022    0.992845 ^ _319_/A1 (sky130_fd_sc_hd__mux2_1)
     1    0.002160    0.037996    0.117639    1.110484 ^ _319_/X (sky130_fd_sc_hd__mux2_1)
                                                         _045_ (net)
                      0.037996    0.000002    1.110486 ^ _379_/D (sky130_fd_sc_hd__dfrtp_2)
                                              1.110486   data arrival time

                                  0.000000    0.000000   clock clk_i (rise edge)
                                  0.000000    0.000000   clock source latency
    60    0.155899    0.699731    0.484059    0.484059 ^ clk_i (in)
                                                         clk_i (net)
                      0.699768    0.000000    0.484059 ^ _379_/CLK (sky130_fd_sc_hd__dfrtp_2)
                                  0.250000    0.734059   clock uncertainty
                                  0.000000    0.734059   clock reconvergence pessimism
                                  0.034096    0.768155   library hold time
                                              0.768155   data required time
---------------------------------------------------------------------------------------------
                                              0.768155   data required time
                                             -1.110486   data arrival time
---------------------------------------------------------------------------------------------
                                              0.342331   slack (MET)


Startpoint: _334_ (rising edge-triggered flip-flop clocked by clk_i)
Endpoint: _334_ (rising edge-triggered flip-flop clocked by clk_i)
Path Group: clk_i
Path Type: min

Fanout         Cap        Slew       Delay        Time   Description
---------------------------------------------------------------------------------------------
                                  0.000000    0.000000   clock clk_i (rise edge)
                                  0.000000    0.000000   clock source latency
    60    0.155899    0.699731    0.484004    0.484004 ^ clk_i (in)
                                                         clk_i (net)
                      0.699767    0.000000    0.484004 ^ _334_/CLK (sky130_fd_sc_hd__dfrtp_2)
     3    0.008102    0.062644    0.510429    0.994433 ^ _334_/Q (sky130_fd_sc_hd__dfrtp_2)
                                                         rng_rd.mem[11][1] (net)
                      0.062644    0.000000    0.994434 ^ _254_/A0 (sky130_fd_sc_hd__mux2_1)
     1    0.002452    0.040287    0.117710    1.112144 ^ _254_/X (sky130_fd_sc_hd__mux2_1)
                                                         _004_ (net)
                      0.040287    0.000004    1.112149 ^ _334_/D (sky130_fd_sc_hd__dfrtp_2)
                                              1.112149   data arrival time

                                  0.000000    0.000000   clock clk_i (rise edge)
                                  0.000000    0.000000   clock source latency
    60    0.155899    0.699731    0.484004    0.484004 ^ clk_i (in)
                                                         clk_i (net)
                      0.699767    0.000000    0.484004 ^ _334_/CLK (sky130_fd_sc_hd__dfrtp_2)
                                  0.250000    0.734004   clock uncertainty
                                  0.000000    0.734004   clock reconvergence pessimism
                                  0.033650    0.767655   library hold time
                                              0.767655   data required time
---------------------------------------------------------------------------------------------
                                              0.767655   data required time
                                             -1.112149   data arrival time
---------------------------------------------------------------------------------------------
                                              0.344494   slack (MET)


Startpoint: _359_ (rising edge-triggered flip-flop clocked by clk_i)
Endpoint: _359_ (rising edge-triggered flip-flop clocked by clk_i)
Path Group: clk_i
Path Type: min

Fanout         Cap        Slew       Delay        Time   Description
---------------------------------------------------------------------------------------------
                                  0.000000    0.000000   clock clk_i (rise edge)
                                  0.000000    0.000000   clock source latency
    60    0.155899    0.699731    0.483807    0.483807 ^ clk_i (in)
                                                         clk_i (net)
                      0.699763    0.000000    0.483807 ^ _359_/CLK (sky130_fd_sc_hd__dfrtp_2)
     4    0.008916    0.066098    0.513934    0.997741 ^ _359_/Q (sky130_fd_sc_hd__dfrtp_2)
                                                         rng_rd.mem[3][2] (net)
                      0.066098    0.000005    0.997745 ^ _300_/A0 (sky130_fd_sc_hd__mux2_1)
     1    0.002070    0.037289    0.115840    1.113586 ^ _300_/X (sky130_fd_sc_hd__mux2_1)
                                                         _026_ (net)
                      0.037289    0.000000    1.113586 ^ _359_/D (sky130_fd_sc_hd__dfrtp_2)
                                              1.113586   data arrival time

                                  0.000000    0.000000   clock clk_i (rise edge)
                                  0.000000    0.000000   clock source latency
    60    0.155899    0.699731    0.483807    0.483807 ^ clk_i (in)
                                                         clk_i (net)
                      0.699763    0.000000    0.483807 ^ _359_/CLK (sky130_fd_sc_hd__dfrtp_2)
                                  0.250000    0.733807   clock uncertainty
                                  0.000000    0.733807   clock reconvergence pessimism
                                  0.034234    0.768041   library hold time
                                              0.768041   data required time
---------------------------------------------------------------------------------------------
                                              0.768041   data required time
                                             -1.113586   data arrival time
---------------------------------------------------------------------------------------------
                                              0.345546   slack (MET)


Startpoint: _348_ (rising edge-triggered flip-flop clocked by clk_i)
Endpoint: _348_ (rising edge-triggered flip-flop clocked by clk_i)
Path Group: clk_i
Path Type: min

Fanout         Cap        Slew       Delay        Time   Description
---------------------------------------------------------------------------------------------
                                  0.000000    0.000000   clock clk_i (rise edge)
                                  0.000000    0.000000   clock source latency
    60    0.155899    0.699731    0.483033    0.483033 ^ clk_i (in)
                                                         clk_i (net)
                      0.699752    0.000000    0.483033 ^ _348_/CLK (sky130_fd_sc_hd__dfrtp_2)
     3    0.009305    0.065741    0.515592    0.998625 ^ _348_/Q (sky130_fd_sc_hd__dfrtp_2)
                                                         rng_rd.mem[6][1] (net)
                      0.065741    0.000019    0.998643 ^ _290_/A0 (sky130_fd_sc_hd__mux2_1)
     1    0.002118    0.037669    0.116105    1.114748 ^ _290_/X (sky130_fd_sc_hd__mux2_1)
                                                         _016_ (net)
                      0.037669    0.000001    1.114749 ^ _348_/D (sky130_fd_sc_hd__dfrtp_2)
                                              1.114749   data arrival time

                                  0.000000    0.000000   clock clk_i (rise edge)
                                  0.000000    0.000000   clock source latency
    60    0.155899    0.699731    0.483033    0.483033 ^ clk_i (in)
                                                         clk_i (net)
                      0.699752    0.000000    0.483033 ^ _348_/CLK (sky130_fd_sc_hd__dfrtp_2)
                                  0.250000    0.733033   clock uncertainty
                                  0.000000    0.733033   clock reconvergence pessimism
                                  0.034159    0.767192   library hold time
                                              0.767192   data required time
---------------------------------------------------------------------------------------------
                                              0.767192   data required time
                                             -1.114749   data arrival time
---------------------------------------------------------------------------------------------
                                              0.347557   slack (MET)


Startpoint: _352_ (rising edge-triggered flip-flop clocked by clk_i)
Endpoint: _352_ (rising edge-triggered flip-flop clocked by clk_i)
Path Group: clk_i
Path Type: min

Fanout         Cap        Slew       Delay        Time   Description
---------------------------------------------------------------------------------------------
                                  0.000000    0.000000   clock clk_i (rise edge)
                                  0.000000    0.000000   clock source latency
    60    0.155899    0.699731    0.483917    0.483917 ^ clk_i (in)
                                                         clk_i (net)
                      0.699765    0.000000    0.483917 ^ _352_/CLK (sky130_fd_sc_hd__dfrtp_2)
     4    0.009169    0.067172    0.515024    0.998941 ^ _352_/Q (sky130_fd_sc_hd__dfrtp_2)
                                                         rng_rd.mem[5][2] (net)
                      0.067172    0.000015    0.998956 ^ _294_/A0 (sky130_fd_sc_hd__mux2_1)
     1    0.002127    0.037736    0.116666    1.115622 ^ _294_/X (sky130_fd_sc_hd__mux2_1)
                                                         _020_ (net)
                      0.037736    0.000001    1.115623 ^ _352_/D (sky130_fd_sc_hd__dfrtp_2)
                                              1.115623   data arrival time

                                  0.000000    0.000000   clock clk_i (rise edge)
                                  0.000000    0.000000   clock source latency
    60    0.155899    0.699731    0.483917    0.483917 ^ clk_i (in)
                                                         clk_i (net)
                      0.699765    0.000000    0.483917 ^ _352_/CLK (sky130_fd_sc_hd__dfrtp_2)
                                  0.250000    0.733917   clock uncertainty
                                  0.000000    0.733917   clock reconvergence pessimism
                                  0.034147    0.768064   library hold time
                                              0.768064   data required time
---------------------------------------------------------------------------------------------
                                              0.768064   data required time
                                             -1.115623   data arrival time
---------------------------------------------------------------------------------------------
                                              0.347560   slack (MET)


Startpoint: _359_ (rising edge-triggered flip-flop clocked by clk_i)
Endpoint: _355_ (rising edge-triggered flip-flop clocked by clk_i)
Path Group: clk_i
Path Type: min

Fanout         Cap        Slew       Delay        Time   Description
---------------------------------------------------------------------------------------------
                                  0.000000    0.000000   clock clk_i (rise edge)
                                  0.000000    0.000000   clock source latency
    60    0.155899    0.699731    0.483807    0.483807 ^ clk_i (in)
                                                         clk_i (net)
                      0.699763    0.000000    0.483807 ^ _359_/CLK (sky130_fd_sc_hd__dfrtp_2)
     4    0.008916    0.066098    0.513934    0.997741 ^ _359_/Q (sky130_fd_sc_hd__dfrtp_2)
                                                         rng_rd.mem[3][2] (net)
                      0.066098    0.000015    0.997755 ^ _297_/A1 (sky130_fd_sc_hd__mux2_1)
     1    0.002138    0.037823    0.119125    1.116880 ^ _297_/X (sky130_fd_sc_hd__mux2_1)
                                                         _023_ (net)
                      0.037823    0.000001    1.116881 ^ _355_/D (sky130_fd_sc_hd__dfrtp_2)
                                              1.116881   data arrival time

                                  0.000000    0.000000   clock clk_i (rise edge)
                                  0.000000    0.000000   clock source latency
    60    0.155899    0.699731    0.483813    0.483813 ^ clk_i (in)
                                                         clk_i (net)
                      0.699763    0.000000    0.483813 ^ _355_/CLK (sky130_fd_sc_hd__dfrtp_2)
                                  0.250000    0.733813   clock uncertainty
                                  0.000000    0.733813   clock reconvergence pessimism
                                  0.034130    0.767943   library hold time
                                              0.767943   data required time
---------------------------------------------------------------------------------------------
                                              0.767943   data required time
                                             -1.116881   data arrival time
---------------------------------------------------------------------------------------------
                                              0.348938   slack (MET)


Startpoint: _352_ (rising edge-triggered flip-flop clocked by clk_i)
Endpoint: _349_ (rising edge-triggered flip-flop clocked by clk_i)
Path Group: clk_i
Path Type: min

Fanout         Cap        Slew       Delay        Time   Description
---------------------------------------------------------------------------------------------
                                  0.000000    0.000000   clock clk_i (rise edge)
                                  0.000000    0.000000   clock source latency
    60    0.155899    0.699731    0.483917    0.483917 ^ clk_i (in)
                                                         clk_i (net)
                      0.699765    0.000000    0.483917 ^ _352_/CLK (sky130_fd_sc_hd__dfrtp_2)
     4    0.009169    0.067172    0.515024    0.998941 ^ _352_/Q (sky130_fd_sc_hd__dfrtp_2)
                                                         rng_rd.mem[5][2] (net)
                      0.067172    0.000007    0.998948 ^ _291_/A1 (sky130_fd_sc_hd__mux2_1)
     1    0.002084    0.037401    0.119062    1.118010 ^ _291_/X (sky130_fd_sc_hd__mux2_1)
                                                         _017_ (net)
                      0.037401    0.000000    1.118011 ^ _349_/D (sky130_fd_sc_hd__dfrtp_2)
                                              1.118011   data arrival time

                                  0.000000    0.000000   clock clk_i (rise edge)
                                  0.000000    0.000000   clock source latency
    60    0.155899    0.699731    0.483963    0.483963 ^ clk_i (in)
                                                         clk_i (net)
                      0.699766    0.000000    0.483963 ^ _349_/CLK (sky130_fd_sc_hd__dfrtp_2)
                                  0.250000    0.733963   clock uncertainty
                                  0.000000    0.733963   clock reconvergence pessimism
                                  0.034212    0.768175   library hold time
                                              0.768175   data required time
---------------------------------------------------------------------------------------------
                                              0.768175   data required time
                                             -1.118011   data arrival time
---------------------------------------------------------------------------------------------
                                              0.349836   slack (MET)


Startpoint: _348_ (rising edge-triggered flip-flop clocked by clk_i)
Endpoint: _342_ (rising edge-triggered flip-flop clocked by clk_i)
Path Group: clk_i
Path Type: min

Fanout         Cap        Slew       Delay        Time   Description
---------------------------------------------------------------------------------------------
                                  0.000000    0.000000   clock clk_i (rise edge)
                                  0.000000    0.000000   clock source latency
    60    0.155899    0.699731    0.483033    0.483033 ^ clk_i (in)
                                                         clk_i (net)
                      0.699752    0.000000    0.483033 ^ _348_/CLK (sky130_fd_sc_hd__dfrtp_2)
     3    0.009305    0.065741    0.515592    0.998625 ^ _348_/Q (sky130_fd_sc_hd__dfrtp_2)
                                                         rng_rd.mem[6][1] (net)
                      0.065741    0.000006    0.998630 ^ _284_/A1 (sky130_fd_sc_hd__mux2_1)
     1    0.002085    0.037410    0.118585    1.117216 ^ _284_/X (sky130_fd_sc_hd__mux2_1)
                                                         _010_ (net)
                      0.037410    0.000000    1.117216 ^ _342_/D (sky130_fd_sc_hd__dfrtp_2)
                                              1.117216   data arrival time

                                  0.000000    0.000000   clock clk_i (rise edge)
                                  0.000000    0.000000   clock source latency
    60    0.155899    0.699731    0.483039    0.483039 ^ clk_i (in)
                                                         clk_i (net)
                      0.699752    0.000000    0.483039 ^ _342_/CLK (sky130_fd_sc_hd__dfrtp_2)
                                  0.250000    0.733039   clock uncertainty
                                  0.000000    0.733039   clock reconvergence pessimism
                                  0.034210    0.767249   library hold time
                                              0.767249   data required time
---------------------------------------------------------------------------------------------
                                              0.767249   data required time
                                             -1.117216   data arrival time
---------------------------------------------------------------------------------------------
                                              0.349967   slack (MET)


Startpoint: _364_ (rising edge-triggered flip-flop clocked by clk_i)
Endpoint: _364_ (rising edge-triggered flip-flop clocked by clk_i)
Path Group: clk_i
Path Type: min

Fanout         Cap        Slew       Delay        Time   Description
---------------------------------------------------------------------------------------------
                                  0.000000    0.000000   clock clk_i (rise edge)
                                  0.000000    0.000000   clock source latency
    60    0.155899    0.699731    0.482434    0.482434 ^ clk_i (in)
                                                         clk_i (net)
                      0.699745    0.000000    0.482434 ^ _364_/CLK (sky130_fd_sc_hd__dfrtp_2)
     3    0.009418    0.068226    0.516091    0.998525 ^ _364_/Q (sky130_fd_sc_hd__dfrtp_2)
                                                         rng_rd.mem[1][1] (net)
                      0.068226    0.000011    0.998536 ^ _305_/A0 (sky130_fd_sc_hd__mux2_1)
     1    0.002253    0.038726    0.118039    1.116575 ^ _305_/X (sky130_fd_sc_hd__mux2_1)
                                                         _031_ (net)
                      0.038726    0.000003    1.116578 ^ _364_/D (sky130_fd_sc_hd__dfrtp_2)
                                              1.116578   data arrival time

                                  0.000000    0.000000   clock clk_i (rise edge)
                                  0.000000    0.000000   clock source latency
    60    0.155899    0.699731    0.482434    0.482434 ^ clk_i (in)
                                                         clk_i (net)
                      0.699745    0.000000    0.482434 ^ _364_/CLK (sky130_fd_sc_hd__dfrtp_2)
                                  0.250000    0.732434   clock uncertainty
                                  0.000000    0.732434   clock reconvergence pessimism
                                  0.033954    0.766387   library hold time
                                              0.766387   data required time
---------------------------------------------------------------------------------------------
                                              0.766387   data required time
                                             -1.116578   data arrival time
---------------------------------------------------------------------------------------------
                                              0.350191   slack (MET)


Startpoint: _382_ (rising edge-triggered flip-flop clocked by clk_i)
Endpoint: _382_ (rising edge-triggered flip-flop clocked by clk_i)
Path Group: clk_i
Path Type: min

Fanout         Cap        Slew       Delay        Time   Description
---------------------------------------------------------------------------------------------
                                  0.000000    0.000000   clock clk_i (rise edge)
                                  0.000000    0.000000   clock source latency
    60    0.155899    0.699731    0.483845    0.483845 ^ clk_i (in)
                                                         clk_i (net)
                      0.699764    0.000000    0.483845 ^ _382_/CLK (sky130_fd_sc_hd__dfrtp_2)
     4    0.010110    0.069309    0.519046    1.002890 ^ _382_/Q (sky130_fd_sc_hd__dfrtp_2)
                                                         rng_rd.mem[8][0] (net)
                      0.069309    0.000020    1.002911 ^ _322_/A0 (sky130_fd_sc_hd__mux2_1)
     1    0.002056    0.037177    0.116831    1.119742 ^ _322_/X (sky130_fd_sc_hd__mux2_1)
                                                         _048_ (net)
                      0.037177    0.000000    1.119743 ^ _382_/D (sky130_fd_sc_hd__dfrtp_2)
                                              1.119743   data arrival time

                                  0.000000    0.000000   clock clk_i (rise edge)
                                  0.000000    0.000000   clock source latency
    60    0.155899    0.699731    0.483845    0.483845 ^ clk_i (in)
                                                         clk_i (net)
                      0.699764    0.000000    0.483845 ^ _382_/CLK (sky130_fd_sc_hd__dfrtp_2)
                                  0.250000    0.733845   clock uncertainty
                                  0.000000    0.733845   clock reconvergence pessimism
                                  0.034255    0.768100   library hold time
                                              0.768100   data required time
---------------------------------------------------------------------------------------------
                                              0.768100   data required time
                                             -1.119743   data arrival time
---------------------------------------------------------------------------------------------
                                              0.351642   slack (MET)


Startpoint: _335_ (rising edge-triggered flip-flop clocked by clk_i)
Endpoint: _335_ (rising edge-triggered flip-flop clocked by clk_i)
Path Group: clk_i
Path Type: min

Fanout         Cap        Slew       Delay        Time   Description
---------------------------------------------------------------------------------------------
                                  0.000000    0.000000   clock clk_i (rise edge)
                                  0.000000    0.000000   clock source latency
    60    0.155899    0.699731    0.484135    0.484135 ^ clk_i (in)
                                                         clk_i (net)
                      0.699769    0.000000    0.484135 ^ _335_/CLK (sky130_fd_sc_hd__dfrtp_2)
     3    0.009629    0.067173    0.516985    1.001120 ^ _335_/Q (sky130_fd_sc_hd__dfrtp_2)
                                                         rng_rd.mem[11][2] (net)
                      0.067173    0.000001    1.001121 ^ _255_/A0 (sky130_fd_sc_hd__mux2_1)
     1    0.002380    0.039722    0.118692    1.119814 ^ _255_/X (sky130_fd_sc_hd__mux2_1)
                                                         _005_ (net)
                      0.039722    0.000003    1.119817 ^ _335_/D (sky130_fd_sc_hd__dfrtp_2)
                                              1.119817   data arrival time

                                  0.000000    0.000000   clock clk_i (rise edge)
                                  0.000000    0.000000   clock source latency
    60    0.155899    0.699731    0.484135    0.484135 ^ clk_i (in)
                                                         clk_i (net)
                      0.699769    0.000000    0.484135 ^ _335_/CLK (sky130_fd_sc_hd__dfrtp_2)
                                  0.250000    0.734135   clock uncertainty
                                  0.000000    0.734135   clock reconvergence pessimism
                                  0.033760    0.767896   library hold time
                                              0.767896   data required time
---------------------------------------------------------------------------------------------
                                              0.767896   data required time
                                             -1.119817   data arrival time
---------------------------------------------------------------------------------------------
                                              0.351922   slack (MET)


Startpoint: _333_ (rising edge-triggered flip-flop clocked by clk_i)
Endpoint: _333_ (rising edge-triggered flip-flop clocked by clk_i)
Path Group: clk_i
Path Type: min

Fanout         Cap        Slew       Delay        Time   Description
---------------------------------------------------------------------------------------------
                                  0.000000    0.000000   clock clk_i (rise edge)
                                  0.000000    0.000000   clock source latency
    60    0.155899    0.699731    0.484194    0.484194 ^ clk_i (in)
                                                         clk_i (net)
                      0.699770    0.000000    0.484194 ^ _333_/CLK (sky130_fd_sc_hd__dfrtp_2)
     3    0.009781    0.067845    0.517635    1.001829 ^ _333_/Q (sky130_fd_sc_hd__dfrtp_2)
                                                         rng_rd.mem[11][0] (net)
                      0.067845    0.000011    1.001840 ^ _253_/A0 (sky130_fd_sc_hd__mux2_1)
     1    0.002370    0.039650    0.118850    1.120690 ^ _253_/X (sky130_fd_sc_hd__mux2_1)
                                                         _003_ (net)
                      0.039650    0.000004    1.120694 ^ _333_/D (sky130_fd_sc_hd__dfrtp_2)
                                              1.120694   data arrival time

                                  0.000000    0.000000   clock clk_i (rise edge)
                                  0.000000    0.000000   clock source latency
    60    0.155899    0.699731    0.484194    0.484194 ^ clk_i (in)
                                                         clk_i (net)
                      0.699770    0.000000    0.484194 ^ _333_/CLK (sky130_fd_sc_hd__dfrtp_2)
                                  0.250000    0.734194   clock uncertainty
                                  0.000000    0.734194   clock reconvergence pessimism
                                  0.033775    0.767968   library hold time
                                              0.767968   data required time
---------------------------------------------------------------------------------------------
                                              0.767968   data required time
                                             -1.120694   data arrival time
---------------------------------------------------------------------------------------------
                                              0.352725   slack (MET)


Startpoint: _347_ (rising edge-triggered flip-flop clocked by clk_i)
Endpoint: _347_ (rising edge-triggered flip-flop clocked by clk_i)
Path Group: clk_i
Path Type: min

Fanout         Cap        Slew       Delay        Time   Description
---------------------------------------------------------------------------------------------
                                  0.000000    0.000000   clock clk_i (rise edge)
                                  0.000000    0.000000   clock source latency
    60    0.155899    0.699731    0.483721    0.483721 ^ clk_i (in)
                                                         clk_i (net)
                      0.699762    0.000000    0.483721 ^ _347_/CLK (sky130_fd_sc_hd__dfrtp_2)
     4    0.010312    0.072020    0.519944    1.003664 ^ _347_/Q (sky130_fd_sc_hd__dfrtp_2)
                                                         rng_rd.mem[6][0] (net)
                      0.072020    0.000014    1.003678 ^ _289_/A0 (sky130_fd_sc_hd__mux2_1)
     1    0.002067    0.037269    0.117858    1.121536 ^ _289_/X (sky130_fd_sc_hd__mux2_1)
                                                         _015_ (net)
                      0.037269    0.000000    1.121537 ^ _347_/D (sky130_fd_sc_hd__dfrtp_2)
                                              1.121537   data arrival time

                                  0.000000    0.000000   clock clk_i (rise edge)
                                  0.000000    0.000000   clock source latency
    60    0.155899    0.699731    0.483721    0.483721 ^ clk_i (in)
                                                         clk_i (net)
                      0.699762    0.000000    0.483721 ^ _347_/CLK (sky130_fd_sc_hd__dfrtp_2)
                                  0.250000    0.733721   clock uncertainty
                                  0.000000    0.733721   clock reconvergence pessimism
                                  0.034237    0.767958   library hold time
                                              0.767958   data required time
---------------------------------------------------------------------------------------------
                                              0.767958   data required time
                                             -1.121537   data arrival time
---------------------------------------------------------------------------------------------
                                              0.353579   slack (MET)


Startpoint: _364_ (rising edge-triggered flip-flop clocked by clk_i)
Endpoint: _361_ (rising edge-triggered flip-flop clocked by clk_i)
Path Group: clk_i
Path Type: min

Fanout         Cap        Slew       Delay        Time   Description
---------------------------------------------------------------------------------------------
                                  0.000000    0.000000   clock clk_i (rise edge)
                                  0.000000    0.000000   clock source latency
    60    0.155899    0.699731    0.482434    0.482434 ^ clk_i (in)
                                                         clk_i (net)
                      0.699745    0.000000    0.482434 ^ _364_/CLK (sky130_fd_sc_hd__dfrtp_2)
     3    0.009418    0.068226    0.516091    0.998525 ^ _364_/Q (sky130_fd_sc_hd__dfrtp_2)
                                                         rng_rd.mem[1][1] (net)
                      0.068226    0.000007    0.998532 ^ _302_/A1 (sky130_fd_sc_hd__mux2_1)
     1    0.002379    0.039721    0.121771    1.120304 ^ _302_/X (sky130_fd_sc_hd__mux2_1)
                                                         _028_ (net)
                      0.039721    0.000005    1.120309 ^ _361_/D (sky130_fd_sc_hd__dfrtp_2)
                                              1.120309   data arrival time

                                  0.000000    0.000000   clock clk_i (rise edge)
                                  0.000000    0.000000   clock source latency
    60    0.155899    0.699731    0.482794    0.482794 ^ clk_i (in)
                                                         clk_i (net)
                      0.699749    0.000000    0.482794 ^ _361_/CLK (sky130_fd_sc_hd__dfrtp_2)
                                  0.250000    0.732794   clock uncertainty
                                  0.000000    0.732794   clock reconvergence pessimism
                                  0.033760    0.766554   library hold time
                                              0.766554   data required time
---------------------------------------------------------------------------------------------
                                              0.766554   data required time
                                             -1.120309   data arrival time
---------------------------------------------------------------------------------------------
                                              0.353755   slack (MET)


Startpoint: _389_ (rising edge-triggered flip-flop clocked by clk_i)
Endpoint: _389_ (rising edge-triggered flip-flop clocked by clk_i)
Path Group: clk_i
Path Type: min

Fanout         Cap        Slew       Delay        Time   Description
---------------------------------------------------------------------------------------------
                                  0.000000    0.000000   clock clk_i (rise edge)
                                  0.000000    0.000000   clock source latency
    60    0.155899    0.699731    0.484298    0.484298 ^ clk_i (in)
                                                         clk_i (net)
                      0.699772    0.000000    0.484298 ^ _389_/CLK (sky130_fd_sc_hd__dfrtp_2)
     3    0.010196    0.069688    0.519414    1.003713 ^ _389_/Q (sky130_fd_sc_hd__dfrtp_2)
                                                         rng_rd.mem[9][0] (net)
                      0.069688    0.000021    1.003734 ^ _330_/A0 (sky130_fd_sc_hd__mux2_1)
     1    0.002231    0.038554    0.118366    1.122099 ^ _330_/X (sky130_fd_sc_hd__mux2_1)
                                                         _054_ (net)
                      0.038554    0.000003    1.122102 ^ _389_/D (sky130_fd_sc_hd__dfrtp_2)
                                              1.122102   data arrival time

                                  0.000000    0.000000   clock clk_i (rise edge)
                                  0.000000    0.000000   clock source latency
    60    0.155899    0.699731    0.484298    0.484298 ^ clk_i (in)
                                                         clk_i (net)
                      0.699772    0.000000    0.484298 ^ _389_/CLK (sky130_fd_sc_hd__dfrtp_2)
                                  0.250000    0.734298   clock uncertainty
                                  0.000000    0.734298   clock reconvergence pessimism
                                  0.033988    0.768286   library hold time
                                              0.768286   data required time
---------------------------------------------------------------------------------------------
                                              0.768286   data required time
                                             -1.122102   data arrival time
---------------------------------------------------------------------------------------------
                                              0.353816   slack (MET)


Startpoint: _389_ (rising edge-triggered flip-flop clocked by clk_i)
Endpoint: _344_ (rising edge-triggered flip-flop clocked by clk_i)
Path Group: clk_i
Path Type: min

Fanout         Cap        Slew       Delay        Time   Description
---------------------------------------------------------------------------------------------
                                  0.000000    0.000000   clock clk_i (rise edge)
                                  0.000000    0.000000   clock source latency
    60    0.155899    0.699731    0.484298    0.484298 ^ clk_i (in)
                                                         clk_i (net)
                      0.699772    0.000000    0.484298 ^ _389_/CLK (sky130_fd_sc_hd__dfrtp_2)
     3    0.010196    0.069688    0.519414    1.003713 ^ _389_/Q (sky130_fd_sc_hd__dfrtp_2)
                                                         rng_rd.mem[9][0] (net)
                      0.069688    0.000043    1.003756 ^ _286_/A1 (sky130_fd_sc_hd__mux2_1)
     1    0.002134    0.037793    0.120314    1.124070 ^ _286_/X (sky130_fd_sc_hd__mux2_1)
                                                         _012_ (net)
                      0.037793    0.000001    1.124071 ^ _344_/D (sky130_fd_sc_hd__dfrtp_2)
                                              1.124071   data arrival time

                                  0.000000    0.000000   clock clk_i (rise edge)
                                  0.000000    0.000000   clock source latency
    60    0.155899    0.699731    0.484292    0.484292 ^ clk_i (in)
                                                         clk_i (net)
                      0.699772    0.000000    0.484292 ^ _344_/CLK (sky130_fd_sc_hd__dfrtp_2)
                                  0.250000    0.734292   clock uncertainty
                                  0.000000    0.734292   clock reconvergence pessimism
                                  0.034136    0.768428   library hold time
                                              0.768428   data required time
---------------------------------------------------------------------------------------------
                                              0.768428   data required time
                                             -1.124071   data arrival time
---------------------------------------------------------------------------------------------
                                              0.355644   slack (MET)


Startpoint: _347_ (rising edge-triggered flip-flop clocked by clk_i)
Endpoint: _341_ (rising edge-triggered flip-flop clocked by clk_i)
Path Group: clk_i
Path Type: min

Fanout         Cap        Slew       Delay        Time   Description
---------------------------------------------------------------------------------------------
                                  0.000000    0.000000   clock clk_i (rise edge)
                                  0.000000    0.000000   clock source latency
    60    0.155899    0.699731    0.483721    0.483721 ^ clk_i (in)
                                                         clk_i (net)
                      0.699762    0.000000    0.483721 ^ _347_/CLK (sky130_fd_sc_hd__dfrtp_2)
     4    0.010312    0.072020    0.519944    1.003664 ^ _347_/Q (sky130_fd_sc_hd__dfrtp_2)
                                                         rng_rd.mem[6][0] (net)
                      0.072020    0.000021    1.003686 ^ _283_/A1 (sky130_fd_sc_hd__mux2_1)
     1    0.002112    0.037618    0.120928    1.124614 ^ _283_/X (sky130_fd_sc_hd__mux2_1)
                                                         _009_ (net)
                      0.037618    0.000001    1.124615 ^ _341_/D (sky130_fd_sc_hd__dfrtp_2)
                                              1.124615   data arrival time

                                  0.000000    0.000000   clock clk_i (rise edge)
                                  0.000000    0.000000   clock source latency
    60    0.155899    0.699731    0.483825    0.483825 ^ clk_i (in)
                                                         clk_i (net)
                      0.699764    0.000000    0.483825 ^ _341_/CLK (sky130_fd_sc_hd__dfrtp_2)
                                  0.250000    0.733825   clock uncertainty
                                  0.000000    0.733825   clock reconvergence pessimism
                                  0.034170    0.767994   library hold time
                                              0.767994   data required time
---------------------------------------------------------------------------------------------
                                              0.767994   data required time
                                             -1.124615   data arrival time
---------------------------------------------------------------------------------------------
                                              0.356621   slack (MET)


Startpoint: _343_ (rising edge-triggered flip-flop clocked by clk_i)
Endpoint: _343_ (rising edge-triggered flip-flop clocked by clk_i)
Path Group: clk_i
Path Type: min

Fanout         Cap        Slew       Delay        Time   Description
---------------------------------------------------------------------------------------------
                                  0.000000    0.000000   clock clk_i (rise edge)
                                  0.000000    0.000000   clock source latency
    60    0.155899    0.699731    0.483984    0.483984 ^ clk_i (in)
                                                         clk_i (net)
                      0.699766    0.000000    0.483984 ^ _343_/CLK (sky130_fd_sc_hd__dfrtp_2)
     4    0.010892    0.074483    0.522444    1.006428 ^ _343_/Q (sky130_fd_sc_hd__dfrtp_2)
                                                         rng_rd.mem[7][2] (net)
                      0.074483    0.000010    1.006438 ^ _285_/A0 (sky130_fd_sc_hd__mux2_1)
     1    0.002114    0.037633    0.119077    1.125515 ^ _285_/X (sky130_fd_sc_hd__mux2_1)
                                                         _011_ (net)
                      0.037633    0.000001    1.125516 ^ _343_/D (sky130_fd_sc_hd__dfrtp_2)
                                              1.125516   data arrival time

                                  0.000000    0.000000   clock clk_i (rise edge)
                                  0.000000    0.000000   clock source latency
    60    0.155899    0.699731    0.483984    0.483984 ^ clk_i (in)
                                                         clk_i (net)
                      0.699766    0.000000    0.483984 ^ _343_/CLK (sky130_fd_sc_hd__dfrtp_2)
                                  0.250000    0.733984   clock uncertainty
                                  0.000000    0.733984   clock reconvergence pessimism
                                  0.034167    0.768151   library hold time
                                              0.768151   data required time
---------------------------------------------------------------------------------------------
                                              0.768151   data required time
                                             -1.125516   data arrival time
---------------------------------------------------------------------------------------------
                                              0.357365   slack (MET)


Startpoint: _390_ (rising edge-triggered flip-flop clocked by clk_i)
Endpoint: _390_ (rising edge-triggered flip-flop clocked by clk_i)
Path Group: clk_i
Path Type: min

Fanout         Cap        Slew       Delay        Time   Description
---------------------------------------------------------------------------------------------
                                  0.000000    0.000000   clock clk_i (rise edge)
                                  0.000000    0.000000   clock source latency
    60    0.155899    0.699731    0.484050    0.484050 ^ clk_i (in)
                                                         clk_i (net)
                      0.699767    0.000000    0.484050 ^ _390_/CLK (sky130_fd_sc_hd__dfrtp_2)
     4    0.010854    0.072628    0.522244    1.006294 ^ _390_/Q (sky130_fd_sc_hd__dfrtp_2)
                                                         rng_rd.mem[9][1] (net)
                      0.072628    0.000017    1.006311 ^ _331_/A0 (sky130_fd_sc_hd__mux2_1)
     1    0.002251    0.038712    0.119539    1.125850 ^ _331_/X (sky130_fd_sc_hd__mux2_1)
                                                         _055_ (net)
                      0.038712    0.000003    1.125853 ^ _390_/D (sky130_fd_sc_hd__dfrtp_2)
                                              1.125853   data arrival time

                                  0.000000    0.000000   clock clk_i (rise edge)
                                  0.000000    0.000000   clock source latency
    60    0.155899    0.699731    0.484050    0.484050 ^ clk_i (in)
                                                         clk_i (net)
                      0.699767    0.000000    0.484050 ^ _390_/CLK (sky130_fd_sc_hd__dfrtp_2)
                                  0.250000    0.734050   clock uncertainty
                                  0.000000    0.734050   clock reconvergence pessimism
                                  0.033957    0.768007   library hold time
                                              0.768007   data required time
---------------------------------------------------------------------------------------------
                                              0.768007   data required time
                                             -1.125853   data arrival time
---------------------------------------------------------------------------------------------
                                              0.357846   slack (MET)


Startpoint: _363_ (rising edge-triggered flip-flop clocked by clk_i)
Endpoint: _363_ (rising edge-triggered flip-flop clocked by clk_i)
Path Group: clk_i
Path Type: min

Fanout         Cap        Slew       Delay        Time   Description
---------------------------------------------------------------------------------------------
                                  0.000000    0.000000   clock clk_i (rise edge)
                                  0.000000    0.000000   clock source latency
    60    0.155899    0.699731    0.482396    0.482396 ^ clk_i (in)
                                                         clk_i (net)
                      0.699744    0.000000    0.482396 ^ _363_/CLK (sky130_fd_sc_hd__dfrtp_2)
     4    0.010896    0.072811    0.522437    1.004834 ^ _363_/Q (sky130_fd_sc_hd__dfrtp_2)
                                                         rng_rd.mem[1][0] (net)
                      0.072811    0.000005    1.004839 ^ _304_/A0 (sky130_fd_sc_hd__mux2_1)
     1    0.002285    0.038981    0.119877    1.124715 ^ _304_/X (sky130_fd_sc_hd__mux2_1)
                                                         _030_ (net)
                      0.038981    0.000003    1.124719 ^ _363_/D (sky130_fd_sc_hd__dfrtp_2)
                                              1.124719   data arrival time

                                  0.000000    0.000000   clock clk_i (rise edge)
                                  0.000000    0.000000   clock source latency
    60    0.155899    0.699731    0.482396    0.482396 ^ clk_i (in)
                                                         clk_i (net)
                      0.699744    0.000000    0.482396 ^ _363_/CLK (sky130_fd_sc_hd__dfrtp_2)
                                  0.250000    0.732396   clock uncertainty
                                  0.000000    0.732396   clock reconvergence pessimism
                                  0.033904    0.766300   library hold time
                                              0.766300   data required time
---------------------------------------------------------------------------------------------
                                              0.766300   data required time
                                             -1.124719   data arrival time
---------------------------------------------------------------------------------------------
                                              0.358419   slack (MET)


Startpoint: _383_ (rising edge-triggered flip-flop clocked by clk_i)
Endpoint: _383_ (rising edge-triggered flip-flop clocked by clk_i)
Path Group: clk_i
Path Type: min

Fanout         Cap        Slew       Delay        Time   Description
---------------------------------------------------------------------------------------------
                                  0.000000    0.000000   clock clk_i (rise edge)
                                  0.000000    0.000000   clock source latency
    60    0.155899    0.699731    0.483802    0.483802 ^ clk_i (in)
                                                         clk_i (net)
                      0.699763    0.000000    0.483802 ^ _383_/CLK (sky130_fd_sc_hd__dfrtp_2)
     4    0.011332    0.074800    0.524275    1.008077 ^ _383_/Q (sky130_fd_sc_hd__dfrtp_2)
                                                         rng_rd.mem[8][1] (net)
                      0.074800    0.000024    1.008101 ^ _323_/A0 (sky130_fd_sc_hd__mux2_1)
     1    0.002035    0.037017    0.118558    1.126660 ^ _323_/X (sky130_fd_sc_hd__mux2_1)
                                                         _049_ (net)
                      0.037017    0.000000    1.126660 ^ _383_/D (sky130_fd_sc_hd__dfrtp_2)
                                              1.126660   data arrival time

                                  0.000000    0.000000   clock clk_i (rise edge)
                                  0.000000    0.000000   clock source latency
    60    0.155899    0.699731    0.483802    0.483802 ^ clk_i (in)
                                                         clk_i (net)
                      0.699763    0.000000    0.483802 ^ _383_/CLK (sky130_fd_sc_hd__dfrtp_2)
                                  0.250000    0.733802   clock uncertainty
                                  0.000000    0.733802   clock reconvergence pessimism
                                  0.034287    0.768089   library hold time
                                              0.768089   data required time
---------------------------------------------------------------------------------------------
                                              0.768089   data required time
                                             -1.126660   data arrival time
---------------------------------------------------------------------------------------------
                                              0.358571   slack (MET)


Startpoint: _363_ (rising edge-triggered flip-flop clocked by clk_i)
Endpoint: _360_ (rising edge-triggered flip-flop clocked by clk_i)
Path Group: clk_i
Path Type: min

Fanout         Cap        Slew       Delay        Time   Description
---------------------------------------------------------------------------------------------
                                  0.000000    0.000000   clock clk_i (rise edge)
                                  0.000000    0.000000   clock source latency
    60    0.155899    0.699731    0.482396    0.482396 ^ clk_i (in)
                                                         clk_i (net)
                      0.699744    0.000000    0.482396 ^ _363_/CLK (sky130_fd_sc_hd__dfrtp_2)
     4    0.010896    0.072811    0.522437    1.004834 ^ _363_/Q (sky130_fd_sc_hd__dfrtp_2)
                                                         rng_rd.mem[1][0] (net)
                      0.072811    0.000037    1.004870 ^ _301_/A1 (sky130_fd_sc_hd__mux2_1)
     1    0.002198    0.038297    0.121885    1.126756 ^ _301_/X (sky130_fd_sc_hd__mux2_1)
                                                         _027_ (net)
                      0.038297    0.000002    1.126758 ^ _360_/D (sky130_fd_sc_hd__dfrtp_2)
                                              1.126758   data arrival time

                                  0.000000    0.000000   clock clk_i (rise edge)
                                  0.000000    0.000000   clock source latency
    60    0.155899    0.699731    0.483153    0.483153 ^ clk_i (in)
                                                         clk_i (net)
                      0.699753    0.000000    0.483153 ^ _360_/CLK (sky130_fd_sc_hd__dfrtp_2)
                                  0.250000    0.733153   clock uncertainty
                                  0.000000    0.733153   clock reconvergence pessimism
                                  0.034037    0.767191   library hold time
                                              0.767191   data required time
---------------------------------------------------------------------------------------------
                                              0.767191   data required time
                                             -1.126758   data arrival time
---------------------------------------------------------------------------------------------
                                              0.359568   slack (MET)


Startpoint: _384_ (rising edge-triggered flip-flop clocked by clk_i)
Endpoint: _384_ (rising edge-triggered flip-flop clocked by clk_i)
Path Group: clk_i
Path Type: min

Fanout         Cap        Slew       Delay        Time   Description
---------------------------------------------------------------------------------------------
                                  0.000000    0.000000   clock clk_i (rise edge)
                                  0.000000    0.000000   clock source latency
    60    0.155899    0.699731    0.484021    0.484021 ^ clk_i (in)
                                                         clk_i (net)
                      0.699767    0.000000    0.484021 ^ _384_/CLK (sky130_fd_sc_hd__dfrtp_2)
     4    0.011220    0.075876    0.523858    1.007879 ^ _384_/Q (sky130_fd_sc_hd__dfrtp_2)
                                                         rng_rd.mem[8][2] (net)
                      0.075876    0.000006    1.007885 ^ _324_/A0 (sky130_fd_sc_hd__mux2_1)
     1    0.002248    0.038692    0.120637    1.128521 ^ _324_/X (sky130_fd_sc_hd__mux2_1)
                                                         _050_ (net)
                      0.038692    0.000003    1.128524 ^ _384_/D (sky130_fd_sc_hd__dfrtp_2)
                                              1.128524   data arrival time

                                  0.000000    0.000000   clock clk_i (rise edge)
                                  0.000000    0.000000   clock source latency
    60    0.155899    0.699731    0.484021    0.484021 ^ clk_i (in)
                                                         clk_i (net)
                      0.699767    0.000000    0.484021 ^ _384_/CLK (sky130_fd_sc_hd__dfrtp_2)
                                  0.250000    0.734021   clock uncertainty
                                  0.000000    0.734021   clock reconvergence pessimism
                                  0.033961    0.767982   library hold time
                                              0.767982   data required time
---------------------------------------------------------------------------------------------
                                              0.767982   data required time
                                             -1.128524   data arrival time
---------------------------------------------------------------------------------------------
                                              0.360542   slack (MET)


Startpoint: _362_ (rising edge-triggered flip-flop clocked by clk_i)
Endpoint: _362_ (rising edge-triggered flip-flop clocked by clk_i)
Path Group: clk_i
Path Type: min

Fanout         Cap        Slew       Delay        Time   Description
---------------------------------------------------------------------------------------------
                                  0.000000    0.000000   clock clk_i (rise edge)
                                  0.000000    0.000000   clock source latency
    60    0.155899    0.699731    0.482756    0.482756 ^ clk_i (in)
                                                         clk_i (net)
                      0.699748    0.000000    0.482756 ^ _362_/CLK (sky130_fd_sc_hd__dfrtp_2)
     4    0.011728    0.076483    0.526021    1.008777 ^ _362_/Q (sky130_fd_sc_hd__dfrtp_2)
                                                         rng_rd.mem[2][2] (net)
                      0.076483    0.000016    1.008792 ^ _303_/A0 (sky130_fd_sc_hd__mux2_1)
     1    0.002045    0.037093    0.119215    1.128008 ^ _303_/X (sky130_fd_sc_hd__mux2_1)
                                                         _029_ (net)
                      0.037093    0.000000    1.128008 ^ _362_/D (sky130_fd_sc_hd__dfrtp_2)
                                              1.128008   data arrival time

                                  0.000000    0.000000   clock clk_i (rise edge)
                                  0.000000    0.000000   clock source latency
    60    0.155899    0.699731    0.482756    0.482756 ^ clk_i (in)
                                                         clk_i (net)
                      0.699748    0.000000    0.482756 ^ _362_/CLK (sky130_fd_sc_hd__dfrtp_2)
                                  0.250000    0.732756   clock uncertainty
                                  0.000000    0.732756   clock reconvergence pessimism
                                  0.034271    0.767027   library hold time
                                              0.767027   data required time
---------------------------------------------------------------------------------------------
                                              0.767027   data required time
                                             -1.128008   data arrival time
---------------------------------------------------------------------------------------------
                                              0.360981   slack (MET)


Startpoint: _390_ (rising edge-triggered flip-flop clocked by clk_i)
Endpoint: _345_ (rising edge-triggered flip-flop clocked by clk_i)
Path Group: clk_i
Path Type: min

Fanout         Cap        Slew       Delay        Time   Description
---------------------------------------------------------------------------------------------
                                  0.000000    0.000000   clock clk_i (rise edge)
                                  0.000000    0.000000   clock source latency
    60    0.155899    0.699731    0.484050    0.484050 ^ clk_i (in)
                                                         clk_i (net)
                      0.699767    0.000000    0.484050 ^ _390_/CLK (sky130_fd_sc_hd__dfrtp_2)
     4    0.010854    0.072628    0.522244    1.006294 ^ _390_/Q (sky130_fd_sc_hd__dfrtp_2)
                                                         rng_rd.mem[9][1] (net)
                      0.072628    0.000067    1.006361 ^ _287_/A1 (sky130_fd_sc_hd__mux2_1)
     1    0.002308    0.039161    0.122699    1.129060 ^ _287_/X (sky130_fd_sc_hd__mux2_1)
                                                         _013_ (net)
                      0.039161    0.000003    1.129063 ^ _345_/D (sky130_fd_sc_hd__dfrtp_2)
                                              1.129063   data arrival time

                                  0.000000    0.000000   clock clk_i (rise edge)
                                  0.000000    0.000000   clock source latency
    60    0.155899    0.699731    0.483951    0.483951 ^ clk_i (in)
                                                         clk_i (net)
                      0.699766    0.000000    0.483951 ^ _345_/CLK (sky130_fd_sc_hd__dfrtp_2)
                                  0.250000    0.733951   clock uncertainty
                                  0.000000    0.733951   clock reconvergence pessimism
                                  0.033869    0.767821   library hold time
                                              0.767821   data required time
---------------------------------------------------------------------------------------------
                                              0.767821   data required time
                                             -1.129063   data arrival time
---------------------------------------------------------------------------------------------
                                              0.361243   slack (MET)


Startpoint: _358_ (rising edge-triggered flip-flop clocked by clk_i)
Endpoint: _358_ (rising edge-triggered flip-flop clocked by clk_i)
Path Group: clk_i
Path Type: min

Fanout         Cap        Slew       Delay        Time   Description
---------------------------------------------------------------------------------------------
                                  0.000000    0.000000   clock clk_i (rise edge)
                                  0.000000    0.000000   clock source latency
    60    0.155899    0.699731    0.482839    0.482839 ^ clk_i (in)
                                                         clk_i (net)
                      0.699749    0.000000    0.482839 ^ _358_/CLK (sky130_fd_sc_hd__dfrtp_2)
     4    0.011418    0.076715    0.524707    1.007546 ^ _358_/Q (sky130_fd_sc_hd__dfrtp_2)
                                                         rng_rd.mem[3][1] (net)
                      0.076715    0.000012    1.007559 ^ _299_/A0 (sky130_fd_sc_hd__mux2_1)
     1    0.002259    0.038778    0.121013    1.128571 ^ _299_/X (sky130_fd_sc_hd__mux2_1)
                                                         _025_ (net)
                      0.038778    0.000003    1.128575 ^ _358_/D (sky130_fd_sc_hd__dfrtp_2)
                                              1.128575   data arrival time

                                  0.000000    0.000000   clock clk_i (rise edge)
                                  0.000000    0.000000   clock source latency
    60    0.155899    0.699731    0.482839    0.482839 ^ clk_i (in)
                                                         clk_i (net)
                      0.699749    0.000000    0.482839 ^ _358_/CLK (sky130_fd_sc_hd__dfrtp_2)
                                  0.250000    0.732839   clock uncertainty
                                  0.000000    0.732839   clock reconvergence pessimism
                                  0.033944    0.766783   library hold time
                                              0.766783   data required time
---------------------------------------------------------------------------------------------
                                              0.766783   data required time
                                             -1.128575   data arrival time
---------------------------------------------------------------------------------------------
                                              0.361791   slack (MET)


Startpoint: _351_ (rising edge-triggered flip-flop clocked by clk_i)
Endpoint: _351_ (rising edge-triggered flip-flop clocked by clk_i)
Path Group: clk_i
Path Type: min

Fanout         Cap        Slew       Delay        Time   Description
---------------------------------------------------------------------------------------------
                                  0.000000    0.000000   clock clk_i (rise edge)
                                  0.000000    0.000000   clock source latency
    60    0.155899    0.699731    0.482996    0.482996 ^ clk_i (in)
                                                         clk_i (net)
                      0.699751    0.000000    0.482996 ^ _351_/CLK (sky130_fd_sc_hd__dfrtp_2)
     4    0.011783    0.076600    0.526258    1.009254 ^ _351_/Q (sky130_fd_sc_hd__dfrtp_2)
                                                         rng_rd.mem[5][1] (net)
                      0.076600    0.000023    1.009277 ^ _293_/A0 (sky130_fd_sc_hd__mux2_1)
     1    0.002182    0.038171    0.120354    1.129631 ^ _293_/X (sky130_fd_sc_hd__mux2_1)
                                                         _019_ (net)
                      0.038171    0.000002    1.129633 ^ _351_/D (sky130_fd_sc_hd__dfrtp_2)
                                              1.129633   data arrival time

                                  0.000000    0.000000   clock clk_i (rise edge)
                                  0.000000    0.000000   clock source latency
    60    0.155899    0.699731    0.482996    0.482996 ^ clk_i (in)
                                                         clk_i (net)
                      0.699751    0.000000    0.482996 ^ _351_/CLK (sky130_fd_sc_hd__dfrtp_2)
                                  0.250000    0.732996   clock uncertainty
                                  0.000000    0.732996   clock reconvergence pessimism
                                  0.034062    0.767058   library hold time
                                              0.767058   data required time
---------------------------------------------------------------------------------------------
                                              0.767058   data required time
                                             -1.129633   data arrival time
---------------------------------------------------------------------------------------------
                                              0.362575   slack (MET)


Startpoint: _350_ (rising edge-triggered flip-flop clocked by clk_i)
Endpoint: _350_ (rising edge-triggered flip-flop clocked by clk_i)
Path Group: clk_i
Path Type: min

Fanout         Cap        Slew       Delay        Time   Description
---------------------------------------------------------------------------------------------
                                  0.000000    0.000000   clock clk_i (rise edge)
                                  0.000000    0.000000   clock source latency
    60    0.155899    0.699731    0.483669    0.483669 ^ clk_i (in)
                                                         clk_i (net)
                      0.699761    0.000000    0.483669 ^ _350_/CLK (sky130_fd_sc_hd__dfrtp_2)
     4    0.011807    0.078366    0.526384    1.010053 ^ _350_/Q (sky130_fd_sc_hd__dfrtp_2)
                                                         rng_rd.mem[5][0] (net)
                      0.078366    0.000021    1.010074 ^ _292_/A0 (sky130_fd_sc_hd__mux2_1)
     1    0.002127    0.037740    0.120523    1.130597 ^ _292_/X (sky130_fd_sc_hd__mux2_1)
                                                         _018_ (net)
                      0.037740    0.000001    1.130598 ^ _350_/D (sky130_fd_sc_hd__dfrtp_2)
                                              1.130598   data arrival time

                                  0.000000    0.000000   clock clk_i (rise edge)
                                  0.000000    0.000000   clock source latency
    60    0.155899    0.699731    0.483669    0.483669 ^ clk_i (in)
                                                         clk_i (net)
                      0.699761    0.000000    0.483669 ^ _350_/CLK (sky130_fd_sc_hd__dfrtp_2)
                                  0.250000    0.733669   clock uncertainty
                                  0.000000    0.733669   clock reconvergence pessimism
                                  0.034146    0.767814   library hold time
                                              0.767814   data required time
---------------------------------------------------------------------------------------------
                                              0.767814   data required time
                                             -1.130598   data arrival time
---------------------------------------------------------------------------------------------
                                              0.362783   slack (MET)


Startpoint: _358_ (rising edge-triggered flip-flop clocked by clk_i)
Endpoint: _354_ (rising edge-triggered flip-flop clocked by clk_i)
Path Group: clk_i
Path Type: min

Fanout         Cap        Slew       Delay        Time   Description
---------------------------------------------------------------------------------------------
                                  0.000000    0.000000   clock clk_i (rise edge)
                                  0.000000    0.000000   clock source latency
    60    0.155899    0.699731    0.482839    0.482839 ^ clk_i (in)
                                                         clk_i (net)
                      0.699749    0.000000    0.482839 ^ _358_/CLK (sky130_fd_sc_hd__dfrtp_2)
     4    0.011418    0.076715    0.524707    1.007546 ^ _358_/Q (sky130_fd_sc_hd__dfrtp_2)
                                                         rng_rd.mem[3][1] (net)
                      0.076715    0.000007    1.007553 ^ _296_/A1 (sky130_fd_sc_hd__mux2_1)
     1    0.002099    0.037520    0.122423    1.129976 ^ _296_/X (sky130_fd_sc_hd__mux2_1)
                                                         _022_ (net)
                      0.037520    0.000001    1.129978 ^ _354_/D (sky130_fd_sc_hd__dfrtp_2)
                                              1.129978   data arrival time

                                  0.000000    0.000000   clock clk_i (rise edge)
                                  0.000000    0.000000   clock source latency
    60    0.155899    0.699731    0.482941    0.482941 ^ clk_i (in)
                                                         clk_i (net)
                      0.699751    0.000000    0.482941 ^ _354_/CLK (sky130_fd_sc_hd__dfrtp_2)
                                  0.250000    0.732941   clock uncertainty
                                  0.000000    0.732941   clock reconvergence pessimism
                                  0.034188    0.767129   library hold time
                                              0.767129   data required time
---------------------------------------------------------------------------------------------
                                              0.767129   data required time
                                             -1.129978   data arrival time
---------------------------------------------------------------------------------------------
                                              0.362848   slack (MET)


Startpoint: _384_ (rising edge-triggered flip-flop clocked by clk_i)
Endpoint: _391_ (rising edge-triggered flip-flop clocked by clk_i)
Path Group: clk_i
Path Type: min

Fanout         Cap        Slew       Delay        Time   Description
---------------------------------------------------------------------------------------------
                                  0.000000    0.000000   clock clk_i (rise edge)
                                  0.000000    0.000000   clock source latency
    60    0.155899    0.699731    0.484021    0.484021 ^ clk_i (in)
                                                         clk_i (net)
                      0.699767    0.000000    0.484021 ^ _384_/CLK (sky130_fd_sc_hd__dfrtp_2)
     4    0.011220    0.075876    0.523858    1.007879 ^ _384_/Q (sky130_fd_sc_hd__dfrtp_2)
                                                         rng_rd.mem[8][2] (net)
                      0.075876    0.000018    1.007897 ^ _332_/A1 (sky130_fd_sc_hd__mux2_1)
     1    0.002271    0.038867    0.123504    1.131401 ^ _332_/X (sky130_fd_sc_hd__mux2_1)
                                                         _056_ (net)
                      0.038867    0.000003    1.131404 ^ _391_/D (sky130_fd_sc_hd__dfrtp_2)
                                              1.131404   data arrival time

                                  0.000000    0.000000   clock clk_i (rise edge)
                                  0.000000    0.000000   clock source latency
    60    0.155899    0.699731    0.484287    0.484287 ^ clk_i (in)
                                                         clk_i (net)
                      0.699772    0.000000    0.484287 ^ _391_/CLK (sky130_fd_sc_hd__dfrtp_2)
                                  0.250000    0.734287   clock uncertainty
                                  0.000000    0.734287   clock reconvergence pessimism
                                  0.033927    0.768214   library hold time
                                              0.768214   data required time
---------------------------------------------------------------------------------------------
                                              0.768214   data required time
                                             -1.131404   data arrival time
---------------------------------------------------------------------------------------------
                                              0.363190   slack (MET)


Startpoint: _357_ (rising edge-triggered flip-flop clocked by clk_i)
Endpoint: _357_ (rising edge-triggered flip-flop clocked by clk_i)
Path Group: clk_i
Path Type: min

Fanout         Cap        Slew       Delay        Time   Description
---------------------------------------------------------------------------------------------
                                  0.000000    0.000000   clock clk_i (rise edge)
                                  0.000000    0.000000   clock source latency
    60    0.155899    0.699731    0.483470    0.483470 ^ clk_i (in)
                                                         clk_i (net)
                      0.699758    0.000000    0.483470 ^ _357_/CLK (sky130_fd_sc_hd__dfrtp_2)
     4    0.011999    0.079180    0.527210    1.010680 ^ _357_/Q (sky130_fd_sc_hd__dfrtp_2)
                                                         rng_rd.mem[3][0] (net)
                      0.079180    0.000009    1.010689 ^ _298_/A0 (sky130_fd_sc_hd__mux2_1)
     1    0.002068    0.037276    0.120330    1.131019 ^ _298_/X (sky130_fd_sc_hd__mux2_1)
                                                         _024_ (net)
                      0.037276    0.000000    1.131020 ^ _357_/D (sky130_fd_sc_hd__dfrtp_2)
                                              1.131020   data arrival time

                                  0.000000    0.000000   clock clk_i (rise edge)
                                  0.000000    0.000000   clock source latency
    60    0.155899    0.699731    0.483470    0.483470 ^ clk_i (in)
                                                         clk_i (net)
                      0.699758    0.000000    0.483470 ^ _357_/CLK (sky130_fd_sc_hd__dfrtp_2)
                                  0.250000    0.733470   clock uncertainty
                                  0.000000    0.733470   clock reconvergence pessimism
                                  0.034236    0.767706   library hold time
                                              0.767706   data required time
---------------------------------------------------------------------------------------------
                                              0.767706   data required time
                                             -1.131020   data arrival time
---------------------------------------------------------------------------------------------
                                              0.363314   slack (MET)


Startpoint: _353_ (rising edge-triggered flip-flop clocked by clk_i)
Endpoint: _353_ (rising edge-triggered flip-flop clocked by clk_i)
Path Group: clk_i
Path Type: min

Fanout         Cap        Slew       Delay        Time   Description
---------------------------------------------------------------------------------------------
                                  0.000000    0.000000   clock clk_i (rise edge)
                                  0.000000    0.000000   clock source latency
    60    0.155899    0.699731    0.483582    0.483582 ^ clk_i (in)
                                                         clk_i (net)
                      0.699760    0.000000    0.483582 ^ _353_/CLK (sky130_fd_sc_hd__dfrtp_2)
     4    0.012181    0.079953    0.527994    1.011576 ^ _353_/Q (sky130_fd_sc_hd__dfrtp_2)
                                                         rng_rd.mem[4][0] (net)
                      0.079953    0.000012    1.011588 ^ _295_/A0 (sky130_fd_sc_hd__mux2_1)
     1    0.002126    0.037729    0.121058    1.132646 ^ _295_/X (sky130_fd_sc_hd__mux2_1)
                                                         _021_ (net)
                      0.037729    0.000001    1.132648 ^ _353_/D (sky130_fd_sc_hd__dfrtp_2)
                                              1.132648   data arrival time

                                  0.000000    0.000000   clock clk_i (rise edge)
                                  0.000000    0.000000   clock source latency
    60    0.155899    0.699731    0.483582    0.483582 ^ clk_i (in)
                                                         clk_i (net)
                      0.699760    0.000000    0.483582 ^ _353_/CLK (sky130_fd_sc_hd__dfrtp_2)
                                  0.250000    0.733582   clock uncertainty
                                  0.000000    0.733582   clock reconvergence pessimism
                                  0.034148    0.767730   library hold time
                                              0.767730   data required time
---------------------------------------------------------------------------------------------
                                              0.767730   data required time
                                             -1.132648   data arrival time
---------------------------------------------------------------------------------------------
                                              0.364917   slack (MET)


Startpoint: _346_ (rising edge-triggered flip-flop clocked by clk_i)
Endpoint: _346_ (rising edge-triggered flip-flop clocked by clk_i)
Path Group: clk_i
Path Type: min

Fanout         Cap        Slew       Delay        Time   Description
---------------------------------------------------------------------------------------------
                                  0.000000    0.000000   clock clk_i (rise edge)
                                  0.000000    0.000000   clock source latency
    60    0.155899    0.699731    0.484263    0.484263 ^ clk_i (in)
                                                         clk_i (net)
                      0.699771    0.000000    0.484263 ^ _346_/CLK (sky130_fd_sc_hd__dfrtp_2)
     4    0.012514    0.078588    0.529381    1.013644 ^ _346_/Q (sky130_fd_sc_hd__dfrtp_2)
                                                         rng_rd.mem[10][2] (net)
                      0.078588    0.000025    1.013670 ^ _288_/A0 (sky130_fd_sc_hd__mux2_1)
     1    0.002329    0.039322    0.122213    1.135882 ^ _288_/X (sky130_fd_sc_hd__mux2_1)
                                                         _014_ (net)
                      0.039322    0.000004    1.135886 ^ _346_/D (sky130_fd_sc_hd__dfrtp_2)
                                              1.135886   data arrival time

                                  0.000000    0.000000   clock clk_i (rise edge)
                                  0.000000    0.000000   clock source latency
    60    0.155899    0.699731    0.484263    0.484263 ^ clk_i (in)
                                                         clk_i (net)
                      0.699771    0.000000    0.484263 ^ _346_/CLK (sky130_fd_sc_hd__dfrtp_2)
                                  0.250000    0.734263   clock uncertainty
                                  0.000000    0.734263   clock reconvergence pessimism
                                  0.033838    0.768102   library hold time
                                              0.768102   data required time
---------------------------------------------------------------------------------------------
                                              0.768102   data required time
                                             -1.135886   data arrival time
---------------------------------------------------------------------------------------------
                                              0.367784   slack (MET)


Startpoint: _365_ (rising edge-triggered flip-flop clocked by clk_i)
Endpoint: _365_ (rising edge-triggered flip-flop clocked by clk_i)
Path Group: clk_i
Path Type: min

Fanout         Cap        Slew       Delay        Time   Description
---------------------------------------------------------------------------------------------
                                  0.000000    0.000000   clock clk_i (rise edge)
                                  0.000000    0.000000   clock source latency
    60    0.155899    0.699731    0.482718    0.482718 ^ clk_i (in)
                                                         clk_i (net)
                      0.699748    0.000000    0.482718 ^ _365_/CLK (sky130_fd_sc_hd__dfrtp_2)
     3    0.013472    0.082503    0.532854    1.015571 ^ _365_/Q (sky130_fd_sc_hd__dfrtp_2)
                                                         rng_rd.mem[1][2] (net)
                      0.082503    0.000010    1.015581 ^ _306_/A0 (sky130_fd_sc_hd__mux2_1)
     1    0.002184    0.038187    0.122403    1.137984 ^ _306_/X (sky130_fd_sc_hd__mux2_1)
                                                         _032_ (net)
                      0.038187    0.000002    1.137986 ^ _365_/D (sky130_fd_sc_hd__dfrtp_2)
                                              1.137986   data arrival time

                                  0.000000    0.000000   clock clk_i (rise edge)
                                  0.000000    0.000000   clock source latency
    60    0.155899    0.699731    0.482718    0.482718 ^ clk_i (in)
                                                         clk_i (net)
                      0.699748    0.000000    0.482718 ^ _365_/CLK (sky130_fd_sc_hd__dfrtp_2)
                                  0.250000    0.732718   clock uncertainty
                                  0.000000    0.732718   clock reconvergence pessimism
                                  0.034058    0.766776   library hold time
                                              0.766776   data required time
---------------------------------------------------------------------------------------------
                                              0.766776   data required time
                                             -1.137986   data arrival time
---------------------------------------------------------------------------------------------
                                              0.371210   slack (MET)


Startpoint: _340_ (rising edge-triggered flip-flop clocked by clk_i)
Endpoint: _340_ (rising edge-triggered flip-flop clocked by clk_i)
Path Group: clk_i
Path Type: min

Fanout         Cap        Slew       Delay        Time   Description
---------------------------------------------------------------------------------------------
                                  0.000000    0.000000   clock clk_i (rise edge)
                                  0.000000    0.000000   clock source latency
    60    0.155899    0.699731    0.482742    0.482742 ^ clk_i (in)
                                                         clk_i (net)
                      0.699748    0.000000    0.482742 ^ _340_/CLK (sky130_fd_sc_hd__dfrtp_2)
     8    0.024315    0.089071    0.594519    1.077261 v _340_/Q (sky130_fd_sc_hd__dfrtp_2)
                                                         rng_dp.seed_sel_i[1] (net)
                      0.089071    0.000013    1.077274 v _250_/A (sky130_fd_sc_hd__nand2_2)
     3    0.009533    0.063121    0.090692    1.167967 ^ _250_/Y (sky130_fd_sc_hd__nand2_2)
                                                         _138_ (net)
                      0.063121    0.000004    1.167971 ^ _251_/B (sky130_fd_sc_hd__nand2_2)
     1    0.002449    0.023457    0.046185    1.214155 v _251_/Y (sky130_fd_sc_hd__nand2_2)
                                                         _002_ (net)
                      0.023457    0.000005    1.214161 v _340_/D (sky130_fd_sc_hd__dfrtp_2)
                                              1.214161   data arrival time

                                  0.000000    0.000000   clock clk_i (rise edge)
                                  0.000000    0.000000   clock source latency
    60    0.155899    0.699731    0.482742    0.482742 ^ clk_i (in)
                                                         clk_i (net)
                      0.699748    0.000000    0.482742 ^ _340_/CLK (sky130_fd_sc_hd__dfrtp_2)
                                  0.250000    0.732742   clock uncertainty
                                  0.000000    0.732742   clock reconvergence pessimism
                                  0.086110    0.818852   library hold time
                                              0.818852   data required time
---------------------------------------------------------------------------------------------
                                              0.818852   data required time
                                             -1.214161   data arrival time
---------------------------------------------------------------------------------------------
                                              0.395309   slack (MET)


Startpoint: _387_ (rising edge-triggered flip-flop clocked by clk_i)
Endpoint: _387_ (rising edge-triggered flip-flop clocked by clk_i)
Path Group: clk_i
Path Type: min

Fanout         Cap        Slew       Delay        Time   Description
---------------------------------------------------------------------------------------------
                                  0.000000    0.000000   clock clk_i (rise edge)
                                  0.000000    0.000000   clock source latency
    60    0.155899    0.699731    0.484172    0.484172 ^ clk_i (in)
                                                         clk_i (net)
                      0.699770    0.000000    0.484172 ^ _387_/CLK (sky130_fd_sc_hd__dfrtp_2)
     8    0.031179    0.159910    0.593481    1.077653 ^ _387_/Q (sky130_fd_sc_hd__dfrtp_2)
                                                         rng_dp.inst.next_num_o[1] (net)
                      0.159910    0.000089    1.077743 ^ _327_/B1 (sky130_fd_sc_hd__a21oi_2)
     1    0.004603    0.046663    0.049299    1.127042 v _327_/Y (sky130_fd_sc_hd__a21oi_2)
                                                         _165_ (net)
                      0.046663    0.000012    1.127053 v _328_/B (sky130_fd_sc_hd__nor2_2)
     1    0.002499    0.058437    0.067426    1.194479 ^ _328_/Y (sky130_fd_sc_hd__nor2_2)
                                                         _052_ (net)
                      0.058437    0.000006    1.194485 ^ _387_/D (sky130_fd_sc_hd__dfrtp_2)
                                              1.194485   data arrival time

                                  0.000000    0.000000   clock clk_i (rise edge)
                                  0.000000    0.000000   clock source latency
    60    0.155899    0.699731    0.484172    0.484172 ^ clk_i (in)
                                                         clk_i (net)
                      0.699770    0.000000    0.484172 ^ _387_/CLK (sky130_fd_sc_hd__dfrtp_2)
                                  0.250000    0.734173   clock uncertainty
                                  0.000000    0.734173   clock reconvergence pessimism
                                  0.030119    0.764292   library hold time
                                              0.764292   data required time
---------------------------------------------------------------------------------------------
                                              0.764292   data required time
                                             -1.194485   data arrival time
---------------------------------------------------------------------------------------------
                                              0.430193   slack (MET)


Startpoint: _386_ (rising edge-triggered flip-flop clocked by clk_i)
Endpoint: _386_ (rising edge-triggered flip-flop clocked by clk_i)
Path Group: clk_i
Path Type: min

Fanout         Cap        Slew       Delay        Time   Description
---------------------------------------------------------------------------------------------
                                  0.000000    0.000000   clock clk_i (rise edge)
                                  0.000000    0.000000   clock source latency
    60    0.155899    0.699731    0.482797    0.482797 ^ clk_i (in)
                                                         clk_i (net)
                      0.699749    0.000000    0.482797 ^ _386_/CLK (sky130_fd_sc_hd__dfrtp_2)
     8    0.029548    0.101680    0.607194    1.089991 v _386_/Q (sky130_fd_sc_hd__dfrtp_2)
                                                         rng_dp.inst.next_num_o[0] (net)
                      0.101680    0.000170    1.090160 v _173_/A (sky130_fd_sc_hd__inv_2)
     3    0.016706    0.086531    0.110086    1.200246 ^ _173_/Y (sky130_fd_sc_hd__inv_2)
                                                         _064_ (net)
                      0.086531    0.000005    1.200251 ^ _325_/A (sky130_fd_sc_hd__xnor2_2)
     1    0.002060    0.030394    0.065579    1.265829 v _325_/Y (sky130_fd_sc_hd__xnor2_2)
                                                         _051_ (net)
                      0.030394    0.000000    1.265830 v _386_/D (sky130_fd_sc_hd__dfrtp_2)
                                              1.265830   data arrival time

                                  0.000000    0.000000   clock clk_i (rise edge)
                                  0.000000    0.000000   clock source latency
    60    0.155899    0.699731    0.482797    0.482797 ^ clk_i (in)
                                                         clk_i (net)
                      0.699749    0.000000    0.482797 ^ _386_/CLK (sky130_fd_sc_hd__dfrtp_2)
                                  0.250000    0.732797   clock uncertainty
                                  0.000000    0.732797   clock reconvergence pessimism
                                  0.083316    0.816113   library hold time
                                              0.816113   data required time
---------------------------------------------------------------------------------------------
                                              0.816113   data required time
                                             -1.265830   data arrival time
---------------------------------------------------------------------------------------------
                                              0.449718   slack (MET)


Startpoint: _388_ (rising edge-triggered flip-flop clocked by clk_i)
Endpoint: _388_ (rising edge-triggered flip-flop clocked by clk_i)
Path Group: clk_i
Path Type: min

Fanout         Cap        Slew       Delay        Time   Description
---------------------------------------------------------------------------------------------
                                  0.000000    0.000000   clock clk_i (rise edge)
                                  0.000000    0.000000   clock source latency
    60    0.155899    0.699731    0.484171    0.484171 ^ clk_i (in)
                                                         clk_i (net)
                      0.699770    0.000000    0.484171 ^ _388_/CLK (sky130_fd_sc_hd__dfrtp_2)
     6    0.024819    0.090333    0.595649    1.079821 v _388_/Q (sky130_fd_sc_hd__dfrtp_2)
                                                         rng_dp.inst.next_num_o[2] (net)
                      0.090333    0.000120    1.079941 v _174_/A (sky130_fd_sc_hd__inv_2)
     4    0.022705    0.109197    0.123654    1.203594 ^ _174_/Y (sky130_fd_sc_hd__inv_2)
                                                         _065_ (net)
                      0.109197    0.000013    1.203607 ^ _329_/A (sky130_fd_sc_hd__xnor2_2)
     1    0.002014    0.028696    0.070511    1.274118 v _329_/Y (sky130_fd_sc_hd__xnor2_2)
                                                         _053_ (net)
                      0.028696    0.000000    1.274119 v _388_/D (sky130_fd_sc_hd__dfrtp_2)
                                              1.274119   data arrival time

                                  0.000000    0.000000   clock clk_i (rise edge)
                                  0.000000    0.000000   clock source latency
    60    0.155899    0.699731    0.484171    0.484171 ^ clk_i (in)
                                                         clk_i (net)
                      0.699770    0.000000    0.484171 ^ _388_/CLK (sky130_fd_sc_hd__dfrtp_2)
                                  0.250000    0.734171   clock uncertainty
                                  0.000000    0.734171   clock reconvergence pessimism
                                  0.084002    0.818173   library hold time
                                              0.818173   data required time
---------------------------------------------------------------------------------------------
                                              0.818173   data required time
                                             -1.274119   data arrival time
---------------------------------------------------------------------------------------------
                                              0.455946   slack (MET)


Startpoint: _336_ (rising edge-triggered flip-flop clocked by clk_i)
Endpoint: _336_ (rising edge-triggered flip-flop clocked by clk_i)
Path Group: clk_i
Path Type: min

Fanout         Cap        Slew       Delay        Time   Description
---------------------------------------------------------------------------------------------
                                  0.000000    0.000000   clock clk_i (rise edge)
                                  0.000000    0.000000   clock source latency
    60    0.155899    0.699731    0.484119    0.484119 ^ clk_i (in)
                                                         clk_i (net)
                      0.699769    0.000000    0.484119 ^ _336_/CLK (sky130_fd_sc_hd__dfrtp_2)
    10    0.036362    0.118071    0.623698    1.107817 v _336_/Q (sky130_fd_sc_hd__dfrtp_2)
                                                         num_i_bar[0] (net)
                      0.118071    0.000033    1.107849 v _268_/B2 (sky130_fd_sc_hd__o32a_2)
     1    0.002222    0.032996    0.192994    1.300843 v _268_/X (sky130_fd_sc_hd__o32a_2)
                                                         _006_ (net)
                      0.032996    0.000003    1.300846 v _336_/D (sky130_fd_sc_hd__dfrtp_2)
                                              1.300846   data arrival time

                                  0.000000    0.000000   clock clk_i (rise edge)
                                  0.000000    0.000000   clock source latency
    60    0.155899    0.699731    0.484119    0.484119 ^ clk_i (in)
                                                         clk_i (net)
                      0.699769    0.000000    0.484119 ^ _336_/CLK (sky130_fd_sc_hd__dfrtp_2)
                                  0.250000    0.734119   clock uncertainty
                                  0.000000    0.734119   clock reconvergence pessimism
                                  0.082269    0.816388   library hold time
                                              0.816388   data required time
---------------------------------------------------------------------------------------------
                                              0.816388   data required time
                                             -1.300846   data arrival time
---------------------------------------------------------------------------------------------
                                              0.484458   slack (MET)


Startpoint: _336_ (rising edge-triggered flip-flop clocked by clk_i)
Endpoint: _367_ (rising edge-triggered flip-flop clocked by clk_i)
Path Group: clk_i
Path Type: min

Fanout         Cap        Slew       Delay        Time   Description
---------------------------------------------------------------------------------------------
                                  0.000000    0.000000   clock clk_i (rise edge)
                                  0.000000    0.000000   clock source latency
    60    0.155899    0.699731    0.484119    0.484119 ^ clk_i (in)
                                                         clk_i (net)
                      0.699769    0.000000    0.484119 ^ _336_/CLK (sky130_fd_sc_hd__dfrtp_2)
    10    0.038801    0.191648    0.619305    1.103424 ^ _336_/Q (sky130_fd_sc_hd__dfrtp_2)
                                                         num_i_bar[0] (net)
                      0.191648    0.000209    1.103633 ^ _307_/A1 (sky130_fd_sc_hd__mux2_1)
     1    0.002278    0.038921    0.156350    1.259983 ^ _307_/X (sky130_fd_sc_hd__mux2_1)
                                                         _033_ (net)
                      0.038921    0.000002    1.259986 ^ _367_/D (sky130_fd_sc_hd__dfrtp_2)
                                              1.259986   data arrival time

                                  0.000000    0.000000   clock clk_i (rise edge)
                                  0.000000    0.000000   clock source latency
    60    0.155899    0.699731    0.482475    0.482475 ^ clk_i (in)
                                                         clk_i (net)
                      0.699745    0.000000    0.482475 ^ _367_/CLK (sky130_fd_sc_hd__dfrtp_2)
                                  0.250000    0.732475   clock uncertainty
                                  0.000000    0.732475   clock reconvergence pessimism
                                  0.033916    0.766391   library hold time
                                              0.766391   data required time
---------------------------------------------------------------------------------------------
                                              0.766391   data required time
                                             -1.259986   data arrival time
---------------------------------------------------------------------------------------------
                                              0.493595   slack (MET)


Startpoint: _368_ (rising edge-triggered flip-flop clocked by clk_i)
Endpoint: _368_ (rising edge-triggered flip-flop clocked by clk_i)
Path Group: clk_i
Path Type: min

Fanout         Cap        Slew       Delay        Time   Description
---------------------------------------------------------------------------------------------
                                  0.000000    0.000000   clock clk_i (rise edge)
                                  0.000000    0.000000   clock source latency
    60    0.155899    0.699731    0.482567    0.482567 ^ clk_i (in)
                                                         clk_i (net)
                      0.699746    0.000000    0.482567 ^ _368_/CLK (sky130_fd_sc_hd__dfrtp_2)
     5    0.044217    0.216213    0.636665    1.119231 ^ _368_/Q (sky130_fd_sc_hd__dfrtp_2)
                                                         num_to_send_o[1] (net)
                      0.216213    0.000020    1.119251 ^ _308_/A0 (sky130_fd_sc_hd__mux2_1)
     1    0.002495    0.040629    0.161477    1.280728 ^ _308_/X (sky130_fd_sc_hd__mux2_1)
                                                         _034_ (net)
                      0.040629    0.000005    1.280733 ^ _368_/D (sky130_fd_sc_hd__dfrtp_2)
                                              1.280733   data arrival time

                                  0.000000    0.000000   clock clk_i (rise edge)
                                  0.000000    0.000000   clock source latency
    60    0.155899    0.699731    0.482567    0.482567 ^ clk_i (in)
                                                         clk_i (net)
                      0.699746    0.000000    0.482567 ^ _368_/CLK (sky130_fd_sc_hd__dfrtp_2)
                                  0.250000    0.732566   clock uncertainty
                                  0.000000    0.732566   clock reconvergence pessimism
                                  0.033583    0.766150   library hold time
                                              0.766150   data required time
---------------------------------------------------------------------------------------------
                                              0.766150   data required time
                                             -1.280733   data arrival time
---------------------------------------------------------------------------------------------
                                              0.514583   slack (MET)


Startpoint: _369_ (rising edge-triggered flip-flop clocked by clk_i)
Endpoint: _369_ (rising edge-triggered flip-flop clocked by clk_i)
Path Group: clk_i
Path Type: min

Fanout         Cap        Slew       Delay        Time   Description
---------------------------------------------------------------------------------------------
                                  0.000000    0.000000   clock clk_i (rise edge)
                                  0.000000    0.000000   clock source latency
    60    0.155899    0.699731    0.482675    0.482675 ^ clk_i (in)
                                                         clk_i (net)
                      0.699747    0.000000    0.482675 ^ _369_/CLK (sky130_fd_sc_hd__dfrtp_2)
     4    0.047965    0.233223    0.648677    1.131352 ^ _369_/Q (sky130_fd_sc_hd__dfrtp_2)
                                                         num_to_send_o[2] (net)
                      0.233223    0.000050    1.131402 ^ _309_/A0 (sky130_fd_sc_hd__mux2_1)
     1    0.002231    0.038555    0.163399    1.294801 ^ _309_/X (sky130_fd_sc_hd__mux2_1)
                                                         _035_ (net)
                      0.038555    0.000002    1.294803 ^ _369_/D (sky130_fd_sc_hd__dfrtp_2)
                                              1.294803   data arrival time

                                  0.000000    0.000000   clock clk_i (rise edge)
                                  0.000000    0.000000   clock source latency
    60    0.155899    0.699731    0.482675    0.482675 ^ clk_i (in)
                                                         clk_i (net)
                      0.699747    0.000000    0.482675 ^ _369_/CLK (sky130_fd_sc_hd__dfrtp_2)
                                  0.250000    0.732675   clock uncertainty
                                  0.000000    0.732675   clock reconvergence pessimism
                                  0.033987    0.766662   library hold time
                                              0.766662   data required time
---------------------------------------------------------------------------------------------
                                              0.766662   data required time
                                             -1.294803   data arrival time
---------------------------------------------------------------------------------------------
                                              0.528141   slack (MET)


Startpoint: _339_ (rising edge-triggered flip-flop clocked by clk_i)
Endpoint: _338_ (rising edge-triggered flip-flop clocked by clk_i)
Path Group: clk_i
Path Type: min

Fanout         Cap        Slew       Delay        Time   Description
---------------------------------------------------------------------------------------------
                                  0.000000    0.000000   clock clk_i (rise edge)
                                  0.000000    0.000000   clock source latency
    60    0.155899    0.699731    0.482743    0.482743 ^ clk_i (in)
                                                         clk_i (net)
                      0.699748    0.000000    0.482743 ^ _339_/CLK (sky130_fd_sc_hd__dfrtp_2)
     7    0.024819    0.131844    0.571767    1.054510 ^ _339_/Q (sky130_fd_sc_hd__dfrtp_2)
                                                         rng_dp.seed_sel_i[0] (net)
                      0.131844    0.000074    1.054584 ^ _279_/B1 (sky130_fd_sc_hd__a32o_2)
     1    0.002112    0.038647    0.130924    1.185508 ^ _279_/X (sky130_fd_sc_hd__a32o_2)
                                                         _161_ (net)
                      0.038647    0.000004    1.185512 ^ _282_/A2_N (sky130_fd_sc_hd__o2bb2a_2)
     1    0.002390    0.030005    0.193696    1.379208 v _282_/X (sky130_fd_sc_hd__o2bb2a_2)
                                                         _008_ (net)
                      0.030005    0.000005    1.379213 v _338_/D (sky130_fd_sc_hd__dfrtp_2)
                                              1.379213   data arrival time

                                  0.000000    0.000000   clock clk_i (rise edge)
                                  0.000000    0.000000   clock source latency
    60    0.155899    0.699731    0.482717    0.482717 ^ clk_i (in)
                                                         clk_i (net)
                      0.699748    0.000000    0.482717 ^ _338_/CLK (sky130_fd_sc_hd__dfrtp_2)
                                  0.250000    0.732717   clock uncertainty
                                  0.000000    0.732717   clock reconvergence pessimism
                                  0.083473    0.816190   library hold time
                                              0.816190   data required time
---------------------------------------------------------------------------------------------
                                              0.816190   data required time
                                             -1.379213   data arrival time
---------------------------------------------------------------------------------------------
                                              0.563023   slack (MET)


Startpoint: _337_ (rising edge-triggered flip-flop clocked by clk_i)
Endpoint: _337_ (rising edge-triggered flip-flop clocked by clk_i)
Path Group: clk_i
Path Type: min

Fanout         Cap        Slew       Delay        Time   Description
---------------------------------------------------------------------------------------------
                                  0.000000    0.000000   clock clk_i (rise edge)
                                  0.000000    0.000000   clock source latency
    60    0.155899    0.699731    0.482775    0.482775 ^ clk_i (in)
                                                         clk_i (net)
                      0.699749    0.000000    0.482775 ^ _337_/CLK (sky130_fd_sc_hd__dfrtp_2)
    15    0.055999    0.269733    0.674314    1.157089 ^ _337_/Q (sky130_fd_sc_hd__dfrtp_2)
                                                         num_i_bar[1] (net)
                      0.269733    0.000058    1.157147 ^ _275_/B2 (sky130_fd_sc_hd__o2bb2a_2)
     1    0.002310    0.037494    0.199709    1.356857 ^ _275_/X (sky130_fd_sc_hd__o2bb2a_2)
                                                         _007_ (net)
                      0.037494    0.000004    1.356861 ^ _337_/D (sky130_fd_sc_hd__dfrtp_2)
                                              1.356861   data arrival time

                                  0.000000    0.000000   clock clk_i (rise edge)
                                  0.000000    0.000000   clock source latency
    60    0.155899    0.699731    0.482775    0.482775 ^ clk_i (in)
                                                         clk_i (net)
                      0.699749    0.000000    0.482775 ^ _337_/CLK (sky130_fd_sc_hd__dfrtp_2)
                                  0.250000    0.732775   clock uncertainty
                                  0.000000    0.732775   clock reconvergence pessimism
                                  0.034193    0.766968   library hold time
                                              0.766968   data required time
---------------------------------------------------------------------------------------------
                                              0.766968   data required time
                                             -1.356861   data arrival time
---------------------------------------------------------------------------------------------
                                              0.589892   slack (MET)


Startpoint: wr_i (input port clocked by clk_i)
Endpoint: _356_ (rising edge-triggered flip-flop clocked by clk_i)
Path Group: clk_i
Path Type: min

Fanout         Cap        Slew       Delay        Time   Description
---------------------------------------------------------------------------------------------
                                  0.000000    0.000000   clock clk_i (rise edge)
                                  0.000000    0.000000   clock network delay (propagated)
                                625.000000  625.000000 v input external delay
     1    0.002435    0.007790    0.003809  625.003784 v wr_i (in)
                                                         wr_i (net)
                      0.007790    0.000000  625.003784 v _356_/D (sky130_fd_sc_hd__dfrtp_2)
                                            625.003784   data arrival time

                                  0.000000    0.000000   clock clk_i (rise edge)
                                  0.000000    0.000000   clock source latency
    60    0.155899    0.699731    0.482700    0.482700 ^ clk_i (in)
                                                         clk_i (net)
                      0.699748    0.000000    0.482700 ^ _356_/CLK (sky130_fd_sc_hd__dfrtp_2)
                                  0.250000    0.732700   clock uncertainty
                                  0.000000    0.732700   clock reconvergence pessimism
                                  0.092421    0.825121   library hold time
                                              0.825121   data required time
---------------------------------------------------------------------------------------------
                                              0.825121   data required time
                                           -625.003784   data arrival time
---------------------------------------------------------------------------------------------
                                            624.178650   slack (MET)


Startpoint: rst_i (input port clocked by clk_i)
Endpoint: _341_ (removal check against rising-edge clock clk_i)
Path Group: asynchronous
Path Type: min

Fanout         Cap        Slew       Delay        Time   Description
---------------------------------------------------------------------------------------------
                                  0.000000    0.000000   clock clk_i (rise edge)
                                  0.000000    0.000000   clock network delay (propagated)
                                625.000000  625.000000 ^ input external delay
    60    0.259588    1.158879    0.797741  625.797729 ^ rst_i (in)
                                                         rst_i (net)
                      1.158885    0.000000  625.797729 ^ _341_/RESET_B (sky130_fd_sc_hd__dfrtp_2)
                                            625.797729   data arrival time

                                  0.000000    0.000000   clock clk_i (rise edge)
                                  0.000000    0.000000   clock source latency
    60    0.155899    0.699731    0.483825    0.483825 ^ clk_i (in)
                                                         clk_i (net)
                      0.699764    0.000000    0.483825 ^ _341_/CLK (sky130_fd_sc_hd__dfrtp_2)
                                  0.250000    0.733825   clock uncertainty
                                  0.000000    0.733825   clock reconvergence pessimism
                                  0.762298    1.496123   library removal time
                                              1.496123   data required time
---------------------------------------------------------------------------------------------
                                              1.496123   data required time
                                           -625.797729   data arrival time
---------------------------------------------------------------------------------------------
                                            624.301636   slack (MET)


Startpoint: rst_i (input port clocked by clk_i)
Endpoint: _379_ (removal check against rising-edge clock clk_i)
Path Group: asynchronous
Path Type: min

Fanout         Cap        Slew       Delay        Time   Description
---------------------------------------------------------------------------------------------
                                  0.000000    0.000000   clock clk_i (rise edge)
                                  0.000000    0.000000   clock network delay (propagated)
                                625.000000  625.000000 ^ input external delay
    60    0.259588    1.158879    0.797456  625.797485 ^ rst_i (in)
                                                         rst_i (net)
                      1.158883    0.000000  625.797485 ^ _379_/RESET_B (sky130_fd_sc_hd__dfrtp_2)
                                            625.797485   data arrival time

                                  0.000000    0.000000   clock clk_i (rise edge)
                                  0.000000    0.000000   clock source latency
    60    0.155899    0.699731    0.484059    0.484059 ^ clk_i (in)
                                                         clk_i (net)
                      0.699768    0.000000    0.484059 ^ _379_/CLK (sky130_fd_sc_hd__dfrtp_2)
                                  0.250000    0.734059   clock uncertainty
                                  0.000000    0.734059   clock reconvergence pessimism
                                  0.762298    1.496357   library removal time
                                              1.496357   data required time
---------------------------------------------------------------------------------------------
                                              1.496357   data required time
                                           -625.797485   data arrival time
---------------------------------------------------------------------------------------------
                                            624.301086   slack (MET)


Startpoint: rst_i (input port clocked by clk_i)
Endpoint: _344_ (removal check against rising-edge clock clk_i)
Path Group: asynchronous
Path Type: min

Fanout         Cap        Slew       Delay        Time   Description
---------------------------------------------------------------------------------------------
                                  0.000000    0.000000   clock clk_i (rise edge)
                                  0.000000    0.000000   clock network delay (propagated)
                                625.000000  625.000000 ^ input external delay
    60    0.259588    1.158879    0.798366  625.798340 ^ rst_i (in)
                                                         rst_i (net)
                      1.158889    0.000000  625.798340 ^ _344_/RESET_B (sky130_fd_sc_hd__dfrtp_2)
                                            625.798340   data arrival time

                                  0.000000    0.000000   clock clk_i (rise edge)
                                  0.000000    0.000000   clock source latency
    60    0.155899    0.699731    0.484292    0.484292 ^ clk_i (in)
                                                         clk_i (net)
                      0.699772    0.000000    0.484292 ^ _344_/CLK (sky130_fd_sc_hd__dfrtp_2)
                                  0.250000    0.734292   clock uncertainty
                                  0.000000    0.734292   clock reconvergence pessimism
                                  0.762300    1.496592   library removal time
                                              1.496592   data required time
---------------------------------------------------------------------------------------------
                                              1.496592   data required time
                                           -625.798340   data arrival time
---------------------------------------------------------------------------------------------
                                            624.301819   slack (MET)


Startpoint: rst_i (input port clocked by clk_i)
Endpoint: _377_ (removal check against rising-edge clock clk_i)
Path Group: asynchronous
Path Type: min

Fanout         Cap        Slew       Delay        Time   Description
---------------------------------------------------------------------------------------------
                                  0.000000    0.000000   clock clk_i (rise edge)
                                  0.000000    0.000000   clock network delay (propagated)
                                625.000000  625.000000 ^ input external delay
    60    0.259588    1.158879    0.797854  625.797852 ^ rst_i (in)
                                                         rst_i (net)
                      1.158885    0.000000  625.797852 ^ _377_/RESET_B (sky130_fd_sc_hd__dfrtp_2)
                                            625.797852   data arrival time

                                  0.000000    0.000000   clock clk_i (rise edge)
                                  0.000000    0.000000   clock source latency
    60    0.155899    0.699731    0.483777    0.483777 ^ clk_i (in)
                                                         clk_i (net)
                      0.699763    0.000000    0.483777 ^ _377_/CLK (sky130_fd_sc_hd__dfrtp_2)
                                  0.250000    0.733777   clock uncertainty
                                  0.000000    0.733777   clock reconvergence pessimism
                                  0.762298    1.496075   library removal time
                                              1.496075   data required time
---------------------------------------------------------------------------------------------
                                              1.496075   data required time
                                           -625.797852   data arrival time
---------------------------------------------------------------------------------------------
                                            624.301819   slack (MET)


Startpoint: rst_i (input port clocked by clk_i)
Endpoint: _378_ (removal check against rising-edge clock clk_i)
Path Group: asynchronous
Path Type: min

Fanout         Cap        Slew       Delay        Time   Description
---------------------------------------------------------------------------------------------
                                  0.000000    0.000000   clock clk_i (rise edge)
                                  0.000000    0.000000   clock network delay (propagated)
                                625.000000  625.000000 ^ input external delay
    60    0.259588    1.158879    0.797570  625.797546 ^ rst_i (in)
                                                         rst_i (net)
                      1.158884    0.000000  625.797546 ^ _378_/RESET_B (sky130_fd_sc_hd__dfrtp_2)
                                            625.797546   data arrival time

                                  0.000000    0.000000   clock clk_i (rise edge)
                                  0.000000    0.000000   clock source latency
    60    0.155899    0.699731    0.483853    0.483853 ^ clk_i (in)
                                                         clk_i (net)
                      0.699764    0.000000    0.483853 ^ _378_/CLK (sky130_fd_sc_hd__dfrtp_2)
                                  0.250000    0.733853   clock uncertainty
                                  0.000000    0.733853   clock reconvergence pessimism
                                  0.762298    1.496151   library removal time
                                              1.496151   data required time
---------------------------------------------------------------------------------------------
                                              1.496151   data required time
                                           -625.797546   data arrival time
---------------------------------------------------------------------------------------------
                                            624.301392   slack (MET)


Startpoint: rst_i (input port clocked by clk_i)
Endpoint: _382_ (removal check against rising-edge clock clk_i)
Path Group: asynchronous
Path Type: min

Fanout         Cap        Slew       Delay        Time   Description
---------------------------------------------------------------------------------------------
                                  0.000000    0.000000   clock clk_i (rise edge)
                                  0.000000    0.000000   clock network delay (propagated)
                                625.000000  625.000000 ^ input external delay
    60    0.259588    1.158879    0.797684  625.797668 ^ rst_i (in)
                                                         rst_i (net)
                      1.158884    0.000000  625.797668 ^ _382_/RESET_B (sky130_fd_sc_hd__dfrtp_2)
                                            625.797668   data arrival time

                                  0.000000    0.000000   clock clk_i (rise edge)
                                  0.000000    0.000000   clock source latency
    60    0.155899    0.699731    0.483845    0.483845 ^ clk_i (in)
                                                         clk_i (net)
                      0.699764    0.000000    0.483845 ^ _382_/CLK (sky130_fd_sc_hd__dfrtp_2)
                                  0.250000    0.733845   clock uncertainty
                                  0.000000    0.733845   clock reconvergence pessimism
                                  0.762298    1.496143   library removal time
                                              1.496143   data required time
---------------------------------------------------------------------------------------------
                                              1.496143   data required time
                                           -625.797668   data arrival time
---------------------------------------------------------------------------------------------
                                            624.301575   slack (MET)


Startpoint: rst_i (input port clocked by clk_i)
Endpoint: _383_ (removal check against rising-edge clock clk_i)
Path Group: asynchronous
Path Type: min

Fanout         Cap        Slew       Delay        Time   Description
---------------------------------------------------------------------------------------------
                                  0.000000    0.000000   clock clk_i (rise edge)
                                  0.000000    0.000000   clock network delay (propagated)
                                625.000000  625.000000 ^ input external delay
    60    0.259588    1.158879    0.797797  625.797791 ^ rst_i (in)
                                                         rst_i (net)
                      1.158885    0.000000  625.797791 ^ _383_/RESET_B (sky130_fd_sc_hd__dfrtp_2)
                                            625.797791   data arrival time

                                  0.000000    0.000000   clock clk_i (rise edge)
                                  0.000000    0.000000   clock source latency
    60    0.155899    0.699731    0.483802    0.483802 ^ clk_i (in)
                                                         clk_i (net)
                      0.699763    0.000000    0.483802 ^ _383_/CLK (sky130_fd_sc_hd__dfrtp_2)
                                  0.250000    0.733802   clock uncertainty
                                  0.000000    0.733802   clock reconvergence pessimism
                                  0.762298    1.496100   library removal time
                                              1.496100   data required time
---------------------------------------------------------------------------------------------
                                              1.496100   data required time
                                           -625.797791   data arrival time
---------------------------------------------------------------------------------------------
                                            624.301697   slack (MET)


Startpoint: rst_i (input port clocked by clk_i)
Endpoint: _389_ (removal check against rising-edge clock clk_i)
Path Group: asynchronous
Path Type: min

Fanout         Cap        Slew       Delay        Time   Description
---------------------------------------------------------------------------------------------
                                  0.000000    0.000000   clock clk_i (rise edge)
                                  0.000000    0.000000   clock network delay (propagated)
                                625.000000  625.000000 ^ input external delay
    60    0.259588    1.158879    0.798082  625.798096 ^ rst_i (in)
                                                         rst_i (net)
                      1.158887    0.000000  625.798096 ^ _389_/RESET_B (sky130_fd_sc_hd__dfrtp_2)
                                            625.798096   data arrival time

                                  0.000000    0.000000   clock clk_i (rise edge)
                                  0.000000    0.000000   clock source latency
    60    0.155899    0.699731    0.484298    0.484298 ^ clk_i (in)
                                                         clk_i (net)
                      0.699772    0.000000    0.484298 ^ _389_/CLK (sky130_fd_sc_hd__dfrtp_2)
                                  0.250000    0.734298   clock uncertainty
                                  0.000000    0.734298   clock reconvergence pessimism
                                  0.762300    1.496598   library removal time
                                              1.496598   data required time
---------------------------------------------------------------------------------------------
                                              1.496598   data required time
                                           -625.798096   data arrival time
---------------------------------------------------------------------------------------------
                                            624.301514   slack (MET)


Startpoint: rst_i (input port clocked by clk_i)
Endpoint: _390_ (removal check against rising-edge clock clk_i)
Path Group: asynchronous
Path Type: min

Fanout         Cap        Slew       Delay        Time   Description
---------------------------------------------------------------------------------------------
                                  0.000000    0.000000   clock clk_i (rise edge)
                                  0.000000    0.000000   clock network delay (propagated)
                                625.000000  625.000000 ^ input external delay
    60    0.259588    1.158879    0.798025  625.798035 ^ rst_i (in)
                                                         rst_i (net)
                      1.158886    0.000000  625.798035 ^ _390_/RESET_B (sky130_fd_sc_hd__dfrtp_2)
                                            625.798035   data arrival time

                                  0.000000    0.000000   clock clk_i (rise edge)
                                  0.000000    0.000000   clock source latency
    60    0.155899    0.699731    0.484050    0.484050 ^ clk_i (in)
                                                         clk_i (net)
                      0.699767    0.000000    0.484050 ^ _390_/CLK (sky130_fd_sc_hd__dfrtp_2)
                                  0.250000    0.734050   clock uncertainty
                                  0.000000    0.734050   clock reconvergence pessimism
                                  0.762299    1.496349   library removal time
                                              1.496349   data required time
---------------------------------------------------------------------------------------------
                                              1.496349   data required time
                                           -625.798035   data arrival time
---------------------------------------------------------------------------------------------
                                            624.301697   slack (MET)


Startpoint: rst_i (input port clocked by clk_i)
Endpoint: _333_ (removal check against rising-edge clock clk_i)
Path Group: asynchronous
Path Type: min

Fanout         Cap        Slew       Delay        Time   Description
---------------------------------------------------------------------------------------------
                                  0.000000    0.000000   clock clk_i (rise edge)
                                  0.000000    0.000000   clock network delay (propagated)
                                625.000000  625.000000 ^ input external delay
    60    0.259588    1.158879    0.799389  625.799377 ^ rst_i (in)
                                                         rst_i (net)
                      1.158897    0.000000  625.799377 ^ _333_/RESET_B (sky130_fd_sc_hd__dfrtp_2)
                                            625.799377   data arrival time

                                  0.000000    0.000000   clock clk_i (rise edge)
                                  0.000000    0.000000   clock source latency
    60    0.155899    0.699731    0.484194    0.484194 ^ clk_i (in)
                                                         clk_i (net)
                      0.699770    0.000000    0.484194 ^ _333_/CLK (sky130_fd_sc_hd__dfrtp_2)
                                  0.250000    0.734194   clock uncertainty
                                  0.000000    0.734194   clock reconvergence pessimism
                                  0.762302    1.496496   library removal time
                                              1.496496   data required time
---------------------------------------------------------------------------------------------
                                              1.496496   data required time
                                           -625.799377   data arrival time
---------------------------------------------------------------------------------------------
                                            624.302856   slack (MET)


Startpoint: rst_i (input port clocked by clk_i)
Endpoint: _342_ (removal check against rising-edge clock clk_i)
Path Group: asynchronous
Path Type: min

Fanout         Cap        Slew       Delay        Time   Description
---------------------------------------------------------------------------------------------
                                  0.000000    0.000000   clock clk_i (rise edge)
                                  0.000000    0.000000   clock network delay (propagated)
                                625.000000  625.000000 ^ input external delay
    60    0.259588    1.158879    0.797854  625.797852 ^ rst_i (in)
                                                         rst_i (net)
                      1.158885    0.000000  625.797852 ^ _342_/RESET_B (sky130_fd_sc_hd__dfrtp_2)
                                            625.797852   data arrival time

                                  0.000000    0.000000   clock clk_i (rise edge)
                                  0.000000    0.000000   clock source latency
    60    0.155899    0.699731    0.483039    0.483039 ^ clk_i (in)
                                                         clk_i (net)
                      0.699752    0.000000    0.483039 ^ _342_/CLK (sky130_fd_sc_hd__dfrtp_2)
                                  0.250000    0.733039   clock uncertainty
                                  0.000000    0.733039   clock reconvergence pessimism
                                  0.762297    1.495336   library removal time
                                              1.495336   data required time
---------------------------------------------------------------------------------------------
                                              1.495336   data required time
                                           -625.797852   data arrival time
---------------------------------------------------------------------------------------------
                                            624.302551   slack (MET)


Startpoint: rst_i (input port clocked by clk_i)
Endpoint: _343_ (removal check against rising-edge clock clk_i)
Path Group: asynchronous
Path Type: min

Fanout         Cap        Slew       Delay        Time   Description
---------------------------------------------------------------------------------------------
                                  0.000000    0.000000   clock clk_i (rise edge)
                                  0.000000    0.000000   clock network delay (propagated)
                                625.000000  625.000000 ^ input external delay
    60    0.259588    1.158879    0.799105  625.799133 ^ rst_i (in)
                                                         rst_i (net)
                      1.158894    0.000000  625.799133 ^ _343_/RESET_B (sky130_fd_sc_hd__dfrtp_2)
                                            625.799133   data arrival time

                                  0.000000    0.000000   clock clk_i (rise edge)
                                  0.000000    0.000000   clock source latency
    60    0.155899    0.699731    0.483984    0.483984 ^ clk_i (in)
                                                         clk_i (net)
                      0.699766    0.000000    0.483984 ^ _343_/CLK (sky130_fd_sc_hd__dfrtp_2)
                                  0.250000    0.733984   clock uncertainty
                                  0.000000    0.733984   clock reconvergence pessimism
                                  0.762301    1.496285   library removal time
                                              1.496285   data required time
---------------------------------------------------------------------------------------------
                                              1.496285   data required time
                                           -625.799133   data arrival time
---------------------------------------------------------------------------------------------
                                            624.302795   slack (MET)


Startpoint: rst_i (input port clocked by clk_i)
Endpoint: _345_ (removal check against rising-edge clock clk_i)
Path Group: asynchronous
Path Type: min

Fanout         Cap        Slew       Delay        Time   Description
---------------------------------------------------------------------------------------------
                                  0.000000    0.000000   clock clk_i (rise edge)
                                  0.000000    0.000000   clock network delay (propagated)
                                625.000000  625.000000 ^ input external delay
    60    0.259588    1.158879    0.798536  625.798523 ^ rst_i (in)
                                                         rst_i (net)
                      1.158890    0.000000  625.798523 ^ _345_/RESET_B (sky130_fd_sc_hd__dfrtp_2)
                                            625.798523   data arrival time

                                  0.000000    0.000000   clock clk_i (rise edge)
                                  0.000000    0.000000   clock source latency
    60    0.155899    0.699731    0.483951    0.483951 ^ clk_i (in)
                                                         clk_i (net)
                      0.699766    0.000000    0.483951 ^ _345_/CLK (sky130_fd_sc_hd__dfrtp_2)
                                  0.250000    0.733951   clock uncertainty
                                  0.000000    0.733951   clock reconvergence pessimism
                                  0.762300    1.496251   library removal time
                                              1.496251   data required time
---------------------------------------------------------------------------------------------
                                              1.496251   data required time
                                           -625.798523   data arrival time
---------------------------------------------------------------------------------------------
                                            624.302307   slack (MET)


Startpoint: rst_i (input port clocked by clk_i)
Endpoint: _346_ (removal check against rising-edge clock clk_i)
Path Group: asynchronous
Path Type: min

Fanout         Cap        Slew       Delay        Time   Description
---------------------------------------------------------------------------------------------
                                  0.000000    0.000000   clock clk_i (rise edge)
                                  0.000000    0.000000   clock network delay (propagated)
                                625.000000  625.000000 ^ input external delay
    60    0.259588    1.158879    0.798877  625.798889 ^ rst_i (in)
                                                         rst_i (net)
                      1.158892    0.000000  625.798889 ^ _346_/RESET_B (sky130_fd_sc_hd__dfrtp_2)
                                            625.798889   data arrival time

                                  0.000000    0.000000   clock clk_i (rise edge)
                                  0.000000    0.000000   clock source latency
    60    0.155899    0.699731    0.484263    0.484263 ^ clk_i (in)
                                                         clk_i (net)
                      0.699771    0.000000    0.484263 ^ _346_/CLK (sky130_fd_sc_hd__dfrtp_2)
                                  0.250000    0.734263   clock uncertainty
                                  0.000000    0.734263   clock reconvergence pessimism
                                  0.762301    1.496565   library removal time
                                              1.496565   data required time
---------------------------------------------------------------------------------------------
                                              1.496565   data required time
                                           -625.798889   data arrival time
---------------------------------------------------------------------------------------------
                                            624.302307   slack (MET)


Startpoint: rst_i (input port clocked by clk_i)
Endpoint: _384_ (removal check against rising-edge clock clk_i)
Path Group: asynchronous
Path Type: min

Fanout         Cap        Slew       Delay        Time   Description
---------------------------------------------------------------------------------------------
                                  0.000000    0.000000   clock clk_i (rise edge)
                                  0.000000    0.000000   clock network delay (propagated)
                                625.000000  625.000000 ^ input external delay
    60    0.259588    1.158879    0.798650  625.798645 ^ rst_i (in)
                                                         rst_i (net)
                      1.158891    0.000000  625.798645 ^ _384_/RESET_B (sky130_fd_sc_hd__dfrtp_2)
                                            625.798645   data arrival time

                                  0.000000    0.000000   clock clk_i (rise edge)
                                  0.000000    0.000000   clock source latency
    60    0.155899    0.699731    0.484021    0.484021 ^ clk_i (in)
                                                         clk_i (net)
                      0.699767    0.000000    0.484021 ^ _384_/CLK (sky130_fd_sc_hd__dfrtp_2)
                                  0.250000    0.734021   clock uncertainty
                                  0.000000    0.734021   clock reconvergence pessimism
                                  0.762300    1.496321   library removal time
                                              1.496321   data required time
---------------------------------------------------------------------------------------------
                                              1.496321   data required time
                                           -625.798645   data arrival time
---------------------------------------------------------------------------------------------
                                            624.302307   slack (MET)


Startpoint: rst_i (input port clocked by clk_i)
Endpoint: _391_ (removal check against rising-edge clock clk_i)
Path Group: asynchronous
Path Type: min

Fanout         Cap        Slew       Delay        Time   Description
---------------------------------------------------------------------------------------------
                                  0.000000    0.000000   clock clk_i (rise edge)
                                  0.000000    0.000000   clock network delay (propagated)
                                625.000000  625.000000 ^ input external delay
    60    0.259588    1.158879    0.798480  625.798462 ^ rst_i (in)
                                                         rst_i (net)
                      1.158889    0.000000  625.798462 ^ _391_/RESET_B (sky130_fd_sc_hd__dfrtp_2)
                                            625.798462   data arrival time

                                  0.000000    0.000000   clock clk_i (rise edge)
                                  0.000000    0.000000   clock source latency
    60    0.155899    0.699731    0.484287    0.484287 ^ clk_i (in)
                                                         clk_i (net)
                      0.699772    0.000000    0.484287 ^ _391_/CLK (sky130_fd_sc_hd__dfrtp_2)
                                  0.250000    0.734287   clock uncertainty
                                  0.000000    0.734287   clock reconvergence pessimism
                                  0.762300    1.496588   library removal time
                                              1.496588   data required time
---------------------------------------------------------------------------------------------
                                              1.496588   data required time
                                           -625.798462   data arrival time
---------------------------------------------------------------------------------------------
                                            624.301880   slack (MET)


Startpoint: rst_i (input port clocked by clk_i)
Endpoint: _348_ (removal check against rising-edge clock clk_i)
Path Group: asynchronous
Path Type: min

Fanout         Cap        Slew       Delay        Time   Description
---------------------------------------------------------------------------------------------
                                  0.000000    0.000000   clock clk_i (rise edge)
                                  0.000000    0.000000   clock network delay (propagated)
                                625.000000  625.000000 ^ input external delay
    60    0.259588    1.158879    0.797854  625.797852 ^ rst_i (in)
                                                         rst_i (net)
                      1.158885    0.000000  625.797852 ^ _348_/RESET_B (sky130_fd_sc_hd__dfrtp_2)
                                            625.797852   data arrival time

                                  0.000000    0.000000   clock clk_i (rise edge)
                                  0.000000    0.000000   clock source latency
    60    0.155899    0.699731    0.483033    0.483033 ^ clk_i (in)
                                                         clk_i (net)
                      0.699752    0.000000    0.483033 ^ _348_/CLK (sky130_fd_sc_hd__dfrtp_2)
                                  0.250000    0.733033   clock uncertainty
                                  0.000000    0.733033   clock reconvergence pessimism
                                  0.762297    1.495330   library removal time
                                              1.495330   data required time
---------------------------------------------------------------------------------------------
                                              1.495330   data required time
                                           -625.797852   data arrival time
---------------------------------------------------------------------------------------------
                                            624.302551   slack (MET)


Startpoint: rst_i (input port clocked by clk_i)
Endpoint: _380_ (removal check against rising-edge clock clk_i)
Path Group: asynchronous
Path Type: min

Fanout         Cap        Slew       Delay        Time   Description
---------------------------------------------------------------------------------------------
                                  0.000000    0.000000   clock clk_i (rise edge)
                                  0.000000    0.000000   clock network delay (propagated)
                                625.000000  625.000000 ^ input external delay
    60    0.259588    1.158879    0.798991  625.799011 ^ rst_i (in)
                                                         rst_i (net)
                      1.158893    0.000000  625.799011 ^ _380_/RESET_B (sky130_fd_sc_hd__dfrtp_2)
                                            625.799011   data arrival time

                                  0.000000    0.000000   clock clk_i (rise edge)
                                  0.000000    0.000000   clock source latency
    60    0.155899    0.699731    0.484249    0.484249 ^ clk_i (in)
                                                         clk_i (net)
                      0.699771    0.000000    0.484249 ^ _380_/CLK (sky130_fd_sc_hd__dfrtp_2)
                                  0.250000    0.734249   clock uncertainty
                                  0.000000    0.734249   clock reconvergence pessimism
                                  0.762301    1.496550   library removal time
                                              1.496550   data required time
---------------------------------------------------------------------------------------------
                                              1.496550   data required time
                                           -625.799011   data arrival time
---------------------------------------------------------------------------------------------
                                            624.302429   slack (MET)


Startpoint: rst_i (input port clocked by clk_i)
Endpoint: _336_ (removal check against rising-edge clock clk_i)
Path Group: asynchronous
Path Type: min

Fanout         Cap        Slew       Delay        Time   Description
---------------------------------------------------------------------------------------------
                                  0.000000    0.000000   clock clk_i (rise edge)
                                  0.000000    0.000000   clock network delay (propagated)
                                625.000000  625.000000 ^ input external delay
    60    0.259588    1.158879    0.799787  625.799805 ^ rst_i (in)
                                                         rst_i (net)
                      1.158901    0.000000  625.799805 ^ _336_/RESET_B (sky130_fd_sc_hd__dfrtp_2)
                                            625.799805   data arrival time

                                  0.000000    0.000000   clock clk_i (rise edge)
                                  0.000000    0.000000   clock source latency
    60    0.155899    0.699731    0.484119    0.484119 ^ clk_i (in)
                                                         clk_i (net)
                      0.699769    0.000000    0.484119 ^ _336_/CLK (sky130_fd_sc_hd__dfrtp_2)
                                  0.250000    0.734119   clock uncertainty
                                  0.000000    0.734119   clock reconvergence pessimism
                                  0.762303    1.496422   library removal time
                                              1.496422   data required time
---------------------------------------------------------------------------------------------
                                              1.496422   data required time
                                           -625.799805   data arrival time
---------------------------------------------------------------------------------------------
                                            624.303406   slack (MET)


Startpoint: rst_i (input port clocked by clk_i)
Endpoint: _349_ (removal check against rising-edge clock clk_i)
Path Group: asynchronous
Path Type: min

Fanout         Cap        Slew       Delay        Time   Description
---------------------------------------------------------------------------------------------
                                  0.000000    0.000000   clock clk_i (rise edge)
                                  0.000000    0.000000   clock network delay (propagated)
                                625.000000  625.000000 ^ input external delay
    60    0.259588    1.158879    0.799332  625.799316 ^ rst_i (in)
                                                         rst_i (net)
                      1.158896    0.000000  625.799316 ^ _349_/RESET_B (sky130_fd_sc_hd__dfrtp_2)
                                            625.799316   data arrival time

                                  0.000000    0.000000   clock clk_i (rise edge)
                                  0.000000    0.000000   clock source latency
    60    0.155899    0.699731    0.483963    0.483963 ^ clk_i (in)
                                                         clk_i (net)
                      0.699766    0.000000    0.483963 ^ _349_/CLK (sky130_fd_sc_hd__dfrtp_2)
                                  0.250000    0.733963   clock uncertainty
                                  0.000000    0.733963   clock reconvergence pessimism
                                  0.762302    1.496265   library removal time
                                              1.496265   data required time
---------------------------------------------------------------------------------------------
                                              1.496265   data required time
                                           -625.799316   data arrival time
---------------------------------------------------------------------------------------------
                                            624.303040   slack (MET)


Startpoint: rst_i (input port clocked by clk_i)
Endpoint: _352_ (removal check against rising-edge clock clk_i)
Path Group: asynchronous
Path Type: min

Fanout         Cap        Slew       Delay        Time   Description
---------------------------------------------------------------------------------------------
                                  0.000000    0.000000   clock clk_i (rise edge)
                                  0.000000    0.000000   clock network delay (propagated)
                                625.000000  625.000000 ^ input external delay
    60    0.259588    1.158879    0.799389  625.799377 ^ rst_i (in)
                                                         rst_i (net)
                      1.158897    0.000000  625.799377 ^ _352_/RESET_B (sky130_fd_sc_hd__dfrtp_2)
                                            625.799377   data arrival time

                                  0.000000    0.000000   clock clk_i (rise edge)
                                  0.000000    0.000000   clock source latency
    60    0.155899    0.699731    0.483917    0.483917 ^ clk_i (in)
                                                         clk_i (net)
                      0.699765    0.000000    0.483917 ^ _352_/CLK (sky130_fd_sc_hd__dfrtp_2)
                                  0.250000    0.733917   clock uncertainty
                                  0.000000    0.733917   clock reconvergence pessimism
                                  0.762302    1.496219   library removal time
                                              1.496219   data required time
---------------------------------------------------------------------------------------------
                                              1.496219   data required time
                                           -625.799377   data arrival time
---------------------------------------------------------------------------------------------
                                            624.303162   slack (MET)


Startpoint: rst_i (input port clocked by clk_i)
Endpoint: _381_ (removal check against rising-edge clock clk_i)
Path Group: asynchronous
Path Type: min

Fanout         Cap        Slew       Delay        Time   Description
---------------------------------------------------------------------------------------------
                                  0.000000    0.000000   clock clk_i (rise edge)
                                  0.000000    0.000000   clock network delay (propagated)
                                625.000000  625.000000 ^ input external delay
    60    0.259588    1.158879    0.799332  625.799316 ^ rst_i (in)
                                                         rst_i (net)
                      1.158896    0.000000  625.799316 ^ _381_/RESET_B (sky130_fd_sc_hd__dfrtp_2)
                                            625.799316   data arrival time

                                  0.000000    0.000000   clock clk_i (rise edge)
                                  0.000000    0.000000   clock source latency
    60    0.155899    0.699731    0.484204    0.484204 ^ clk_i (in)
                                                         clk_i (net)
                      0.699770    0.000000    0.484204 ^ _381_/CLK (sky130_fd_sc_hd__dfrtp_2)
                                  0.250000    0.734204   clock uncertainty
                                  0.000000    0.734204   clock reconvergence pessimism
                                  0.762302    1.496506   library removal time
                                              1.496506   data required time
---------------------------------------------------------------------------------------------
                                              1.496506   data required time
                                           -625.799316   data arrival time
---------------------------------------------------------------------------------------------
                                            624.302795   slack (MET)


Startpoint: rst_i (input port clocked by clk_i)
Endpoint: _334_ (removal check against rising-edge clock clk_i)
Path Group: asynchronous
Path Type: min

Fanout         Cap        Slew       Delay        Time   Description
---------------------------------------------------------------------------------------------
                                  0.000000    0.000000   clock clk_i (rise edge)
                                  0.000000    0.000000   clock network delay (propagated)
                                625.000000  625.000000 ^ input external delay
    60    0.259588    1.158879    0.799730  625.799744 ^ rst_i (in)
                                                         rst_i (net)
                      1.158901    0.000000  625.799744 ^ _334_/RESET_B (sky130_fd_sc_hd__dfrtp_2)
                                            625.799744   data arrival time

                                  0.000000    0.000000   clock clk_i (rise edge)
                                  0.000000    0.000000   clock source latency
    60    0.155899    0.699731    0.484004    0.484004 ^ clk_i (in)
                                                         clk_i (net)
                      0.699767    0.000000    0.484004 ^ _334_/CLK (sky130_fd_sc_hd__dfrtp_2)
                                  0.250000    0.734004   clock uncertainty
                                  0.000000    0.734004   clock reconvergence pessimism
                                  0.762303    1.496307   library removal time
                                              1.496307   data required time
---------------------------------------------------------------------------------------------
                                              1.496307   data required time
                                           -625.799744   data arrival time
---------------------------------------------------------------------------------------------
                                            624.303467   slack (MET)


Startpoint: rst_i (input port clocked by clk_i)
Endpoint: _335_ (removal check against rising-edge clock clk_i)
Path Group: asynchronous
Path Type: min

Fanout         Cap        Slew       Delay        Time   Description
---------------------------------------------------------------------------------------------
                                  0.000000    0.000000   clock clk_i (rise edge)
                                  0.000000    0.000000   clock network delay (propagated)
                                625.000000  625.000000 ^ input external delay
    60    0.259588    1.158879    0.799616  625.799622 ^ rst_i (in)
                                                         rst_i (net)
                      1.158899    0.000000  625.799622 ^ _335_/RESET_B (sky130_fd_sc_hd__dfrtp_2)
                                            625.799622   data arrival time

                                  0.000000    0.000000   clock clk_i (rise edge)
                                  0.000000    0.000000   clock source latency
    60    0.155899    0.699731    0.484135    0.484135 ^ clk_i (in)
                                                         clk_i (net)
                      0.699769    0.000000    0.484135 ^ _335_/CLK (sky130_fd_sc_hd__dfrtp_2)
                                  0.250000    0.734135   clock uncertainty
                                  0.000000    0.734135   clock reconvergence pessimism
                                  0.762303    1.496438   library removal time
                                              1.496438   data required time
---------------------------------------------------------------------------------------------
                                              1.496438   data required time
                                           -625.799622   data arrival time
---------------------------------------------------------------------------------------------
                                            624.303162   slack (MET)


Startpoint: rst_i (input port clocked by clk_i)
Endpoint: _347_ (removal check against rising-edge clock clk_i)
Path Group: asynchronous
Path Type: min

Fanout         Cap        Slew       Delay        Time   Description
---------------------------------------------------------------------------------------------
                                  0.000000    0.000000   clock clk_i (rise edge)
                                  0.000000    0.000000   clock network delay (propagated)
                                625.000000  625.000000 ^ input external delay
    60    0.259588    1.158879    0.799787  625.799805 ^ rst_i (in)
                                                         rst_i (net)
                      1.158901    0.000000  625.799805 ^ _347_/RESET_B (sky130_fd_sc_hd__dfrtp_2)
                                            625.799805   data arrival time

                                  0.000000    0.000000   clock clk_i (rise edge)
                                  0.000000    0.000000   clock source latency
    60    0.155899    0.699731    0.483721    0.483721 ^ clk_i (in)
                                                         clk_i (net)
                      0.699762    0.000000    0.483721 ^ _347_/CLK (sky130_fd_sc_hd__dfrtp_2)
                                  0.250000    0.733721   clock uncertainty
                                  0.000000    0.733721   clock reconvergence pessimism
                                  0.762302    1.496023   library removal time
                                              1.496023   data required time
---------------------------------------------------------------------------------------------
                                              1.496023   data required time
                                           -625.799805   data arrival time
---------------------------------------------------------------------------------------------
                                            624.303772   slack (MET)


Startpoint: rst_i (input port clocked by clk_i)
Endpoint: _355_ (removal check against rising-edge clock clk_i)
Path Group: asynchronous
Path Type: min

Fanout         Cap        Slew       Delay        Time   Description
---------------------------------------------------------------------------------------------
                                  0.000000    0.000000   clock clk_i (rise edge)
                                  0.000000    0.000000   clock network delay (propagated)
                                625.000000  625.000000 ^ input external delay
    60    0.259588    1.158879    0.799389  625.799377 ^ rst_i (in)
                                                         rst_i (net)
                      1.158897    0.000000  625.799377 ^ _355_/RESET_B (sky130_fd_sc_hd__dfrtp_2)
                                            625.799377   data arrival time

                                  0.000000    0.000000   clock clk_i (rise edge)
                                  0.000000    0.000000   clock source latency
    60    0.155899    0.699731    0.483813    0.483813 ^ clk_i (in)
                                                         clk_i (net)
                      0.699763    0.000000    0.483813 ^ _355_/CLK (sky130_fd_sc_hd__dfrtp_2)
                                  0.250000    0.733813   clock uncertainty
                                  0.000000    0.733813   clock reconvergence pessimism
                                  0.762301    1.496115   library removal time
                                              1.496115   data required time
---------------------------------------------------------------------------------------------
                                              1.496115   data required time
                                           -625.799377   data arrival time
---------------------------------------------------------------------------------------------
                                            624.303284   slack (MET)


Startpoint: rst_i (input port clocked by clk_i)
Endpoint: _387_ (removal check against rising-edge clock clk_i)
Path Group: asynchronous
Path Type: min

Fanout         Cap        Slew       Delay        Time   Description
---------------------------------------------------------------------------------------------
                                  0.000000    0.000000   clock clk_i (rise edge)
                                  0.000000    0.000000   clock network delay (propagated)
                                625.000000  625.000000 ^ input external delay
    60    0.259588    1.158879    0.799673  625.799683 ^ rst_i (in)
                                                         rst_i (net)
                      1.158900    0.000000  625.799683 ^ _387_/RESET_B (sky130_fd_sc_hd__dfrtp_2)
                                            625.799683   data arrival time

                                  0.000000    0.000000   clock clk_i (rise edge)
                                  0.000000    0.000000   clock source latency
    60    0.155899    0.699731    0.484172    0.484172 ^ clk_i (in)
                                                         clk_i (net)
                      0.699770    0.000000    0.484172 ^ _387_/CLK (sky130_fd_sc_hd__dfrtp_2)
                                  0.250000    0.734173   clock uncertainty
                                  0.000000    0.734173   clock reconvergence pessimism
                                  0.762303    1.496475   library removal time
                                              1.496475   data required time
---------------------------------------------------------------------------------------------
                                              1.496475   data required time
                                           -625.799683   data arrival time
---------------------------------------------------------------------------------------------
                                            624.303223   slack (MET)


Startpoint: rst_i (input port clocked by clk_i)
Endpoint: _388_ (removal check against rising-edge clock clk_i)
Path Group: asynchronous
Path Type: min

Fanout         Cap        Slew       Delay        Time   Description
---------------------------------------------------------------------------------------------
                                  0.000000    0.000000   clock clk_i (rise edge)
                                  0.000000    0.000000   clock network delay (propagated)
                                625.000000  625.000000 ^ input external delay
    60    0.259588    1.158879    0.799673  625.799683 ^ rst_i (in)
                                                         rst_i (net)
                      1.158900    0.000000  625.799683 ^ _388_/RESET_B (sky130_fd_sc_hd__dfrtp_2)
                                            625.799683   data arrival time

                                  0.000000    0.000000   clock clk_i (rise edge)
                                  0.000000    0.000000   clock source latency
    60    0.155899    0.699731    0.484171    0.484171 ^ clk_i (in)
                                                         clk_i (net)
                      0.699770    0.000000    0.484171 ^ _388_/CLK (sky130_fd_sc_hd__dfrtp_2)
                                  0.250000    0.734171   clock uncertainty
                                  0.000000    0.734171   clock reconvergence pessimism
                                  0.762303    1.496474   library removal time
                                              1.496474   data required time
---------------------------------------------------------------------------------------------
                                              1.496474   data required time
                                           -625.799683   data arrival time
---------------------------------------------------------------------------------------------
                                            624.303223   slack (MET)


Startpoint: rst_i (input port clocked by clk_i)
Endpoint: _350_ (removal check against rising-edge clock clk_i)
Path Group: asynchronous
Path Type: min

Fanout         Cap        Slew       Delay        Time   Description
---------------------------------------------------------------------------------------------
                                  0.000000    0.000000   clock clk_i (rise edge)
                                  0.000000    0.000000   clock network delay (propagated)
                                625.000000  625.000000 ^ input external delay
    60    0.259588    1.158879    0.799957  625.799988 ^ rst_i (in)
                                                         rst_i (net)
                      1.158903    0.000000  625.799988 ^ _350_/RESET_B (sky130_fd_sc_hd__dfrtp_2)
                                            625.799988   data arrival time

                                  0.000000    0.000000   clock clk_i (rise edge)
                                  0.000000    0.000000   clock source latency
    60    0.155899    0.699731    0.483669    0.483669 ^ clk_i (in)
                                                         clk_i (net)
                      0.699761    0.000000    0.483669 ^ _350_/CLK (sky130_fd_sc_hd__dfrtp_2)
                                  0.250000    0.733669   clock uncertainty
                                  0.000000    0.733669   clock reconvergence pessimism
                                  0.762303    1.495971   library removal time
                                              1.495971   data required time
---------------------------------------------------------------------------------------------
                                              1.495971   data required time
                                           -625.799988   data arrival time
---------------------------------------------------------------------------------------------
                                            624.304016   slack (MET)


Startpoint: rst_i (input port clocked by clk_i)
Endpoint: _359_ (removal check against rising-edge clock clk_i)
Path Group: asynchronous
Path Type: min

Fanout         Cap        Slew       Delay        Time   Description
---------------------------------------------------------------------------------------------
                                  0.000000    0.000000   clock clk_i (rise edge)
                                  0.000000    0.000000   clock network delay (propagated)
                                625.000000  625.000000 ^ input external delay
    60    0.259588    1.158879    0.799787  625.799805 ^ rst_i (in)
                                                         rst_i (net)
                      1.158901    0.000000  625.799805 ^ _359_/RESET_B (sky130_fd_sc_hd__dfrtp_2)
                                            625.799805   data arrival time

                                  0.000000    0.000000   clock clk_i (rise edge)
                                  0.000000    0.000000   clock source latency
    60    0.155899    0.699731    0.483807    0.483807 ^ clk_i (in)
                                                         clk_i (net)
                      0.699763    0.000000    0.483807 ^ _359_/CLK (sky130_fd_sc_hd__dfrtp_2)
                                  0.250000    0.733807   clock uncertainty
                                  0.000000    0.733807   clock reconvergence pessimism
                                  0.762303    1.496110   library removal time
                                              1.496110   data required time
---------------------------------------------------------------------------------------------
                                              1.496110   data required time
                                           -625.799805   data arrival time
---------------------------------------------------------------------------------------------
                                            624.303650   slack (MET)


Startpoint: rst_i (input port clocked by clk_i)
Endpoint: _392_ (removal check against rising-edge clock clk_i)
Path Group: asynchronous
Path Type: min

Fanout         Cap        Slew       Delay        Time   Description
---------------------------------------------------------------------------------------------
                                  0.000000    0.000000   clock clk_i (rise edge)
                                  0.000000    0.000000   clock network delay (propagated)
                                625.000000  625.000000 ^ input external delay
    60    0.259588    1.158879    0.799787  625.799805 ^ rst_i (in)
                                                         rst_i (net)
                      1.158901    0.000000  625.799805 ^ _392_/RESET_B (sky130_fd_sc_hd__dfrtp_2)
                                            625.799805   data arrival time

                                  0.000000    0.000000   clock clk_i (rise edge)
                                  0.000000    0.000000   clock source latency
    60    0.155899    0.699731    0.483935    0.483935 ^ clk_i (in)
                                                         clk_i (net)
                      0.699765    0.000000    0.483935 ^ _392_/CLK (sky130_fd_sc_hd__dfrtp_2)
                                  0.250000    0.733935   clock uncertainty
                                  0.000000    0.733935   clock reconvergence pessimism
                                  0.762303    1.496238   library removal time
                                              1.496238   data required time
---------------------------------------------------------------------------------------------
                                              1.496238   data required time
                                           -625.799805   data arrival time
---------------------------------------------------------------------------------------------
                                            624.303528   slack (MET)


Startpoint: rst_i (input port clocked by clk_i)
Endpoint: _337_ (removal check against rising-edge clock clk_i)
Path Group: asynchronous
Path Type: min

Fanout         Cap        Slew       Delay        Time   Description
---------------------------------------------------------------------------------------------
                                  0.000000    0.000000   clock clk_i (rise edge)
                                  0.000000    0.000000   clock network delay (propagated)
                                625.000000  625.000000 ^ input external delay
    60    0.259588    1.158879    0.799957  625.799988 ^ rst_i (in)
                                                         rst_i (net)
                      1.158903    0.000000  625.799988 ^ _337_/RESET_B (sky130_fd_sc_hd__dfrtp_2)
                                            625.799988   data arrival time

                                  0.000000    0.000000   clock clk_i (rise edge)
                                  0.000000    0.000000   clock source latency
    60    0.155899    0.699731    0.482775    0.482775 ^ clk_i (in)
                                                         clk_i (net)
                      0.699749    0.000000    0.482775 ^ _337_/CLK (sky130_fd_sc_hd__dfrtp_2)
                                  0.250000    0.732775   clock uncertainty
                                  0.000000    0.732775   clock reconvergence pessimism
                                  0.762301    1.495076   library removal time
                                              1.495076   data required time
---------------------------------------------------------------------------------------------
                                              1.495076   data required time
                                           -625.799988   data arrival time
---------------------------------------------------------------------------------------------
                                            624.304871   slack (MET)


Startpoint: rst_i (input port clocked by clk_i)
Endpoint: _338_ (removal check against rising-edge clock clk_i)
Path Group: asynchronous
Path Type: min

Fanout         Cap        Slew       Delay        Time   Description
---------------------------------------------------------------------------------------------
                                  0.000000    0.000000   clock clk_i (rise edge)
                                  0.000000    0.000000   clock network delay (propagated)
                                625.000000  625.000000 ^ input external delay
    60    0.259588    1.158879    0.800242  625.800232 ^ rst_i (in)
                                                         rst_i (net)
                      1.158906    0.000000  625.800232 ^ _338_/RESET_B (sky130_fd_sc_hd__dfrtp_2)
                                            625.800232   data arrival time

                                  0.000000    0.000000   clock clk_i (rise edge)
                                  0.000000    0.000000   clock source latency
    60    0.155899    0.699731    0.482717    0.482717 ^ clk_i (in)
                                                         clk_i (net)
                      0.699748    0.000000    0.482717 ^ _338_/CLK (sky130_fd_sc_hd__dfrtp_2)
                                  0.250000    0.732717   clock uncertainty
                                  0.000000    0.732717   clock reconvergence pessimism
                                  0.762302    1.495019   library removal time
                                              1.495019   data required time
---------------------------------------------------------------------------------------------
                                              1.495019   data required time
                                           -625.800232   data arrival time
---------------------------------------------------------------------------------------------
                                            624.305176   slack (MET)


Startpoint: rst_i (input port clocked by clk_i)
Endpoint: _339_ (removal check against rising-edge clock clk_i)
Path Group: asynchronous
Path Type: min

Fanout         Cap        Slew       Delay        Time   Description
---------------------------------------------------------------------------------------------
                                  0.000000    0.000000   clock clk_i (rise edge)
                                  0.000000    0.000000   clock network delay (propagated)
                                625.000000  625.000000 ^ input external delay
    60    0.259588    1.158879    0.800299  625.800293 ^ rst_i (in)
                                                         rst_i (net)
                      1.158907    0.000000  625.800293 ^ _339_/RESET_B (sky130_fd_sc_hd__dfrtp_2)
                                            625.800293   data arrival time

                                  0.000000    0.000000   clock clk_i (rise edge)
                                  0.000000    0.000000   clock source latency
    60    0.155899    0.699731    0.482743    0.482743 ^ clk_i (in)
                                                         clk_i (net)
                      0.699748    0.000000    0.482743 ^ _339_/CLK (sky130_fd_sc_hd__dfrtp_2)
                                  0.250000    0.732743   clock uncertainty
                                  0.000000    0.732743   clock reconvergence pessimism
                                  0.762302    1.495045   library removal time
                                              1.495045   data required time
---------------------------------------------------------------------------------------------
                                              1.495045   data required time
                                           -625.800293   data arrival time
---------------------------------------------------------------------------------------------
                                            624.305237   slack (MET)


Startpoint: rst_i (input port clocked by clk_i)
Endpoint: _340_ (removal check against rising-edge clock clk_i)
Path Group: asynchronous
Path Type: min

Fanout         Cap        Slew       Delay        Time   Description
---------------------------------------------------------------------------------------------
                                  0.000000    0.000000   clock clk_i (rise edge)
                                  0.000000    0.000000   clock network delay (propagated)
                                625.000000  625.000000 ^ input external delay
    60    0.259588    1.158879    0.800299  625.800293 ^ rst_i (in)
                                                         rst_i (net)
                      1.158907    0.000000  625.800293 ^ _340_/RESET_B (sky130_fd_sc_hd__dfrtp_2)
                                            625.800293   data arrival time

                                  0.000000    0.000000   clock clk_i (rise edge)
                                  0.000000    0.000000   clock source latency
    60    0.155899    0.699731    0.482742    0.482742 ^ clk_i (in)
                                                         clk_i (net)
                      0.699748    0.000000    0.482742 ^ _340_/CLK (sky130_fd_sc_hd__dfrtp_2)
                                  0.250000    0.732742   clock uncertainty
                                  0.000000    0.732742   clock reconvergence pessimism
                                  0.762302    1.495044   library removal time
                                              1.495044   data required time
---------------------------------------------------------------------------------------------
                                              1.495044   data required time
                                           -625.800293   data arrival time
---------------------------------------------------------------------------------------------
                                            624.305237   slack (MET)


Startpoint: rst_i (input port clocked by clk_i)
Endpoint: _351_ (removal check against rising-edge clock clk_i)
Path Group: asynchronous
Path Type: min

Fanout         Cap        Slew       Delay        Time   Description
---------------------------------------------------------------------------------------------
                                  0.000000    0.000000   clock clk_i (rise edge)
                                  0.000000    0.000000   clock network delay (propagated)
                                625.000000  625.000000 ^ input external delay
    60    0.259588    1.158879    0.800071  625.800049 ^ rst_i (in)
                                                         rst_i (net)
                      1.158904    0.000000  625.800049 ^ _351_/RESET_B (sky130_fd_sc_hd__dfrtp_2)
                                            625.800049   data arrival time

                                  0.000000    0.000000   clock clk_i (rise edge)
                                  0.000000    0.000000   clock source latency
    60    0.155899    0.699731    0.482996    0.482996 ^ clk_i (in)
                                                         clk_i (net)
                      0.699751    0.000000    0.482996 ^ _351_/CLK (sky130_fd_sc_hd__dfrtp_2)
                                  0.250000    0.732996   clock uncertainty
                                  0.000000    0.732996   clock reconvergence pessimism
                                  0.762302    1.495298   library removal time
                                              1.495298   data required time
---------------------------------------------------------------------------------------------
                                              1.495298   data required time
                                           -625.800049   data arrival time
---------------------------------------------------------------------------------------------
                                            624.304749   slack (MET)


Startpoint: rst_i (input port clocked by clk_i)
Endpoint: _353_ (removal check against rising-edge clock clk_i)
Path Group: asynchronous
Path Type: min

Fanout         Cap        Slew       Delay        Time   Description
---------------------------------------------------------------------------------------------
                                  0.000000    0.000000   clock clk_i (rise edge)
                                  0.000000    0.000000   clock network delay (propagated)
                                625.000000  625.000000 ^ input external delay
    60    0.259588    1.158879    0.800185  625.800171 ^ rst_i (in)
                                                         rst_i (net)
                      1.158905    0.000000  625.800171 ^ _353_/RESET_B (sky130_fd_sc_hd__dfrtp_2)
                                            625.800171   data arrival time

                                  0.000000    0.000000   clock clk_i (rise edge)
                                  0.000000    0.000000   clock source latency
    60    0.155899    0.699731    0.483582    0.483582 ^ clk_i (in)
                                                         clk_i (net)
                      0.699760    0.000000    0.483582 ^ _353_/CLK (sky130_fd_sc_hd__dfrtp_2)
                                  0.250000    0.733582   clock uncertainty
                                  0.000000    0.733582   clock reconvergence pessimism
                                  0.762303    1.495885   library removal time
                                              1.495885   data required time
---------------------------------------------------------------------------------------------
                                              1.495885   data required time
                                           -625.800171   data arrival time
---------------------------------------------------------------------------------------------
                                            624.304321   slack (MET)


Startpoint: rst_i (input port clocked by clk_i)
Endpoint: _354_ (removal check against rising-edge clock clk_i)
Path Group: asynchronous
Path Type: min

Fanout         Cap        Slew       Delay        Time   Description
---------------------------------------------------------------------------------------------
                                  0.000000    0.000000   clock clk_i (rise edge)
                                  0.000000    0.000000   clock network delay (propagated)
                                625.000000  625.000000 ^ input external delay
    60    0.259588    1.158879    0.800128  625.800110 ^ rst_i (in)
                                                         rst_i (net)
                      1.158905    0.000000  625.800110 ^ _354_/RESET_B (sky130_fd_sc_hd__dfrtp_2)
                                            625.800110   data arrival time

                                  0.000000    0.000000   clock clk_i (rise edge)
                                  0.000000    0.000000   clock source latency
    60    0.155899    0.699731    0.482941    0.482941 ^ clk_i (in)
                                                         clk_i (net)
                      0.699751    0.000000    0.482941 ^ _354_/CLK (sky130_fd_sc_hd__dfrtp_2)
                                  0.250000    0.732941   clock uncertainty
                                  0.000000    0.732941   clock reconvergence pessimism
                                  0.762302    1.495243   library removal time
                                              1.495243   data required time
---------------------------------------------------------------------------------------------
                                              1.495243   data required time
                                           -625.800110   data arrival time
---------------------------------------------------------------------------------------------
                                            624.304871   slack (MET)


Startpoint: rst_i (input port clocked by clk_i)
Endpoint: _357_ (removal check against rising-edge clock clk_i)
Path Group: asynchronous
Path Type: min

Fanout         Cap        Slew       Delay        Time   Description
---------------------------------------------------------------------------------------------
                                  0.000000    0.000000   clock clk_i (rise edge)
                                  0.000000    0.000000   clock network delay (propagated)
                                625.000000  625.000000 ^ input external delay
    60    0.259588    1.158879    0.800355  625.800354 ^ rst_i (in)
                                                         rst_i (net)
                      1.158908    0.000000  625.800354 ^ _357_/RESET_B (sky130_fd_sc_hd__dfrtp_2)
                                            625.800354   data arrival time

                                  0.000000    0.000000   clock clk_i (rise edge)
                                  0.000000    0.000000   clock source latency
    60    0.155899    0.699731    0.483470    0.483470 ^ clk_i (in)
                                                         clk_i (net)
                      0.699758    0.000000    0.483470 ^ _357_/CLK (sky130_fd_sc_hd__dfrtp_2)
                                  0.250000    0.733470   clock uncertainty
                                  0.000000    0.733470   clock reconvergence pessimism
                                  0.762304    1.495773   library removal time
                                              1.495773   data required time
---------------------------------------------------------------------------------------------
                                              1.495773   data required time
                                           -625.800354   data arrival time
---------------------------------------------------------------------------------------------
                                            624.304565   slack (MET)


Startpoint: rst_i (input port clocked by clk_i)
Endpoint: _356_ (removal check against rising-edge clock clk_i)
Path Group: asynchronous
Path Type: min

Fanout         Cap        Slew       Delay        Time   Description
---------------------------------------------------------------------------------------------
                                  0.000000    0.000000   clock clk_i (rise edge)
                                  0.000000    0.000000   clock network delay (propagated)
                                625.000000  625.000000 ^ input external delay
    60    0.259588    1.158879    0.800242  625.800232 ^ rst_i (in)
                                                         rst_i (net)
                      1.158906    0.000000  625.800232 ^ _356_/RESET_B (sky130_fd_sc_hd__dfrtp_2)
                                            625.800232   data arrival time

                                  0.000000    0.000000   clock clk_i (rise edge)
                                  0.000000    0.000000   clock source latency
    60    0.155899    0.699731    0.482700    0.482700 ^ clk_i (in)
                                                         clk_i (net)
                      0.699748    0.000000    0.482700 ^ _356_/CLK (sky130_fd_sc_hd__dfrtp_2)
                                  0.250000    0.732700   clock uncertainty
                                  0.000000    0.732700   clock reconvergence pessimism
                                  0.762302    1.495002   library removal time
                                              1.495002   data required time
---------------------------------------------------------------------------------------------
                                              1.495002   data required time
                                           -625.800232   data arrival time
---------------------------------------------------------------------------------------------
                                            624.305237   slack (MET)


Startpoint: rst_i (input port clocked by clk_i)
Endpoint: _358_ (removal check against rising-edge clock clk_i)
Path Group: asynchronous
Path Type: min

Fanout         Cap        Slew       Delay        Time   Description
---------------------------------------------------------------------------------------------
                                  0.000000    0.000000   clock clk_i (rise edge)
                                  0.000000    0.000000   clock network delay (propagated)
                                625.000000  625.000000 ^ input external delay
    60    0.259588    1.158879    0.800185  625.800171 ^ rst_i (in)
                                                         rst_i (net)
                      1.158906    0.000000  625.800171 ^ _358_/RESET_B (sky130_fd_sc_hd__dfrtp_2)
                                            625.800171   data arrival time

                                  0.000000    0.000000   clock clk_i (rise edge)
                                  0.000000    0.000000   clock source latency
    60    0.155899    0.699731    0.482839    0.482839 ^ clk_i (in)
                                                         clk_i (net)
                      0.699749    0.000000    0.482839 ^ _358_/CLK (sky130_fd_sc_hd__dfrtp_2)
                                  0.250000    0.732839   clock uncertainty
                                  0.000000    0.732839   clock reconvergence pessimism
                                  0.762302    1.495142   library removal time
                                              1.495142   data required time
---------------------------------------------------------------------------------------------
                                              1.495142   data required time
                                           -625.800171   data arrival time
---------------------------------------------------------------------------------------------
                                            624.305054   slack (MET)


Startpoint: rst_i (input port clocked by clk_i)
Endpoint: _360_ (removal check against rising-edge clock clk_i)
Path Group: asynchronous
Path Type: min

Fanout         Cap        Slew       Delay        Time   Description
---------------------------------------------------------------------------------------------
                                  0.000000    0.000000   clock clk_i (rise edge)
                                  0.000000    0.000000   clock network delay (propagated)
                                625.000000  625.000000 ^ input external delay
    60    0.259588    1.158879    0.800526  625.800537 ^ rst_i (in)
                                                         rst_i (net)
                      1.158909    0.000000  625.800537 ^ _360_/RESET_B (sky130_fd_sc_hd__dfrtp_2)
                                            625.800537   data arrival time

                                  0.000000    0.000000   clock clk_i (rise edge)
                                  0.000000    0.000000   clock source latency
    60    0.155899    0.699731    0.483153    0.483153 ^ clk_i (in)
                                                         clk_i (net)
                      0.699753    0.000000    0.483153 ^ _360_/CLK (sky130_fd_sc_hd__dfrtp_2)
                                  0.250000    0.733153   clock uncertainty
                                  0.000000    0.733153   clock reconvergence pessimism
                                  0.762304    1.495457   library removal time
                                              1.495457   data required time
---------------------------------------------------------------------------------------------
                                              1.495457   data required time
                                           -625.800537   data arrival time
---------------------------------------------------------------------------------------------
                                            624.305115   slack (MET)


Startpoint: rst_i (input port clocked by clk_i)
Endpoint: _362_ (removal check against rising-edge clock clk_i)
Path Group: asynchronous
Path Type: min

Fanout         Cap        Slew       Delay        Time   Description
---------------------------------------------------------------------------------------------
                                  0.000000    0.000000   clock clk_i (rise edge)
                                  0.000000    0.000000   clock network delay (propagated)
                                625.000000  625.000000 ^ input external delay
    60    0.259588    1.158879    0.799844  625.799866 ^ rst_i (in)
                                                         rst_i (net)
                      1.158901    0.000000  625.799866 ^ _362_/RESET_B (sky130_fd_sc_hd__dfrtp_2)
                                            625.799866   data arrival time

                                  0.000000    0.000000   clock clk_i (rise edge)
                                  0.000000    0.000000   clock source latency
    60    0.155899    0.699731    0.482756    0.482756 ^ clk_i (in)
                                                         clk_i (net)
                      0.699748    0.000000    0.482756 ^ _362_/CLK (sky130_fd_sc_hd__dfrtp_2)
                                  0.250000    0.732756   clock uncertainty
                                  0.000000    0.732756   clock reconvergence pessimism
                                  0.762301    1.495057   library removal time
                                              1.495057   data required time
---------------------------------------------------------------------------------------------
                                              1.495057   data required time
                                           -625.799866   data arrival time
---------------------------------------------------------------------------------------------
                                            624.304810   slack (MET)


Startpoint: rst_i (input port clocked by clk_i)
Endpoint: _375_ (removal check against rising-edge clock clk_i)
Path Group: asynchronous
Path Type: min

Fanout         Cap        Slew       Delay        Time   Description
---------------------------------------------------------------------------------------------
                                  0.000000    0.000000   clock clk_i (rise edge)
                                  0.000000    0.000000   clock network delay (propagated)
                                625.000000  625.000000 ^ input external delay
    60    0.259588    1.158879    0.800128  625.800110 ^ rst_i (in)
                                                         rst_i (net)
                      1.158904    0.000000  625.800110 ^ _375_/RESET_B (sky130_fd_sc_hd__dfrtp_2)
                                            625.800110   data arrival time

                                  0.000000    0.000000   clock clk_i (rise edge)
                                  0.000000    0.000000   clock source latency
    60    0.155899    0.699731    0.482976    0.482976 ^ clk_i (in)
                                                         clk_i (net)
                      0.699751    0.000000    0.482976 ^ _375_/CLK (sky130_fd_sc_hd__dfrtp_2)
                                  0.250000    0.732976   clock uncertainty
                                  0.000000    0.732976   clock reconvergence pessimism
                                  0.762302    1.495278   library removal time
                                              1.495278   data required time
---------------------------------------------------------------------------------------------
                                              1.495278   data required time
                                           -625.800110   data arrival time
---------------------------------------------------------------------------------------------
                                            624.304871   slack (MET)


Startpoint: rst_i (input port clocked by clk_i)
Endpoint: _376_ (removal check against rising-edge clock clk_i)
Path Group: asynchronous
Path Type: min

Fanout         Cap        Slew       Delay        Time   Description
---------------------------------------------------------------------------------------------
                                  0.000000    0.000000   clock clk_i (rise edge)
                                  0.000000    0.000000   clock network delay (propagated)
                                625.000000  625.000000 ^ input external delay
    60    0.259588    1.158879    0.799957  625.799988 ^ rst_i (in)
                                                         rst_i (net)
                      1.158903    0.000000  625.799988 ^ _376_/RESET_B (sky130_fd_sc_hd__dfrtp_2)
                                            625.799988   data arrival time

                                  0.000000    0.000000   clock clk_i (rise edge)
                                  0.000000    0.000000   clock source latency
    60    0.155899    0.699731    0.483020    0.483020 ^ clk_i (in)
                                                         clk_i (net)
                      0.699752    0.000000    0.483020 ^ _376_/CLK (sky130_fd_sc_hd__dfrtp_2)
                                  0.250000    0.733020   clock uncertainty
                                  0.000000    0.733020   clock reconvergence pessimism
                                  0.762302    1.495321   library removal time
                                              1.495321   data required time
---------------------------------------------------------------------------------------------
                                              1.495321   data required time
                                           -625.799988   data arrival time
---------------------------------------------------------------------------------------------
                                            624.304626   slack (MET)


Startpoint: rst_i (input port clocked by clk_i)
Endpoint: _361_ (removal check against rising-edge clock clk_i)
Path Group: asynchronous
Path Type: min

Fanout         Cap        Slew       Delay        Time   Description
---------------------------------------------------------------------------------------------
                                  0.000000    0.000000   clock clk_i (rise edge)
                                  0.000000    0.000000   clock network delay (propagated)
                                625.000000  625.000000 ^ input external delay
    60    0.259588    1.158879    0.800640  625.800659 ^ rst_i (in)
                                                         rst_i (net)
                      1.158911    0.000000  625.800659 ^ _361_/RESET_B (sky130_fd_sc_hd__dfrtp_2)
                                            625.800659   data arrival time

                                  0.000000    0.000000   clock clk_i (rise edge)
                                  0.000000    0.000000   clock source latency
    60    0.155899    0.699731    0.482794    0.482794 ^ clk_i (in)
                                                         clk_i (net)
                      0.699749    0.000000    0.482794 ^ _361_/CLK (sky130_fd_sc_hd__dfrtp_2)
                                  0.250000    0.732794   clock uncertainty
                                  0.000000    0.732794   clock reconvergence pessimism
                                  0.762303    1.495097   library removal time
                                              1.495097   data required time
---------------------------------------------------------------------------------------------
                                              1.495097   data required time
                                           -625.800659   data arrival time
---------------------------------------------------------------------------------------------
                                            624.305542   slack (MET)


Startpoint: rst_i (input port clocked by clk_i)
Endpoint: _365_ (removal check against rising-edge clock clk_i)
Path Group: asynchronous
Path Type: min

Fanout         Cap        Slew       Delay        Time   Description
---------------------------------------------------------------------------------------------
                                  0.000000    0.000000   clock clk_i (rise edge)
                                  0.000000    0.000000   clock network delay (propagated)
                                625.000000  625.000000 ^ input external delay
    60    0.259588    1.158879    0.800128  625.800110 ^ rst_i (in)
                                                         rst_i (net)
                      1.158905    0.000000  625.800110 ^ _365_/RESET_B (sky130_fd_sc_hd__dfrtp_2)
                                            625.800110   data arrival time

                                  0.000000    0.000000   clock clk_i (rise edge)
                                  0.000000    0.000000   clock source latency
    60    0.155899    0.699731    0.482718    0.482718 ^ clk_i (in)
                                                         clk_i (net)
                      0.699748    0.000000    0.482718 ^ _365_/CLK (sky130_fd_sc_hd__dfrtp_2)
                                  0.250000    0.732718   clock uncertainty
                                  0.000000    0.732718   clock reconvergence pessimism
                                  0.762302    1.495019   library removal time
                                              1.495019   data required time
---------------------------------------------------------------------------------------------
                                              1.495019   data required time
                                           -625.800110   data arrival time
---------------------------------------------------------------------------------------------
                                            624.305115   slack (MET)


Startpoint: rst_i (input port clocked by clk_i)
Endpoint: _366_ (removal check against rising-edge clock clk_i)
Path Group: asynchronous
Path Type: min

Fanout         Cap        Slew       Delay        Time   Description
---------------------------------------------------------------------------------------------
                                  0.000000    0.000000   clock clk_i (rise edge)
                                  0.000000    0.000000   clock network delay (propagated)
                                625.000000  625.000000 ^ input external delay
    60    0.259588    1.158879    0.800128  625.800110 ^ rst_i (in)
                                                         rst_i (net)
                      1.158905    0.000000  625.800110 ^ _366_/RESET_B (sky130_fd_sc_hd__dfrtp_2)
                                            625.800110   data arrival time

                                  0.000000    0.000000   clock clk_i (rise edge)
                                  0.000000    0.000000   clock source latency
    60    0.155899    0.699731    0.482715    0.482715 ^ clk_i (in)
                                                         clk_i (net)
                      0.699748    0.000000    0.482715 ^ _366_/CLK (sky130_fd_sc_hd__dfrtp_2)
                                  0.250000    0.732715   clock uncertainty
                                  0.000000    0.732715   clock reconvergence pessimism
                                  0.762302    1.495017   library removal time
                                              1.495017   data required time
---------------------------------------------------------------------------------------------
                                              1.495017   data required time
                                           -625.800110   data arrival time
---------------------------------------------------------------------------------------------
                                            624.305115   slack (MET)


Startpoint: rst_i (input port clocked by clk_i)
Endpoint: _369_ (removal check against rising-edge clock clk_i)
Path Group: asynchronous
Path Type: min

Fanout         Cap        Slew       Delay        Time   Description
---------------------------------------------------------------------------------------------
                                  0.000000    0.000000   clock clk_i (rise edge)
                                  0.000000    0.000000   clock network delay (propagated)
                                625.000000  625.000000 ^ input external delay
    60    0.259588    1.158879    0.800242  625.800232 ^ rst_i (in)
                                                         rst_i (net)
                      1.158906    0.000000  625.800232 ^ _369_/RESET_B (sky130_fd_sc_hd__dfrtp_2)
                                            625.800232   data arrival time

                                  0.000000    0.000000   clock clk_i (rise edge)
                                  0.000000    0.000000   clock source latency
    60    0.155899    0.699731    0.482675    0.482675 ^ clk_i (in)
                                                         clk_i (net)
                      0.699747    0.000000    0.482675 ^ _369_/CLK (sky130_fd_sc_hd__dfrtp_2)
                                  0.250000    0.732675   clock uncertainty
                                  0.000000    0.732675   clock reconvergence pessimism
                                  0.762302    1.494977   library removal time
                                              1.494977   data required time
---------------------------------------------------------------------------------------------
                                              1.494977   data required time
                                           -625.800232   data arrival time
---------------------------------------------------------------------------------------------
                                            624.305237   slack (MET)


Startpoint: rst_i (input port clocked by clk_i)
Endpoint: _374_ (removal check against rising-edge clock clk_i)
Path Group: asynchronous
Path Type: min

Fanout         Cap        Slew       Delay        Time   Description
---------------------------------------------------------------------------------------------
                                  0.000000    0.000000   clock clk_i (rise edge)
                                  0.000000    0.000000   clock network delay (propagated)
                                625.000000  625.000000 ^ input external delay
    60    0.259588    1.158879    0.800185  625.800171 ^ rst_i (in)
                                                         rst_i (net)
                      1.158905    0.000000  625.800171 ^ _374_/RESET_B (sky130_fd_sc_hd__dfrtp_2)
                                            625.800171   data arrival time

                                  0.000000    0.000000   clock clk_i (rise edge)
                                  0.000000    0.000000   clock source latency
    60    0.155899    0.699731    0.482915    0.482915 ^ clk_i (in)
                                                         clk_i (net)
                      0.699750    0.000000    0.482915 ^ _374_/CLK (sky130_fd_sc_hd__dfrtp_2)
                                  0.250000    0.732915   clock uncertainty
                                  0.000000    0.732915   clock reconvergence pessimism
                                  0.762302    1.495217   library removal time
                                              1.495217   data required time
---------------------------------------------------------------------------------------------
                                              1.495217   data required time
                                           -625.800171   data arrival time
---------------------------------------------------------------------------------------------
                                            624.304993   slack (MET)


Startpoint: rst_i (input port clocked by clk_i)
Endpoint: _385_ (removal check against rising-edge clock clk_i)
Path Group: asynchronous
Path Type: min

Fanout         Cap        Slew       Delay        Time   Description
---------------------------------------------------------------------------------------------
                                  0.000000    0.000000   clock clk_i (rise edge)
                                  0.000000    0.000000   clock network delay (propagated)
                                625.000000  625.000000 ^ input external delay
    60    0.259588    1.158879    0.800014  625.799988 ^ rst_i (in)
                                                         rst_i (net)
                      1.158904    0.000000  625.799988 ^ _385_/RESET_B (sky130_fd_sc_hd__dfrtp_2)
                                            625.799988   data arrival time

                                  0.000000    0.000000   clock clk_i (rise edge)
                                  0.000000    0.000000   clock source latency
    60    0.155899    0.699731    0.482760    0.482760 ^ clk_i (in)
                                                         clk_i (net)
                      0.699748    0.000000    0.482760 ^ _385_/CLK (sky130_fd_sc_hd__dfrtp_2)
                                  0.250000    0.732760   clock uncertainty
                                  0.000000    0.732760   clock reconvergence pessimism
                                  0.762301    1.495061   library removal time
                                              1.495061   data required time
---------------------------------------------------------------------------------------------
                                              1.495061   data required time
                                           -625.799988   data arrival time
---------------------------------------------------------------------------------------------
                                            624.304993   slack (MET)


Startpoint: rst_i (input port clocked by clk_i)
Endpoint: _386_ (removal check against rising-edge clock clk_i)
Path Group: asynchronous
Path Type: min

Fanout         Cap        Slew       Delay        Time   Description
---------------------------------------------------------------------------------------------
                                  0.000000    0.000000   clock clk_i (rise edge)
                                  0.000000    0.000000   clock network delay (propagated)
                                625.000000  625.000000 ^ input external delay
    60    0.259588    1.158879    0.799673  625.799683 ^ rst_i (in)
                                                         rst_i (net)
                      1.158900    0.000000  625.799683 ^ _386_/RESET_B (sky130_fd_sc_hd__dfrtp_2)
                                            625.799683   data arrival time

                                  0.000000    0.000000   clock clk_i (rise edge)
                                  0.000000    0.000000   clock source latency
    60    0.155899    0.699731    0.482797    0.482797 ^ clk_i (in)
                                                         clk_i (net)
                      0.699749    0.000000    0.482797 ^ _386_/CLK (sky130_fd_sc_hd__dfrtp_2)
                                  0.250000    0.732797   clock uncertainty
                                  0.000000    0.732797   clock reconvergence pessimism
                                  0.762301    1.495097   library removal time
                                              1.495097   data required time
---------------------------------------------------------------------------------------------
                                              1.495097   data required time
                                           -625.799683   data arrival time
---------------------------------------------------------------------------------------------
                                            624.304565   slack (MET)


Startpoint: rst_i (input port clocked by clk_i)
Endpoint: _363_ (removal check against rising-edge clock clk_i)
Path Group: asynchronous
Path Type: min

Fanout         Cap        Slew       Delay        Time   Description
---------------------------------------------------------------------------------------------
                                  0.000000    0.000000   clock clk_i (rise edge)
                                  0.000000    0.000000   clock network delay (propagated)
                                625.000000  625.000000 ^ input external delay
    60    0.259588    1.158879    0.800640  625.800659 ^ rst_i (in)
                                                         rst_i (net)
                      1.158911    0.000000  625.800659 ^ _363_/RESET_B (sky130_fd_sc_hd__dfrtp_2)
                                            625.800659   data arrival time

                                  0.000000    0.000000   clock clk_i (rise edge)
                                  0.000000    0.000000   clock source latency
    60    0.155899    0.699731    0.482396    0.482396 ^ clk_i (in)
                                                         clk_i (net)
                      0.699744    0.000000    0.482396 ^ _363_/CLK (sky130_fd_sc_hd__dfrtp_2)
                                  0.250000    0.732396   clock uncertainty
                                  0.000000    0.732396   clock reconvergence pessimism
                                  0.762303    1.494699   library removal time
                                              1.494699   data required time
---------------------------------------------------------------------------------------------
                                              1.494699   data required time
                                           -625.800659   data arrival time
---------------------------------------------------------------------------------------------
                                            624.305969   slack (MET)


Startpoint: rst_i (input port clocked by clk_i)
Endpoint: _364_ (removal check against rising-edge clock clk_i)
Path Group: asynchronous
Path Type: min

Fanout         Cap        Slew       Delay        Time   Description
---------------------------------------------------------------------------------------------
                                  0.000000    0.000000   clock clk_i (rise edge)
                                  0.000000    0.000000   clock network delay (propagated)
                                625.000000  625.000000 ^ input external delay
    60    0.259588    1.158879    0.800640  625.800659 ^ rst_i (in)
                                                         rst_i (net)
                      1.158911    0.000000  625.800659 ^ _364_/RESET_B (sky130_fd_sc_hd__dfrtp_2)
                                            625.800659   data arrival time

                                  0.000000    0.000000   clock clk_i (rise edge)
                                  0.000000    0.000000   clock source latency
    60    0.155899    0.699731    0.482434    0.482434 ^ clk_i (in)
                                                         clk_i (net)
                      0.699745    0.000000    0.482434 ^ _364_/CLK (sky130_fd_sc_hd__dfrtp_2)
                                  0.250000    0.732434   clock uncertainty
                                  0.000000    0.732434   clock reconvergence pessimism
                                  0.762303    1.494737   library removal time
                                              1.494737   data required time
---------------------------------------------------------------------------------------------
                                              1.494737   data required time
                                           -625.800659   data arrival time
---------------------------------------------------------------------------------------------
                                            624.305908   slack (MET)


Startpoint: rst_i (input port clocked by clk_i)
Endpoint: _367_ (removal check against rising-edge clock clk_i)
Path Group: asynchronous
Path Type: min

Fanout         Cap        Slew       Delay        Time   Description
---------------------------------------------------------------------------------------------
                                  0.000000    0.000000   clock clk_i (rise edge)
                                  0.000000    0.000000   clock network delay (propagated)
                                625.000000  625.000000 ^ input external delay
    60    0.259588    1.158879    0.800640  625.800659 ^ rst_i (in)
                                                         rst_i (net)
                      1.158911    0.000000  625.800659 ^ _367_/RESET_B (sky130_fd_sc_hd__dfrtp_2)
                                            625.800659   data arrival time

                                  0.000000    0.000000   clock clk_i (rise edge)
                                  0.000000    0.000000   clock source latency
    60    0.155899    0.699731    0.482475    0.482475 ^ clk_i (in)
                                                         clk_i (net)
                      0.699745    0.000000    0.482475 ^ _367_/CLK (sky130_fd_sc_hd__dfrtp_2)
                                  0.250000    0.732475   clock uncertainty
                                  0.000000    0.732475   clock reconvergence pessimism
                                  0.762303    1.494778   library removal time
                                              1.494778   data required time
---------------------------------------------------------------------------------------------
                                              1.494778   data required time
                                           -625.800659   data arrival time
---------------------------------------------------------------------------------------------
                                            624.305908   slack (MET)


Startpoint: rst_i (input port clocked by clk_i)
Endpoint: _368_ (removal check against rising-edge clock clk_i)
Path Group: asynchronous
Path Type: min

Fanout         Cap        Slew       Delay        Time   Description
---------------------------------------------------------------------------------------------
                                  0.000000    0.000000   clock clk_i (rise edge)
                                  0.000000    0.000000   clock network delay (propagated)
                                625.000000  625.000000 ^ input external delay
    60    0.259588    1.158879    0.800299  625.800293 ^ rst_i (in)
                                                         rst_i (net)
                      1.158906    0.000000  625.800293 ^ _368_/RESET_B (sky130_fd_sc_hd__dfrtp_2)
                                            625.800293   data arrival time

                                  0.000000    0.000000   clock clk_i (rise edge)
                                  0.000000    0.000000   clock source latency
    60    0.155899    0.699731    0.482567    0.482567 ^ clk_i (in)
                                                         clk_i (net)
                      0.699746    0.000000    0.482567 ^ _368_/CLK (sky130_fd_sc_hd__dfrtp_2)
                                  0.250000    0.732566   clock uncertainty
                                  0.000000    0.732566   clock reconvergence pessimism
                                  0.762302    1.494868   library removal time
                                              1.494868   data required time
---------------------------------------------------------------------------------------------
                                              1.494868   data required time
                                           -625.800293   data arrival time
---------------------------------------------------------------------------------------------
                                            624.305420   slack (MET)


Startpoint: rst_i (input port clocked by clk_i)
Endpoint: _372_ (removal check against rising-edge clock clk_i)
Path Group: asynchronous
Path Type: min

Fanout         Cap        Slew       Delay        Time   Description
---------------------------------------------------------------------------------------------
                                  0.000000    0.000000   clock clk_i (rise edge)
                                  0.000000    0.000000   clock network delay (propagated)
                                625.000000  625.000000 ^ input external delay
    60    0.259588    1.158879    0.800640  625.800659 ^ rst_i (in)
                                                         rst_i (net)
                      1.158911    0.000000  625.800659 ^ _372_/RESET_B (sky130_fd_sc_hd__dfrtp_2)
                                            625.800659   data arrival time

                                  0.000000    0.000000   clock clk_i (rise edge)
                                  0.000000    0.000000   clock source latency
    60    0.155899    0.699731    0.482718    0.482718 ^ clk_i (in)
                                                         clk_i (net)
                      0.699748    0.000000    0.482718 ^ _372_/CLK (sky130_fd_sc_hd__dfrtp_2)
                                  0.250000    0.732718   clock uncertainty
                                  0.000000    0.732718   clock reconvergence pessimism
                                  0.762303    1.495021   library removal time
                                              1.495021   data required time
---------------------------------------------------------------------------------------------
                                              1.495021   data required time
                                           -625.800659   data arrival time
---------------------------------------------------------------------------------------------
                                            624.305603   slack (MET)


Startpoint: rst_i (input port clocked by clk_i)
Endpoint: _373_ (removal check against rising-edge clock clk_i)
Path Group: asynchronous
Path Type: min

Fanout         Cap        Slew       Delay        Time   Description
---------------------------------------------------------------------------------------------
                                  0.000000    0.000000   clock clk_i (rise edge)
                                  0.000000    0.000000   clock network delay (propagated)
                                625.000000  625.000000 ^ input external delay
    60    0.259588    1.158879    0.800185  625.800171 ^ rst_i (in)
                                                         rst_i (net)
                      1.158906    0.000000  625.800171 ^ _373_/RESET_B (sky130_fd_sc_hd__dfrtp_2)
                                            625.800171   data arrival time

                                  0.000000    0.000000   clock clk_i (rise edge)
                                  0.000000    0.000000   clock source latency
    60    0.155899    0.699731    0.482812    0.482812 ^ clk_i (in)
                                                         clk_i (net)
                      0.699749    0.000000    0.482812 ^ _373_/CLK (sky130_fd_sc_hd__dfrtp_2)
                                  0.250000    0.732812   clock uncertainty
                                  0.000000    0.732812   clock reconvergence pessimism
                                  0.762302    1.495114   library removal time
                                              1.495114   data required time
---------------------------------------------------------------------------------------------
                                              1.495114   data required time
                                           -625.800171   data arrival time
---------------------------------------------------------------------------------------------
                                            624.305115   slack (MET)


Startpoint: rst_i (input port clocked by clk_i)
Endpoint: _370_ (removal check against rising-edge clock clk_i)
Path Group: asynchronous
Path Type: min

Fanout         Cap        Slew       Delay        Time   Description
---------------------------------------------------------------------------------------------
                                  0.000000    0.000000   clock clk_i (rise edge)
                                  0.000000    0.000000   clock network delay (propagated)
                                625.000000  625.000000 ^ input external delay
    60    0.259588    1.158879    0.800696  625.800720 ^ rst_i (in)
                                                         rst_i (net)
                      1.158911    0.000000  625.800720 ^ _370_/RESET_B (sky130_fd_sc_hd__dfrtp_2)
                                            625.800720   data arrival time

                                  0.000000    0.000000   clock clk_i (rise edge)
                                  0.000000    0.000000   clock source latency
    60    0.155899    0.699731    0.482167    0.482167 ^ clk_i (in)
                                                         clk_i (net)
                      0.699742    0.000000    0.482167 ^ _370_/CLK (sky130_fd_sc_hd__dfrtp_2)
                                  0.250000    0.732167   clock uncertainty
                                  0.000000    0.732167   clock reconvergence pessimism
                                  0.762303    1.494470   library removal time
                                              1.494470   data required time
---------------------------------------------------------------------------------------------
                                              1.494470   data required time
                                           -625.800720   data arrival time
---------------------------------------------------------------------------------------------
                                            624.306213   slack (MET)


Startpoint: rst_i (input port clocked by clk_i)
Endpoint: _371_ (removal check against rising-edge clock clk_i)
Path Group: asynchronous
Path Type: min

Fanout         Cap        Slew       Delay        Time   Description
---------------------------------------------------------------------------------------------
                                  0.000000    0.000000   clock clk_i (rise edge)
                                  0.000000    0.000000   clock network delay (propagated)
                                625.000000  625.000000 ^ input external delay
    60    0.259588    1.158879    0.800696  625.800720 ^ rst_i (in)
                                                         rst_i (net)
                      1.158911    0.000000  625.800720 ^ _371_/RESET_B (sky130_fd_sc_hd__dfrtp_2)
                                            625.800720   data arrival time

                                  0.000000    0.000000   clock clk_i (rise edge)
                                  0.000000    0.000000   clock source latency
    60    0.155899    0.699731    0.482278    0.482278 ^ clk_i (in)
                                                         clk_i (net)
                      0.699743    0.000000    0.482278 ^ _371_/CLK (sky130_fd_sc_hd__dfrtp_2)
                                  0.250000    0.732278   clock uncertainty
                                  0.000000    0.732278   clock reconvergence pessimism
                                  0.762303    1.494581   library removal time
                                              1.494581   data required time
---------------------------------------------------------------------------------------------
                                              1.494581   data required time
                                           -625.800720   data arrival time
---------------------------------------------------------------------------------------------
                                            624.306091   slack (MET)


Startpoint: _367_ (rising edge-triggered flip-flop clocked by clk_i)
Endpoint: num_to_send_o[0] (output port clocked by clk_i)
Path Group: clk_i
Path Type: min

Fanout         Cap        Slew       Delay        Time   Description
---------------------------------------------------------------------------------------------
                                  0.000000    0.000000   clock clk_i (rise edge)
                                  0.000000    0.000000   clock source latency
    60    0.155899    0.699731    0.482475    0.482475 ^ clk_i (in)
                                                         clk_i (net)
                      0.699745    0.000000    0.482475 ^ _367_/CLK (sky130_fd_sc_hd__dfrtp_2)
     4    0.043117    0.211209    0.633197    1.115672 ^ _367_/Q (sky130_fd_sc_hd__dfrtp_2)
                                                         num_to_send_o[0] (net)
                      0.211209    0.000163    1.115835 ^ num_to_send_o[0] (out)
                                              1.115835   data arrival time

                                  0.000000    0.000000   clock clk_i (rise edge)
                                  0.000000    0.000000   clock network delay (propagated)
                                  0.250000    0.250000   clock uncertainty
                                  0.000000    0.250000   clock reconvergence pessimism
                               -625.000000 -624.750000   output external delay
                                           -624.750000   data required time
---------------------------------------------------------------------------------------------
                                           -624.750000   data required time
                                             -1.115835   data arrival time
---------------------------------------------------------------------------------------------
                                            625.865845   slack (MET)


Startpoint: _368_ (rising edge-triggered flip-flop clocked by clk_i)
Endpoint: num_to_send_o[1] (output port clocked by clk_i)
Path Group: clk_i
Path Type: min

Fanout         Cap        Slew       Delay        Time   Description
---------------------------------------------------------------------------------------------
                                  0.000000    0.000000   clock clk_i (rise edge)
                                  0.000000    0.000000   clock source latency
    60    0.155899    0.699731    0.482567    0.482567 ^ clk_i (in)
                                                         clk_i (net)
                      0.699746    0.000000    0.482567 ^ _368_/CLK (sky130_fd_sc_hd__dfrtp_2)
     5    0.044217    0.216213    0.636665    1.119231 ^ _368_/Q (sky130_fd_sc_hd__dfrtp_2)
                                                         num_to_send_o[1] (net)
                      0.216213    0.000264    1.119495 ^ num_to_send_o[1] (out)
                                              1.119495   data arrival time

                                  0.000000    0.000000   clock clk_i (rise edge)
                                  0.000000    0.000000   clock network delay (propagated)
                                  0.250000    0.250000   clock uncertainty
                                  0.000000    0.250000   clock reconvergence pessimism
                               -625.000000 -624.750000   output external delay
                                           -624.750000   data required time
---------------------------------------------------------------------------------------------
                                           -624.750000   data required time
                                             -1.119495   data arrival time
---------------------------------------------------------------------------------------------
                                            625.869507   slack (MET)


Startpoint: _369_ (rising edge-triggered flip-flop clocked by clk_i)
Endpoint: num_to_send_o[2] (output port clocked by clk_i)
Path Group: clk_i
Path Type: min

Fanout         Cap        Slew       Delay        Time   Description
---------------------------------------------------------------------------------------------
                                  0.000000    0.000000   clock clk_i (rise edge)
                                  0.000000    0.000000   clock source latency
    60    0.155899    0.699731    0.482675    0.482675 ^ clk_i (in)
                                                         clk_i (net)
                      0.699747    0.000000    0.482675 ^ _369_/CLK (sky130_fd_sc_hd__dfrtp_2)
     4    0.047044    0.135251    0.643816    1.126491 v _369_/Q (sky130_fd_sc_hd__dfrtp_2)
                                                         num_to_send_o[2] (net)
                      0.135251    0.000296    1.126786 v num_to_send_o[2] (out)
                                              1.126786   data arrival time

                                  0.000000    0.000000   clock clk_i (rise edge)
                                  0.000000    0.000000   clock network delay (propagated)
                                  0.250000    0.250000   clock uncertainty
                                  0.000000    0.250000   clock reconvergence pessimism
                               -625.000000 -624.750000   output external delay
                                           -624.750000   data required time
---------------------------------------------------------------------------------------------
                                           -624.750000   data required time
                                             -1.126786   data arrival time
---------------------------------------------------------------------------------------------
                                            625.876831   slack (MET)



